id,article_id,article_title,section_path,heading,level,question,base_pca1,base_pca2,instruct_pca1,instruct_pca2,base_total_influence,instruct_total_influence,base_top_k_count,instruct_top_k_count,influence_diff,norm_base_influence,norm_instruct_influence,bert_umap1,bert_umap2,base_hub_score,instruct_hub_score
0,251,Knowledge,Introduction,Introduction,0,What is knowledge?,7.225959,5.83825,5.617957,0.271746,0.0,0.0,0,0,0.0,0.0,0.0,8.549151,3.7039058,-10,-10
1,251,Knowledge,Definitions,Definitions,2,How do philosophers define knowledge?,7.923076,9.162943,11.095577,2.225519,1.820283,1.073608,8,2,-0.746674,0.018135,0.01457,8.537439,3.6342115,-2,-8
2,251,Knowledge,Definitions > Analysis of knowledge,Analysis of knowledge,3,What are the main components that make up knowledge?,6.708623,8.495713,11.529059,2.37095,1.235444,1.155342,4,3,-0.080102,0.012308,0.01568,8.543078,3.698095,-6,-7
3,251,Knowledge,Types,Types,2,What are the different types of knowledge?,3.994388,7.306317,11.824952,2.33839,1.25203,1.280428,4,5,0.028398,0.012474,0.017377,8.623051,3.6499922,-6,-5
4,251,Knowledge,Types > Propositional,Propositional,3,What is propositional knowledge?,7.371257,8.962605,10.60366,3.04542,0.976894,1.029784,1,2,0.05289,0.009733,0.013976,8.577141,3.6864867,-9,-8
5,251,Knowledge,Types > Non-propositional,Non-propositional,3,What kinds of knowledge don't involve propositions or facts?,0.768366,8.83948,11.3428,2.729538,1.024197,1.014428,2,2,-0.009769,0.010204,0.013767,8.527523,3.6880493,-8,-8
6,251,Knowledge,Types > A priori and a posteriori,A priori and a posteriori,3,What's the difference between a priori and a posteriori knowledge?,8.868493,7.303335,12.248671,2.558229,1.245963,3.191374,3,12,1.945411,0.012413,0.043312,8.572686,3.7367244,-7,2
7,251,Knowledge,Types > Others,Others,3,Are there other ways to categorize knowledge besides the common types?,6.896316,9.252084,11.915771,2.868743,1.062269,1.574626,2,5,0.512357,0.010583,0.02137,8.568057,3.7214332,-8,-5
8,251,Knowledge,Limits,Limits,2,What are the limits of human knowledge?,8.261007,8.247835,11.787237,3.105514,2.409142,6.55842,11,35,4.149279,0.024002,0.089007,8.447714,3.796537,1,25
9,251,Knowledge,Structure,Structure,2,How is knowledge structured or organized?,8.414639,8.514752,12.424587,0.199563,1.073442,0.970355,2,1,-0.103087,0.010695,0.013169,8.508235,3.7571647,-8,-9
10,251,Knowledge,Value,Value,2,Why is knowledge valuable?,6.657969,8.476605,11.754747,3.148085,1.248432,1.083914,5,2,-0.164518,0.012438,0.01471,8.530054,3.675349,-5,-8
11,251,Knowledge,Science,Science,2,How does science produce knowledge?,8.336062,8.884074,11.088698,2.814881,9.428601,4.430614,43,18,-4.997987,0.093935,0.06013,7.838934,5.2223516,33,8
12,251,Knowledge,History,History,2,How has our understanding of knowledge evolved throughout history?,6.740596,9.00538,10.437397,2.80589,1.599846,1.559945,8,7,-0.039901,0.015939,0.021171,8.450306,2.101804,-2,-3
13,251,Knowledge,In various disciplines > Religion,Religion,3,How do different religions view knowledge?,8.542842,9.113718,11.046569,2.892369,3.697202,1.149734,15,2,-2.547467,0.036835,0.015604,8.40855,3.6651533,5,-8
14,251,Knowledge,In various disciplines > Anthropology,Anthropology,3,How do anthropologists study knowledge across cultures?,7.272069,8.914488,10.98003,3.133592,1.408185,1.524702,5,4,0.116517,0.014029,0.020692,8.591941,3.525986,-5,-6
15,251,Knowledge,In various disciplines > Sociology,Sociology,3,How is knowledge shaped by society?,8.39177,8.382257,12.178215,2.411625,2.486247,9.174606,11,52,6.688359,0.02477,0.124513,8.593736,3.479626,1,42
16,251,Knowledge,In various disciplines > Others,Others,3,What do other academic fields say about knowledge?,7.07278,9.285294,11.962829,2.97393,1.166337,0.973471,3,1,-0.192866,0.01162,0.013211,8.580553,3.7906075,-7,-9
17,280,Manufacturing,Introduction,Introduction,0,What is manufacturing?,0.915423,7.461641,5.144177,1.909711,0.0,0.0,0,0,0.0,0.0,0.0,6.643915,-0.9587182,-10,-10
18,280,Manufacturing,Etymology,Etymology,2,Where does the word manufacturing come from?,8.533495,7.063643,12.141872,1.181004,1.181841,1.160907,4,3,-0.020934,0.011774,0.015755,6.7300014,-0.7615143,-6,-7
19,280,Manufacturing,History and development > Prehistory and ancient history,Prehistory and ancient history,3,How did early humans make tools and goods?,5.72594,5.212291,6.785247,-0.986066,0.979059,0.0,1,0,-0.979059,0.009754,0.0,7.2527575,1.786624,-9,-10
20,280,Manufacturing,History and development > Medieval and early modern,Medieval and early modern,3,How did people make things during the Middle Ages?,6.865617,5.522129,4.266107,1.472582,0.0,1.050496,0,2,1.050496,0.0,0.014257,7.974899,1.8124382,-10,-8
21,280,Manufacturing,History and development > First and Second Industrial Revolutions,First and Second Industrial Revolutions,3,How did factories change during the Industrial Revolution?,-0.645776,6.675067,4.12371,1.564199,0.0,0.0,0,0,0.0,0.0,0.0,7.668039,0.12467603,-10,-10
22,280,Manufacturing,History and development > Modern manufacturing,Modern manufacturing,3,How has manufacturing changed in recent decades?,7.901385,7.29612,11.329339,2.286537,5.079155,1.3477,33,6,-3.731455,0.050603,0.01829,7.413382,1.9879696,23,-4
23,280,Manufacturing,Machinery relocation and logistics,Machinery relocation and logistics,2,How do companies move heavy factory equipment?,6.955248,9.313552,9.652849,2.346215,0.976863,1.176068,1,4,0.199205,0.009732,0.015961,5.0112414,-0.77348226,-9,-6
24,280,Manufacturing,Manufacturing strategy,Manufacturing strategy,2,How do manufacturers decide what production methods to use?,8.706403,7.52733,12.485643,3.440864,1.859148,1.944985,12,11,0.085837,0.018522,0.026396,6.675665,-1.1442591,2,1
25,280,Manufacturing,Industrial policy > Economics of manufacturing,Economics of manufacturing,3,How does manufacturing affect the economy?,-0.012407,6.514433,3.926713,1.603424,0.0,0.0,0,0,0.0,0.0,0.0,6.110904,-0.807261,-10,-10
26,280,Manufacturing,Industrial policy > Finance,Finance,3,How do manufacturing companies get funding?,8.871075,7.294416,11.979208,3.875927,1.955004,1.841729,12,10,-0.113275,0.019477,0.024995,6.7279863,-1.1042534,2,0
27,280,Manufacturing,Industrial policy > Safety,Safety,3,What are the main safety concerns in factories?,1.973245,8.884943,5.912776,0.432095,2.451393,1.027856,19,2,-1.423537,0.024423,0.013949,5.9701467,-0.72905666,9,-8
28,280,Manufacturing,Industrial policy > Manufacturing and investment,Manufacturing and investment,3,Why do investors put money into manufacturing?,0.2811,7.078235,3.676413,1.235235,2.889128,1.053592,15,2,-1.835536,0.028784,0.014299,6.227431,-0.7351519,5,-8
29,280,Manufacturing,Major manufacturing nations,Major manufacturing nations,2,Which countries produce the most manufactured goods?,7.762568,8.200905,11.928852,2.095904,1.474481,1.182983,6,4,-0.291497,0.01469,0.016055,5.3047194,-0.029502895,-4,-6
30,297,Mind,Introduction,Introduction,0,What is the mind?,8.387333,9.156039,10.612424,2.795728,0.551288,0.432907,2,3,-0.118381,0.005492,0.005875,8.517142,4.3366165,-8,-7
31,297,Mind,Definition,Definition,2,How do scientists and philosophers define the mind?,8.444064,9.142344,11.022352,1.746487,5.805568,3.345266,21,15,-2.460302,0.05784,0.0454,8.5917015,4.3695025,11,5
32,297,Mind,Forms,Forms,2,What are the different forms or types of mind?,8.44996,9.068473,10.614003,2.522766,6.643391,1.125092,27,3,-5.518298,0.066187,0.015269,8.64699,4.388531,17,-7
33,297,Mind,Forms > Conscious and unconscious,Conscious and unconscious,3,What's the difference between conscious and unconscious mental processes?,7.97207,9.035222,10.969171,3.045111,1.417418,6.057094,5,28,4.639677,0.014121,0.082204,8.677358,4.490997,-5,18
34,297,Mind,Forms > Other distinctions,Other distinctions,3,How else can mental states and processes be categorized?,5.668218,6.77684,11.723989,3.290546,1.026053,0.979921,2,1,-0.046132,0.010222,0.013299,8.7122,4.30666,-8,-9
35,297,Mind,Forms > Faculties and modules,Faculties and modules,3,What mental faculties and cognitive modules make up the mind?,8.618787,8.759173,11.039337,3.196714,2.701512,2.880102,12,11,0.17859,0.026915,0.039087,8.592033,4.274525,2,1
36,297,Mind,Theories of the nature of mind,Theories of the nature of mind,2,What are the major theories about the nature of mind?,8.273864,8.684026,12.09325,2.127994,1.39814,1.099405,4,2,-0.298734,0.013929,0.014921,8.567932,4.200535,-6,-8
37,297,Mind,Relation to matter > Mind–body problem,Mind–body problem,3,How does the mind relate to the physical body?,8.527823,8.664238,11.948132,2.898152,3.754835,5.903701,13,23,2.148866,0.037409,0.080122,8.499882,4.2778254,3,13
38,297,Mind,Relation to matter > Brain areas and processes,Brain areas and processes,3,Which brain areas are responsible for different mental functions?,7.003785,8.903226,10.370101,2.624613,1.241107,0.968005,3,1,-0.273102,0.012365,0.013137,8.771887,4.4066987,-7,-9
39,297,Mind,Development > Evolution,Evolution,3,How did the mind evolve over time?,8.135174,8.198424,10.984948,2.788957,3.300178,2.369235,16,13,-0.930943,0.032879,0.032154,8.744199,4.349665,6,3
40,297,Mind,Development > Individual,Individual,3,How does the mind develop throughout a person's lifetime?,6.599889,8.301213,9.906515,3.551286,1.067682,0.971823,2,1,-0.095859,0.010637,0.013189,8.876222,4.273258,-8,-9
41,297,Mind,Non-human > Animal,Animal,3,Do animals have minds like humans do?,8.5394,9.005273,11.92013,2.152931,5.037233,9.508846,18,45,4.471614,0.050185,0.129049,8.531838,4.2068276,8,35
42,297,Mind,Non-human > Artificial,Artificial,3,Can artificial intelligence have a mind?,8.32466,7.618255,11.975945,2.87893,2.244995,4.392381,10,28,2.147387,0.022366,0.059611,8.547161,4.282146,0,18
43,297,Mind,Mental health and disorder,Mental health and disorder,2,What are mental health disorders and how do they affect the mind?,8.424916,9.099092,11.414473,2.861067,2.627567,3.532308,10,15,0.904741,0.026178,0.047939,7.753208,4.6391263,0,5
44,297,Mind,Fields and methods of inquiry,Fields and methods of inquiry,2,What scientific fields study the mind?,8.487861,8.996511,9.957254,2.998597,1.290443,1.397482,5,6,0.107039,0.012856,0.018966,8.433048,4.483324,-5,-4
45,297,Mind,Fields and methods of inquiry > Psychology,Psychology,3,How does psychology study the mind?,7.950433,8.477682,11.309288,2.835505,11.825027,6.074668,54,25,-5.750359,0.117811,0.082442,8.605576,4.7065325,44,15
46,297,Mind,Fields and methods of inquiry > Neuroscience,Neuroscience,3,What does neuroscience reveal about how the mind works?,8.34543,8.854888,11.06116,3.042382,1.247524,3.49018,4,17,2.242656,0.012429,0.047367,8.229787,4.6436925,-6,7
47,297,Mind,Fields and methods of inquiry > Philosophy of mind,Philosophy of mind,3,What philosophical questions surround the mind?,7.001997,8.306191,11.153745,3.130682,0.976525,2.630997,1,9,1.654472,0.009729,0.035706,8.54085,4.328331,-9,-1
48,297,Mind,Fields and methods of inquiry > Cognitive science,Cognitive science,3,How does cognitive science approach studying the mind?,8.574866,8.763783,11.425853,2.842455,1.766559,1.444644,7,6,-0.321916,0.0176,0.019606,8.368241,4.528776,-3,-4
49,297,Mind,Relation to other fields,Relation to other fields,2,How does the study of mind connect to other academic disciplines?,8.572882,8.742495,11.701448,3.208962,2.834517,1.826185,10,8,-1.008332,0.02824,0.024784,8.485369,4.197782,0,-2
50,326,Oceania,Introduction,Introduction,0,What is Oceania?,6.041512,5.792249,6.461989,-0.050725,0.0,0.971279,0,1,0.971279,0.0,0.013182,5.4334097,0.6525177,-10,-9
51,326,Oceania,Definition > Characteristics,Characteristics,3,What are the main characteristics of Oceania?,7.438807,7.248775,12.792117,1.611607,29.334908,5.066271,136,37,-24.268637,0.292258,0.068757,5.509968,0.703843,126,27
52,326,Oceania,Definition > Boundaries,Boundaries,3,Where are the boundaries of Oceania?,1.367005,8.60803,6.297628,0.278068,1.266609,2.639279,4,16,1.37267,0.012619,0.035819,5.4737835,0.6589041,-6,6
53,326,Oceania,Definition > Boundaries > United Nations interpretation,United Nations interpretation,4,How does the United Nations define Oceania's boundaries?,6.972929,9.001858,10.104477,2.180486,1.11035,1.444364,2,3,0.334014,0.011062,0.019602,5.4737415,0.7345376,-8,-7
54,326,Oceania,Definition > Boundaries > Early interpretations,Early interpretations,4,How was Oceania originally defined and bounded?,7.002047,9.261657,10.092052,2.35382,1.87308,1.701065,6,6,-0.172015,0.018661,0.023086,5.5555153,0.67715365,-4,-4
55,326,Oceania,Definition > Boundaries > Historical and contemporary interpretations,Historical and contemporary interpretations,4,How have definitions of Oceania changed over time?,7.528883,7.466266,11.443209,3.094941,7.88846,1.838051,37,9,-6.050408,0.078591,0.024945,5.5240207,0.6611642,27,-1
56,326,Oceania,Definition > Boundaries > Boundaries between subregions,Boundaries between subregions,4,How is Oceania divided into different subregions?,8.041406,7.878705,12.630863,2.349786,1.476945,2.01565,4,8,0.538705,0.014715,0.027355,5.6158743,0.6200927,-6,-2
57,326,Oceania,History > Colonisation of Oceania > Australia,Australia,4,How was Australia colonized?,1.720907,8.464403,7.301639,-0.014253,0.215984,0.0,1,0,-0.215984,0.002152,0.0,5.9665494,0.7564268,-9,-10
58,326,Oceania,History > Colonisation of Oceania > Melanesia,Melanesia,4,What is the colonization history of Melanesia?,1.693152,7.63183,7.554739,3.434575,0.0,0.0,0,0,0.0,0.0,0.0,5.951163,0.75552404,-10,-10
59,326,Oceania,History > Colonisation of Oceania > Micronesia,Micronesia,4,Who colonized Micronesia?,1.802604,9.955419,6.324726,-0.050416,0.0,0.0,0,0,0.0,0.0,0.0,6.137196,0.758223,-10,-10
60,326,Oceania,History > Colonisation of Oceania > Polynesia,Polynesia,4,How did colonization unfold in Polynesia?,1.805985,8.773507,5.13791,1.346781,0.0,0.0,0,0,0.0,0.0,0.0,5.993576,0.7174666,-10,-10
61,326,Oceania,History > European exploration,European exploration,3,When did Europeans first explore Oceania?,0.04024,7.107287,3.656782,1.373964,0.0,0.0,0,0,0.0,0.0,0.0,5.776384,0.6520988,-10,-10
62,326,Oceania,History > European exploration > European settlement and colonisation,European settlement and colonisation,4,How did Europeans settle and colonize the Pacific region?,3.692014,9.441273,10.909274,-0.418375,0.152305,0.0,1,0,-0.152305,0.001517,0.0,5.68079,0.62396944,-9,-10
63,326,Oceania,History > Modern history,Modern history,3,What major events shaped modern Oceania?,1.916138,9.467001,6.922332,0.631292,0.147717,1.116939,1,2,0.969222,0.001472,0.015158,5.6091905,0.61971617,-9,-8
64,326,Oceania,Geography,Geography,2,What does the geography of Oceania look like?,0.471702,7.592082,5.539431,1.104423,0.0,1.138964,0,8,1.138964,0.0,0.015457,5.4621906,0.6550432,-10,-2
65,326,Oceania,Geography > Regions,Regions,3,What are the major regions of Oceania?,4.079689,9.085312,7.539338,1.079319,0.0,0.0,0,0,0.0,0.0,0.0,5.520749,0.647034,-10,-10
66,326,Oceania,Geography > Geology,Geology,3,How did the islands of Oceania form geologically?,1.261114,9.797032,11.203232,-0.965942,0.0,0.0,0,0,0.0,0.0,0.0,5.4293914,0.6099079,-10,-10
67,326,Oceania,Geography > Flora,Flora,3,What plants are native to Oceania?,-0.892687,6.621352,7.379674,0.602187,0.0,0.0,0,0,0.0,0.0,0.0,5.4411025,0.63495475,-10,-10
68,326,Oceania,Geography > Fauna,Fauna,3,What animals live in Oceania?,7.726653,6.106076,11.053861,-0.049063,1.107644,1.02105,3,2,-0.086595,0.011035,0.013857,5.633499,0.59486556,-7,-8
69,326,Oceania,Geography > Climate,Climate,3,What is the climate like across Oceania?,1.483098,10.112426,8.286962,1.517169,0.0,0.0,0,0,0.0,0.0,0.0,5.413994,0.6255226,-10,-10
70,326,Oceania,Politics > Australia,Australia,3,How does Australia's political system work?,1.627249,9.182444,6.550762,1.354717,0.0,0.0,0,0,0.0,0.0,0.0,8.309034,-2.0105305,-10,-10
71,326,Oceania,Politics > New Zealand,New Zealand,3,What type of government does New Zealand have?,1.534053,9.150416,6.37801,1.307893,0.0,0.0,0,0,0.0,0.0,0.0,8.391275,-2.0527952,-10,-10
72,326,Oceania,Politics > Pacific Islands,Pacific Islands,3,How are the Pacific Islands governed?,1.697476,8.925445,6.826799,1.668347,0.0,0.0,0,0,0.0,0.0,0.0,8.395611,-2.0416994,-10,-10
73,326,Oceania,Economy,Economy,2,What drives the economy of Oceania?,3.975804,7.227833,12.903793,3.482157,1.66059,1.403521,10,6,-0.257069,0.016544,0.019048,5.343019,0.720972,0,-4
74,326,Oceania,Economy > Australia,Australia,3,What are Australia's main industries and economic strengths?,2.042536,8.520133,3.798363,1.595826,0.958563,0.962173,1,1,0.00361,0.00955,0.013058,5.32859,0.47413725,-9,-9
75,326,Oceania,Economy > New Zealand,New Zealand,3,What is New Zealand's economy based on?,8.366712,7.090303,12.857112,2.044983,0.974797,1.340755,1,5,0.365958,0.009712,0.018196,5.3645153,0.45949212,-9,-5
76,326,Oceania,Economy > Pacific Islands,Pacific Islands,3,How do Pacific Island nations make money?,0.991242,8.360008,4.479785,2.124738,4.305345,0.967666,28,2,-3.337679,0.042893,0.013133,5.2797084,0.43943384,18,-8
77,326,Oceania,Economy > Tourism,Tourism,3,Why is tourism important to Oceania?,1.500747,9.316622,8.282627,0.488854,12.33433,1.217224,83,5,-11.117106,0.122885,0.016519,5.318548,0.49233925,73,-5
78,326,Oceania,Demographics,Demographics,2,What is the population of Oceania like?,1.566342,7.861729,5.425393,1.139928,0.0,0.0,0,0,0.0,0.0,0.0,5.348713,0.81241244,-10,-10
79,326,Oceania,Demographics > Largest city for regions,Largest city for regions,3,What are the largest cities in each region of Oceania?,2.319236,8.905607,12.749084,3.766676,0.979126,1.06004,1,2,0.080914,0.009755,0.014386,5.4300685,0.5669135,-9,-8
80,326,Oceania,Demographics > Religion,Religion,3,What religions are practiced in Oceania?,7.207644,5.919185,9.841846,-0.282959,0.966118,1.078988,1,2,0.11287,0.009625,0.014643,6.5068407,2.5397182,-9,-8
81,326,Oceania,Demographics > Languages,Languages,3,What languages are spoken throughout Oceania?,1.797037,8.61213,6.135646,0.988854,0.972761,0.973297,1,1,0.000536,0.009691,0.013209,5.678197,0.8733118,-9,-9
82,326,Oceania,Demographics > Immigration,Immigration,3,Where do immigrants to Oceania come from?,2.658957,8.820526,8.357931,0.653831,0.0,0.0,0,0,0.0,0.0,0.0,5.6543484,0.63194,-10,-10
83,326,Oceania,Demographics > Archaeogenetics,Archaeogenetics,3,What do genetic studies reveal about Oceania's peoples?,1.31574,9.939816,6.8094,-0.437048,0.0,0.0,0,0,0.0,0.0,0.0,5.9842114,0.69958293,-10,-10
84,326,Oceania,Culture > Australia,Australia,3,What is Australian culture like?,1.244627,8.465618,6.64728,-0.189212,0.0,0.0,0,0,0.0,0.0,0.0,5.7772846,0.5155569,-10,-10
85,326,Oceania,Culture > Hawaii,Hawaii,3,What makes Hawaiian culture unique?,2.465515,7.698109,9.794243,2.179413,0.0,0.0,0,0,0.0,0.0,0.0,11.33017,1.7373791,-10,-10
86,326,Oceania,Culture > New Zealand,New Zealand,3,What defines New Zealand culture?,1.902928,9.220913,10.759393,-0.148898,0.0,0.0,0,0,0.0,0.0,0.0,5.823147,0.51098365,-10,-10
87,326,Oceania,Culture > Samoa,Samoa,3,What are the traditions and customs of Samoa?,1.648751,8.971317,5.607893,0.90974,0.0,0.0,0,0,0.0,0.0,0.0,6.1732607,0.78452575,-10,-10
88,326,Oceania,Culture > Arts,Arts,3,What art forms originated in Oceania?,1.296739,8.677957,5.66325,0.672538,0.0,0.0,0,0,0.0,0.0,0.0,5.9350405,0.6775215,-10,-10
89,326,Oceania,Culture > Sport,Sport,3,What sports are popular in Oceania?,1.823251,9.519995,10.618546,3.935495,0.978362,0.960054,1,1,-0.018308,0.009747,0.013029,5.290745,0.6203346,-9,-9
90,363,Prehistory,Introduction,Introduction,0,What is prehistory?,6.683684,5.257044,11.409805,0.651205,0.0,0.0,0,0,0.0,0.0,0.0,7.936857,1.4302462,-10,-10
91,363,Prehistory,History of the term,History of the term,2,How did the term prehistory originate?,6.702218,6.847553,11.248919,1.507657,5.250895,3.371783,27,18,-1.879112,0.052314,0.04576,8.200507,1.4395014,17,8
92,363,Prehistory,Means of research,Means of research,2,How do scientists study prehistoric times?,-0.7895,6.724139,3.776266,0.742041,0.0,5.57386,0,35,5.57386,0.0,0.075645,8.189275,1.8207731,-10,25
93,363,Prehistory,Definition > Beginning and end,Beginning and end,3,When did prehistory begin and end?,-0.719664,7.500575,4.351805,0.495636,76.250853,57.97612,469,370,-18.274733,0.759673,0.78682,7.9099536,1.4812504,459,360
94,363,Prehistory,Definition > Time periods,Time periods,3,How is prehistory divided into different time periods?,-0.680947,6.865187,6.379113,0.299743,0.967726,0.959955,1,1,-0.007771,0.009641,0.013028,7.8840013,1.4154333,-9,-9
95,363,Prehistory,Stone Age,Stone Age,2,What was the Stone Age?,1.510173,8.504358,5.946628,1.250046,7.328169,2.412693,68,16,-4.915476,0.073009,0.032744,7.7721896,1.472183,58,6
96,363,Prehistory,Stone Age > Palaeolithic,Palaeolithic,3,What happened during the Palaeolithic period?,-0.920448,7.039457,4.32285,1.922536,0.0,0.0,0,0,0.0,0.0,0.0,7.1949472,1.6991261,-10,-10
97,363,Prehistory,Stone Age > Mesolithic,Mesolithic,3,What characterized the Mesolithic era?,0.945905,7.161894,8.436756,1.20909,0.0,0.0,0,0,0.0,0.0,0.0,7.333972,1.5542504,-10,-10
98,363,Prehistory,Stone Age > Neolithic,Neolithic,3,What changes occurred in the Neolithic period?,0.281666,8.560584,6.125244,0.155043,1.970587,1.528374,9,4,-0.442213,0.019633,0.020742,7.3555145,1.4953285,-1,-6
99,363,Prehistory,Chalcolithic,Chalcolithic,2,What was the Chalcolithic period?,0.477484,8.770905,7.443316,0.140676,0.973853,0.0,1,0,-0.973853,0.009702,0.0,7.5124545,1.4754373,-9,-10
100,363,Prehistory,Bronze Age,Bronze Age,2,What defines the Bronze Age?,1.102067,7.67834,5.721559,1.607612,0.0,0.0,0,0,0.0,0.0,0.0,7.8577127,1.4764117,-10,-10
101,363,Prehistory,Iron Age,Iron Age,2,What happened during the Iron Age?,1.709402,8.04915,7.343853,2.221329,1.247961,0.970834,4,1,-0.277127,0.012433,0.013176,7.8672748,1.3191895,-6,-9
102,363,Prehistory,Timeline,Timeline,2,What is the timeline of prehistoric eras?,4.480589,8.942138,10.929875,1.714056,2.015008,1.550645,15,10,-0.464363,0.020075,0.021044,8.005434,1.5751468,5,0
103,363,Prehistory,Timeline > Paleolithic,Paleolithic,3,When did the Paleolithic period occur?,6.366286,8.331894,5.99632,0.429302,1.051664,1.08046,2,3,0.028796,0.010478,0.014663,7.0139174,1.633638,-8,-7
104,363,Prehistory,Timeline > Neolithic,Neolithic,3,When did the Neolithic revolution take place?,1.714112,8.87345,6.219378,0.61735,1.311481,3.488416,4,23,2.176935,0.013066,0.047343,7.259759,1.4578135,-6,13
105,363,Prehistory,Timeline > Chalcolithic,Chalcolithic,3,When was the Chalcolithic age?,2.918657,9.110077,8.202314,1.696888,1.214335,1.243872,4,6,0.029538,0.012098,0.016881,9.388709,2.2047412,-6,-4
106,363,Prehistory,By region,By region,2,How did prehistory differ across different regions?,3.347688,8.123343,10.42918,0.579493,0.0,0.0,0,0,0.0,0.0,0.0,7.6449885,1.4351745,-10,-10
107,400,Sea,Introduction,Introduction,0,What is a sea?,0.945477,9.943097,4.18339,0.451332,0.693506,1.8678,6,13,1.174294,0.006909,0.025349,2.6524029,3.4829898,-4,3
108,400,Sea,Definition,Definition,2,How is a sea defined?,2.076355,7.962932,7.043584,1.444167,0.0,0.0,0,0,0.0,0.0,0.0,2.692182,3.5268264,-10,-10
109,400,Sea,Physical science,Physical science,2,What are the physical properties of seawater?,3.605833,9.075047,11.173962,0.826706,2.196974,1.079928,13,3,-1.117045,0.021888,0.014656,2.6643307,3.6394494,3,-7
110,400,Sea,Physical science > Seawater > Salinity,Salinity,4,Why is ocean water salty?,6.202423,7.330569,12.254709,0.426318,1.060854,5.637755,2,30,4.576901,0.010569,0.076513,2.7053602,3.6556816,-8,20
111,400,Sea,Physical science > Seawater > Temperature,Temperature,4,How does temperature vary in the ocean?,7.23506,5.053225,12.326421,0.442784,0.0,0.0,0,0,0.0,0.0,0.0,2.759196,3.8178382,-10,-10
112,400,Sea,Physical science > Seawater > pH value,pH value,4,Is seawater acidic or alkaline?,7.822474,5.410945,12.990323,0.851661,0.965398,1.128789,1,3,0.163391,0.009618,0.015319,2.479932,3.5325122,-9,-7
113,400,Sea,Physical science > Seawater > Oxygen concentration,Oxygen concentration,4,How much oxygen is dissolved in seawater?,4.320127,9.066171,6.582582,1.401518,1.131266,1.601647,3,7,0.470381,0.011271,0.021737,2.0967531,3.027237,-7,-3
114,400,Sea,Physical science > Seawater > Light,Light,4,How far does sunlight penetrate into the ocean?,2.562974,8.58074,9.395858,2.464793,2.553839,1.353943,19,6,-1.199896,0.025443,0.018375,2.0963686,3.4805255,9,-4
115,400,Sea,Physical science > Sea level,Sea level,3,Why does sea level change over time?,5.51072,8.322512,9.093236,0.713786,0.0,0.0,0,0,0.0,0.0,0.0,2.5681505,3.543054,-10,-10
116,400,Sea,Physical science > Waves,Waves,3,What causes ocean waves?,0.884552,8.425225,12.758694,1.12383,0.0,0.0,0,0,0.0,0.0,0.0,2.4280841,3.524978,-10,-10
117,400,Sea,Physical science > Tsunami,Tsunami,3,How do tsunamis form?,1.863017,10.136953,8.065124,-0.249672,0.0,0.0,0,0,0.0,0.0,0.0,2.4483905,3.4152362,-10,-10
118,400,Sea,Physical science > Currents,Currents,3,What drives ocean currents?,2.27683,8.415497,8.121154,0.800673,1.236855,2.076408,4,11,0.839553,0.012323,0.02818,2.5325,3.4875348,-6,1
119,400,Sea,Physical science > Tides,Tides,3,Why do tides happen?,6.32129,7.325942,8.181614,0.756715,0.961695,0.0,1,0,-0.961695,0.009581,0.0,1.4317187,4.617453,-9,-10
120,400,Sea,Physical science > Ocean basins,Ocean basins,3,How did ocean basins form?,2.569396,9.381591,7.025033,0.299121,1.62097,1.038545,6,2,-0.582425,0.016149,0.014095,2.6744266,3.5178516,-4,-8
121,400,Sea,Physical science > Coasts,Coasts,3,What shapes coastlines?,3.255961,9.028186,11.132618,0.939312,0.0,0.0,0,0,0.0,0.0,0.0,2.478492,3.408075,-10,-10
122,400,Sea,Physical science > Water cycle,Water cycle,3,How does water move between the ocean and atmosphere?,1.859037,9.721644,7.943188,0.970081,1.894762,2.675571,8,18,0.780808,0.018877,0.036311,2.70427,3.597937,-2,8
123,400,Sea,Physical science > Carbon cycle,Carbon cycle,3,How do oceans absorb carbon dioxide?,2.730258,8.825135,10.049244,0.134134,0.0,0.0,0,0,0.0,0.0,0.0,2.4368274,3.4446414,-10,-10
124,400,Sea,Life in the sea,Life in the sea,2,What kinds of organisms live in the sea?,2.550344,8.862422,7.118123,0.624951,0.0,0.0,0,0,0.0,0.0,0.0,2.2180514,2.829384,-10,-10
125,400,Sea,Life in the sea > Marine habitats,Marine habitats,3,What are the different types of ocean habitats?,-0.722632,7.520058,8.913593,0.260157,0.0,0.0,0,0,0.0,0.0,0.0,2.2560735,2.8806534,-10,-10
126,400,Sea,Life in the sea > Algae and plants,Algae and plants,3,What plants grow in the ocean?,1.547372,10.072306,7.035404,0.111119,0.0,2.48707,0,12,2.48707,0.0,0.033753,2.1533854,2.74697,-10,2
127,400,Sea,Life in the sea > Animals and other marine life,Animals and other marine life,3,What animals live in the ocean?,1.598198,9.752341,11.472164,0.743996,0.0,1.073265,0,2,1.073265,0.0,0.014566,2.2429855,2.6827369,-10,-8
128,400,Sea,Humans and the sea > History of navigation and exploration,History of navigation and exploration,3,When did humans first start exploring the seas?,1.40212,9.882347,9.652718,1.834634,13.610367,1.061047,74,2,-12.54932,0.135598,0.0144,6.096771,0.701433,64,-8
129,400,Sea,Humans and the sea > History of oceanography and deep sea exploration,History of oceanography and deep sea exploration,3,How did we learn about the deep ocean?,3.854904,9.246359,9.014494,1.3576,0.615749,1.738139,6,11,1.12239,0.006135,0.023589,5.8109503,0.5748077,-4,1
130,400,Sea,Humans and the sea > Law,Law,3,Who owns the ocean?,0.177133,8.60532,8.01053,0.55972,0.0,0.0,0,0,0.0,0.0,0.0,2.6228702,3.3936133,-10,-10
131,400,Sea,Humans and the sea > War,War,3,How has naval warfare evolved?,1.587754,9.620964,7.028553,0.351998,1.548315,2.615216,4,17,1.066901,0.015426,0.035492,6.965113,-0.13631342,-6,7
132,400,Sea,Humans and the sea > Travel,Travel,3,How do people travel across the sea today?,1.619628,9.312894,6.503912,0.976897,10.933802,1.427393,66,6,-9.506409,0.108931,0.019372,5.475669,-0.35221937,56,-4
133,400,Sea,Humans and the sea > Trade,Trade,3,What goods are shipped across the ocean?,4.103572,9.265536,12.105753,0.654964,0.961671,1.689499,1,6,0.727828,0.009581,0.022929,7.0241523,0.2551719,-9,-4
134,400,Sea,Humans and the sea > Food,Food,3,What seafood do people eat?,1.890709,9.018064,10.593577,1.918295,0.969667,1.086615,1,2,0.116947,0.009661,0.014747,2.9121966,2.0539258,-9,-8
135,400,Sea,Humans and the sea > Food > Aquaculture,Aquaculture,4,How does fish farming work?,3.783308,9.410273,6.93435,0.21687,1.019967,1.265416,2,4,0.24545,0.010162,0.017174,2.778129,2.07285,-8,-6
136,400,Sea,Humans and the sea > Leisure,Leisure,3,What recreational activities happen at sea?,1.546041,9.906995,10.784266,-0.235799,0.958212,3.304953,1,21,2.34674,0.009546,0.044853,5.4714437,-0.137305,-9,11
137,400,Sea,Humans and the sea > Industry > Power generation,Power generation,4,How can we generate energy from the ocean?,2.239451,8.7712,8.130761,0.470973,0.0,0.0,0,0,0.0,0.0,0.0,4.7415557,5.2723594,-10,-10
138,400,Sea,Humans and the sea > Industry > Extractive industries,Extractive industries,4,What resources are extracted from the sea?,1.523699,10.018948,6.66459,-0.838191,0.0,0.0,0,0,0.0,0.0,0.0,2.8794563,2.378232,-10,-10
139,400,Sea,Humans and the sea > Fresh water production,Fresh water production,3,Can seawater be turned into drinking water?,4.423321,9.141116,9.292983,0.515162,0.918933,0.955447,1,1,0.036514,0.009155,0.012967,3.0744772,3.6386454,-9,-9
140,400,Sea,Humans and the sea > Indigenous sea peoples,Indigenous sea peoples,3,Which cultures have traditionally lived by the sea?,1.308625,10.008375,10.236119,-0.444971,1.254357,1.163422,5,3,-0.090935,0.012497,0.015789,5.881301,0.9429513,-5,-7
141,400,Sea,Humans and the sea > In culture,In culture,3,How has the sea influenced art and mythology?,1.568552,9.746127,6.895629,0.371202,20.87551,3.763508,136,30,-17.112002,0.207979,0.051076,5.7932224,3.4828608,126,20
142,400,Sea,Environmental issues,Environmental issues,2,What are the biggest threats to ocean health?,8.022497,6.635928,11.253424,2.46591,1.064138,0.969732,2,1,-0.094405,0.010602,0.013161,2.798856,2.4315763,-8,-9
143,400,Sea,Environmental issues > Marine pollution,Marine pollution,3,What pollutes the ocean?,1.497298,10.014292,6.874745,1.103518,1.950507,8.317956,11,69,6.367449,0.019433,0.112887,2.8080192,2.4190938,1,59
144,469,Universe,Introduction,Introduction,0,What is the universe?,1.260682,7.145439,4.921553,0.502758,1.17295,1.243147,4,5,0.070197,0.011686,0.016871,3.554633,5.891455,-6,-5
145,469,Universe,Definition,Definition,2,How do scientists define the universe?,1.686753,7.946333,5.514978,2.289815,0.0,0.0,0,0,0.0,0.0,0.0,3.535571,5.8644257,-10,-10
146,469,Universe,Etymology,Etymology,2,Where does the word universe come from?,6.893878,6.417675,11.475748,0.776192,0.0,0.0,0,0,0.0,0.0,0.0,6.5921865,4.11552,-10,-10
147,469,Universe,Etymology > Synonyms,Synonyms,3,What are other words for universe?,3.140512,8.315602,5.612987,1.987169,0.0,0.0,0,0,0.0,0.0,0.0,6.3694577,4.2504773,-10,-10
148,469,Universe,Chronology and the Big Bang,Chronology and the Big Bang,2,How did the universe begin?,3.976623,9.113234,12.218995,-0.516809,0.0,0.0,0,0,0.0,0.0,0.0,3.5765216,5.915424,-10,-10
149,469,Universe,Physical properties,Physical properties,2,What are the physical characteristics of the universe?,1.888319,7.831856,6.428086,2.264328,0.0,0.0,0,0,0.0,0.0,0.0,3.798955,5.783418,-10,-10
150,469,Universe,Physical properties > Size and regions,Size and regions,3,How big is the universe?,0.083963,7.339395,11.806111,-0.091784,1.255112,0.963124,4,1,-0.291988,0.012504,0.013071,3.4960353,5.986831,-6,-9
151,469,Universe,Physical properties > Age and expansion,Age and expansion,3,How old is the universe and is it still expanding?,4.574471,8.870059,7.587025,0.695938,0.0,0.0,0,0,0.0,0.0,0.0,3.5224767,5.9393525,-10,-10
152,469,Universe,Physical properties > Spacetime,Spacetime,3,What is spacetime in the universe?,6.598552,5.983779,4.292017,0.609539,1.671471,1.103077,7,3,-0.568394,0.016653,0.01497,5.5045056,5.7020574,-3,-7
153,469,Universe,Physical properties > Shape,Shape,3,What shape is the universe?,-0.379043,7.663956,4.807763,1.944167,1.211781,0.0,3,0,-1.211781,0.012073,0.0,3.542549,5.945755,-7,-10
154,469,Universe,Physical properties > Support of life,Support of life,3,Can the universe support life?,2.124724,8.1108,12.128101,0.334855,0.0,0.0,0,0,0.0,0.0,0.0,3.4200978,5.795826,-10,-10
155,469,Universe,Composition,Composition,2,What is the universe made of?,1.194597,8.408588,6.769018,2.112717,0.0,0.0,0,0,0.0,0.0,0.0,3.6120424,5.7982807,-10,-10
156,469,Universe,Composition > Dark energy,Dark energy,3,What is dark energy?,7.458638,4.658278,3.934022,1.632528,0.0,0.0,0,0,0.0,0.0,0.0,3.5479538,5.885339,-10,-10
157,469,Universe,Composition > Dark matter,Dark matter,3,What is dark matter?,2.608933,7.793646,6.288294,1.404971,0.0,0.0,0,0,0.0,0.0,0.0,3.6912076,5.756223,-10,-10
158,469,Universe,Composition > Ordinary matter,Ordinary matter,3,What is ordinary matter in the universe?,3.391448,9.417167,8.099518,0.803462,0.0,0.0,0,0,0.0,0.0,0.0,3.7032013,5.679732,-10,-10
159,469,Universe,Composition > Particles,Particles,3,What particles make up the universe?,0.778279,8.607231,5.775625,0.148037,2.524118,0.949032,13,1,-1.575086,0.025147,0.01288,4.1041436,5.667876,3,-9
160,469,Universe,Composition > Particles > Hadrons,Hadrons,4,What are hadrons?,2.743807,8.583107,6.950315,1.72468,0.102814,0.0,1,0,-0.102814,0.001024,0.0,3.8561327,5.681622,-9,-10
161,469,Universe,Composition > Particles > Leptons,Leptons,4,What are leptons?,0.150816,7.190278,8.182499,1.614154,0.0,0.0,0,0,0.0,0.0,0.0,3.930796,5.81041,-10,-10
162,469,Universe,Composition > Particles > Photons,Photons,4,What role do photons play in the universe?,2.071228,9.500111,12.175172,0.385771,0.0,0.0,0,0,0.0,0.0,0.0,3.719128,5.792646,-10,-10
163,469,Universe,Habitability,Habitability,2,Where in the universe can life exist?,8.30996,7.310062,12.734289,3.456467,2.405481,2.518519,16,16,0.113038,0.023965,0.03418,3.2869668,5.6731987,6,6
164,469,Universe,Cosmological models > Model of the universe based on general relativity,Model of the universe based on general relativity,3,How does general relativity explain the universe?,2.285486,8.758776,8.929695,1.097139,0.0,0.0,0,0,0.0,0.0,0.0,3.6222105,5.9766173,-10,-10
165,469,Universe,Cosmological models > Multiverse hypotheses,Multiverse hypotheses,3,Could there be multiple universes?,2.485055,8.706494,5.605908,1.826581,0.0,0.0,0,0,0.0,0.0,0.0,3.8073082,5.962713,-10,-10
166,469,Universe,Historical conceptions,Historical conceptions,2,How did people throughout history understand the universe?,2.152929,8.575486,5.732393,2.379195,0.0,0.0,0,0,0.0,0.0,0.0,3.66839,6.007362,-10,-10
167,469,Universe,Historical conceptions > Mythologies,Mythologies,3,How do different mythologies explain the universe?,1.117523,7.752206,5.280229,1.680906,0.0,0.0,0,0,0.0,0.0,0.0,6.2435102,3.2300935,-10,-10
168,469,Universe,Historical conceptions > Philosophical models,Philosophical models,3,What were early philosophical ideas about the universe?,7.561138,4.590819,13.081122,1.478901,0.0,0.0,0,0,0.0,0.0,0.0,4.9806166,4.5078173,-10,-10
169,469,Universe,Historical conceptions > Astronomical concepts,Astronomical concepts,3,How did ancient astronomers view the universe?,0.615801,6.93978,3.543742,1.539939,1.129024,1.061412,2,2,-0.067612,0.011248,0.014405,5.38452,4.564967,-8,-8
170,469,Universe,Historical conceptions > Deep space astronomy,Deep space astronomy,3,When did we start exploring deep space?,-0.707859,6.577306,4.004043,0.582577,1.503022,1.064214,7,4,-0.438808,0.014974,0.014443,3.5989232,5.980295,-3,-6
171,644,Africa,Introduction,Introduction,0,What is Africa?,7.021774,6.701715,11.564185,0.755609,0.0,0.0,0,0,0.0,0.0,0.0,5.1148267,1.2796748,-10,-10
172,644,Africa,Etymology,Etymology,2,Where does the name Africa come from?,0.35893,7.60425,4.720211,1.555565,0.0,0.0,0,0,0.0,0.0,0.0,7.226173,1.1039305,-10,-10
173,644,Africa,History > History in Africa,History in Africa,3,How do historians study Africa's past?,8.278828,7.391215,12.406215,2.695166,0.982909,1.566935,1,6,0.584025,0.009793,0.021266,9.274622,1.5522541,-9,-4
174,644,Africa,History > Prehistory,Prehistory,3,When did humans first appear in Africa?,0.851939,9.631746,5.974213,1.292419,0.0,0.0,0,0,0.0,0.0,0.0,6.7120047,1.5490767,-10,-10
175,644,Africa,History > Emergence of civilisation,Emergence of civilisation,3,How did early civilizations develop in Africa?,-0.088588,6.73623,3.434405,1.310361,0.0,0.0,0,0,0.0,0.0,0.0,7.2302384,1.2923595,-10,-10
176,644,Africa,History > 4th millennium BC – 6th century AD > Northeast Africa,Northeast Africa,4,What ancient civilizations flourished in Northeast Africa?,8.194362,7.384906,12.464677,2.532288,7.087604,14.510947,29,71,7.423342,0.070612,0.196935,7.460362,1.101152,19,61
177,644,Africa,History > 4th millennium BC – 6th century AD > Horn of Africa,Horn of Africa,4,What were the major kingdoms in the Horn of Africa?,8.12627,6.769961,12.788035,2.398482,11.937736,8.65075,53,42,-3.286986,0.118933,0.117403,7.4184175,1.035259,43,32
178,644,Africa,History > 4th millennium BC – 6th century AD > Northwest Africa,Northwest Africa,4,What civilizations existed in ancient Northwest Africa?,8.035088,8.206899,12.185085,0.672388,1.275619,3.112599,4,17,1.83698,0.012709,0.042242,7.3972073,1.0838777,-6,7
179,644,Africa,History > 4th millennium BC – 6th century AD > West Africa,West Africa,4,What early kingdoms emerged in West Africa?,7.859927,7.128181,12.673732,2.016873,8.928102,20.180497,39,93,11.252395,0.088949,0.273879,7.2018776,1.1986315,29,83
180,644,Africa,"History > 4th millennium BC – 6th century AD > Central, Eastern, and Southern Africa","Central, Eastern, and Southern Africa",4,"What happened in Central, Eastern, and Southern Africa during ancient times?",8.11049,6.938599,12.671041,2.423673,2.403204,1.468243,7,5,-0.934961,0.023943,0.019926,7.0378904,1.1955736,-3,-5
181,644,Africa,History > 9th to 18th centuries,9th to 18th centuries,3,What major events occurred in Africa between the 9th and 18th centuries?,-1.043878,6.865065,11.541512,-0.101226,0.0,0.0,0,0,0.0,0.0,0.0,7.295227,1.0331964,-10,-10
182,644,Africa,History > Height of the slave trade,Height of the slave trade,3,How did the transatlantic slave trade affect Africa?,2.653281,8.934393,11.452772,0.474336,0.0,0.949498,0,1,0.949498,0.0,0.012886,7.073516,0.5519529,-10,-9
183,644,Africa,History > Independence struggles,Independence struggles,3,How did African countries gain independence from colonial rule?,1.467681,10.157946,6.073198,0.449143,0.0,1.123905,0,2,1.123905,0.0,0.015253,7.0654426,0.8601909,-10,-8
184,644,Africa,History > Post-colonial Africa,Post-colonial Africa,3,What challenges has Africa faced since independence?,7.626216,5.679642,12.635287,2.207691,1.101174,2.070374,2,6,0.9692,0.010971,0.028098,5.333969,1.1453766,-8,-4
185,644,Africa,Geography,Geography,2,What are the main geographical features of Africa?,2.421674,9.211105,6.597038,1.408477,0.0,0.0,0,0,0.0,0.0,0.0,5.115587,1.2405677,-10,-10
186,644,Africa,Geography > Climate,Climate,3,What types of climate zones are found in Africa?,2.04302,9.040257,6.411047,1.671359,0.0,0.0,0,0,0.0,0.0,0.0,4.828626,1.2983648,-10,-10
187,644,Africa,Geography > Ecology and biodiversity,Ecology and biodiversity,3,What ecosystems and biodiversity exist in Africa?,1.608178,9.303503,7.429634,0.194953,0.0,0.958218,0,1,0.958218,0.0,0.013004,4.821278,1.3393993,-10,-9
188,644,Africa,Geography > Fauna,Fauna,3,What animals live in Africa?,1.420894,9.012461,11.471836,3.929906,0.953451,1.019325,1,2,0.065874,0.009499,0.013834,4.850862,1.2531981,-9,-8
189,644,Africa,Politics > African Union,African Union,3,What is the African Union and what does it do?,1.863842,9.67284,7.074962,-0.992673,0.0,0.969292,0,1,0.969292,0.0,0.013155,5.257648,1.1531545,-10,-9
190,644,Africa,List of states and territories,List of states and territories,2,How many countries are in Africa?,1.370118,7.964536,5.468478,1.447298,0.0,0.0,0,0,0.0,0.0,0.0,5.196444,0.9954866,-10,-10
191,644,Africa,Economy,Economy,2,What are the main economic activities in Africa?,1.222062,8.423402,6.052212,1.481187,1.83923,1.282342,10,6,-0.556888,0.018324,0.017403,5.357746,1.2679493,0,-4
192,644,Africa,Economy > Electricity generation,Electricity generation,3,How does Africa generate electricity?,8.462211,7.201807,12.136594,3.790823,2.965573,3.580703,22,30,0.61513,0.029545,0.048595,4.7391577,5.2966466,12,20
193,644,Africa,Economy > Infrastructure > Water resources,Water resources,4,What are the water resource challenges in Africa?,7.642181,8.160108,11.665009,2.899421,1.03921,0.973387,2,1,-0.065823,0.010353,0.01321,3.4470108,2.1088479,-8,-9
194,644,Africa,Demographics,Demographics,2,How many people live in Africa and where are they distributed?,0.379722,7.354648,11.83346,-0.57704,1.042699,0.961783,2,1,-0.080916,0.010388,0.013053,5.5801964,1.3994387,-8,-9
195,644,Africa,Demographics > Religion,Religion,3,What religions are practiced in Africa?,7.14353,8.234167,11.943451,2.416776,1.377424,1.40453,6,7,0.027106,0.013723,0.019062,6.5472226,2.6275365,-4,-3
196,644,Africa,Demographics > Languages,Languages,3,What languages are spoken across Africa?,3.094268,9.664228,5.900415,1.483952,0.0,0.958658,0,1,0.958658,0.0,0.01301,5.589415,1.2703159,-10,-9
197,644,Africa,Demographics > Health,Health,3,What are the major health issues facing Africa?,6.57539,7.282125,12.040524,2.773639,0.963889,1.172466,1,4,0.208577,0.009603,0.015912,5.4708786,1.9767157,-9,-6
198,644,Africa,Culture,Culture,2,What makes African culture unique?,6.953031,6.03867,7.242802,0.521542,0.0,2.118666,0,16,2.118666,0.0,0.028753,8.897823,0.9516427,-10,6
199,644,Africa,Culture > Sports,Sports,3,What sports are popular in Africa?,7.206563,8.725453,12.044926,2.860857,0.970378,2.497811,1,12,1.527433,0.009668,0.033899,5.216094,0.68233055,-9,2
200,660,Agriculture,Introduction,Introduction,0,What is agriculture?,0.511482,7.625429,4.695334,0.517076,0.910948,0.0,9,0,-0.910948,0.009076,0.0,3.1199236,1.8271556,-1,-10
201,660,Agriculture,Etymology and scope,Etymology and scope,2,Where does the word agriculture come from?,8.095395,6.307878,13.070864,2.74875,0.0,0.0,0,0,0.0,0.0,0.0,3.0247571,1.719638,-10,-10
202,660,Agriculture,History > Origins,Origins,3,How did agriculture begin?,1.031018,7.255543,5.549312,2.304928,0.0,0.0,0,0,0.0,0.0,0.0,7.104265,1.369748,-10,-10
203,660,Agriculture,History > Civilizations,Civilizations,3,Which ancient civilizations developed agriculture?,-0.557982,6.840579,3.651561,1.319127,0.0,0.0,0,0,0.0,0.0,0.0,7.3216095,1.3885735,-10,-10
204,660,Agriculture,History > Revolution,Revolution,3,What was the agricultural revolution?,6.027114,7.525331,4.540672,1.290082,0.0,2.399195,0,13,2.399195,0.0,0.032561,3.2230647,1.7254084,-10,3
205,660,Agriculture,Types,Types,2,What are the different types of agriculture?,1.486336,8.996441,6.991532,-0.127568,0.0,0.0,0,0,0.0,0.0,0.0,3.1926079,1.6985816,-10,-10
206,660,Agriculture,Contemporary agriculture > Status,Status,3,What is the current state of global agriculture?,6.702796,6.058369,11.557261,0.534244,1.238858,0.0,3,0,-1.238858,0.012343,0.0,3.2424607,1.7499319,-7,-10
207,660,Agriculture,Contemporary agriculture > Workforce,Workforce,3,How many people work in agriculture worldwide?,-0.043284,6.108762,12.546963,2.086654,1.964961,0.968304,10,1,-0.996658,0.019577,0.013141,3.3174973,1.6872593,0,-9
208,660,Agriculture,Contemporary agriculture > Workforce > Women in agriculture,Women in agriculture,4,What role do women play in farming?,8.154692,8.324004,11.998032,3.013344,3.04849,5.340927,21,34,2.292436,0.030372,0.072484,3.2578127,1.7022922,11,24
209,660,Agriculture,Contemporary agriculture > Safety,Safety,3,How dangerous is farm work?,7.14661,6.169663,10.664632,-0.511196,0.0,0.0,0,0,0.0,0.0,0.0,3.2639923,1.7045386,-10,-10
210,660,Agriculture,Production > Crop cultivation systems,Crop cultivation systems,3,How are crops grown on farms?,5.730019,6.156819,7.902028,0.301573,0.0,0.0,0,0,0.0,0.0,0.0,3.2164285,1.7352103,-10,-10
211,660,Agriculture,Production > Livestock production systems,Livestock production systems,3,What are the main ways livestock are raised?,3.499628,9.153386,6.895257,-0.296905,0.0,0.0,0,0,0.0,0.0,0.0,3.1149385,1.8022978,-10,-10
212,660,Agriculture,Production > Production practices,Production practices,3,What techniques do farmers use to grow food?,1.792393,10.191676,7.333955,0.231017,0.0,0.0,0,0,0.0,0.0,0.0,3.2071218,1.771801,-10,-10
213,660,Agriculture,Production > Agricultural automation,Agricultural automation,3,How are robots and machines being used in farming?,8.351251,8.236789,11.847496,3.002969,1.133586,2.933489,2,16,1.799902,0.011294,0.039812,3.2059917,1.7383286,-8,6
214,660,Agriculture,Production > Effects of climate change on yields,Effects of climate change on yields,3,Is climate change affecting crop yields?,8.486308,7.62485,12.983848,0.754454,0.967677,0.954036,1,1,-0.013641,0.009641,0.012948,3.062801,1.9812007,-9,-9
215,660,Agriculture,Crop alteration and biotechnology > Plant breeding,Plant breeding,3,How do farmers create better plant varieties?,-0.285734,7.140434,7.209787,1.474451,0.0,0.0,0,0,0.0,0.0,0.0,3.1396139,1.7086761,-10,-10
216,660,Agriculture,Crop alteration and biotechnology > Genetic engineering,Genetic engineering,3,Are genetically modified crops safe?,3.492252,9.402482,8.310972,0.259241,0.95592,0.0,1,0,-0.95592,0.009524,0.0,2.9162717,1.7818453,-9,-10
217,660,Agriculture,Environmental impact > Effects and costs,Effects and costs,3,What environmental damage does farming cause?,1.429481,10.034456,6.687544,-0.534448,1.320998,0.949125,5,1,-0.371873,0.013161,0.012881,3.1182141,1.9196392,-5,-9
218,660,Agriculture,Environmental impact > Livestock issues,Livestock issues,3,How does raising animals impact the environment?,7.136333,5.089968,11.76388,-0.272829,0.0,0.0,0,0,0.0,0.0,0.0,3.1888618,1.8223062,-10,-10
219,660,Agriculture,Environmental impact > Land and water issues,Land and water issues,3,Does agriculture harm soil and water resources?,0.100278,8.572529,6.520744,-1.023277,0.959934,1.242957,1,5,0.283023,0.009564,0.016869,3.1560206,2.0029304,-9,-5
220,660,Agriculture,Environmental impact > Pesticides,Pesticides,3,What are the effects of pesticides on the environment?,2.505436,9.124676,6.859261,-0.373987,0.945129,0.0,1,0,-0.945129,0.009416,0.0,3.2243605,1.7533098,-9,-10
221,660,Agriculture,Environmental impact > Contribution to climate change,Contribution to climate change,3,How much does agriculture contribute to global warming?,8.556113,6.695317,12.240928,2.666737,1.139833,1.25339,2,3,0.113556,0.011356,0.01701,3.150549,1.8434741,-8,-7
222,660,Agriculture,Environmental impact > Effects of climate change on agriculture,Effects of climate change on agriculture,3,How will climate change affect future food production?,7.961114,7.13954,11.436342,3.871786,1.324305,1.1534,6,4,-0.170905,0.013194,0.015653,3.0016496,2.0505984,-4,-6
223,660,Agriculture,Environmental impact > Sustainability,Sustainability,3,Can farming be done sustainably?,1.683364,10.008256,9.361847,1.165716,1.559714,0.948348,7,1,-0.611367,0.015539,0.01287,3.227582,1.7998638,-3,-9
224,660,Agriculture,Environmental impact > Energy dependence,Energy dependence,3,How much energy does modern agriculture require?,5.627081,6.084394,7.231943,1.241242,0.0,0.0,0,0,0.0,0.0,0.0,3.1995082,1.7988377,-10,-10
225,660,Agriculture,Environmental impact > Plastic pollution,Plastic pollution,3,How does farming contribute to plastic pollution?,8.195189,8.159415,11.966439,2.899697,0.978927,1.54796,1,5,0.569034,0.009753,0.021008,3.2205398,1.7944963,-9,-5
226,660,Agriculture,Disciplines > Agricultural economics,Agricultural economics,3,How do economics influence farming decisions?,0.073347,8.516161,5.546261,1.425831,0.0,0.0,0,0,0.0,0.0,0.0,3.272706,1.5897994,-10,-10
227,660,Agriculture,Disciplines > Agricultural science,Agricultural science,3,What do agricultural scientists study?,1.997204,9.592539,10.395936,-0.253653,1.096727,1.035553,2,2,-0.061174,0.010926,0.014054,2.9844022,1.7271918,-8,-8
228,660,Agriculture,Policy,Policy,2,What government policies affect agriculture?,4.971715,9.021864,7.031598,-0.008969,0.0,0.0,0,0,0.0,0.0,0.0,3.1499348,1.7120715,-10,-10
229,660,Agriculture,Cited sources,Cited sources,2,What sources were cited in this article?,1.153031,9.065044,6.980459,1.580897,0.0,0.0,0,0,0.0,0.0,0.0,3.2016165,1.7488176,-10,-10
230,802,Ancient history,Introduction,Introduction,0,What is ancient history?,2.025424,8.896564,10.08951,1.414442,0.0,0.0,0,0,0.0,0.0,0.0,7.9485254,1.2714572,-10,-10
231,802,Ancient history,Prehistory,Prehistory,2,How does prehistory relate to ancient history?,7.394211,8.509885,11.473877,1.167655,1.064018,0.385494,2,3,-0.678524,0.010601,0.005232,7.2469816,1.5344276,-8,-7
232,802,Ancient history,History by region > West Asia,West Asia,3,What ancient civilizations existed in West Asia?,5.790634,5.211489,6.907952,2.548684,0.0,0.966901,0,1,0.966901,0.0,0.013122,7.7940636,1.3957856,-10,-9
233,802,Ancient history,History by region > West Asia > Mesopotamia,Mesopotamia,4,What were the major achievements of ancient Mesopotamia?,0.63219,8.797081,3.706511,1.163159,0.0,0.0,0,0,0.0,0.0,0.0,7.5950437,1.3363177,-10,-10
234,802,Ancient history,History by region > West Asia > Iranian peoples,Iranian peoples,4,Who were the Iranian peoples in ancient times?,1.915794,10.220546,9.85277,-0.395119,1.052125,1.146543,2,3,0.094418,0.010482,0.01556,7.8909354,0.8824245,-8,-7
235,802,Ancient history,History by region > West Asia > Hittites,Hittites,4,What role did the Hittites play in ancient history?,8.609162,8.47145,12.506522,2.052364,1.048482,1.617843,2,8,0.569361,0.010446,0.021956,7.7261024,1.709223,-8,-2
236,802,Ancient history,History by region > West Asia > Israel,Israel,4,What was ancient Israel like?,1.577774,9.483873,7.244696,1.242488,0.0,0.0,0,0,0.0,0.0,0.0,7.7118406,1.2056702,-10,-10
237,802,Ancient history,History by region > West Asia > Phoenicia,Phoenicia,4,Why were the Phoenicians important in the ancient world?,7.190695,6.299893,11.271698,1.010267,0.0,0.0,0,0,0.0,0.0,0.0,7.769573,1.2244915,-10,-10
238,802,Ancient history,History by region > West Asia > Arabia,Arabia,4,What was Arabia like in ancient times?,1.331375,9.457172,5.038696,2.191712,0.953754,1.270026,1,4,0.316271,0.009502,0.017236,7.776805,0.8605739,-9,-6
239,802,Ancient history,History by region > Africa > Afro-Asiatic Africa > Carthage,Carthage,5,How did Carthage become a powerful ancient civilization?,1.111732,9.479118,6.415788,0.547234,5.247643,2.397718,23,15,-2.849925,0.052281,0.032541,7.6470184,1.121121,13,5
240,802,Ancient history,History by region > Africa > Afro-Asiatic Africa > Egypt,Egypt,5,What made ancient Egypt such an influential civilization?,0.422168,8.343305,12.273345,0.795273,0.0,0.0,0,0,0.0,0.0,0.0,7.6078067,1.1955496,-10,-10
241,802,Ancient history,History by region > Africa > Afro-Asiatic Africa > Nubia,Nubia,5,What do we know about ancient Nubia?,5.930948,8.726201,11.62358,3.874403,1.553417,1.959882,7,10,0.406465,0.015476,0.026598,7.437092,1.1446054,-3,0
242,802,Ancient history,History by region > Africa > Afro-Asiatic Africa > Aksum and ancient Ethiopia,Aksum and ancient Ethiopia,5,What was the Kingdom of Aksum?,5.771692,6.627207,11.9015,0.056114,0.974013,0.0,1,0,-0.974013,0.009704,0.0,7.4809513,1.128695,-9,-10
243,802,Ancient history,History by region > Africa > Niger-Congo Africa > Nok culture,Nok culture,5,Who were the Nok people?,1.286445,9.460708,4.926273,1.944958,0.0,0.0,0,0,0.0,0.0,0.0,7.291031,1.2551105,-10,-10
244,802,Ancient history,History by region > Africa > Sahel > Djenné-Djenno,Djenné-Djenno,5,What was special about Djenné-Djenno?,6.506528,9.276358,9.770852,2.542195,1.349928,1.314012,5,5,-0.035916,0.013449,0.017833,7.333955,1.1608725,-5,-5
245,802,Ancient history,History by region > Africa > Sahel > Dhar Tichitt and Oualata,Dhar Tichitt and Oualata,5,What happened at Dhar Tichitt and Oualata?,1.283377,9.492537,9.270318,2.093357,0.974538,1.24183,1,3,0.267292,0.009709,0.016853,7.143218,1.2629322,-9,-7
246,802,Ancient history,History by region > Africa > Sahel > Bantu expansion,Bantu expansion,5,What was the Bantu expansion?,6.650028,6.833107,10.086842,2.802013,1.302334,1.469493,4,6,0.167158,0.012975,0.019943,7.0413895,1.3622612,-6,-4
247,802,Ancient history,History by region > South Asia,South Asia,3,What ancient civilizations developed in South Asia?,1.485784,10.187232,11.602406,0.897926,2.064397,2.324277,10,13,0.25988,0.020567,0.031544,7.513237,1.393313,0,3
248,802,Ancient history,History by region > Southeast Asia and Oceania,Southeast Asia and Oceania,3,What ancient cultures arose in Southeast Asia and Oceania?,8.586551,7.16422,12.371361,3.793124,1.638667,1.89821,7,10,0.259543,0.016326,0.025761,7.4305587,0.9318123,-3,0
249,802,Ancient history,History by region > Southeast Asia and Oceania > Mainland Southeast Asia,Mainland Southeast Asia,4,What civilizations emerged in mainland Southeast Asia?,8.185431,7.600518,11.876487,3.220258,1.271113,1.293112,4,4,0.021999,0.012664,0.017549,7.342181,1.2125353,-6,-6
250,802,Ancient history,History by region > Southeast Asia and Oceania > Austronesia,Austronesia,4,Who were the Austronesian peoples?,7.493948,8.457997,11.257911,1.424779,1.305324,1.068642,3,2,-0.236682,0.013005,0.014503,6.1147094,0.7210699,-7,-8
251,802,Ancient history,History by region > East Asia > China,China,4,How did ancient Chinese civilization develop?,0.660213,8.801436,5.993773,-0.719403,29.370388,13.627878,185,88,-15.742509,0.292612,0.18495,7.6899643,1.3270092,175,78
252,802,Ancient history,History by region > East Asia > Neighbours of China,Neighbours of China,4,What ancient cultures existed near China?,3.463281,6.845042,10.803996,-0.529752,1.065327,1.066496,2,2,0.001169,0.010614,0.014474,8.040652,0.77182263,-8,-8
253,802,Ancient history,History by region > Americas,Americas,3,What ancient civilizations existed in the Americas?,3.854256,7.394458,11.949427,3.722012,1.391224,2.232306,5,11,0.841082,0.013861,0.030296,6.897623,0.9031427,-5,1
254,802,Ancient history,History by region > Americas > Andean civilisations,Andean civilisations,4,What were the major Andean civilizations?,7.438264,8.342487,12.243598,3.71671,1.232524,1.720789,4,8,0.488266,0.012279,0.023354,6.8950024,1.0682793,-6,-2
255,802,Ancient history,History by region > Americas > Mesoamerica,Mesoamerica,4,What ancient civilizations flourished in Mesoamerica?,8.422719,8.554461,11.284508,2.987454,2.010378,1.549985,8,6,-0.460393,0.020029,0.021036,7.1195054,1.2628348,-2,-4
256,802,Ancient history,History by region > Americas > Northern America,Northern America,4,What ancient cultures existed in North America?,6.721949,8.034444,12.451333,1.733065,1.185613,1.842381,3,8,0.656768,0.011812,0.025004,6.8028436,0.9065521,-7,-2
257,802,Ancient history,History by region > Europe > Greece,Greece,4,What were the key achievements of ancient Greece?,7.659571,5.068115,12.451877,0.727294,0.0,0.0,0,0,0.0,0.0,0.0,8.099851,1.1358471,-10,-10
258,802,Ancient history,History by region > Europe > Rome,Rome,4,How did ancient Rome build its empire?,-0.762999,7.738121,11.569354,0.475623,3.362137,1.086088,18,2,-2.276049,0.033496,0.01474,8.005257,1.0727229,8,-8
259,802,Ancient history,History by region > Europe > Late antiquity,Late antiquity,4,What happened during late antiquity?,0.286298,8.424781,6.098619,-0.698529,0.0,0.0,0,0,0.0,0.0,0.0,8.230117,0.8920504,-10,-10
260,802,Ancient history,History by region > Europe > Nomads and Iron Age peoples,Nomads and Iron Age peoples,4,Who were the nomadic peoples of the Iron Age?,7.11607,6.171798,12.616014,0.800647,0.0,0.965549,0,1,0.965549,0.0,0.013104,7.9934106,1.0761269,-10,-9
261,802,Ancient history,Developments > Religion and philosophy,Religion and philosophy,3,How did religion and philosophy develop in ancient times?,0.468285,6.701848,5.042221,1.241104,1.176691,3.157275,3,25,1.980584,0.011723,0.042849,6.814523,3.1129994,-7,15
262,802,Ancient history,Developments > Science and technology,Science and technology,3,What scientific and technological advances occurred in ancient history?,7.396453,7.124163,11.863073,2.923907,1.33167,0.972197,3,1,-0.359473,0.013267,0.013194,7.7501173,2.017721,-7,-9
263,802,Ancient history,Developments > Websites,Websites,3,Where can I learn more about ancient history online?,4.54665,6.767264,12.185544,3.968097,1.226853,1.410578,3,5,0.183724,0.012223,0.019144,8.092502,1.2851295,-7,-5
264,902,Architecture,Introduction,Introduction,0,What is architecture?,0.4264,8.723455,9.495793,2.233109,0.0,0.0,0,0,0.0,0.0,0.0,10.582556,0.018049048,-10,-10
265,902,Architecture,Definitions,Definitions,2,How is architecture defined?,1.34662,7.38829,4.876162,1.745601,0.0,0.0,0,0,0.0,0.0,0.0,10.601115,-0.050146636,-10,-10
266,902,Architecture,Theory,Theory,2,What are the main theories of architecture?,2.006991,8.893935,11.855038,-0.699125,2.313046,1.033454,20,2,-1.279592,0.023044,0.014025,10.581584,-0.04755809,10,-8
267,902,Architecture,Theory > Historic treatises,Historic treatises,3,What did historic architects write about their craft?,6.835392,4.612019,11.899497,-0.286397,0.0,0.0,0,0,0.0,0.0,0.0,10.479873,-0.07824936,-10,-10
268,902,Architecture,Theory > Modern concepts,Modern concepts,3,How do contemporary architects think about design?,6.720138,5.214903,12.113001,-0.14042,0.0,0.0,0,0,0.0,0.0,0.0,10.530936,-0.062366042,-10,-10
269,902,Architecture,History > Origins and vernacular architecture,Origins and vernacular architecture,3,How did architecture begin and evolve in different cultures?,6.765988,4.86322,11.494819,-0.468163,0.0,0.0,0,0,0.0,0.0,0.0,10.499378,-0.03600302,-10,-10
270,902,Architecture,History > Prehistoric architecture,Prehistoric architecture,3,What kinds of structures did prehistoric people build?,-0.277439,6.253128,12.321448,1.319707,0.0,1.349973,0,6,1.349973,0.0,0.018321,7.279726,1.4841063,-10,-4
271,902,Architecture,History > Classical era,Classical era,3,What characterized Greek and Roman architecture?,6.354769,5.151247,5.441141,1.423594,0.0,0.0,0,0,0.0,0.0,0.0,10.31846,0.09031331,-10,-10
272,902,Architecture,History > Asian architecture,Asian architecture,3,How did architectural styles develop in Asia?,0.742891,6.913172,5.327257,0.562799,1.333176,33.764588,5,200,32.431411,0.013282,0.458234,7.0520225,2.8772192,-5,190
273,902,Architecture,History > Islamic architecture,Islamic architecture,3,What makes Islamic architecture distinctive?,0.45208,7.916128,7.250151,2.573651,0.0,0.0,0,0,0.0,0.0,0.0,7.909687,0.5914838,-10,-10
274,902,Architecture,History > European medieval architecture,European medieval architecture,3,What were the main features of medieval European buildings?,0.43019,8.115529,5.780102,1.683962,0.0,0.0,0,0,0.0,0.0,0.0,8.272667,0.6397843,-10,-10
275,902,Architecture,History > Renaissance architecture,Renaissance architecture,3,How did Renaissance architects revive classical principles?,5.863658,6.898597,7.642869,3.4779,0.0,0.0,0,0,0.0,0.0,0.0,8.84191,0.4297057,-10,-10
276,902,Architecture,History > Early modern and the industrial age,Early modern and the industrial age,3,How did the Industrial Revolution change architecture?,0.15903,7.273156,8.392384,0.575014,0.0,0.0,0,0,0.0,0.0,0.0,10.424753,-0.063039534,-10,-10
277,902,Architecture,History > Modernism,Modernism,3,What was the modernist movement in architecture?,0.998668,6.351149,6.750359,2.01991,0.0,0.0,0,0,0.0,0.0,0.0,10.4773445,-0.078208126,-10,-10
278,902,Architecture,History > Postmodernism,Postmodernism,3,Why did architects reject modernism for postmodernism?,-0.473794,6.838009,6.472542,-0.331259,0.0,0.0,0,0,0.0,0.0,0.0,10.499589,-0.07403187,-10,-10
279,902,Architecture,History > Architecture today,Architecture today,3,What are the major trends in contemporary architecture?,7.203126,6.282947,12.295938,1.05129,0.0,0.0,0,0,0.0,0.0,0.0,10.525354,-0.09662913,-10,-10
280,902,Architecture,Types > Industrial architecture,Industrial architecture,3,How are factories and warehouses designed?,3.429272,6.818383,12.555672,2.99631,2.887252,2.753239,22,17,-0.134013,0.028765,0.037365,10.613764,-0.035955798,12,7
281,902,Architecture,Types > Landscape architecture,Landscape architecture,3,What does landscape architecture involve?,2.143964,7.26692,11.363059,-0.125672,0.0,0.0,0,0,0.0,0.0,0.0,10.619605,-0.08803308,-10,-10
282,902,Architecture,Types > Interior architecture,Interior architecture,3,How do architects design interior spaces?,6.027057,7.018005,11.153722,0.92205,0.0,0.0,0,0,0.0,0.0,0.0,10.61134,-0.04642548,-10,-10
283,902,Architecture,Types > Urban design,Urban design,3,What is urban design and how does it differ from architecture?,2.388502,7.838884,4.961049,2.257913,0.0,0.0,0,0,0.0,0.0,0.0,10.603283,-0.059652526,-10,-10
284,902,Architecture,Types > Other types of architecture > Naval architecture,Naval architecture,4,How do engineers design ships and boats?,2.196927,7.20031,9.339182,2.126848,0.0,0.0,0,0,0.0,0.0,0.0,10.589345,-0.07222976,-10,-10
285,902,Architecture,"Types > Other types of architecture > Metaphorical ""architectures""","Metaphorical ""architectures""",4,Why do we use architecture as a metaphor in computing and other fields?,4.048419,7.985225,10.019769,3.247675,0.978099,0.96706,1,1,-0.011039,0.009745,0.013124,10.593569,-0.059685245,-9,-9
286,902,Architecture,Types > Other types of architecture > Seismic architecture,Seismic architecture,4,How are buildings designed to withstand earthquakes?,6.096494,9.279174,9.10185,2.095335,3.224379,1.711671,29,9,-1.512708,0.032124,0.02323,10.546382,-0.060936626,19,-1
287,911,Arithmetic,Introduction,Introduction,0,What is arithmetic?,6.311676,9.254509,10.096619,2.503735,2.880436,2.318152,23,11,-0.562284,0.028697,0.031461,7.4699802,8.153824,13,1
288,911,Arithmetic,"Definition, etymology, and related fields","Definition, etymology, and related fields",2,Where does the word arithmetic come from?,8.379997,9.2637,9.785948,2.31478,2.971928,1.569345,13,9,-1.402583,0.029609,0.021298,7.5383387,8.108879,3,-1
289,911,Arithmetic,Numbers,Numbers,2,What are numbers in arithmetic?,8.587106,8.995556,11.477005,3.107562,9.385514,3.968105,55,32,-5.417409,0.093506,0.053853,7.3494945,8.125199,45,22
290,911,Arithmetic,Numbers > Kinds,Kinds,3,What are the different kinds of numbers?,8.481079,9.210259,11.137277,1.729283,0.934969,0.0,4,0,-0.934969,0.009315,0.0,7.279664,8.117668,-6,-10
291,911,Arithmetic,Numbers > Numeral systems,Numeral systems,3,How do different numeral systems work?,8.866385,7.411986,12.583043,2.626642,11.806316,4.847717,59,24,-6.958599,0.117624,0.065791,7.2695684,8.006957,49,14
292,911,Arithmetic,Operations,Operations,2,What are arithmetic operations?,8.662618,8.885736,11.011666,2.725529,2.707848,2.588504,11,11,-0.119344,0.026978,0.03513,7.383807,8.290378,1,1
293,911,Arithmetic,Operations > Addition and subtraction,Addition and subtraction,3,How do addition and subtraction work?,8.108494,9.062232,11.43088,1.587256,0.0,0.0,0,0,0.0,0.0,0.0,7.3622637,8.306604,-10,-10
294,911,Arithmetic,Operations > Multiplication and division,Multiplication and division,3,How do multiplication and division work?,8.017974,8.463784,11.440466,1.496055,0.0,0.0,0,0,0.0,0.0,0.0,7.369616,8.290119,-10,-10
295,911,Arithmetic,Operations > Exponentiation and logarithm,Exponentiation and logarithm,3,What are exponentiation and logarithms?,7.869139,9.149663,11.580961,1.292124,0.0,0.0,0,0,0.0,0.0,0.0,7.345432,8.29194,-10,-10
296,911,Arithmetic,Types,Types,2,What are the main types of arithmetic?,5.219503,7.19845,11.750266,1.275869,2.420381,3.273365,17,24,0.852984,0.024114,0.044424,7.380555,8.172815,7,14
297,911,Arithmetic,Types > Integer arithmetic,Integer arithmetic,3,What is integer arithmetic?,6.930396,9.422515,10.330156,2.335514,4.928152,3.868855,28,22,-1.059297,0.049098,0.052506,7.363634,8.249823,18,12
298,911,Arithmetic,Types > Integer arithmetic > Number theory,Number theory,4,How does number theory relate to arithmetic?,8.346817,8.987909,10.462702,2.695938,3.035887,2.410445,15,13,-0.625441,0.030246,0.032713,7.647127,8.057303,5,3
299,911,Arithmetic,Types > Rational number arithmetic,Rational number arithmetic,3,How does arithmetic work with fractions?,8.442869,9.042629,11.18476,1.767347,6.147079,0.871262,23,2,-5.275817,0.061242,0.011824,7.2536416,8.27111,13,-8
300,911,Arithmetic,Types > Real number arithmetic,Real number arithmetic,3,How does arithmetic work with real numbers?,6.936066,9.070451,10.779449,2.003359,1.154351,0.959709,3,1,-0.194642,0.011501,0.013025,7.2114763,8.2168255,-7,-9
301,911,Arithmetic,Types > Approximations and errors,Approximations and errors,3,How do approximation errors work in arithmetic?,7.032896,6.208429,11.708146,1.185207,10.161131,13.35437,58,63,3.193239,0.101233,0.181238,7.389196,8.00785,48,53
302,911,Arithmetic,Types > Tool use,Tool use,3,What tools are used for arithmetic calculations?,8.663429,8.91258,11.260701,3.227602,9.395965,1.986046,34,8,-7.409919,0.09361,0.026954,7.334365,8.110012,24,-2
303,911,Arithmetic,Types > Others,Others,3,What other types of arithmetic exist?,8.493865,9.110078,10.32747,2.183662,2.519929,1.998024,12,11,-0.521904,0.025106,0.027116,7.396517,8.227074,2,1
304,911,Arithmetic,Axiomatic foundations,Axiomatic foundations,2,What are the axiomatic foundations of arithmetic?,8.534245,9.017575,10.9655,2.367352,4.210426,3.371013,14,14,-0.839413,0.041948,0.04575,7.4659734,7.8880677,4,4
305,911,Arithmetic,History,History,2,How did arithmetic develop throughout history?,8.434848,9.115867,11.206727,2.127141,2.216357,11.345168,12,67,9.128811,0.022081,0.15397,7.4518137,7.6551824,2,57
306,911,Arithmetic,In various fields > Education,Education,3,How is arithmetic taught in schools?,8.462284,9.2226,10.307687,2.551565,7.399797,6.335174,32,35,-1.064623,0.073723,0.085977,7.4490237,8.239453,22,25
307,911,Arithmetic,In various fields > Psychology,Psychology,3,How do humans process arithmetic mentally?,8.551673,9.044676,10.885935,1.749362,6.621543,6.41771,26,35,-0.203833,0.065969,0.087098,7.4665127,8.087336,16,25
308,911,Arithmetic,In various fields > Philosophy,Philosophy,3,What philosophical questions arise from arithmetic?,8.318087,8.955011,10.715844,1.950143,1.509352,1.134613,4,3,-0.374739,0.015037,0.015398,7.8513684,7.731224,-6,-7
309,911,Arithmetic,In various fields > Others,Others,3,Where else is arithmetic applied?,8.398583,9.037943,10.278702,2.203163,3.719041,2.902152,20,20,-0.816889,0.037052,0.039386,7.549057,8.129263,10,10
310,937,Asia,Introduction,Introduction,0,What is Asia?,0.912595,7.324217,12.943789,1.962114,0.0,0.0,0,0,0.0,0.0,0.0,5.3077493,1.1530731,-10,-10
311,937,Asia,Etymology,Etymology,2,Where does the name Asia come from?,2.685089,9.089001,8.781228,0.670612,0.0,0.0,0,0,0.0,0.0,0.0,5.4498034,1.3987079,-10,-10
312,937,Asia,Definition > Asia–Europe boundary,Asia–Europe boundary,3,Where is the border between Asia and Europe?,-0.251761,6.875369,6.9811,3.283711,0.0,0.0,0,0,0.0,0.0,0.0,5.2996726,1.3013238,-10,-10
313,937,Asia,Definition > Asia–Africa boundary,Asia–Africa boundary,3,Where does Asia end and Africa begin?,2.554905,7.851759,8.19647,2.637985,1.137857,1.053487,3,2,-0.08437,0.011336,0.014297,5.2567677,1.2456528,-7,-8
314,937,Asia,Definition > Asia–Oceania boundary,Asia–Oceania boundary,3,How is the boundary between Asia and Oceania defined?,-0.409957,6.328831,12.009004,2.3893,1.501691,1.011173,5,2,-0.490517,0.014961,0.013723,5.5479465,0.6977346,-5,-8
315,937,Asia,Definition > Asia–North America boundary,Asia–North America boundary,3,Where do Asia and North America meet?,7.859291,7.868229,12.701385,2.097735,0.979342,2.116298,1,10,1.136956,0.009757,0.028721,5.35805,0.7240316,-9,0
316,937,Asia,Definition > Ongoing definition,Ongoing definition,3,Why is defining Asia's boundaries still debated?,0.253271,7.309115,5.212738,2.129911,0.0,0.0,0,0,0.0,0.0,0.0,5.303252,1.2664764,-10,-10
317,937,Asia,History > Prehistory,Prehistory,3,What do we know about prehistoric Asia?,8.109079,6.851901,12.70673,2.196629,16.418826,18.826397,72,92,2.407572,0.163578,0.255501,6.752584,1.4655404,62,82
318,937,Asia,History > Ancient era,Ancient era,3,What were the major civilizations in ancient Asia?,-0.513869,6.580997,3.670686,1.538473,0.0,0.0,0,0,0.0,0.0,0.0,7.6067863,1.2198652,-10,-10
319,937,Asia,History > Medieval era,Medieval era,3,What happened in Asia during the medieval period?,0.177449,8.388018,5.119939,0.685462,0.0,1.324029,0,3,1.324029,0.0,0.017969,7.730191,0.6150848,-10,-7
320,937,Asia,History > Modern era,Modern era,3,How did colonialism and industrialization change Asia?,8.231973,7.459603,12.028547,2.499117,1.521721,1.479268,5,5,-0.042453,0.015161,0.020076,7.7234287,0.50680065,-5,-5
321,937,Asia,History > Contemporary era,Contemporary era,3,What are the major developments in Asia since World War II?,8.287477,7.56477,12.111032,2.726778,2.171008,6.406136,9,35,4.235128,0.021629,0.086941,7.228458,-0.20390472,-1,25
322,937,Asia,Geography,Geography,2,What are Asia's main geographic features?,3.989431,9.124103,6.97752,0.81963,0.0,0.0,0,0,0.0,0.0,0.0,5.2284055,1.1590401,-10,-10
323,937,Asia,Geography > Main regions,Main regions,3,How is Asia divided into different regions?,2.614025,9.546943,9.940769,2.033396,0.962076,0.967304,1,1,0.005228,0.009585,0.013128,5.247703,1.0692543,-9,-9
324,937,Asia,Geography > Climate,Climate,3,What types of climate zones exist across Asia?,-0.555613,7.115306,7.436196,3.471945,0.0,0.0,0,0,0.0,0.0,0.0,4.6924896,1.1772963,-10,-10
325,937,Asia,List of states and territories,List of states and territories,2,How many countries are in Asia?,4.709084,6.599913,7.075969,2.778956,1.527734,2.069529,5,15,0.541794,0.015221,0.028087,5.3092628,0.8737949,-5,5
326,937,Asia,Economy,Economy,2,How large is Asia's economy?,5.942573,5.154639,5.626775,-0.317789,1.141618,2.655166,3,18,1.513547,0.011374,0.036034,5.3504815,0.54766434,-7,8
327,937,Asia,Economy > Tourism,Tourism,3,Which Asian destinations attract the most tourists?,3.871575,7.326095,12.377439,2.758043,1.363139,1.541909,5,6,0.178769,0.013581,0.020926,5.309435,0.5184301,-5,-4
328,937,Asia,Demographics,Demographics,2,How many people live in Asia?,1.334865,9.052178,6.437228,0.667189,1.245576,1.447181,3,5,0.201605,0.012409,0.01964,5.401679,0.48963812,-7,-5
329,937,Asia,Demographics > Languages,Languages,3,What languages are spoken in Asia?,3.506568,7.468004,7.172508,2.004771,0.96937,1.047988,1,2,0.078618,0.009658,0.014223,5.649435,1.230718,-9,-8
330,937,Asia,Demographics > Religions,Religions,3,What are the major religions practiced in Asia?,6.800272,9.392025,6.605628,-0.365802,1.022681,2.524195,2,15,1.501514,0.010189,0.034257,6.6687145,3.0047867,-8,5
331,937,Asia,Demographics > Religions > Abrahamic,Abrahamic,4,"How widespread are Christianity, Islam, and Judaism in Asia?",6.425208,6.523632,10.942354,-0.450212,1.195255,2.441148,3,15,1.245893,0.011908,0.03313,6.5789065,2.7720761,-7,5
332,937,Asia,Demographics > Religions > Indian and East Asian religions,Indian and East Asian religions,4,Which Asian religions originated in India and East Asia?,7.110449,6.551579,6.438862,0.310333,1.102109,1.221118,2,3,0.119009,0.01098,0.016572,6.7265964,3.006571,-8,-7
333,937,Asia,Culture,Culture,2,What makes Asian culture distinctive?,7.463825,7.776011,12.113756,0.996614,1.56366,2.371939,7,13,0.808279,0.015578,0.032191,5.625215,1.2920809,-3,3
334,937,Asia,Culture > Nobel laureates,Nobel laureates,3,Which Asian scientists and writers have won Nobel Prizes?,2.028847,10.050016,6.340171,-0.845973,0.961848,1.845234,1,8,0.883386,0.009583,0.025042,10.049333,1.4502425,-9,-2
335,962,Astronomy,Introduction,Introduction,0,What is astronomy?,0.931171,7.72679,8.778037,1.913252,0.0,0.0,0,0,0.0,0.0,0.0,2.9881997,5.7275715,-10,-10
336,962,Astronomy,Etymology,Etymology,2,Where does the word astronomy come from?,4.884109,7.507127,12.211169,1.421614,0.0,0.0,0,0,0.0,0.0,0.0,3.0398693,5.7157307,-10,-10
337,962,Astronomy,"Etymology > Use of terms ""astronomy"" and ""astrophysics""","Use of terms ""astronomy"" and ""astrophysics""",3,What's the difference between astronomy and astrophysics?,-0.617822,7.206416,4.442137,1.630964,0.0,0.0,0,0,0.0,0.0,0.0,3.0479736,5.7712235,-10,-10
338,962,Astronomy,History > Pre-historic,Pre-historic,3,How did ancient people study the stars before written history?,8.252065,6.698965,12.088385,1.139119,4.089414,23.937844,25,129,19.848431,0.040742,0.324871,5.594753,4.3002033,15,119
339,962,Astronomy,History > Classical,Classical,3,What astronomical discoveries did ancient Greeks and Romans make?,-0.638857,7.014075,3.49406,1.256097,5.555194,1.139604,33,3,-4.41559,0.055345,0.015466,5.4873266,4.6444807,23,-7
340,962,Astronomy,History > Post-classical,Post-classical,3,How did astronomy develop during the Middle Ages?,3.815991,9.099567,5.321914,-0.019693,1.117487,5.256289,3,31,4.138802,0.011133,0.071335,5.445987,4.6359415,-7,21
341,962,Astronomy,History > Copernicus,Copernicus,3,How did Copernicus change our understanding of the solar system?,6.803913,5.369224,12.294713,0.165767,5.773469,3.465164,33,21,-2.308305,0.05752,0.047027,5.4937425,4.6444473,23,11
342,962,Astronomy,History > Early telescopic,Early telescopic,3,What did astronomers discover when telescopes were first invented?,7.984878,5.292844,12.035635,0.14599,1.583254,1.897534,8,12,0.314281,0.015774,0.025752,5.490907,4.6883507,-2,2
343,962,Astronomy,History > Galaxies,Galaxies,3,When did scientists realize there are galaxies beyond the Milky Way?,8.20921,5.889723,12.634596,1.065136,2.950094,2.957344,19,19,0.007251,0.029391,0.040135,3.6850634,5.8482275,9,9
344,962,Astronomy,History > Cosmology,Cosmology,3,How has our understanding of the universe's origin evolved?,8.642871,7.38764,12.625713,0.88177,1.116454,12.788127,2,70,11.671673,0.011123,0.173553,3.541663,6.0131907,-8,60
345,962,Astronomy,Observational astronomy,Observational astronomy,2,How do astronomers observe and study celestial objects?,-0.35811,6.781345,4.614226,1.340205,2.86306,3.478115,24,28,0.615055,0.028524,0.047203,2.9154868,5.7964473,14,18
346,962,Astronomy,Observational astronomy > Radio,Radio,3,What can radio telescopes detect that optical telescopes cannot?,8.150337,6.250699,11.8936,0.535399,2.079106,1.365901,9,4,-0.713205,0.020714,0.018537,2.844665,5.7832885,-1,-6
347,962,Astronomy,Observational astronomy > Infrared,Infrared,3,Why do astronomers use infrared telescopes?,5.85024,5.96385,10.796573,1.802877,0.0,0.0,0,0,0.0,0.0,0.0,2.8163872,5.784094,-10,-10
348,962,Astronomy,Observational astronomy > Optical,Optical,3,How do optical telescopes help us see distant stars and planets?,2.746485,7.756191,11.324821,0.148995,0.0,0.0,0,0,0.0,0.0,0.0,2.8828032,5.8386793,-10,-10
349,962,Astronomy,Observational astronomy > Ultraviolet,Ultraviolet,3,What kind of information does ultraviolet astronomy reveal?,5.750976,6.640381,7.634565,3.441461,0.0,0.0,0,0,0.0,0.0,0.0,2.8215454,5.8217187,-10,-10
350,962,Astronomy,Observational astronomy > X-ray,X-ray,3,What can X-ray astronomy tell us about the universe?,8.31911,6.424238,11.621943,1.877131,2.289603,0.959646,10,1,-1.329958,0.022811,0.013024,2.828084,5.793603,0,-9
351,962,Astronomy,Observational astronomy > Gamma-ray,Gamma-ray,3,What cosmic events produce gamma rays?,-0.853092,6.733874,11.812664,-0.714324,1.328385,0.96411,4,1,-0.364275,0.013234,0.013084,2.8535392,5.8293266,-6,-9
352,962,Astronomy,Observational astronomy > Non-electromagnetic observation,Non-electromagnetic observation,3,Can astronomers study space without using light?,0.210906,7.105698,4.886051,1.669682,0.0,0.0,0,0,0.0,0.0,0.0,2.9440367,5.8203144,-10,-10
353,962,Astronomy,Observational astronomy > Astrometry and celestial mechanics,Astrometry and celestial mechanics,3,How do scientists measure the positions and movements of celestial objects?,2.676087,7.823646,7.802337,3.590117,0.0,0.0,0,0,0.0,0.0,0.0,3.093537,5.7054,-10,-10
354,962,Astronomy,Subfields by scale > Physical cosmology,Physical cosmology,3,What does physical cosmology study about the universe?,7.387631,5.170252,4.241317,1.697691,1.665081,0.963912,7,1,-0.701168,0.016589,0.013082,3.5182402,5.928373,-3,-9
355,962,Astronomy,Subfields by scale > Extragalactic,Extragalactic,3,What do astronomers study beyond our own galaxy?,0.748021,7.534067,12.904794,1.192288,0.0,0.0,0,0,0.0,0.0,0.0,2.8774433,5.7461843,-10,-10
356,962,Astronomy,Subfields by scale > Galactic,Galactic,3,What aspects of the Milky Way galaxy do astronomers research?,6.849415,4.559056,11.09381,0.169832,0.124045,0.0,1,0,-0.124045,0.001236,0.0,2.4698758,5.540568,-9,-10
357,962,Astronomy,Subfields by scale > Stellar,Stellar,3,How do astronomers study the formation and life cycles of stars?,6.723975,5.395687,11.730178,0.208222,0.979728,0.0,1,0,-0.979728,0.009761,0.0,2.8656597,5.631674,-9,-10
358,962,Astronomy,Subfields by scale > Solar,Solar,3,What do solar astronomers study about our Sun?,8.218417,6.284379,12.119549,0.55285,2.783824,1.616103,12,5,-1.167721,0.027735,0.021933,2.435619,5.3524685,2,-5
359,962,Astronomy,Subfields by scale > Planetary science,Planetary science,3,How do scientists study planets and moons in our solar system?,6.870602,5.337409,11.559904,-0.04395,1.219363,0.0,2,0,-1.219363,0.012148,0.0,3.6446292,3.6257484,-8,-10
360,962,Astronomy,Interdisciplinary subfields > Astrochemistry,Astrochemistry,3,What chemical processes occur in space?,6.621371,4.977645,11.714564,0.318717,0.0,0.0,0,0,0.0,0.0,0.0,3.2791092,5.474616,-10,-10
361,962,Astronomy,Interdisciplinary subfields > Astrobiology,Astrobiology,3,Could life exist on other planets or moons?,-0.42402,6.72838,4.32104,1.542337,1.97865,0.957484,9,1,-1.021166,0.019713,0.012994,3.3791587,3.6930804,-1,-9
362,962,Astronomy,Interdisciplinary subfields > Other,Other,3,What other fields combine with astronomy research?,7.045508,4.746646,11.908243,0.037696,0.0,0.0,0,0,0.0,0.0,0.0,3.0314388,5.762151,-10,-10
363,962,Astronomy,Amateur,Amateur,2,Can non-professionals contribute to astronomy?,6.812911,4.847704,11.545649,-0.456185,0.0,0.0,0,0,0.0,0.0,0.0,2.8625107,5.8156543,-10,-10
364,962,Astronomy,Unsolved problems,Unsolved problems,2,What are the biggest mysteries astronomers are trying to solve?,1.230619,8.244733,11.286659,0.152228,6.841189,0.965644,61,1,-5.875545,0.068157,0.013105,3.4681728,5.789701,51,-9
365,962,Astronomy,Unsolved problems > Lists,Lists,3,What are some specific unsolved questions in astronomy?,4.222019,7.746022,9.418743,3.81644,1.084923,0.0,3,0,-1.084923,0.010809,0.0,2.8352435,5.8434772,-7,-10
366,973,Atmosphere of Earth,Introduction,Introduction,0,What is Earth's atmosphere?,6.626216,8.973485,10.198559,1.579661,1.462742,1.362466,7,5,-0.100276,0.014573,0.018491,2.1898234,3.9765775,-3,-5
367,973,Atmosphere of Earth,Composition,Composition,2,What gases make up Earth's atmosphere?,7.350735,4.924581,12.767514,2.262041,0.0,0.0,0,0,0.0,0.0,0.0,2.143594,3.9806764,-10,-10
368,973,Atmosphere of Earth,Stratification,Stratification,2,How is the atmosphere divided into layers?,6.656313,4.919631,3.809759,1.584658,0.0,0.0,0,0,0.0,0.0,0.0,2.1609082,4.0534015,-10,-10
369,973,Atmosphere of Earth,Stratification > Exosphere,Exosphere,3,What is the exosphere and where does it extend to?,7.139381,5.655888,12.288696,0.355331,9.639668,4.134844,45,19,-5.504824,0.096038,0.056116,2.1383603,4.118258,35,9
370,973,Atmosphere of Earth,Stratification > Thermosphere,Thermosphere,3,What happens in the thermosphere?,7.513097,5.025582,12.4691,-0.096774,0.0,0.071172,0,1,0.071172,0.0,0.000966,2.15328,4.119573,-10,-9
371,973,Atmosphere of Earth,Stratification > Mesosphere,Mesosphere,3,Why is the mesosphere the coldest layer of the atmosphere?,0.466297,7.798719,5.060663,1.56398,0.957561,0.949018,1,1,-0.008543,0.00954,0.01288,2.164875,4.061481,-9,-9
372,973,Atmosphere of Earth,Stratification > Stratosphere,Stratosphere,3,What role does the stratosphere play in protecting Earth?,6.914493,5.276711,9.507765,1.783918,0.0,0.0,0,0,0.0,0.0,0.0,2.1735353,4.0368004,-10,-10
373,973,Atmosphere of Earth,Stratification > Troposphere,Troposphere,3,Why does weather occur in the troposphere?,2.399689,8.204858,5.714509,1.912087,0.969951,0.0,1,0,-0.969951,0.009663,0.0,2.2367167,3.9299593,-9,-10
374,973,Atmosphere of Earth,Stratification > Other layers,Other layers,3,Are there atmospheric layers besides the main five?,7.364863,4.894618,11.294649,-0.885208,0.0,0.0,0,0,0.0,0.0,0.0,2.2255917,3.990923,-10,-10
375,973,Atmosphere of Earth,Physical properties > Pressure and thickness,Pressure and thickness,3,How does air pressure change with altitude?,3.924668,9.09891,6.892854,1.283069,0.968027,0.0,1,0,-0.968027,0.009644,0.0,2.1936579,3.9572861,-9,-10
376,973,Atmosphere of Earth,Physical properties > Temperature,Temperature,3,How does temperature vary at different atmospheric heights?,-0.61406,7.51551,3.793265,0.880808,4.285049,1.536897,25,6,-2.748152,0.042691,0.020858,2.1416428,4.147506,15,-4
377,973,Atmosphere of Earth,Physical properties > Temperature > Speed of sound,Speed of sound,4,Does sound travel differently through the atmosphere at various altitudes?,6.513187,7.32784,12.555941,1.587424,1.236689,1.153721,5,3,-0.082968,0.012321,0.015658,2.2235553,4.006863,-5,-7
378,973,Atmosphere of Earth,Physical properties > Density and mass,Density and mass,3,How much does Earth's atmosphere weigh?,6.009865,6.687034,7.874022,1.182063,0.0,0.0,0,0,0.0,0.0,0.0,2.2035959,3.936416,-10,-10
379,973,Atmosphere of Earth,Optical properties,Optical properties,2,How does the atmosphere interact with light?,6.780335,6.562098,12.204597,0.612661,0.958496,0.966709,1,1,0.008213,0.009549,0.01312,2.228195,4.40074,-9,-9
380,973,Atmosphere of Earth,Optical properties > Scattering,Scattering,3,Why does the sky appear blue during the day?,3.897096,9.116204,8.153685,0.706537,1.075567,0.0,2,0,-1.075567,0.010716,0.0,2.2033565,4.472793,-8,-10
381,973,Atmosphere of Earth,Optical properties > Absorption,Absorption,3,Which gases in the atmosphere absorb sunlight?,1.267278,9.928446,6.290915,1.449967,1.089303,1.151627,2,3,0.062325,0.010853,0.015629,2.259876,4.403952,-8,-7
382,973,Atmosphere of Earth,Optical properties > Emission,Emission,3,What causes the atmosphere to glow at night?,2.540536,9.557349,6.837752,-0.521473,1.942228,0.953757,13,1,-0.988471,0.01935,0.012944,2.243142,4.404831,3,-9
383,973,Atmosphere of Earth,Optical properties > Refractive index,Refractive index,3,How does the atmosphere bend light?,0.545831,8.216466,4.319279,2.180833,20.102684,0.957911,152,1,-19.144773,0.200279,0.013,2.2123914,4.295263,142,-9
384,973,Atmosphere of Earth,Circulation,Circulation,2,What causes global wind patterns?,7.356302,6.056894,12.329814,0.383081,0.0,0.979407,0,1,0.979407,0.0,0.013292,2.5042446,3.6375618,-10,-9
385,973,Atmosphere of Earth,Evolution of Earth's atmosphere > Earliest atmosphere,Earliest atmosphere,3,What was Earth's first atmosphere like?,6.925491,5.93457,12.747171,1.556756,1.358645,1.052497,3,2,-0.306148,0.013536,0.014284,1.5826176,3.6229873,-7,-8
386,973,Atmosphere of Earth,Evolution of Earth's atmosphere > Second atmosphere,Second atmosphere,3,How did Earth get its second atmosphere?,-0.82059,6.693432,3.64736,1.085197,0.975008,2.183162,1,10,1.208154,0.009714,0.029629,1.5859634,3.458911,-9,0
387,973,Atmosphere of Earth,Evolution of Earth's atmosphere > Third atmosphere,Third atmosphere,3,When did oxygen appear in Earth's atmosphere?,7.344032,4.982337,12.152901,-0.488195,0.0,0.0,0,0,0.0,0.0,0.0,1.5377337,3.2942047,-10,-10
388,973,Atmosphere of Earth,Air pollution,Air pollution,2,What are the main sources of air pollution?,6.758791,7.017518,12.301897,0.884474,27.857038,5.548515,144,30,-22.308523,0.277534,0.075301,2.990178,2.4846516,134,20
389,1524,Civilization,Introduction,Introduction,0,What is a civilization?,6.916455,5.943678,11.687797,-0.022372,0.0,0.0,0,0,0.0,0.0,0.0,8.423462,1.016035,-10,-10
390,1524,Civilization,History of the concept,History of the concept,2,How has the meaning of civilization changed over time?,7.590168,4.65806,4.515644,1.733605,0.0,0.0,0,0,0.0,0.0,0.0,8.843132,0.9636265,-10,-10
391,1524,Civilization,Characteristics,Characteristics,2,What makes a civilization a civilization?,-0.815233,6.586949,3.410708,1.273593,0.0,0.0,0,0,0.0,0.0,0.0,8.460227,-0.09338667,-10,-10
392,1524,Civilization,Characteristics > As a contrast with other societies,As a contrast with other societies,3,How do civilizations differ from tribal or nomadic societies?,7.64654,7.662138,11.582043,1.289756,2.344822,1.30704,10,3,-1.037782,0.023361,0.017738,8.734872,0.991369,0,-7
393,1524,Civilization,Cultural identity,Cultural identity,2,How does civilization shape cultural identity?,7.687528,5.498704,6.842886,0.948848,0.951008,1.973183,1,12,1.022175,0.009475,0.026779,8.866225,0.9243114,-9,2
394,1524,Civilization,Complex systems,Complex systems,2,Why are civilizations considered complex systems?,1.216399,8.987393,6.754839,-0.062469,6.956229,3.817508,58,21,-3.138721,0.069304,0.051809,8.3079605,1.0361326,48,11
395,1524,Civilization,History,History,2,When did the first civilizations emerge?,7.950462,6.564459,11.718632,1.858671,2.846499,1.45424,17,7,-1.392259,0.028359,0.019736,8.442588,1.0322412,7,-3
396,1524,Civilization,History > Urban Revolution,Urban Revolution,3,What caused people to start building cities?,8.040843,5.642274,11.01056,-0.984026,3.299459,2.011427,22,17,-1.288032,0.032872,0.027298,7.4794664,1.4379845,12,7
397,1524,Civilization,History > Axial Age,Axial Age,3,What was the Axial Age and why does it matter?,5.580027,6.937797,11.397914,3.90982,1.366447,2.118797,6,16,0.75235,0.013614,0.028755,7.988477,1.2451893,-4,6
398,1524,Civilization,History > Modernity,Modernity,3,How did civilization change with the modern era?,3.840928,7.481722,11.700968,4.021274,3.020569,3.42947,27,30,0.4089,0.030093,0.046543,8.450854,0.6960533,17,20
399,1524,Civilization,Fall of civilizations,Fall of civilizations,2,Why do civilizations collapse?,1.303182,9.965323,6.844313,-0.917388,1.456691,6.121097,8,49,4.664406,0.014513,0.083072,8.242061,1.0182126,-2,39
400,1524,Civilization,Future,Future,2,Where is human civilization headed?,7.803587,5.946842,12.105728,2.491016,10.001048,0.744834,50,7,-9.256214,0.099639,0.010108,8.564127,0.96347713,40,-3
401,1524,Civilization,Non-human civilizations,Non-human civilizations,2,Could aliens have civilizations too?,7.858035,6.363588,12.354752,3.60727,1.377816,1.354932,5,6,-0.022884,0.013727,0.018388,7.081769,2.1104012,-5,-4
402,1540,Climate,Introduction,Introduction,0,What is climate?,0.904071,7.4234,4.343834,1.581623,0.0,0.0,0,0,0.0,0.0,0.0,2.8584216,2.9750454,-10,-10
403,1540,Climate,Definition,Definition,2,How is climate defined scientifically?,0.977616,7.286323,4.207224,2.035934,0.0,0.0,0,0,0.0,0.0,0.0,2.8265815,3.0197256,-10,-10
404,1540,Climate,Climate classification,Climate classification,2,How do scientists classify different types of climates?,-0.355943,6.566302,3.904448,1.751601,0.0,0.0,0,0,0.0,0.0,0.0,2.8226337,2.9604163,-10,-10
405,1540,Climate,Record > Paleoclimatology,Paleoclimatology,3,How do we know about Earth's climate in the distant past?,1.964418,8.337118,12.187399,1.432646,0.962166,0.961357,1,1,-0.000809,0.009586,0.013047,3.0478852,3.0130072,-9,-9
406,1540,Climate,Record > Modern,Modern,3,How is modern climate measured and recorded?,7.266653,5.393179,12.468761,-0.399155,0.0,0.0,0,0,0.0,0.0,0.0,2.9057887,2.9710505,-10,-10
407,1540,Climate,Climate variability,Climate variability,2,Why does climate naturally vary over time?,7.572917,5.715398,12.89006,1.657127,1.448305,0.958358,5,1,-0.489947,0.014429,0.013006,2.833402,2.965523,-5,-9
408,1540,Climate,Climate change,Climate change,2,What causes climate change?,2.169096,7.943218,5.572264,2.572179,0.0,0.0,0,0,0.0,0.0,0.0,2.863898,2.887659,-10,-10
409,1540,Climate,Climate models,Climate models,2,How do climate models work?,4.979527,8.382326,4.599991,1.867445,0.957994,0.955539,1,1,-0.002456,0.009544,0.012968,2.7970614,3.0308971,-9,-9
410,1546,Clothing,Introduction,Introduction,0,What is clothing?,2.196124,8.24721,5.583389,1.995603,0.0,0.0,0,0,0.0,0.0,0.0,5.7126837,-1.3240894,-10,-10
411,1546,Clothing,Origin and history > Early use,Early use,3,When did humans first start wearing clothes?,7.575185,7.005149,12.201928,0.368579,2.022661,4.027528,10,24,2.004867,0.020151,0.054659,5.748464,-1.2932687,0,14
412,1546,Clothing,Origin and history > Making clothing,Making clothing,3,How was clothing made in ancient times?,8.179695,5.893704,11.7924,1.499313,1.077241,0.959819,3,1,-0.117421,0.010732,0.013026,5.720628,-1.3031445,-7,-9
413,1546,Clothing,Clothing as comfort,Clothing as comfort,2,How does clothing provide comfort and protection?,7.363716,8.164467,12.557361,3.269236,1.784849,2.145612,10,14,0.360763,0.017782,0.029119,5.685011,-1.351016,0,4
414,1546,Clothing,Functions,Functions,2,What purposes does clothing serve?,6.679283,5.080618,10.722802,1.83634,0.0,0.0,0,0,0.0,0.0,0.0,5.7027807,-1.3337525,-10,-10
415,1546,Clothing,Scholarship > Function of clothing,Function of clothing,3,Why do people wear clothes from a scholarly perspective?,1.259786,9.845406,7.922205,0.17859,1.163508,1.539493,4,8,0.375985,0.011592,0.020893,5.709274,-1.3180587,-6,-2
416,1546,Clothing,Scholarship > History of clothing,History of clothing,3,How has clothing evolved throughout history?,7.998173,6.119196,12.253027,1.605126,1.942735,1.74025,13,10,-0.202485,0.019355,0.023618,5.714688,-1.3356078,3,0
417,1546,Clothing,Cultural aspects > Gender differentiation,Gender differentiation,3,Why do men and women wear different types of clothing?,7.160454,5.967627,12.599676,0.772455,0.963145,0.0,1,0,-0.963145,0.009596,0.0,5.752457,-1.3291389,-9,-10
418,1546,Clothing,Cultural aspects > Social status,Social status,3,How does clothing reflect social class and status?,2.787314,8.776303,7.902725,0.71293,0.954509,0.0,1,0,-0.954509,0.00951,0.0,5.7440805,-1.3109297,-9,-10
419,1546,Clothing,Cultural aspects > Religion,Religion,3,What role does religion play in clothing choices?,7.039512,7.483747,11.696796,1.569836,1.670134,1.409051,10,6,-0.261083,0.016639,0.019123,5.7319627,-1.3091996,0,-4
420,1546,Clothing,Contemporary clothing > Western dress code,Western dress code,3,What are the dress code standards in Western countries?,7.808586,7.462075,12.396956,2.37869,1.222891,1.251631,3,4,0.02874,0.012183,0.016986,5.773054,-1.3524386,-7,-6
421,1546,Clothing,Contemporary clothing > Spread of western styles,Spread of western styles,3,How did Western fashion spread around the world?,1.445902,9.618558,6.575427,-0.338295,11.492059,29.393357,89,188,17.901298,0.114493,0.39891,5.7881804,-1.3426353,79,178
422,1546,Clothing,Contemporary clothing > Ethnic and cultural heritage,Ethnic and cultural heritage,3,How do people maintain their cultural identity through traditional clothing?,4.38626,6.757005,12.372099,1.892575,1.060009,1.11197,2,2,0.051961,0.010561,0.015091,5.758354,-1.3637979,-8,-8
423,1546,Clothing,Contemporary clothing > Sport and activity,Sport and activity,3,What kinds of clothing are designed for sports and physical activities?,1.661196,9.693675,7.566297,-0.173643,0.973922,0.0,1,0,-0.973922,0.009703,0.0,5.6949997,-1.3468796,-9,-10
424,1546,Clothing,Contemporary clothing > Fashion,Fashion,3,How does the fashion industry influence what people wear?,7.620703,6.248819,12.866114,2.585856,5.159061,5.117339,31,35,-0.041722,0.051399,0.06945,5.7801375,-1.3729975,21,25
425,1546,Clothing,Political issues > Working conditions in the garments industry,Working conditions in the garments industry,3,What are working conditions like for garment factory workers?,7.867172,7.568727,5.620564,-0.194828,2.463405,1.094492,13,3,-1.368913,0.024542,0.014854,5.9668484,-1.1001482,3,-7
426,1546,Clothing,Political issues > Fur,Fur,3,Why is fur clothing controversial?,6.763211,6.020254,10.401136,-0.454539,6.641434,5.439912,41,39,-1.201522,0.066167,0.073827,5.722253,-1.2956767,31,29
427,1546,Clothing,Life cycle > Clothing maintenance,Clothing maintenance,3,How do you properly care for and maintain clothes?,2.530817,8.987564,8.064982,3.591596,1.103263,1.072298,3,2,-0.030964,0.010992,0.014553,5.7061477,-1.3082228,-7,-8
428,1546,Clothing,"Life cycle > Laundry, ironing, storage","Laundry, ironing, storage",3,"What's the best way to wash, iron, and store clothing?",6.567204,6.852387,12.587814,1.29527,1.670541,1.055148,6,2,-0.615392,0.016643,0.01432,5.704094,-1.3132728,-4,-8
429,1546,Clothing,Life cycle > Non-iron,Non-iron,3,What are non-iron fabrics and how do they work?,2.049968,9.689735,6.663361,-0.512535,5.059468,6.808665,38,53,1.749197,0.050407,0.092403,5.7022853,-1.3222017,28,43
430,1546,Clothing,Life cycle > Mending,Mending,3,How can you repair damaged clothing?,6.675997,6.105747,12.594641,1.358059,1.217235,0.229841,2,1,-0.987393,0.012127,0.003119,5.721362,-1.2663734,-8,-9
431,1546,Clothing,Life cycle > Recycling,Recycling,3,Can old clothes be recycled instead of thrown away?,2.290682,9.37777,5.601505,-0.187344,1.424471,1.029729,8,2,-0.394742,0.014192,0.013975,5.692222,-1.2161146,-2,-8
432,1546,Clothing,Global trade,Global trade,2,How does the global clothing trade work?,5.65137,9.09758,8.87945,2.021958,0.321414,0.070357,4,1,-0.251056,0.003202,0.000955,5.287815,-0.26152718,-6,-9
433,1737,Culture,Introduction,Introduction,0,What is culture?,0.335117,7.692452,5.319764,1.514824,0.0,0.0,0,0,0.0,0.0,0.0,9.216595,0.47278088,-10,-10
434,1737,Culture,Description,Description,2,How do scholars describe and define culture?,-0.591863,6.828055,4.937756,1.526732,0.0,0.0,0,0,0.0,0.0,0.0,9.25605,0.79122806,-10,-10
435,1737,Culture,Etymology,Etymology,2,Where does the word culture come from?,2.689904,9.556485,4.061669,1.509748,0.0,0.0,0,0,0.0,0.0,0.0,9.090142,0.89774704,-10,-10
436,1737,Culture,Change,Change,2,How does culture change over time?,0.781022,7.566363,5.483712,1.051761,0.142044,0.36374,2,4,0.221695,0.001415,0.004936,8.893791,0.8018048,-8,-6
437,1737,Culture,Early modern discourses > German Romanticism,German Romanticism,3,How did German Romantic thinkers view culture?,2.840395,9.670151,4.719817,0.958478,0.0,0.0,0,0,0.0,0.0,0.0,9.213674,0.9676873,-10,-10
438,1737,Culture,Early modern discourses > English Romanticism,English Romanticism,3,What role did culture play in English Romanticism?,-0.390639,6.753998,4.510121,1.479021,0.0,0.0,0,0,0.0,0.0,0.0,9.15166,0.9246157,-10,-10
439,1737,Culture,Anthropology,Anthropology,2,How do anthropologists study culture?,5.725297,5.20687,5.536914,0.070401,0.0,0.0,0,0,0.0,0.0,0.0,9.187484,0.8151515,-10,-10
440,1737,Culture,Sociology,Sociology,2,How does sociology approach the study of culture?,1.914311,10.08006,8.29701,-0.154691,0.0,0.0,0,0,0.0,0.0,0.0,9.2062235,0.5234461,-10,-10
441,1737,Culture,Sociology > Early researchers and development of cultural sociology,Early researchers and development of cultural sociology,3,Who were the pioneers of cultural sociology?,1.516018,10.185459,7.167284,-0.464889,0.0,0.0,0,0,0.0,0.0,0.0,9.217453,0.40992087,-10,-10
442,1737,Culture,Cultural studies,Cultural studies,2,What are cultural studies?,-1.110349,6.963699,11.067871,-0.902707,0.0,0.0,0,0,0.0,0.0,0.0,9.287153,0.74318564,-10,-10
443,1737,Culture,Cultural studies > Super culture,Super culture,3,What is super culture?,7.137436,9.138598,12.481765,3.160854,1.089167,1.420483,3,7,0.331317,0.010851,0.019278,9.262475,0.5410246,-7,-3
444,1737,Culture,Psychology,Psychology,2,How does psychology explain cultural behavior?,7.366398,7.989629,11.309138,3.148335,1.985819,1.117354,11,3,-0.868465,0.019784,0.015164,9.337331,4.576605,1,-7
445,1737,Culture,Protection of culture,Protection of culture,2,Why is protecting culture important?,5.076586,9.149984,9.66367,2.395237,1.132889,1.071676,3,2,-0.061214,0.011287,0.014544,8.9630375,0.90692335,-7,-8
446,1803,Death,Introduction,Introduction,0,What is death?,6.689064,7.263161,11.245943,1.672991,7.978265,1.213643,52,4,-6.764622,0.079486,0.016471,5.4246626,2.6010818,42,-6
447,1803,Death,Diagnosis > Definition,Definition,3,How is death medically defined?,4.219888,7.20809,7.590982,3.363979,2.575849,2.999347,17,25,0.423498,0.025663,0.040705,5.38127,2.6069005,7,15
448,1803,Death,Diagnosis > Definition > Defining life to define death,Defining life to define death,4,Why do we need to define life in order to define death?,6.594343,5.060433,6.60948,-0.427,0.0,0.0,0,0,0.0,0.0,0.0,5.4174757,2.6221192,-10,-10
449,1803,Death,Diagnosis > Definition > Definition of death by heartbeat and breath,Definition of death by heartbeat and breath,4,How was death traditionally determined using heartbeat and breathing?,0.12958,8.544299,6.318269,-0.378079,2.392543,1.079627,15,3,-1.312916,0.023836,0.014652,5.422577,2.6659884,5,-7
450,1803,Death,Diagnosis > Definition > Brain death,Brain death,4,What is brain death?,0.647979,6.883259,5.106084,1.419653,1.171434,1.307797,3,5,0.136363,0.011671,0.017749,5.413463,2.6998003,-7,-5
451,1803,Death,Diagnosis > Definition > Neocortical brain death,Neocortical brain death,4,What does neocortical brain death mean?,0.352412,6.531504,12.837493,4.071315,1.081459,1.41891,2,5,0.337452,0.010774,0.019257,5.401978,2.6689394,-8,-5
452,1803,Death,Diagnosis > Definition > Total brain death,Total brain death,4,What is total brain death?,8.039166,6.863035,13.023301,3.954152,1.365538,1.791727,5,7,0.426188,0.013605,0.024316,5.3999414,2.6578834,-5,-3
453,1803,Death,Diagnosis > Definition > Problems in medical practice,Problems in medical practice,4,What challenges do doctors face when determining death?,4.813425,8.081701,9.584654,3.780499,1.932367,1.384273,11,7,-0.548094,0.019252,0.018787,5.3631344,2.6840317,1,-3
454,1803,Death,Diagnosis > Definition > Donations,Donations,4,How does organ donation relate to the definition of death?,6.232466,8.956264,9.678319,2.736145,1.315359,1.30637,4,5,-0.008989,0.013105,0.017729,5.3992167,2.664545,-6,-5
455,1803,Death,Diagnosis > Signs,Signs,3,What are the physical signs that someone has died?,0.14432,6.690386,5.794951,-0.27554,0.971238,1.004584,1,2,0.033346,0.009676,0.013634,5.477613,2.7332864,-9,-8
456,1803,Death,Diagnosis > Legal,Legal,3,What are the legal requirements for declaring someone dead?,8.943122,7.315811,12.273236,2.800819,1.719469,1.928442,9,12,0.208973,0.017131,0.026172,5.377414,2.6642785,-1,2
457,1803,Death,Diagnosis > Misdiagnosis,Misdiagnosis,3,Can death be misdiagnosed?,7.0836,7.452818,12.953153,0.8664,0.954323,0.0,1,0,-0.954323,0.009508,0.0,5.4331446,2.6625378,-9,-10
458,1803,Death,Causes,Causes,2,What are the most common causes of death?,7.78006,6.269602,12.924675,1.235169,1.192604,4.809251,3,30,3.616647,0.011882,0.065269,5.4282937,2.3930073,-7,20
459,1803,Death,Causes > Autopsy,Autopsy,3,What is an autopsy and why is it performed?,1.431035,9.431695,6.655561,-0.636585,0.982043,0.0,1,0,-0.982043,0.009784,0.0,5.519147,2.6899686,-9,-10
460,1803,Death,Death before birth,Death before birth,2,Can death occur before birth?,5.087543,7.296627,11.621519,3.401181,1.541009,2.598969,9,20,1.05796,0.015353,0.035272,5.718173,2.292376,-1,10
461,1803,Death,Death before birth > Stillbirth,Stillbirth,3,What is a stillbirth?,8.84593,7.20471,12.825388,3.819377,1.901684,3.321199,8,21,1.419514,0.018946,0.045073,5.701682,2.2568004,-2,11
462,1803,Death,Death before birth > Miscarriage,Miscarriage,3,What is a miscarriage?,8.295678,6.626782,12.764297,3.764505,1.838925,2.484608,7,10,0.645683,0.018321,0.03372,5.695133,2.2578256,-3,0
463,1803,Death,Death before birth > Abortion,Abortion,3,How does abortion relate to prenatal death?,3.438667,6.849298,12.5768,3.319016,2.123611,3.041399,9,16,0.917787,0.021157,0.041276,5.7402053,2.2895458,-1,6
464,1803,Death,Senescence,Senescence,2,What is senescence and how does it lead to death?,7.805168,6.818437,3.538478,1.33488,2.313096,6.611267,21,64,4.298171,0.023045,0.089724,5.309401,2.4452088,11,54
465,1803,Death,Life extension,Life extension,2,Can human life be extended beyond its natural limits?,7.074745,9.158916,12.585247,1.470507,1.042253,1.247062,2,5,0.204809,0.010384,0.016924,5.338458,2.5463603,-8,-5
466,1803,Death,Life extension > Cryonics,Cryonics,3,What is cryonics?,1.742112,8.282001,6.008053,1.270766,1.052453,0.956018,2,1,-0.096435,0.010485,0.012975,5.3542824,2.5629594,-8,-9
467,1803,Death,Location,Location,2,Where do most people die?,3.16115,7.514893,7.58202,2.737222,1.56417,2.540772,10,22,0.976602,0.015584,0.034482,5.497501,2.4066603,0,12
468,1803,Death,Psychology,Psychology,2,How do people psychologically cope with death and dying?,0.464881,9.074123,12.649648,2.442476,1.331271,1.065241,6,2,-0.26603,0.013263,0.014457,5.529496,2.6765397,-4,-8
469,1803,Death,Society and culture,Society and culture,2,How do different societies and cultures view death?,0.870504,6.587696,12.000474,3.063069,1.055923,1.400539,2,6,0.344616,0.01052,0.019007,5.618001,2.7114573,-8,-4
470,1803,Death,Society and culture > Origins of death,Origins of death,3,Where did the concept of death originate in human culture?,2.790317,7.734275,9.178067,2.282071,3.285936,1.550453,31,9,-1.735483,0.032737,0.021042,5.73005,2.8353229,21,-1
471,1803,Death,Consciousness,Consciousness,2,What happens to consciousness after death?,8.879684,7.223416,12.759974,3.658817,3.358563,2.166491,16,15,-1.192071,0.033461,0.029402,5.4927197,2.6927505,6,5
472,1803,Death,In biology,In biology,2,How do biologists understand death?,-0.799137,7.532514,5.589266,-0.11428,1.411526,1.978988,5,14,0.567462,0.014063,0.026858,2.3355672,1.9690367,-5,4
473,1803,Death,In biology > Natural selection,Natural selection,3,How does natural selection relate to death?,7.376956,7.494,7.050863,1.651786,1.174646,1.091403,5,3,-0.083243,0.011703,0.014812,1.5922116,1.3674595,-5,-7
474,1803,Death,In biology > Evolution of aging and mortality,Evolution of aging and mortality,3,Why did aging and mortality evolve?,7.936757,6.471337,12.863826,3.830671,0.972379,1.382237,1,7,0.409858,0.009688,0.018759,0.91113317,1.9416322,-9,-3
475,1803,Death,In biology > Grief in animals,Grief in animals,3,Do animals grieve when another animal dies?,8.154384,7.664521,11.398851,3.006193,5.600677,0.919354,31,1,-4.681323,0.055798,0.012477,9.918145,4.010584,21,-9
476,1803,Death,Death of abiotic factors,Death of abiotic factors,2,Can non-living things die?,7.51532,7.657701,11.148439,2.572448,3.2583,1.825867,23,10,-1.432434,0.032462,0.02478,5.1285377,2.5853162,13,0
477,1803,Death,Religious views > Buddhism,Buddhism,3,What do Buddhists believe about death?,4.033798,7.153293,11.931602,3.205285,0.978507,1.332145,1,5,0.353638,0.009749,0.018079,5.629824,2.725013,-9,-5
478,1803,Death,Religious views > Christianity,Christianity,3,What do Christians believe happens after death?,8.991854,7.204459,12.172799,3.375712,1.550992,1.90017,6,9,0.349179,0.015452,0.025788,5.650062,2.7394626,-4,-1
479,1803,Death,Religious views > Hinduism,Hinduism,3,How does Hinduism view death and the afterlife?,8.11462,5.729011,12.132819,4.10836,1.02697,1.071332,2,2,0.044363,0.010232,0.01454,5.555513,2.6528153,-8,-8
480,1803,Death,Religious views > Islam,Islam,3,What does Islam teach about death?,7.769521,6.446032,11.881864,2.247397,1.08135,1.605597,2,6,0.524246,0.010773,0.02179,5.5776834,2.706127,-8,-4
481,1803,Death,Religious views > Judaism,Judaism,3,What are Jewish beliefs about death?,4.24869,7.12929,7.362219,3.131641,2.951726,1.326251,23,6,-1.625475,0.029407,0.017999,5.6249156,2.716745,13,-4
482,1803,Death,Language,Language,2,How do different languages and cultures talk about death?,6.73014,5.080112,11.699545,-0.814481,0.0,0.0,0,0,0.0,0.0,0.0,5.518125,2.674633,-10,-10
483,1949,Earth,Introduction,Introduction,0,What is Earth?,6.459747,7.445091,11.693725,0.585727,0.327697,0.177241,1,1,-0.150457,0.003265,0.002405,2.3397603,3.7665932,-9,-9
484,1949,Earth,Etymology,Etymology,2,Where does the word Earth come from?,-0.10216,7.482543,5.181542,1.5143,0.0,0.0,0,0,0.0,0.0,0.0,5.8521595,3.6344395,-10,-10
485,1949,Earth,Natural history > Formation,Formation,3,How did Earth form?,1.819355,7.687512,5.491024,2.387609,0.0,0.0,0,0,0.0,0.0,0.0,1.4581608,4.1916537,-10,-10
486,1949,Earth,Natural history > After formation,After formation,3,What happened to Earth after it first formed?,1.342096,8.113357,6.0369,1.825905,0.0,0.0,0,0,0.0,0.0,0.0,1.6009692,3.6129313,-10,-10
487,1949,Earth,Natural history > Origin of life and evolution,Origin of life and evolution,3,How did life begin on Earth?,0.664265,6.550985,4.217836,1.877057,0.0,0.0,0,0,0.0,0.0,0.0,1.3437535,3.0485582,-10,-10
488,1949,Earth,Natural history > Future,Future,3,What will happen to Earth in the future?,-0.159993,6.71816,4.475432,1.70945,0.0,0.0,0,0,0.0,0.0,0.0,1.9688947,5.057346,-10,-10
489,1949,Earth,Physical characteristics > Size and shape,Size and shape,3,How big is Earth and what shape is it?,8.270472,6.463497,12.281481,1.261886,1.167199,1.01893,4,2,-0.148269,0.011629,0.013828,2.275827,3.8616223,-6,-8
490,1949,Earth,Physical characteristics > Surface,Surface,3,What is Earth's surface like?,7.791704,6.507408,12.846666,1.638879,21.003451,1.636329,107,9,-19.367122,0.209253,0.022207,2.6435957,3.4122772,97,-1
491,1949,Earth,Physical characteristics > Tectonic plates,Tectonic plates,3,How do tectonic plates work?,1.117331,7.557517,4.937415,2.009591,0.0,0.0,0,0,0.0,0.0,0.0,2.6977777,3.501932,-10,-10
492,1949,Earth,Physical characteristics > Internal structure,Internal structure,3,What's inside Earth?,6.9714,7.290421,11.80248,0.601524,0.0,0.0,0,0,0.0,0.0,0.0,2.4311585,3.7797956,-10,-10
493,1949,Earth,Physical characteristics > Chemical composition,Chemical composition,3,What is Earth made of?,6.885511,5.687904,11.987649,0.025966,0.0,0.0,0,0,0.0,0.0,0.0,2.315411,3.9024513,-10,-10
494,1949,Earth,Physical characteristics > Internal heat,Internal heat,3,Why is the inside of Earth hot?,3.599027,7.313545,6.259406,2.113491,0.0,0.0,0,0,0.0,0.0,0.0,2.4877164,3.7376707,-10,-10
495,1949,Earth,Physical characteristics > Gravitational field,Gravitational field,3,How strong is Earth's gravity?,1.787879,7.661309,7.974976,1.927299,0.0,0.0,0,0,0.0,0.0,0.0,1.6160992,4.4163194,-10,-10
496,1949,Earth,Physical characteristics > Magnetic field,Magnetic field,3,Does Earth have a magnetic field?,-0.174647,6.649497,4.15389,1.855673,0.0,0.0,0,0,0.0,0.0,0.0,1.9114958,4.8378158,-10,-10
497,1949,Earth,Orbit and rotation > Rotation,Rotation,3,How fast does Earth rotate?,2.540317,8.684877,5.884998,2.288793,0.0,0.0,0,0,0.0,0.0,0.0,1.5112913,4.955432,-10,-10
498,1949,Earth,Orbit and rotation > Orbit,Orbit,3,How does Earth orbit the Sun?,0.880061,7.68901,5.601251,2.266042,4.032505,1.093832,27,2,-2.938673,0.040175,0.014845,1.4207721,4.960252,17,-8
499,1949,Earth,Orbit and rotation > Axial tilt and seasons,Axial tilt and seasons,3,Why does Earth have seasons?,0.54302,7.258378,11.372733,1.116947,0.0,0.0,0,0,0.0,0.0,0.0,1.4288509,4.858642,-10,-10
500,1949,Earth,Earth–Moon system > Moon,Moon,3,How did the Moon form?,-0.767028,6.411302,5.146871,2.348598,0.0,0.0,0,0,0.0,0.0,0.0,1.2956157,4.833792,-10,-10
501,1949,Earth,Earth–Moon system > Asteroids and artificial satellites,Asteroids and artificial satellites,3,What satellites and asteroids orbit Earth?,0.976056,7.598313,3.726565,1.648483,0.0,0.0,0,0,0.0,0.0,0.0,1.4195515,5.179624,-10,-10
502,1949,Earth,Hydrosphere,Hydrosphere,2,How much water does Earth have?,-0.728024,6.961244,4.48434,0.786554,0.969333,0.0,1,0,-0.969333,0.009657,0.0,2.6070738,3.6213486,-9,-10
503,1949,Earth,Atmosphere,Atmosphere,2,What is Earth's atmosphere made of?,1.925991,7.68927,5.63253,2.31422,0.0,0.0,0,0,0.0,0.0,0.0,2.204147,3.8582826,-10,-10
504,1949,Earth,Atmosphere > Weather and climate,Weather and climate,3,What causes weather and climate on Earth?,0.870736,7.433087,6.064497,2.158113,0.0,0.0,0,0,0.0,0.0,0.0,2.5015368,3.5345886,-10,-10
505,1949,Earth,Atmosphere > Upper atmosphere,Upper atmosphere,3,What happens in the upper atmosphere?,1.716367,7.312967,8.298544,2.514575,0.0,0.0,0,0,0.0,0.0,0.0,2.1626232,4.02805,-10,-10
506,1949,Earth,Life on Earth,Life on Earth,2,What kinds of life exist on Earth?,6.818375,7.632515,12.562125,1.137495,0.108666,0.075213,1,1,-0.033453,0.001083,0.001021,1.936732,2.9550033,-9,-9
507,1949,Earth,Life on Earth > Challenges for life on Earth,Challenges for life on Earth,3,What threatens life on Earth?,1.125964,7.373847,4.990178,2.467314,0.0,0.0,0,0,0.0,0.0,0.0,3.013417,2.4314775,-10,-10
508,1949,Earth,Human geography,Human geography,2,How do humans live across different parts of Earth?,7.496604,7.180668,11.543167,1.318975,1.686907,6.558305,7,46,4.871398,0.016806,0.089006,5.2980714,1.4863447,-3,36
509,1949,Earth,Human geography > Natural resources and land use,Natural resources and land use,3,What natural resources do humans use from Earth?,6.489893,5.151692,11.16172,-0.301756,0.0,0.0,0,0,0.0,0.0,0.0,3.0635514,2.205753,-10,-10
510,1949,Earth,Human geography > Humans and the environment,Humans and the environment,3,How do humans impact the environment?,6.585411,6.224473,9.822247,-0.484991,1.08648,1.214838,3,5,0.128358,0.010824,0.016487,2.9978576,2.439902,-7,-5
511,1949,Earth,Cultural and historical viewpoint,Cultural and historical viewpoint,2,How have different cultures viewed Earth throughout history?,0.822279,7.323435,6.169518,1.865445,0.0,0.0,0,0,0.0,0.0,0.0,5.483458,4.335897,-10,-10
512,1967,Ecology,Introduction,Introduction,0,What is ecology?,-0.426059,7.436591,4.355249,1.231214,0.0,0.0,0,0,0.0,0.0,0.0,2.0911634,1.9354874,-10,-10
513,1967,Ecology,"Levels, scope, and scale of organization","Levels, scope, and scale of organization",2,How do ecologists organize and study the natural world?,-0.417968,6.532249,4.133893,1.933084,0.0,0.964122,0,1,0.964122,0.0,0.013085,2.1002164,2.0608366,-10,-9
514,1967,Ecology,"Levels, scope, and scale of organization > Hierarchy",Hierarchy,3,How are living systems organized hierarchically?,0.255102,8.22253,5.654621,1.039901,42.927128,32.859253,316,256,-10.067875,0.427675,0.445948,1.9865273,2.1736834,306,246
515,1967,Ecology,"Levels, scope, and scale of organization > Biodiversity",Biodiversity,3,Why does biodiversity matter in ecosystems?,0.782873,9.836663,7.429745,-0.395252,0.0,0.0,0,0,0.0,0.0,0.0,2.247827,2.0277164,-10,-10
516,1967,Ecology,"Levels, scope, and scale of organization > Habitat",Habitat,3,What makes a good habitat for organisms?,1.443869,8.624125,6.211113,-0.042122,2.098525,3.764104,12,19,1.665579,0.020907,0.051084,2.1432133,2.3157337,2,9
517,1967,Ecology,"Levels, scope, and scale of organization > Niche",Niche,3,What does ecological niche mean?,5.914761,7.216142,9.211305,0.578684,0.0,0.0,0,0,0.0,0.0,0.0,2.0492427,2.0066764,-10,-10
518,1967,Ecology,"Levels, scope, and scale of organization > Niche construction",Niche construction,3,How do organisms modify their own environments?,3.60124,9.136259,8.105939,1.32179,1.414117,1.12736,5,3,-0.286758,0.014089,0.0153,2.0999157,2.219696,-5,-7
519,1967,Ecology,"Levels, scope, and scale of organization > Biome",Biome,3,What are the major biomes on Earth?,3.606341,9.140456,7.084808,0.719323,3.605778,11.492351,23,73,7.886572,0.035924,0.155968,2.2166312,2.582095,13,63
520,1967,Ecology,"Levels, scope, and scale of organization > Biosphere",Biosphere,3,What is the biosphere?,3.221836,9.131729,8.412838,0.027439,4.8758,0.202092,37,2,-4.673708,0.048577,0.002743,2.033455,2.277709,27,-8
521,1967,Ecology,"Levels, scope, and scale of organization > Population ecology",Population ecology,3,How do ecologists study animal and plant populations?,4.101733,9.33368,10.140814,-0.462711,0.0,0.0,0,0,0.0,0.0,0.0,1.9088422,1.6549419,-10,-10
522,1967,Ecology,"Levels, scope, and scale of organization > Metapopulations and migration",Metapopulations and migration,3,How do populations spread across different areas?,0.162311,8.328967,5.928832,0.691235,0.959328,1.026753,1,2,0.067425,0.009558,0.013935,1.9192941,1.7079763,-9,-8
523,1967,Ecology,"Levels, scope, and scale of organization > Community ecology",Community ecology,3,How do different species interact in communities?,1.623676,8.616224,7.280031,1.371288,3.579202,1.326686,29,5,-2.252515,0.035659,0.018005,2.121291,1.9632109,19,-5
524,1967,Ecology,"Levels, scope, and scale of organization > Ecosystem ecology",Ecosystem ecology,3,How do energy and nutrients flow through ecosystems?,7.164078,7.350173,7.559349,0.349768,1.056285,2.001124,2,12,0.944839,0.010524,0.027158,2.095759,2.0044093,-8,2
525,1967,Ecology,"Levels, scope, and scale of organization > Food webs",Food webs,3,How are food webs structured?,1.526397,8.600968,9.204886,0.684206,1.368802,1.03317,5,2,-0.335632,0.013637,0.014022,2.2647376,2.0494173,-5,-8
526,1967,Ecology,"Levels, scope, and scale of organization > Trophic levels",Trophic levels,3,What are trophic levels in an ecosystem?,3.511837,9.091735,7.65941,0.031257,1.84664,2.028496,9,8,0.181856,0.018398,0.02753,2.3419201,2.0416057,-1,-2
527,1967,Ecology,"Levels, scope, and scale of organization > Keystone species",Keystone species,3,Why are some species more important than others?,6.350523,6.387547,6.66999,0.095727,1.511884,13.230946,7,109,11.719062,0.015063,0.179563,2.2635195,1.9456855,-3,99
528,1967,Ecology,Complexity,Complexity,2,Why are ecosystems so complex?,8.325601,6.988853,12.500172,1.163864,0.972854,2.074398,1,10,1.101544,0.009692,0.028153,2.010534,2.0851963,-9,0
529,1967,Ecology,Complexity > Holism,Holism,3,How does holism apply to ecology?,3.811575,7.733841,6.216915,0.02991,2.462351,20.826982,21,141,18.364631,0.024532,0.282652,1.9747957,2.203444,11,131
530,1967,Ecology,Relation to evolution,Relation to evolution,2,How does ecology relate to evolution?,8.921224,7.423996,12.392792,3.901127,15.78691,1.495618,97,9,-14.291292,0.157282,0.020298,1.979264,1.79383,87,-1
531,1967,Ecology,Relation to evolution > Behavioural ecology,Behavioural ecology,3,How does behavior affect survival and reproduction?,3.73182,8.07581,6.190054,0.036933,2.250285,3.647388,15,30,1.397103,0.022419,0.0495,1.9807473,1.6401143,5,20
532,1967,Ecology,Relation to evolution > Cognitive ecology,Cognitive ecology,3,How do animals use mental abilities to solve ecological problems?,9.045098,7.322527,12.626615,1.164334,1.730078,1.741129,9,11,0.011051,0.017236,0.02363,2.0691395,1.8157504,-1,1
533,1967,Ecology,Relation to evolution > Social ecology,Social ecology,3,How do social interactions shape ecological communities?,4.885269,8.035939,12.642968,1.066845,1.285402,1.070846,4,3,-0.214556,0.012806,0.014533,1.9756403,1.5004282,-6,-7
534,1967,Ecology,Relation to evolution > Coevolution,Coevolution,3,How do species evolve together?,4.478502,7.751951,5.885464,0.068138,2.051357,2.047585,12,11,-0.003772,0.020437,0.027789,2.2005992,1.7196755,2,1
535,1967,Ecology,Relation to evolution > Biogeography,Biogeography,3,Why do species live where they do?,0.122383,8.708052,9.390788,0.404854,1.212737,3.373405,5,23,2.160668,0.012082,0.045782,2.0146394,1.8371358,-5,13
536,1967,Ecology,Relation to evolution > Biogeography > r/K selection theory,r/K selection theory,4,What is r/K selection theory?,0.39641,8.24006,5.479861,0.650096,1.220911,1.656053,5,7,0.435143,0.012164,0.022475,1.6214652,1.467468,-5,-3
537,1967,Ecology,Relation to evolution > Molecular ecology,Molecular ecology,3,How do genes and molecules reveal ecological patterns?,4.713739,8.016312,5.869129,-0.037465,2.227881,1.426271,14,7,-0.80161,0.022196,0.019357,1.8929834,1.692788,4,-3
538,1967,Ecology,Human ecology > A dual discipline,A dual discipline,3,How do humans fit into ecological systems?,4.084478,7.976573,6.926836,0.932532,1.333796,1.9236,6,14,0.589804,0.013288,0.026106,2.057121,1.9095173,-4,4
539,1967,Ecology,Human ecology > Restoration Ecology,Restoration Ecology,3,How can damaged ecosystems be restored?,1.299493,8.276191,5.704038,0.742994,1.339107,2.410219,6,17,1.071112,0.013341,0.03271,2.11708,1.9216806,-4,7
540,1967,Ecology,Relation to the environment,Relation to the environment,2,How do organisms interact with their physical environment?,5.106809,8.663759,6.733631,0.775244,2.608693,1.120551,19,3,-1.488142,0.02599,0.015208,2.1118417,2.3035107,9,-7
541,1967,Ecology,Relation to the environment > Disturbance and resilience,Disturbance and resilience,3,How do ecosystems recover from disturbances?,4.445503,7.477899,11.959972,3.716029,1.731827,1.135835,11,3,-0.595992,0.017254,0.015415,2.3728504,2.0965083,1,-7
542,1967,Ecology,Relation to the environment > Metabolism and the early atmosphere,Metabolism and the early atmosphere,3,How did early life change Earth's atmosphere?,3.162467,9.476442,9.346149,0.542799,1.026054,2.432972,2,15,1.406918,0.010222,0.033019,1.5814939,3.2899313,-8,5
543,1967,Ecology,"Relation to the environment > Radiation: heat, temperature and light","Radiation: heat, temperature and light",3,"How do heat, temperature, and light affect living things?",0.297131,8.915839,5.784574,-0.13433,3.048122,18.739491,26,120,15.691369,0.030368,0.254322,1.8486179,2.533764,16,110
544,1967,Ecology,Relation to the environment > Physical environments > Water,Water,4,Why is water essential for life?,3.624694,9.303235,9.124757,0.460586,1.149744,0.0,3,0,-1.149744,0.011455,0.0,2.100522,2.9988716,-7,-10
545,1967,Ecology,Relation to the environment > Physical environments > Gravity,Gravity,4,How does gravity influence organisms?,7.621638,7.268541,9.784519,-0.181868,2.157596,1.461306,12,6,-0.69629,0.021496,0.019832,2.1156807,2.7325695,2,-4
546,1967,Ecology,Relation to the environment > Physical environments > Pressure,Pressure,4,How does pressure affect life in different environments?,8.441603,8.501959,12.602028,1.452968,1.555066,1.486795,6,6,-0.068271,0.015493,0.020178,2.1281836,2.9005964,-4,-4
547,1967,Ecology,Relation to the environment > Physical environments > Wind and turbulence,Wind and turbulence,4,How do wind and turbulence shape ecosystems?,3.388931,9.286665,7.31736,-0.095569,1.43313,1.322496,5,4,-0.110634,0.014278,0.017948,2.3768458,2.9622834,-5,-6
548,1967,Ecology,Relation to the environment > Physical environments > Fire,Fire,4,What role does fire play in nature?,3.470133,9.324803,9.2378,0.668381,2.738655,3.08853,20,22,0.349875,0.027285,0.041916,1.7996538,3.032588,10,12
549,1967,Ecology,Relation to the environment > Physical environments > Soils,Soils,4,Why are soils important for ecosystems?,4.115714,9.262888,9.466159,0.577403,2.782045,3.289124,19,21,0.507079,0.027717,0.044638,2.2105813,2.4546895,9,11
550,1967,Ecology,Relation to the environment > Physical environments > Biogeochemistry and climate,Biogeochemistry and climate,4,How do living things influence Earth's climate?,3.908314,8.104614,9.175987,0.691193,2.203865,1.882471,13,10,-0.321393,0.021957,0.025548,1.9480212,2.3960886,3,0
551,1967,Ecology,History > Early beginnings,Early beginnings,3,Who were the pioneers of ecology?,6.28337,7.104242,8.631021,0.656084,5.005327,7.49322,40,66,2.487892,0.049867,0.101694,1.8044794,1.8819687,30,56
552,1967,Ecology,History > Since 1900,Since 1900,3,How has ecology developed as a science since 1900?,3.262221,9.227208,6.618455,0.998979,0.955929,10.908567,1,85,9.952638,0.009524,0.148045,1.9714075,1.838858,-9,75
553,1988,Education,Introduction,Introduction,0,What is education?,6.340656,8.955425,6.300045,0.853018,1.977416,3.921346,8,25,1.943929,0.019701,0.053218,9.220347,3.0615423,-2,15
554,1988,Education,Definitions,Definitions,2,How is education defined?,6.817281,9.233394,8.024311,1.374677,1.826911,3.336521,8,19,1.50961,0.018201,0.045281,9.161435,3.1671977,-2,9
555,1988,Education,Types,Types,2,What are the different types of education?,8.230056,9.043191,9.571666,2.372899,1.572776,3.940999,7,33,2.368223,0.015669,0.053485,9.16692,3.169798,-3,23
556,1988,Education,"Types > Formal, non-formal, and informal","Formal, non-formal, and informal",3,"What's the difference between formal, non-formal, and informal education?",7.34202,7.351311,10.907215,1.675644,1.290966,2.016927,3,8,0.725961,0.012862,0.027373,9.20205,3.1029239,-7,-2
557,1988,Education,Types > Levels,Levels,3,What are the different levels of education?,6.694422,9.381618,9.182511,2.003059,1.660523,2.559077,5,9,0.898554,0.016543,0.03473,9.189975,3.1224966,-5,-1
558,1988,Education,Types > Others,Others,3,What other ways can education be categorized?,6.85108,9.35143,9.252372,2.068947,5.693672,3.637773,31,20,-2.055899,0.056725,0.04937,9.133468,3.2144818,21,10
559,1988,Education,Role in society,Role in society,2,Why is education important for society?,7.01515,9.327521,9.447156,2.187765,0.432024,2.164356,3,8,1.732332,0.004304,0.029373,9.2607355,3.020069,-7,-2
560,1988,Education,Role of institutions,Role of institutions,2,What role do schools and universities play in education?,7.989428,9.060484,9.276878,2.083171,1.132878,1.129267,3,4,-0.003611,0.011287,0.015326,9.235651,3.076413,-7,-6
561,1988,Education,Factors of educational success,Factors of educational success,2,What factors help students succeed in education?,8.030329,9.169652,9.590429,2.408429,2.337577,2.766094,13,13,0.428517,0.023289,0.03754,9.233215,3.188752,3,3
562,1988,Education,Factors of educational success > Psychological,Psychological,3,How does psychology affect learning and academic success?,8.773538,7.80269,11.729707,3.223994,1.077868,1.039485,3,2,-0.038383,0.010739,0.014107,9.187455,3.3255246,-7,-8
563,1988,Education,Factors of educational success > Sociological,Sociological,3,How do social factors influence educational outcomes?,6.747329,9.519961,9.429695,2.246562,1.112934,1.836944,3,6,0.72401,0.011088,0.02493,9.266715,3.1774292,-7,-4
564,1988,Education,Factors of educational success > Technology and others,Technology and others,3,How does technology impact education?,6.959724,9.303205,9.758142,2.18118,2.910675,2.567658,17,13,-0.343018,0.028999,0.034847,9.209945,3.1202338,7,3
565,1988,Education,Education studies,Education studies,2,What is education studies as a field?,7.000642,9.323215,9.522609,2.058115,2.646721,2.659063,11,13,0.012342,0.026369,0.036087,9.063826,3.2826443,1,3
566,1988,Education,Education studies > Subfields,Subfields,3,What are the main areas of study within education research?,6.560136,9.252169,9.239952,2.079722,2.224587,2.592582,9,12,0.367995,0.022163,0.035185,9.076696,3.358513,-1,2
567,1988,Education,Education studies > Aims and ideologies,Aims and ideologies,3,What are the main goals and philosophies of education?,7.498791,9.080857,9.748622,2.368709,1.149552,1.604706,2,5,0.455154,0.011453,0.021778,9.180706,3.148358,-8,-5
568,1988,Education,Education studies > Learning theories,Learning theories,3,What theories explain how people learn?,6.54029,9.116359,9.243962,2.196529,2.588422,2.223049,13,10,-0.365373,0.025788,0.03017,8.915775,4.227717,3,0
569,1988,Education,Education studies > Teaching methods,Teaching methods,3,What are the most common teaching methods?,8.49843,8.722484,10.514255,2.760916,9.892899,3.907128,50,23,-5.985771,0.098561,0.053025,9.114388,3.2692258,40,13
570,1988,Education,History,History,2,How has education evolved throughout history?,4.316705,7.182426,7.687412,3.421274,7.761804,7.383975,48,56,-0.377829,0.077329,0.100211,9.092239,2.9777036,38,46
571,1988,Education,History > Prehistory,Prehistory,3,How did early humans educate their children?,8.288939,8.995705,10.072642,2.727526,1.306022,2.185207,3,11,0.879185,0.013012,0.029656,9.086716,2.7332006,-7,1
572,1988,Education,History > Ancient era,Ancient era,3,What was education like in ancient civilizations?,7.469872,9.231727,9.726213,2.484673,1.378547,1.695966,4,8,0.317419,0.013734,0.023017,9.294737,2.783167,-6,-2
573,1988,Education,History > Medieval era,Medieval era,3,How did people learn during the Middle Ages?,7.052505,9.206706,10.107325,2.092204,3.088124,1.724172,16,7,-1.363952,0.030766,0.0234,8.364188,1.8101286,6,-3
574,1988,Education,History > Modern era,Modern era,3,How did education change in the modern period?,8.319961,8.070394,10.90559,1.801308,1.492112,2.654608,5,12,1.162495,0.014866,0.036027,8.576248,0.6657467,-5,2
575,1988,Education,History > Contemporary era,Contemporary era,3,What are the current trends in education today?,7.16811,8.785274,9.723148,2.346436,8.482788,5.267114,51,32,-3.215675,0.084512,0.071482,9.219556,3.0561655,41,22
576,2035,Electricity,Introduction,Introduction,0,What is electricity?,6.755301,5.322546,11.715397,0.239682,0.119733,0.247673,1,2,0.127941,0.001193,0.003361,4.943584,5.60809,-9,-8
577,2035,Electricity,History,History,2,How was electricity discovered?,0.552044,6.521559,4.781077,1.611723,0.0,0.0,0,0,0.0,0.0,0.0,4.9784703,5.454557,-10,-10
578,2035,Electricity,Concepts > Electric charge,Electric charge,3,How does electric charge work?,-0.017165,6.550642,12.396622,1.410828,2.182797,0.950298,12,1,-1.232499,0.021747,0.012897,4.455051,5.5234866,2,-9
579,2035,Electricity,Concepts > Electric current,Electric current,3,What makes electric current flow?,3.998599,9.060527,6.612396,1.954561,0.0,0.0,0,0,0.0,0.0,0.0,4.952335,5.593505,-10,-10
580,2035,Electricity,Concepts > Electric field,Electric field,3,What is an electric field?,0.865603,6.237472,8.86112,1.865156,0.0,0.0,0,0,0.0,0.0,0.0,4.862497,5.6373687,-10,-10
581,2035,Electricity,Concepts > Electric potential,Electric potential,3,How does electric potential relate to voltage?,6.685371,4.7637,11.477819,0.610461,0.0,0.0,0,0,0.0,0.0,0.0,4.7096567,5.7501454,-10,-10
582,2035,Electricity,Concepts > Electromagnets,Electromagnets,3,How do electromagnets work?,2.544571,8.096168,5.146862,2.384099,0.0,0.0,0,0,0.0,0.0,0.0,4.9748015,5.5553036,-10,-10
583,2035,Electricity,Concepts > Electric circuits,Electric circuits,3,How do electric circuits function?,2.450943,7.804643,4.275753,1.791718,0.0,0.0,0,0,0.0,0.0,0.0,4.908614,5.7374945,-10,-10
584,2035,Electricity,Concepts > Electric power,Electric power,3,How is electric power measured?,4.966425,5.641976,6.726433,2.084021,0.0,0.0,0,0,0.0,0.0,0.0,4.7752886,5.747365,-10,-10
585,2035,Electricity,Concepts > Electronics,Electronics,3,What is electronics?,4.12213,8.987406,5.682661,1.886394,0.0,0.0,0,0,0.0,0.0,0.0,6.592357,6.3952627,-10,-10
586,2035,Electricity,Concepts > Electromagnetic wave,Electromagnetic wave,3,What are electromagnetic waves?,-0.679719,7.363222,4.755924,0.780799,4.199064,7.092448,22,46,2.893384,0.041834,0.096255,5.004559,5.603953,12,36
587,2035,Electricity,"Production, storage and uses > Generation and transmission",Generation and transmission,3,How is electricity generated and transmitted?,7.560529,4.718192,4.862741,1.519883,0.0,0.0,0,0,0.0,0.0,0.0,4.91524,5.427481,-10,-10
588,2035,Electricity,"Production, storage and uses > Transmission and storage",Transmission and storage,3,How do we store and transmit electricity?,-0.28128,6.249053,3.452888,1.365821,6.851095,1.404345,48,4,-5.44675,0.068256,0.019059,4.8161106,5.4013686,38,-6
589,2035,Electricity,"Production, storage and uses > Applications",Applications,3,What are the main uses of electricity?,-0.293854,7.12383,4.684092,1.758565,0.0,0.0,0,0,0.0,0.0,0.0,4.9085712,5.4500074,-10,-10
590,2035,Electricity,Electricity and the natural world > Physiological effects,Physiological effects,3,What happens to the body when exposed to electricity?,-0.98261,6.723443,11.138452,-0.406867,0.0,0.0,0,0,0.0,0.0,0.0,4.914076,5.526635,-10,-10
591,2035,Electricity,Electricity and the natural world > Electrical phenomena in nature,Electrical phenomena in nature,3,Where does electricity occur in nature?,-0.74055,6.775318,4.748161,1.692052,0.0,0.0,0,0,0.0,0.0,0.0,4.936754,5.5382395,-10,-10
592,2035,Electricity,Cultural perception,Cultural perception,2,How do different cultures view electricity?,-0.200391,7.525086,5.432971,0.482362,2.060432,7.540134,14,46,5.479702,0.020528,0.102331,4.985085,5.481127,4,36
593,2064,Emotion,Introduction,Introduction,0,What are emotions?,6.715008,5.416229,11.61048,-0.16709,0.0,0.0,0,0,0.0,0.0,0.0,9.453629,4.7151093,-10,-10
594,2064,Emotion,Etymology,Etymology,2,Where does the word emotion come from?,-0.761554,6.882758,5.660197,1.773728,0.0,0.0,0,0,0.0,0.0,0.0,9.440362,4.6855297,-10,-10
595,2064,Emotion,History,History,2,How have emotions been understood throughout history?,7.993838,8.830521,12.871559,1.774206,1.973096,3.635876,11,20,1.66278,0.019658,0.049344,9.3651495,4.6212835,1,10
596,2064,Emotion,Definitions,Definitions,2,How do psychologists define emotion?,1.931847,8.595766,5.708639,1.575561,0.0,0.0,0,0,0.0,0.0,0.0,9.51998,4.761024,-10,-10
597,2064,Emotion,Components,Components,2,What are the main components of an emotion?,1.198875,9.636085,6.941913,-0.38166,1.148428,0.0,2,0,-1.148428,0.011442,0.0,9.532065,4.737506,-8,-10
598,2064,Emotion,Differentiation,Differentiation,2,How are emotions different from moods and feelings?,5.592059,6.981215,5.458842,1.259045,0.965742,1.214918,1,5,0.249176,0.009622,0.016488,9.456548,4.7319484,-9,-5
599,2064,Emotion,Classification,Classification,2,How can emotions be classified or organized?,1.41952,9.718046,5.419414,1.078159,0.0,0.0,0,0,0.0,0.0,0.0,9.444343,4.6846356,-10,-10
600,2064,Emotion,Classification > Basic emotions theory,Basic emotions theory,3,What are the basic emotions that all humans experience?,1.640399,10.084094,7.307272,-0.358814,0.93933,0.0,1,0,-0.93933,0.009358,0.0,9.508538,4.704305,-9,-10
601,2064,Emotion,Classification > Multi-dimensional analysis theory,Multi-dimensional analysis theory,3,Can emotions be measured along multiple dimensions?,2.758466,8.734947,9.151217,0.204049,1.018901,0.964433,2,1,-0.054469,0.010151,0.013089,9.507579,4.717004,-8,-9
602,2064,Emotion,Theories > Pre-modern history,Pre-modern history,3,How did ancient philosophers think about emotions?,7.040459,7.602977,7.445901,1.093037,0.0,0.0,0,0,0.0,0.0,0.0,9.388997,4.554734,-10,-10
603,2064,Emotion,Theories > Western theological,Western theological,3,What role did emotions play in early Christian theology?,3.713286,6.828729,12.305701,3.444622,1.39855,2.261057,5,11,0.862507,0.013933,0.030686,9.485718,4.707239,-5,1
604,2064,Emotion,Theories > Evolutionary theories > 19th century,19th century,4,How did Darwin explain emotions through evolution?,8.186418,8.446161,12.100054,1.877943,1.221909,1.011195,3,2,-0.210714,0.012174,0.013723,9.44053,4.646104,-7,-8
605,2064,Emotion,Theories > Evolutionary theories > Contemporary,Contemporary,4,What do modern evolutionary theories say about why we have emotions?,7.781234,5.452372,12.737658,0.399051,0.0,0.0,0,0,0.0,0.0,0.0,9.378104,4.6290884,-10,-10
606,2064,Emotion,Theories > Somatic theories,Somatic theories,3,How does the body contribute to emotional experiences?,1.683648,8.560534,8.126647,0.499684,0.0,0.0,0,0,0.0,0.0,0.0,9.487958,4.678489,-10,-10
607,2064,Emotion,Theories > Somatic theories > James–Lange theory,James–Lange theory,4,What is the James-Lange theory of emotion?,1.31682,10.182355,9.786177,-0.4709,0.0,0.0,0,0,0.0,0.0,0.0,9.498941,4.7158713,-10,-10
608,2064,Emotion,Theories > Somatic theories > Cannon–Bard theory,Cannon–Bard theory,4,How does the Cannon-Bard theory explain emotions?,1.497465,9.642341,6.851938,-0.275371,2.405339,0.0,10,0,-2.405339,0.023964,0.0,9.48702,4.688636,0,-10
609,2064,Emotion,Theories > Somatic theories > Two-factor theory,Two-factor theory,4,What is Schachter and Singer's two-factor theory?,6.209091,5.860702,7.562621,0.98044,1.818369,0.0,10,0,-1.818369,0.018116,0.0,9.526431,4.721623,0,-10
610,2064,Emotion,Theories > Cognitive theories,Cognitive theories,3,How do thoughts and interpretations shape our emotions?,3.499726,7.372867,7.393154,3.380428,1.89273,0.950918,13,1,-0.941812,0.018857,0.012905,9.472949,4.660141,3,-9
611,2064,Emotion,Theories > Cognitive theories > Two-Process Theory,Two-Process Theory,4,What is the Two-Process Theory of emotion?,2.016281,8.913593,6.277257,0.021263,1.30138,1.522115,5,8,0.220735,0.012965,0.020657,9.476057,4.7002287,-5,-2
612,2064,Emotion,Theories > Situated perspective on emotion,Situated perspective on emotion,3,How does context influence emotional experience?,1.732641,9.630206,6.905115,-0.157268,0.0,0.0,0,0,0.0,0.0,0.0,9.492237,4.6996017,-10,-10
613,2064,Emotion,Theories > Genetics,Genetics,3,Are emotions influenced by our genes?,1.812631,10.166955,10.111539,0.09898,1.102319,0.91792,3,1,-0.184399,0.010982,0.012458,9.165103,4.485998,-7,-9
614,2064,Emotion,Formation > Neurobiological explanation,Neurobiological explanation,3,What happens in the brain when we feel emotions?,8.647274,6.759735,9.417516,0.405276,0.0,0.0,0,0,0.0,0.0,0.0,9.404468,4.606606,-10,-10
615,2064,Emotion,Formation > Neurobiological explanation > Prefrontal cortex,Prefrontal cortex,4,How does the prefrontal cortex regulate emotions?,2.559455,9.425661,7.047051,1.264223,1.097525,1.259773,3,6,0.162249,0.010934,0.017097,9.472581,4.6627917,-7,-4
616,2064,Emotion,Formation > Neurobiological explanation > Homeostatic/primordial emotion,Homeostatic/primordial emotion,4,What are primordial emotions and how do they relate to survival?,4.937087,8.010969,6.615701,0.236169,1.156122,0.0,4,0,-1.156122,0.011518,0.0,9.550895,4.765627,-6,-10
617,2064,Emotion,Formation > Emergent explanation,Emergent explanation,3,How do emotions emerge from complex brain systems?,8.474809,6.51394,12.017708,1.159191,2.458176,0.959841,14,1,-1.498335,0.02449,0.013026,9.495345,4.6775346,4,-9
618,2064,Emotion,Disciplinary approaches,Disciplinary approaches,2,How do different academic fields study emotions?,1.382233,9.754625,7.404072,-0.354963,0.0,0.0,0,0,0.0,0.0,0.0,9.349559,4.697265,-10,-10
619,2064,Emotion,Disciplinary approaches > History of emotions,History of emotions,3,How have emotional norms changed over time in different societies?,2.675331,9.4321,7.347305,-0.34227,0.0,0.0,0,0,0.0,0.0,0.0,9.451747,4.660089,-10,-10
620,2064,Emotion,Disciplinary approaches > Sociology,Sociology,3,How do sociologists study emotions in social interactions?,1.590538,10.224523,7.53049,0.906694,0.0,0.0,0,0,0.0,0.0,0.0,9.531171,4.7313576,-10,-10
621,2064,Emotion,Disciplinary approaches > Psychotherapy and regulation,Psychotherapy and regulation,3,How can therapy help people regulate their emotions?,1.563611,10.099922,9.716335,0.229042,9.491589,0.0,71,0,-9.491589,0.094563,0.0,9.555144,4.758342,61,-10
622,2064,Emotion,Disciplinary approaches > Cross-cultural research,Cross-cultural research,3,Are emotional expressions universal across cultures?,8.793664,7.755592,6.886482,-0.928789,1.111738,1.335941,3,6,0.224203,0.011076,0.018131,9.450378,4.590184,-7,-4
623,2064,Emotion,Disciplinary approaches > Computer science,Computer science,3,Can computers recognize and respond to human emotions?,6.924193,6.42042,8.259284,0.085518,0.0,0.0,0,0,0.0,0.0,0.0,9.424016,4.7120657,-10,-10
624,2064,Emotion,Effects on memory,Effects on memory,2,How do emotions affect what we remember?,8.952185,7.344174,12.735875,3.366894,3.80227,2.130237,26,13,-1.672033,0.037881,0.02891,9.427873,4.701096,16,3
625,2064,Emotion,Notable theorists,Notable theorists,2,Who are the most important researchers in emotion science?,1.229326,9.572845,10.547554,0.000337,0.0,0.0,0,0,0.0,0.0,0.0,9.38136,4.704127,-10,-10
626,2082,Energy,Introduction,Introduction,0,What is energy?,6.677986,5.37255,11.732088,-0.091274,0.0,0.0,0,0,0.0,0.0,0.0,4.581096,5.8925595,-10,-10
627,2082,Energy,Forms,Forms,2,What are the different forms of energy?,6.803512,4.759283,11.383957,-0.638253,0.0,0.0,0,0,0.0,0.0,0.0,4.5310283,5.91477,-10,-10
628,2082,Energy,History,History,2,How did scientists discover and understand energy?,7.158451,5.095618,11.750718,-0.447003,0.0,0.0,0,0,0.0,0.0,0.0,4.6536207,5.800287,-10,-10
629,2082,Energy,Units of measure,Units of measure,2,How do we measure energy?,8.666341,7.521162,4.720737,1.424168,1.047487,2.36792,2,18,1.320433,0.010436,0.032136,4.612953,5.821273,-8,8
630,2082,Energy,Scientific use > Classical mechanics,Classical mechanics,3,How does energy work in classical mechanics?,0.907307,7.568459,5.962763,2.117228,0.0,0.0,0,0,0.0,0.0,0.0,4.6436334,5.8886514,-10,-10
631,2082,Energy,Scientific use > Chemistry,Chemistry,3,What role does energy play in chemical reactions?,5.923248,4.828663,11.470955,-0.485922,0.0,0.0,0,0,0.0,0.0,0.0,4.453856,5.8048625,-10,-10
632,2082,Energy,Scientific use > Biology,Biology,3,How do living organisms use energy?,1.20912,8.070018,5.969313,2.001932,1.370709,1.127645,5,3,-0.243064,0.013656,0.015304,1.6620733,2.4847913,-5,-7
633,2082,Energy,Scientific use > Biology > Humans,Humans,4,How do humans obtain and use energy?,0.146318,6.407741,3.382609,1.346693,0.0,0.184372,0,1,0.184372,0.0,0.002502,3.1941676,2.4630766,-10,-9
634,2082,Energy,Scientific use > Biology > Cell metabolism,Cell metabolism,4,How do cells convert food into usable energy?,-0.278621,6.121226,3.557212,1.407264,5.310001,11.38284,37,91,6.07284,0.052903,0.154482,1.4857258,2.504026,27,81
635,2082,Energy,Scientific use > Earth sciences,Earth sciences,3,What are the main sources of energy on Earth?,7.101051,6.241901,12.044716,-0.110338,0.0,0.0,0,0,0.0,0.0,0.0,2.5668883,3.8665953,-10,-10
636,2082,Energy,Scientific use > Cosmology,Cosmology,3,Where does energy in the universe come from?,7.173225,5.40675,12.251433,-0.071194,0.0,0.0,0,0,0.0,0.0,0.0,3.0035865,5.5836096,-10,-10
637,2082,Energy,Scientific use > Quantum mechanics,Quantum mechanics,3,How does quantum mechanics describe energy?,6.568264,4.927118,11.402653,0.800196,0.0,0.0,0,0,0.0,0.0,0.0,4.596028,5.805952,-10,-10
638,2082,Energy,Scientific use > Relativity,Relativity,3,How does Einstein's relativity change our understanding of energy?,-0.012126,6.541024,11.739505,-0.539681,0.0,0.0,0,0,0.0,0.0,0.0,4.4730825,5.8596244,-10,-10
639,2082,Energy,Transformation,Transformation,2,How can energy be transformed from one type to another?,0.323662,7.364128,4.539486,0.910524,1.051143,0.0,2,0,-1.051143,0.010472,0.0,4.5252028,5.920057,-8,-10
640,2082,Energy,Transformation > Conservation of energy and mass in transformation,Conservation of energy and mass in transformation,3,Can energy be created or destroyed during transformations?,-0.725699,7.387875,4.613723,0.908722,0.0,0.0,0,0,0.0,0.0,0.0,4.4685926,5.8246717,-10,-10
641,2082,Energy,Transformation > Reversible and non-reversible transformations,Reversible and non-reversible transformations,3,What makes some energy transformations irreversible?,7.009045,5.360115,11.838565,0.010381,0.0,0.0,0,0,0.0,0.0,0.0,4.5355973,5.936172,-10,-10
642,2082,Energy,Conservation of energy,Conservation of energy,2,Why is energy always conserved?,1.296097,7.602481,5.737531,2.334658,0.0,0.0,0,0,0.0,0.0,0.0,4.5453415,5.906139,-10,-10
643,2082,Energy,Energy transfer > Closed systems,Closed systems,3,How does energy behave in closed systems?,1.439165,7.429891,4.855575,1.77047,0.0,0.0,0,0,0.0,0.0,0.0,4.526721,5.94212,-10,-10
644,2082,Energy,Energy transfer > Open systems,Open systems,3,How does energy flow in open systems?,0.545529,8.234786,4.658132,1.170354,20.543047,18.246393,162,148,-2.296654,0.204667,0.24763,4.522417,5.9361286,152,138
645,2082,Energy,Thermodynamics > Internal energy,Internal energy,3,What is internal energy in thermodynamics?,2.260948,8.146,6.042479,2.681817,0.0,0.0,0,0,0.0,0.0,0.0,4.5099487,5.914859,-10,-10
646,2082,Energy,Thermodynamics > First law of thermodynamics,First law of thermodynamics,3,What does the first law of thermodynamics tell us?,0.521635,7.216526,5.130467,1.892207,0.0,0.0,0,0,0.0,0.0,0.0,4.5369706,5.913749,-10,-10
647,2082,Energy,Thermodynamics > Equipartition of energy,Equipartition of energy,3,How is energy distributed among particles in a system?,1.261873,7.008184,9.413476,1.823141,0.0,0.0,0,0,0.0,0.0,0.0,4.525804,5.927755,-10,-10
648,2084,Engineering,Introduction,Introduction,0,What is engineering?,6.645059,7.102445,11.528596,1.982327,55.256258,7.289647,268,44,-47.966611,0.550508,0.098931,6.685254,5.0819373,258,34
649,2084,Engineering,Definition,Definition,2,How is engineering defined as a profession?,1.728692,8.887343,6.872245,2.69289,0.0,0.0,0,0,0.0,0.0,0.0,6.7031727,5.074769,-10,-10
650,2084,Engineering,History,History,2,How did engineering develop over time?,1.39403,7.753068,5.569169,2.319234,0.0,0.0,0,0,0.0,0.0,0.0,6.5835476,4.930534,-10,-10
651,2084,Engineering,History > Ancient era,Ancient era,3,What were the first engineering achievements in ancient civilizations?,0.626593,8.084363,4.475603,1.334758,0.0,0.0,0,0,0.0,0.0,0.0,7.597751,1.9481981,-10,-10
652,2084,Engineering,History > Middle Ages,Middle Ages,3,What engineering advances happened during medieval times?,0.687775,7.380047,5.336485,1.643247,0.0,0.0,0,0,0.0,0.0,0.0,7.6601067,2.0487864,-10,-10
653,2084,Engineering,History > Industrial revolution,Industrial revolution,3,How did the Industrial Revolution transform engineering?,6.793548,5.849644,10.896504,0.086766,0.0,0.0,0,0,0.0,0.0,0.0,5.6660137,4.942403,-10,-10
654,2084,Engineering,History > Development of new fields,Development of new fields,3,When did modern engineering disciplines emerge?,7.790154,5.504297,4.532557,2.292455,0.0,0.0,0,0,0.0,0.0,0.0,5.50696,5.1424727,-10,-10
655,2084,Engineering,Branches of engineering,Branches of engineering,2,What are the main types of engineering?,6.419265,5.774158,11.524142,-0.148171,1.156157,0.0,4,0,-1.156157,0.011519,0.0,6.70396,5.087807,-6,-10
656,2084,Engineering,Interdisciplinary engineering,Interdisciplinary engineering,2,What happens when different engineering fields combine?,0.794121,8.046405,4.647223,1.20841,14.82095,7.28751,124,65,-7.53344,0.147658,0.098902,6.7319965,5.051741,114,55
657,2084,Engineering,Practice,Practice,2,How do engineers actually do their work?,6.327718,6.499026,7.740256,2.878356,0.0,0.0,0,0,0.0,0.0,0.0,6.7247524,5.0640383,-10,-10
658,2084,Engineering,Methodology,Methodology,2,What methods do engineers use to complete projects?,1.360227,7.723828,8.793065,2.484339,0.0,0.0,0,0,0.0,0.0,0.0,6.7145104,5.1717973,-10,-10
659,2084,Engineering,Methodology > Problem solving,Problem solving,3,How do engineers approach solving technical problems?,7.103051,5.258426,11.999728,-0.06973,0.0,0.0,0,0,0.0,0.0,0.0,6.71651,5.171845,-10,-10
660,2084,Engineering,Methodology > Computer use,Computer use,3,What role do computers play in modern engineering?,5.842785,5.526368,4.220202,1.804863,0.0,0.0,0,0,0.0,0.0,0.0,6.7120595,5.262625,-10,-10
661,2084,Engineering,Social context,Social context,2,How does engineering impact society?,7.068267,5.385585,13.117969,1.58825,0.832929,0.0,5,0,-0.832929,0.008298,0.0,6.7309246,5.0846734,-5,-10
662,2084,Engineering,Social context > Code of ethics,Code of ethics,3,What ethical responsibilities do engineers have?,8.087688,7.658541,10.885198,1.302911,0.0,0.0,0,0,0.0,0.0,0.0,6.746832,5.081048,-10,-10
663,2084,Engineering,Relationships with other disciplines > Science,Science,3,How are engineering and science related?,6.679439,6.207997,6.464023,-0.93552,0.0,0.0,0,0,0.0,0.0,0.0,6.7104263,5.1865964,-10,-10
664,2084,Engineering,Relationships with other disciplines > Medicine and biology,Medicine and biology,3,How does engineering contribute to healthcare?,1.669468,7.472956,5.114737,2.48507,0.0,0.0,0,0,0.0,0.0,0.0,7.126332,4.786246,-10,-10
665,2084,Engineering,Relationships with other disciplines > Art,Art,3,What connections exist between engineering and art?,-0.543882,6.799407,3.74002,1.631207,0.0,5.082324,0,39,5.082324,0.0,0.068975,10.248205,0.0870797,-10,29
666,2084,Engineering,Relationships with other disciplines > Business,Business,3,How do engineering and business work together?,0.142913,7.966978,11.535846,1.449688,1.653946,0.961936,8,1,-0.69201,0.016478,0.013055,6.684115,5.1252646,-2,-9
667,2084,Engineering,Relationships with other disciplines > Other fields,Other fields,3,What other fields does engineering interact with?,3.353835,8.344676,9.263022,3.334758,1.555397,2.186919,7,17,0.631523,0.015496,0.02968,6.795898,4.9878855,-3,7
668,2090,Entertainment,Introduction,Introduction,0,What is entertainment?,6.707837,4.774307,11.420626,-0.516807,0.0,0.0,0,0,0.0,0.0,0.0,11.125984,1.2877024,-10,-10
669,2090,Entertainment,Etymology,Etymology,2,Where does the word entertainment come from?,7.328342,7.988026,11.111662,1.610947,1.144569,1.163185,3,3,0.018616,0.011403,0.015786,11.097496,1.4863027,-7,-7
670,2090,Entertainment,Psychology and philosophy,Psychology and philosophy,2,Why do humans seek entertainment?,0.386806,9.053781,5.785117,-0.033148,19.11255,33.406527,139,210,14.293977,0.190415,0.453375,10.70209,1.5127141,129,200
671,2090,Entertainment,History,History,2,How has entertainment evolved over time?,2.472983,9.928499,7.090342,0.103998,6.481233,2.614057,53,19,-3.867176,0.064571,0.035477,10.565379,1.3360083,43,9
672,2090,Entertainment,History > Court entertainment,Court entertainment,3,How did royalty entertain themselves in the past?,2.43208,9.979098,10.687433,3.821915,5.669301,1.770252,39,10,-3.89905,0.056482,0.024025,10.684808,1.2867151,29,0
673,2090,Entertainment,History > Public punishment,Public punishment,3,Were executions considered entertainment in history?,7.115688,8.81464,10.604307,3.753792,1.377727,1.538766,4,7,0.161039,0.013726,0.020883,10.833804,1.2772237,-6,-3
674,2090,Entertainment,Children,Children,2,What kinds of entertainment are designed for children?,7.816132,6.132879,11.341745,1.505892,1.581244,1.814928,8,9,0.233684,0.015754,0.024631,10.682583,1.4147761,-2,-1
675,2090,Entertainment,Forms > Banquets,Banquets,3,How are banquets a form of entertainment?,6.85564,8.391609,9.967086,2.167311,2.053119,1.292641,13,4,-0.760478,0.020455,0.017543,10.839983,1.2210428,3,-6
676,2090,Entertainment,Forms > Music,Music,3,Why is music considered entertainment?,7.363447,7.526759,11.066632,3.91325,5.525508,2.318068,29,15,-3.207439,0.05505,0.03146,11.405223,1.4073532,19,5
677,2090,Entertainment,Forms > Games,Games,3,What makes games entertaining?,2.25148,8.79569,12.745231,2.804332,0.0,0.0,0,0,0.0,0.0,0.0,12.586673,0.024800977,-10,-10
678,2090,Entertainment,Forms > Literature,Literature,3,How does reading provide entertainment?,2.682745,10.026919,10.606705,4.032049,1.907479,1.593445,12,10,-0.314034,0.019004,0.021625,10.620384,1.4383554,2,0
679,2090,Entertainment,Forms > Comedy,Comedy,3,What role does comedy play in entertainment?,7.115921,8.382179,11.424835,1.33413,1.39556,1.574341,6,6,0.178781,0.013904,0.021366,11.076099,1.180569,-4,-4
680,2090,Entertainment,Forms > Performance,Performance,3,What are the different types of performance entertainment?,7.464681,7.625991,11.593422,0.17275,1.047353,1.342544,2,6,0.295191,0.010435,0.01822,11.170811,1.2283509,-8,-4
681,2090,Entertainment,Forms > Performance > Storytelling,Storytelling,4,How is storytelling used as entertainment?,7.531324,7.470097,11.537808,2.52144,9.698101,1.50106,56,6,-8.197041,0.09662,0.020372,10.618763,1.4469877,46,-4
682,2090,Entertainment,Forms > Performance > Theatre,Theatre,4,What makes theatre a popular form of entertainment?,7.293913,8.559534,10.204355,2.002988,15.14687,1.437203,85,6,-13.709667,0.150905,0.019505,10.745724,1.2937621,75,-4
683,2090,Entertainment,Forms > Performance > Cinema and film,Cinema and film,4,How did movies change the entertainment landscape?,7.366765,8.012249,10.72077,3.920122,13.073302,2.911754,63,20,-10.161549,0.130247,0.039517,10.897703,1.5409733,53,10
684,2090,Entertainment,Forms > Performance > Dance,Dance,4,Why do people find dance entertaining?,6.654563,9.256571,10.097393,1.991737,4.811415,2.575486,32,17,-2.235929,0.047935,0.034953,11.137606,1.1352946,22,7
685,2090,Entertainment,Forms > Performance > Animals,Animals,4,How are animals used in entertainment?,7.328742,8.681355,11.940291,2.187213,1.513083,1.538493,5,6,0.02541,0.015075,0.02088,10.760154,1.244578,-5,-4
686,2090,Entertainment,Forms > Performance > Circus,Circus,4,What happens at a circus performance?,7.244324,6.084306,10.775904,1.932656,1.254449,1.052287,3,2,-0.202161,0.012498,0.014281,11.140181,1.1567843,-7,-8
687,2090,Entertainment,Forms > Performance > Magic,Magic,4,How do magic shows entertain audiences?,6.561264,7.258243,12.338118,1.913078,4.080223,1.390863,25,7,-2.689361,0.04065,0.018876,11.157779,1.2059113,15,-3
688,2090,Entertainment,Forms > Performance > Street performance,Street performance,4,What is street performance?,7.493803,7.822498,11.420002,2.397685,1.23265,2.8697,5,20,1.63705,0.012281,0.038946,11.302847,1.2349961,-5,10
689,2090,Entertainment,Forms > Performance > Parades,Parades,4,Why are parades entertaining?,6.483723,8.229295,12.37338,2.849648,3.171296,3.037063,18,17,-0.134234,0.031595,0.041217,10.796286,1.2232455,8,7
690,2090,Entertainment,Forms > Performance > Fireworks,Fireworks,4,What makes fireworks displays entertaining?,2.557703,9.832005,12.43948,2.671378,2.043696,1.845425,10,10,-0.198272,0.020361,0.025045,10.772048,1.2389091,0,0
691,2090,Entertainment,Forms > Sport,Sport,3,How is sport a form of entertainment?,7.44484,7.230925,12.739914,1.13806,2.350012,6.086656,10,39,3.736644,0.023413,0.082605,12.081411,0.33686036,0,29
692,2090,Entertainment,"Forms > Fairs, expositions, shopping","Fairs, expositions, shopping",3,Can shopping be entertainment?,7.693322,8.404312,11.017533,3.964071,1.268272,1.227133,4,4,-0.041139,0.012636,0.016654,10.88318,1.5942135,-6,-6
693,2090,Entertainment,Safety,Safety,2,What safety concerns exist in entertainment?,7.147767,9.138434,8.744751,1.20961,1.226639,1.071978,3,2,-0.154661,0.012221,0.014548,10.894522,1.2454959,-7,-8
694,2090,Entertainment,Industry,Industry,2,How big is the entertainment industry?,6.556856,9.031838,11.094007,2.29407,4.201924,1.974972,33,10,-2.226952,0.041863,0.026803,11.062219,1.3920685,23,0
695,2090,Entertainment,Architecture > Architecture for entertainment,Architecture for entertainment,3,What types of buildings are designed for entertainment?,7.136587,8.605438,11.069792,2.381687,2.164387,2.938415,11,20,0.774028,0.021563,0.039879,10.86983,1.1088822,1,10
696,2090,Entertainment,Architecture > Architecture as entertainment,Architecture as entertainment,3,Can architecture itself be entertaining?,7.012005,9.279052,9.720897,3.497169,1.865078,1.424715,10,7,-0.440364,0.018581,0.019335,10.596775,0.11221856,0,-3
697,2090,Entertainment,Effects of developments in electronic media > Globalisation,Globalisation,3,How has technology globalized entertainment?,4.614025,6.810765,12.164739,4.075411,1.714829,2.6317,11,20,0.916871,0.017085,0.035716,10.974461,1.7151684,1,10
698,2090,Entertainment,Effects of developments in electronic media > Obsolescence,Obsolescence,3,What forms of entertainment have become obsolete?,2.427761,10.048701,8.898403,1.195632,4.386844,3.016924,36,23,-1.36992,0.043705,0.040944,10.853453,1.8263334,26,13
699,2090,Entertainment,Effects of developments in electronic media > Convergence,Convergence,3,How are different types of entertainment merging together?,6.235936,8.479712,11.000105,3.974257,3.628029,3.595981,26,28,-0.032048,0.036145,0.048803,10.910859,1.7490227,16,18
700,2139,Ethnicity,Introduction,Introduction,0,What is ethnicity?,-0.793702,7.482045,4.084791,0.395837,0.0,0.0,0,0,0.0,0.0,0.0,9.083667,-0.57120097,-10,-10
701,2139,Ethnicity,Terminology,Terminology,2,What terms are used to describe ethnicity?,-0.88216,6.663762,4.472338,1.575899,0.0,0.0,0,0,0.0,0.0,0.0,9.067017,-0.60311055,-10,-10
702,2139,Ethnicity,Definitions and conceptual history,Definitions and conceptual history,2,How has the concept of ethnicity been defined throughout history?,-0.114099,6.629974,4.358593,2.001972,0.251111,0.0,2,0,-0.251111,0.002502,0.0,9.056981,-0.5957312,-8,-10
703,2139,Ethnicity,Definitions and conceptual history > Approaches to understanding ethnicity,Approaches to understanding ethnicity,3,How do scholars study and understand ethnicity?,0.687398,9.435874,6.637056,-0.978742,6.999637,0.0,38,0,-6.999637,0.069736,0.0,9.100888,-0.6524777,28,-10
704,2139,Ethnicity,Definitions and conceptual history > Ethnicity theory in the United States,Ethnicity theory in the United States,3,How has ethnicity been studied in American society?,0.417579,8.949949,6.480017,-0.87718,17.337114,13.171704,129,91,-4.165409,0.172726,0.178759,9.081379,-0.60951775,119,81
705,2139,Ethnicity,Ethnicity and nationality,Ethnicity and nationality,2,How does ethnicity relate to nationality?,8.415404,7.263403,9.795443,-0.37219,0.0,0.0,0,0,0.0,0.0,0.0,8.933665,-0.71926284,-10,-10
706,2139,Ethnicity,Ethnicity and race,Ethnicity and race,2,What's the difference between ethnicity and race?,6.636057,6.335666,9.254647,0.250825,0.0,0.0,0,0,0.0,0.0,0.0,9.1027975,-0.65088034,-10,-10
707,2139,Ethnicity,Ethno-national conflict,Ethno-national conflict,2,Why do ethnic conflicts arise between nations?,-0.352783,7.344854,10.809133,-0.602556,0.0,0.0,0,0,0.0,0.0,0.0,8.929729,-0.7696534,-10,-10
708,2139,Ethnicity,Ethnic groups by continent > Africa,Africa,3,What are the major ethnic groups in Africa?,5.349315,7.113278,11.461926,3.211761,1.380824,1.86858,5,6,0.487756,0.013757,0.025359,5.545449,1.2988241,-5,-4
709,2139,Ethnicity,Ethnic groups by continent > Asia,Asia,3,What ethnic diversity exists across Asia?,0.12072,8.599486,6.499864,-1.005157,0.0,0.0,0,0,0.0,0.0,0.0,5.6267214,1.0973364,-10,-10
710,2139,Ethnicity,Ethnic groups by continent > Europe,Europe,3,What are the main ethnic groups in Europe?,0.978723,9.410645,5.269438,0.644556,0.0,0.0,0,0,0.0,0.0,0.0,5.55513,1.3064853,-10,-10
711,2139,Ethnicity,Ethnic groups by continent > North America,North America,3,What ethnic groups live in North America?,6.905618,9.188485,11.401608,3.034769,1.142903,1.257885,2,4,0.114982,0.011387,0.017071,5.956577,0.8404847,-8,-6
712,2139,Ethnicity,Ethnic groups by continent > Oceania,Oceania,3,What ethnic groups are found in Oceania?,7.624767,8.572521,11.292704,3.063043,2.115887,1.897497,9,7,-0.21839,0.02108,0.025752,5.7011065,0.63202274,-1,-3
713,2139,Ethnicity,Ethnic groups by continent > Oceania > Australia,Australia,4,What are the ethnic groups of Australia?,6.59796,6.980022,11.74456,1.348047,7.319882,2.318348,40,9,-5.001534,0.072927,0.031463,5.8460693,0.72683996,30,-1
714,2157,Europe,Introduction,Introduction,0,What is Europe?,7.164072,5.59974,11.058033,-0.859513,0.0,0.0,0,0,0.0,0.0,0.0,5.1623454,1.1920764,-10,-10
715,2157,Europe,Etymology,Etymology,2,Where does the name Europe come from?,0.566408,6.999711,11.236437,1.045859,0.0,0.0,0,0,0.0,0.0,0.0,5.473961,1.5408658,-10,-10
716,2157,Europe,Definition > Contemporary definition,Contemporary definition,3,How is Europe defined today?,-0.353939,7.429018,5.143895,2.221892,0.0,0.0,0,0,0.0,0.0,0.0,5.1962514,1.3008187,-10,-10
717,2157,Europe,Definition > History of the concept > Early history,Early history,4,How did ancient civilizations view Europe as a continent?,2.581923,9.732443,6.323229,2.377964,0.0,0.0,0,0,0.0,0.0,0.0,5.4079847,1.3654219,-10,-10
718,2157,Europe,Definition > History of the concept > Modern definitions,Modern definitions,4,How have Europe's boundaries changed over time?,-0.208509,7.567709,4.480519,1.591232,0.0,0.0,0,0,0.0,0.0,0.0,5.2719584,1.2603452,-10,-10
719,2157,Europe,History > Prehistory,Prehistory,3,Who were the first people to live in Europe?,0.533519,8.655051,7.20207,0.981706,0.174433,0.0,1,0,-0.174433,0.001738,0.0,7.100255,1.6176525,-9,-10
720,2157,Europe,History > Classical antiquity,Classical antiquity,3,What happened during ancient Greece and Rome?,1.403987,9.706572,7.244385,0.923415,0.967636,3.685537,1,16,2.717901,0.00964,0.050018,8.178482,0.98861736,-9,6
721,2157,Europe,History > Early Middle Ages,Early Middle Ages,3,What was Europe like after the fall of Rome?,3.727199,9.172846,6.903594,-0.444863,0.0,0.0,0,0,0.0,0.0,0.0,8.122775,0.89780444,-10,-10
722,2157,Europe,History > High and Late Middle Ages,High and Late Middle Ages,3,What major events occurred in medieval Europe?,-0.47346,7.058253,6.090345,1.409536,0.0,0.0,0,0,0.0,0.0,0.0,8.277649,0.6749124,-10,-10
723,2157,Europe,History > Early modern period,Early modern period,3,How did the Renaissance change Europe?,0.340751,9.02382,5.657804,0.419865,0.0,0.0,0,0,0.0,0.0,0.0,8.630926,0.50350493,-10,-10
724,2157,Europe,History > 18th and 19th centuries,18th and 19th centuries,3,What happened in Europe during the Industrial Revolution?,0.273112,8.824518,5.404836,0.331223,0.0,0.0,0,0,0.0,0.0,0.0,7.782697,0.081216566,-10,-10
725,2157,Europe,History > 20th century to the present,20th century to the present,3,How did the World Wars shape modern Europe?,2.046839,9.44578,6.886137,-0.184794,0.558085,0.0,3,0,-0.558085,0.00556,0.0,7.4639606,-0.3892278,-7,-10
726,2157,Europe,Geography,Geography,2,What are Europe's main geographical features?,6.762006,5.392189,12.424988,0.043935,0.0,0.0,0,0,0.0,0.0,0.0,4.869868,1.3644456,-10,-10
727,2157,Europe,Geography > Climate,Climate,3,What types of climates does Europe have?,-0.66389,7.388895,5.428349,1.279464,0.0,0.0,0,0,0.0,0.0,0.0,4.664736,1.3010187,-10,-10
728,2157,Europe,Geography > Geology,Geology,3,How were Europe's mountains and landforms created?,2.016329,9.422319,7.839636,0.82065,0.0,0.0,0,0,0.0,0.0,0.0,4.4850297,1.5704659,-10,-10
729,2157,Europe,Geography > Flora,Flora,3,What plants and vegetation are native to Europe?,-0.079379,7.424846,4.117812,2.046369,0.0,0.0,0,0,0.0,0.0,0.0,4.66143,1.4207793,-10,-10
730,2157,Europe,Geography > Fauna,Fauna,3,What animals live in Europe?,2.764837,8.795371,3.913148,1.764838,0.0,0.0,0,0,0.0,0.0,0.0,4.63742,1.4156106,-10,-10
731,2157,Europe,Politics,Politics,2,How is Europe governed politically?,5.819685,7.185359,7.978395,0.828445,0.0,0.0,0,0,0.0,0.0,0.0,8.148646,-1.6663759,-10,-10
732,2157,Europe,List of states and territories,List of states and territories,2,How many countries are in Europe?,0.987245,8.755642,6.762241,-0.511238,0.0,0.0,0,0,0.0,0.0,0.0,5.222436,1.0500337,-10,-10
733,2157,Europe,Economy,Economy,2,How strong is Europe's economy?,-0.541221,7.132203,5.040304,1.013943,0.0,0.0,0,0,0.0,0.0,0.0,5.3069,1.0541226,-10,-10
734,2157,Europe,Economy > Economic history,Economic history,3,How did Europe become economically dominant?,7.034538,4.852242,11.075341,-0.934988,0.0,0.0,0,0,0.0,0.0,0.0,7.502305,-0.14879899,-10,-10
735,2157,Europe,Demographics,Demographics,2,How many people live in Europe?,0.308704,8.52186,5.272392,1.07989,4.249113,8.436991,34,72,4.187878,0.042333,0.114502,5.3964744,1.3461391,24,62
736,2157,Europe,Demographics > Ethnic groups,Ethnic groups,3,What ethnic groups make up Europe's population?,4.197177,7.049675,6.360362,2.529399,0.0,0.0,0,0,0.0,0.0,0.0,5.558717,1.2645972,-10,-10
737,2157,Europe,Demographics > Migration,Migration,3,Where are people migrating to and from in Europe?,1.099952,8.596508,6.163886,1.006005,0.0,0.0,0,0,0.0,0.0,0.0,5.453023,1.167136,-10,-10
738,2157,Europe,Demographics > Languages,Languages,3,What languages are spoken across Europe?,2.201441,8.502227,7.482197,1.169801,1.042684,0.0,2,0,-1.042684,0.010388,0.0,5.6215844,1.3152096,-8,-10
739,2157,Europe,Demographics > Religion,Religion,3,What are the main religions practiced in Europe?,7.754935,7.633204,11.068854,2.167044,3.060592,1.15925,14,3,-1.901342,0.030492,0.015733,6.5527515,2.611124,4,-7
740,2157,Europe,Demographics > Major cities and urban areas,Major cities and urban areas,3,What are the largest cities in Europe?,3.344679,9.255539,7.155616,1.189947,1.098475,1.113745,3,3,0.015269,0.010944,0.015115,5.1989756,1.1799284,-7,-7
741,2157,Europe,Culture,Culture,2,What is European culture known for?,2.120802,9.008057,6.935346,-0.284403,0.43255,0.0,4,0,-0.43255,0.004309,0.0,5.56042,1.296773,-6,-10
742,2157,Europe,Culture > Sport,Sport,3,What sports are most popular in Europe?,3.880302,7.329326,7.447615,2.706103,1.196289,0.964724,4,1,-0.231565,0.011918,0.013093,12.230308,0.20639908,-6,-9
743,2157,Europe,Culture > Social dimension,Social dimension,3,What social values and traditions define European society?,8.982585,7.380834,12.346263,3.144996,4.891538,2.884481,34,20,-2.007057,0.048733,0.039147,7.823067,-0.98232144,24,10
744,2171,Evolution,Introduction,Introduction,0,What is evolution?,5.495558,5.401885,10.925576,-0.774256,0.0,0.0,0,0,0.0,0.0,0.0,1.5050108,1.4040173,-10,-10
745,2171,Evolution,Heredity,Heredity,2,How do traits pass from parents to offspring?,7.033802,4.799619,7.760677,3.487955,0.0,0.0,0,0,0.0,0.0,0.0,1.3293834,1.4548365,-10,-10
746,2171,Evolution,Sources of variation,Sources of variation,2,Where does genetic variation come from?,6.446935,5.907447,12.034566,0.302691,0.0,0.0,0,0,0.0,0.0,0.0,1.5023878,1.3893472,-10,-10
747,2171,Evolution,Sources of variation > Mutation,Mutation,3,How do mutations create genetic diversity?,7.44788,4.581018,3.375412,1.381707,1.129702,0.0,2,0,-1.129702,0.011255,0.0,1.3258194,1.478546,-8,-10
748,2171,Evolution,Sources of variation > Sex and recombination,Sex and recombination,3,Why is sexual reproduction important for evolution?,6.726437,5.790642,7.985505,0.747736,0.0,0.0,0,0,0.0,0.0,0.0,0.94481194,1.3629645,-10,-10
749,2171,Evolution,Sources of variation > Gene flow,Gene flow,3,How does gene flow between populations affect evolution?,0.902152,7.313864,4.961225,2.437825,0.0,0.0,0,0,0.0,0.0,0.0,1.3327287,1.4915149,-10,-10
750,2171,Evolution,Sources of variation > Epigenetics,Epigenetics,3,Can environmental factors change gene expression without altering DNA?,-0.47339,6.534498,4.209502,1.898841,0.0,0.0,0,0,0.0,0.0,0.0,1.3430524,1.4399949,-10,-10
751,2171,Evolution,Evolutionary forces,Evolutionary forces,2,What forces drive evolutionary change?,4.124244,6.779945,11.425825,-0.951164,0.0,0.0,0,0,0.0,0.0,0.0,1.5320029,1.3392409,-10,-10
752,2171,Evolution,Evolutionary forces > Natural selection,Natural selection,3,How does natural selection work?,0.548206,6.924928,6.620021,1.65088,0.0,0.0,0,0,0.0,0.0,0.0,1.5193422,1.3389882,-10,-10
753,2171,Evolution,Evolutionary forces > Genetic drift,Genetic drift,3,What is genetic drift and how does it affect small populations?,7.494418,4.660074,12.064776,-0.614638,0.0,0.0,0,0,0.0,0.0,0.0,1.4299381,1.3690186,-10,-10
754,2171,Evolution,Evolutionary forces > Mutation bias,Mutation bias,3,Do some mutations occur more frequently than others?,1.865296,6.708554,6.077527,-0.034781,0.976973,4.633042,1,37,3.656069,0.009733,0.062877,1.3828343,1.3760165,-9,27
755,2171,Evolution,Evolutionary forces > Mutation bias > Genetic hitchhiking,Genetic hitchhiking,4,Can neutral genes evolve alongside beneficial ones?,-0.087671,7.328069,8.105054,0.743358,0.0,0.0,0,0,0.0,0.0,0.0,1.3241347,1.3909286,-10,-10
756,2171,Evolution,Evolutionary forces > Mutation bias > Sexual selection,Sexual selection,4,How does competition for mates drive evolution?,1.747529,7.581215,7.402261,3.31805,0.0,0.0,0,0,0.0,0.0,0.0,1.4796392,1.2519941,-10,-10
757,2171,Evolution,Natural outcomes,Natural outcomes,2,What are the major outcomes of evolution?,0.595186,6.703248,4.527235,2.32217,0.0,0.0,0,0,0.0,0.0,0.0,1.6086338,1.4162728,-10,-10
758,2171,Evolution,Natural outcomes > Adaptation,Adaptation,3,How do organisms adapt to their environments?,0.175942,6.97831,4.037308,1.967133,0.0,0.0,0,0,0.0,0.0,0.0,1.5469935,1.3860132,-10,-10
759,2171,Evolution,Natural outcomes > Coevolution,Coevolution,3,Can two species evolve in response to each other?,0.626193,7.047193,4.709002,2.197595,0.0,0.0,0,0,0.0,0.0,0.0,1.7898374,1.4350027,-10,-10
760,2171,Evolution,Natural outcomes > Cooperation,Cooperation,3,Why do animals cooperate if evolution favors competition?,-0.187595,6.676336,4.250912,2.046344,0.0,0.0,0,0,0.0,0.0,0.0,2.0390236,1.5409706,-10,-10
761,2171,Evolution,Natural outcomes > Speciation,Speciation,3,How do new species form?,-0.217831,7.112994,6.027456,1.927546,0.0,0.0,0,0,0.0,0.0,0.0,1.5140568,1.4635767,-10,-10
762,2171,Evolution,Natural outcomes > Extinction,Extinction,3,Why do species go extinct?,1.569729,7.411606,4.899683,2.444805,0.0,0.0,0,0,0.0,0.0,0.0,1.8092793,1.5625255,-10,-10
763,2171,Evolution,Applications,Applications,2,How is evolutionary theory used in medicine and agriculture?,-0.421185,7.500939,4.220402,1.354379,0.0,0.0,0,0,0.0,0.0,0.0,1.525049,1.3320098,-10,-10
764,2171,Evolution,Evolutionary history of life > Origin of life,Origin of life,3,How did life begin on Earth?,0.640394,7.598714,5.819393,2.183214,0.0,0.0,0,0,0.0,0.0,0.0,1.3290095,3.05031,-10,-10
765,2171,Evolution,Evolutionary history of life > Common descent,Common descent,3,Do all living things share a common ancestor?,6.632053,8.768892,5.797703,2.028182,0.0,0.0,0,0,0.0,0.0,0.0,1.3038441,1.7900313,-10,-10
766,2171,Evolution,Evolutionary history of life > Evolution of life,Evolution of life,3,How has life changed over billions of years?,0.734224,7.056621,4.323785,2.215117,0.0,0.0,0,0,0.0,0.0,0.0,1.1324228,2.77094,-10,-10
767,2171,Evolution,History of evolutionary thought > Classical antiquity,Classical antiquity,3,Did ancient Greeks and Romans have ideas about evolution?,6.938406,6.518279,7.779871,3.245366,0.0,0.0,0,0,0.0,0.0,0.0,1.6470959,1.8424735,-10,-10
768,2171,Evolution,History of evolutionary thought > Middle Ages,Middle Ages,3,What did medieval scholars think about the origins of species?,-0.807608,6.822213,5.269934,0.597386,0.0,0.0,0,0,0.0,0.0,0.0,5.188891,4.3575516,-10,-10
769,2171,Evolution,History of evolutionary thought > Pre-Darwinian,Pre-Darwinian,3,Who proposed evolutionary ideas before Darwin?,-0.313753,6.529348,4.10746,1.979059,0.0,0.0,0,0,0.0,0.0,0.0,1.5060736,1.7794446,-10,-10
770,2171,Evolution,History of evolutionary thought > Darwinian revolution,Darwinian revolution,3,How did Darwin revolutionize our understanding of evolution?,0.020096,7.701472,4.242392,1.43804,1.051072,0.0,2,0,-1.051072,0.010472,0.0,1.597831,1.4630915,-8,-10
771,2171,Evolution,History of evolutionary thought > Pangenesis and heredity,Pangenesis and heredity,3,What early theories explained how traits are inherited?,0.894591,7.552351,5.399301,0.377546,0.0,0.0,0,0,0.0,0.0,0.0,1.4075568,1.4058769,-10,-10
772,2171,Evolution,History of evolutionary thought > The 'modern synthesis',The 'modern synthesis',3,How did genetics and evolution merge into one theory?,5.7672,7.018198,8.202994,3.084627,0.978293,0.966742,1,1,-0.011552,0.009747,0.01312,1.4552892,1.375295,-9,-9
773,2171,Evolution,History of evolutionary thought > Further syntheses,Further syntheses,3,What new discoveries have expanded evolutionary theory since the 1950s?,6.263524,6.714569,5.288113,0.172969,0.0,0.0,0,0,0.0,0.0,0.0,1.4253095,1.4941761,-10,-10
774,2171,Evolution,Social and cultural responses,Social and cultural responses,2,How has society reacted to evolutionary theory?,1.225968,7.726389,5.497478,0.40018,0.0,0.0,0,0,0.0,0.0,0.0,1.5465053,1.3898355,-10,-10
775,2207,Family,Introduction,Introduction,0,What is a family?,0.4653,7.167127,10.96277,-0.927644,0.0,0.0,0,0,0.0,0.0,0.0,9.833545,-1.244348,-10,-10
776,2207,Family,Social,Social,2,How does family function as a social institution?,0.264896,6.452534,4.416025,1.804782,0.0,0.0,0,0,0.0,0.0,0.0,9.784748,-1.3459682,-10,-10
777,2207,Family,Social > Size,Size,3,How many people are typically in a family?,1.543018,8.931609,12.311621,4.067771,4.601328,1.160317,43,4,-3.441011,0.045842,0.015747,5.759902,1.7683265,33,-6
778,2207,Family,Types,Types,2,What are the different types of families?,-0.52504,6.475737,4.400938,1.624993,0.0,0.0,0,0,0.0,0.0,0.0,9.700484,-1.257657,-10,-10
779,2207,Family,Types > Multigenerational family,Multigenerational family,3,What is a multigenerational family?,6.534751,9.228009,9.495595,1.990698,1.220081,1.227089,4,5,0.007008,0.012155,0.016653,9.798776,-1.291339,-6,-5
780,2207,Family,Types > Conjugal (nuclear) family,Conjugal (nuclear) family,3,What is a nuclear family?,1.031116,8.374671,5.734156,0.876911,0.168391,0.0,2,0,-0.168391,0.001678,0.0,9.871742,-1.3207203,-8,-10
781,2207,Family,Types > Single-parent family,Single-parent family,3,How do single-parent families work?,1.549668,10.059013,6.561867,-0.798186,1.078207,1.20717,3,5,0.128963,0.010742,0.016383,9.910182,-1.3101761,-7,-5
782,2207,Family,Types > Matrifocal family,Matrifocal family,3,What is a matrifocal family?,1.318041,7.515469,12.49834,2.909389,1.364218,0.955467,5,1,-0.408751,0.013591,0.012967,9.908808,-1.3061519,-5,-9
783,2207,Family,Types > Extended family,Extended family,3,What is an extended family?,1.156983,9.586323,6.004263,-0.11531,1.269073,2.670049,5,15,1.400976,0.012644,0.036236,9.872667,-1.2881014,-5,5
784,2207,Family,Types > Family of choice,Family of choice,3,What does family of choice mean?,6.862485,8.809831,6.401337,0.521156,1.858047,1.340501,12,6,-0.517546,0.018511,0.018193,9.901317,-1.2879093,2,-4
785,2207,Family,Types > Blended family,Blended family,3,What is a blended family?,6.461745,8.135135,8.866801,1.054321,2.084958,1.402918,15,7,-0.68204,0.020772,0.01904,9.873026,-1.3203195,5,-3
786,2207,Family,Types > Monogamous family,Monogamous family,3,What is a monogamous family?,0.07866,6.631642,6.445199,2.296388,1.464335,0.934192,6,1,-0.530143,0.014589,0.012678,9.866995,-1.3567307,-4,-9
787,2207,Family,Types > Polygamous family,Polygamous family,3,What is a polygamous family?,1.518542,8.971879,6.015095,0.477891,1.176818,0.0,3,0,-1.176818,0.011724,0.0,9.883183,-1.3319877,-7,-10
788,2207,Family,Kinship terminology > Degrees of kinship,Degrees of kinship,3,How are degrees of kinship measured?,4.535673,6.884081,7.638789,2.793917,1.551819,2.83014,9,24,1.278321,0.01546,0.038409,9.999408,-1.3138058,-1,14
789,2207,Family,Kinship terminology > Terminologies,Terminologies,3,How do different cultures name family relationships?,1.522756,9.957835,5.683972,0.07489,0.0,0.0,0,0,0.0,0.0,0.0,9.840252,-1.2298001,-10,-10
790,2207,Family,Roles,Roles,2,What roles do family members have?,7.002047,7.423327,7.200984,1.889117,1.019883,1.382667,2,7,0.362784,0.010161,0.018765,9.903181,-1.2998737,-8,-3
791,2207,Family,Roles > Nuclear family,Nuclear family,3,What are the roles in a nuclear family?,6.443699,8.330013,9.596645,3.72576,1.094646,1.209974,3,4,0.115328,0.010906,0.016421,10.016673,-1.2909868,-7,-6
792,2207,Family,Roles > Collateral relatives,Collateral relatives,3,Who are collateral relatives?,2.194981,10.012753,9.446308,0.340149,1.475274,1.04599,8,2,-0.429284,0.014698,0.014196,9.994112,-1.3260717,-2,-8
793,2207,Family,Roles > Aggregate relatives,Aggregate relatives,3,Who are aggregate relatives?,7.103477,9.115232,9.288392,2.00941,1.167377,1.017569,3,2,-0.149808,0.01163,0.01381,10.026077,-1.3094674,-7,-8
794,2207,Family,Types of kinship > Patrilineal,Patrilineal,3,What does patrilineal mean?,0.601762,7.699409,5.558949,1.391233,0.0,0.0,0,0,0.0,0.0,0.0,9.984266,-1.2702668,-10,-10
795,2207,Family,Types of kinship > Matrilineal,Matrilineal,3,What does matrilineal mean?,1.895535,7.849423,5.584678,2.02401,0.0,0.0,0,0,0.0,0.0,0.0,9.939593,-1.2429657,-10,-10
796,2207,Family,Types of kinship > Bilateral descent,Bilateral descent,3,What is bilateral descent?,0.904814,9.353574,6.155806,0.442056,0.08324,0.294877,1,1,0.211637,0.000829,0.004002,10.001142,-1.2678276,-9,-9
797,2207,Family,History of theories,History of theories,2,How have theories about families changed over time?,6.671375,6.565979,6.369095,-0.324512,0.0,0.0,0,0,0.0,0.0,0.0,9.56635,-1.1650699,-10,-10
798,2207,Family,History of theories > The nuclear family in industrial society,The nuclear family in industrial society,3,How did industrialization affect the nuclear family?,1.307845,9.779523,6.624503,-0.457109,3.649262,1.878687,28,11,-1.770576,0.036357,0.025497,9.8214855,-1.2821069,18,1
799,2207,Family,History of theories > The postmodern family,The postmodern family,3,What is the postmodern family?,2.094802,10.042466,6.694577,-0.789873,1.448635,6.955357,8,57,5.506723,0.014432,0.094394,9.668555,-1.4859339,-2,47
800,2207,Family,Domestic violence,Domestic violence,2,What is domestic violence?,2.465947,8.612219,6.034048,0.667951,1.043531,1.144139,2,2,0.100608,0.010397,0.015528,9.840741,-1.4799286,-8,-8
801,2207,Family,Domestic violence > Family violence,Family violence,3,What types of violence happen within families?,1.928221,8.759796,9.359406,3.725947,0.0,0.0,0,0,0.0,0.0,0.0,9.851399,-1.5366682,-10,-10
802,2207,Family,Domestic violence > Family violence > Parental abuse of children (child abuse),Parental abuse of children (child abuse),4,What is child abuse?,3.78154,7.275973,7.704962,3.494983,0.0,0.0,0,0,0.0,0.0,0.0,9.876263,-1.5162514,-10,-10
803,2207,Family,Domestic violence > Family violence > Parental abuse by children,Parental abuse by children,4,Why do some children abuse their parents?,4.406859,7.709095,9.373116,3.786819,1.647425,2.633816,10,18,0.986391,0.016413,0.035745,9.979294,-1.5595381,0,8
804,2207,Family,Domestic violence > Family violence > Elder abuse,Elder abuse,4,What is elder abuse?,6.460528,7.13922,6.698773,0.451004,1.236249,1.914578,3,7,0.67833,0.012317,0.025984,9.930864,-1.5009576,-7,-3
805,2207,Family,Domestic violence > Forced and child marriage,Forced and child marriage,3,What are forced and child marriages?,1.099336,9.560942,12.294228,4.257964,1.062643,0.0,2,0,-1.062643,0.010587,0.0,9.759038,-1.507134,-8,-10
806,2207,Family,The concept of family honour,The concept of family honour,2,What is family honour?,1.144879,8.556147,7.530087,0.215349,0.115325,0.0,1,0,-0.115325,0.001149,0.0,9.869319,-1.2408878,-9,-10
807,2207,Family,"Economic issues > Dowry, bride price and dower","Dowry, bride price and dower",3,"What is the difference between dowry, bride price, and dower?",1.939242,8.733547,5.886644,0.262895,2.121206,1.712937,11,6,-0.408269,0.021133,0.023247,9.815941,-1.458373,1,-4
808,2207,Family,Economic issues > Property regimes and taxation,Property regimes and taxation,3,How do property rights work in families?,1.619282,9.334958,6.427918,-0.359809,1.744071,14.211723,11,88,12.467652,0.017376,0.192874,9.495689,-1.6533834,1,78
809,2207,Family,Rights and laws > Family rights,Family rights,3,What legal rights do families have?,4.430755,7.92428,9.593363,3.726632,2.025896,3.414319,12,21,1.388423,0.020184,0.046337,9.685397,-1.4402957,2,11
810,2207,Family,Rights and laws > Reproductive rights,Reproductive rights,3,What are reproductive rights?,1.761522,9.788947,6.401066,1.380367,0.081814,0.0,1,0,-0.081814,0.000815,0.0,9.670867,-1.4719265,-9,-10
811,2207,Family,Rights and laws > Parents' rights,Parents' rights,3,What rights do parents have?,5.802589,8.912399,9.196059,2.688329,1.773908,1.999111,10,11,0.225203,0.017673,0.027131,9.7577915,-1.5613143,0,1
812,2207,Family,Rights and laws > Children's rights,Children's rights,3,What rights do children have?,5.905383,6.355551,7.142344,2.462479,0.0,0.0,0,0,0.0,0.0,0.0,9.711554,-1.5064536,-10,-10
813,2207,Family,Rights and laws > Marriage rights,Marriage rights,3,What legal rights come with marriage?,3.328203,6.910493,7.170744,2.446671,2.566226,5.163172,18,46,2.596946,0.025567,0.070072,9.518717,-1.6304439,8,36
814,2207,Family,Rights and laws > Legal reforms > Gender equality,Gender equality,4,How has gender equality changed family law?,3.061934,9.241099,6.915736,-0.257498,1.615927,2.19379,7,13,0.577862,0.016099,0.029773,9.57064,-1.5524092,-3,3
815,2207,Family,Rights and laws > Legal reforms > Divorce,Divorce,4,How does divorce work legally?,2.036013,8.934895,7.029892,0.689187,0.0,1.05145,0,2,1.05145,0.0,0.01427,9.514461,-1.624442,-10,-8
816,2207,Family,Health > Family medicine,Family medicine,3,What is family medicine?,1.327808,8.22616,6.87471,2.376503,0.0,0.0,0,0,0.0,0.0,0.0,7.2029495,4.6612325,-10,-10
817,2207,Family,Health > Maternal mortality,Maternal mortality,3,What is maternal mortality?,6.009893,7.695824,8.059863,2.594044,1.49639,1.280631,5,3,-0.21576,0.014908,0.01738,5.67898,2.3291988,-5,-7
818,2207,Family,Health > Infant and child mortality,Infant and child mortality,3,Why do infants and children die?,3.151455,6.983296,8.065973,2.593464,4.062343,4.343545,35,32,0.281203,0.040472,0.058948,5.7112823,2.2152798,25,22
819,2207,Family,Politics,Politics,2,How do politics affect families?,7.73969,5.870534,12.981273,1.040919,10.621593,1.650731,51,7,-8.970862,0.105821,0.022403,9.802264,-1.4099678,41,-3
820,2207,Family,Work–family balance,Work–family balance,2,How do people balance work and family life?,4.52355,6.702822,6.082516,-0.522532,1.216765,1.943019,4,13,0.726253,0.012122,0.02637,9.736758,-1.3538774,-6,3
821,2207,Family,Work–family balance > Protection of private and family life,Protection of private and family life,3,How is family privacy protected by law?,1.663687,8.737382,5.882573,0.257637,0.0,0.0,0,0,0.0,0.0,0.0,9.569774,-1.549035,-10,-10
822,2207,Family,Criticism,Criticism,2,What are common criticisms of the family structure?,1.069756,8.73999,6.038827,0.13824,1.056357,1.031043,3,2,-0.025314,0.010524,0.013993,9.438254,-1.1642896,-7,-8
823,2207,Family,The family and social justice,The family and social justice,2,How does family relate to social justice?,1.702108,9.305719,6.161531,0.233691,4.722986,1.121027,36,3,-3.601959,0.047054,0.015214,9.593547,-1.3651608,26,-7
824,2207,Family,Global trends in family composition,Global trends in family composition,2,How are families changing around the world?,7.454004,6.963057,6.57914,-0.656329,4.328682,1.331566,29,7,-2.997116,0.043126,0.018071,5.808495,1.7529873,19,-3
825,2271,Fire,Introduction,Introduction,0,What is fire?,7.103223,4.968405,11.780727,-0.159595,0.0,0.0,0,0,0.0,0.0,0.0,3.7228372,4.1074576,-10,-10
826,2271,Fire,Etymology,Etymology,2,Where does the word fire come from?,6.580066,6.86339,11.224195,1.438583,1.816042,2.011631,6,8,0.195589,0.018093,0.027301,5.8422055,3.6544504,-4,-2
827,2271,Fire,History > Fossil record,Fossil record,3,When did fire first appear on Earth?,8.38225,6.113942,12.200246,0.487072,0.0,0.0,0,0,0.0,0.0,0.0,1.6124959,3.1431468,-10,-10
828,2271,Fire,History > Human control,Human control,3,How did humans learn to control fire?,9.039844,7.007213,12.323777,1.588652,2.757357,6.33667,20,50,3.579313,0.027471,0.085998,3.9087071,3.8851833,10,40
829,2271,Fire,History > Human control > Early human control,Early human control,4,When did early humans first start using fire?,6.291969,7.21123,11.372342,-0.007477,0.957806,0.0,1,0,-0.957806,0.009542,0.0,4.085904,3.851137,-9,-10
830,2271,Fire,History > Human control > Later human control,Later human control,4,How did fire control techniques advance over time?,7.102034,7.393414,11.462852,1.455961,4.225037,14.71573,26,104,10.490693,0.042093,0.199714,4.3223515,4.2388906,16,94
831,2271,Fire,History > Human control > Use in war,Use in war,4,How has fire been used as a weapon throughout history?,6.84332,7.46456,12.774652,2.542587,1.086802,1.176687,2,3,0.089885,0.010828,0.015969,4.214197,3.9775083,-8,-7
832,2271,Fire,History > Human control > Productive use for energy,Productive use for energy,4,How do humans harness fire for energy production?,6.886436,7.855966,5.926934,1.093412,1.020115,1.923895,2,13,0.903781,0.010163,0.02611,3.743756,4.086057,-8,3
833,2271,Fire,Physical properties > Chemistry,Chemistry,3,What chemical reactions occur when something burns?,0.502654,7.466092,5.17022,1.718033,0.0,0.0,0,0,0.0,0.0,0.0,3.6663387,4.2592854,-10,-10
834,2271,Fire,Physical properties > Flame,Flame,3,How does a flame work?,0.192549,6.533962,5.573587,1.802943,0.0,0.0,0,0,0.0,0.0,0.0,3.519337,4.3088512,-10,-10
835,2271,Fire,Physical properties > Flame > Typical adiabatic temperatures,Typical adiabatic temperatures,4,How hot do different types of flames burn?,6.836573,7.973017,12.370872,3.695538,0.0,0.0,0,0,0.0,0.0,0.0,3.493381,4.3370166,-10,-10
836,2271,Fire,Fire science > Ecology,Ecology,3,What role does fire play in natural ecosystems?,2.711294,7.672222,5.741852,0.658641,2.02167,3.021562,15,25,0.999892,0.020142,0.041007,2.1578746,2.367089,5,15
837,2271,Fire,Fire science > Firefighting,Firefighting,3,How do firefighters put out fires?,7.986836,6.871745,12.810009,2.416135,0.975124,1.522487,1,7,0.547363,0.009715,0.020662,3.9356422,3.9926376,-9,-3
838,2271,Fire,"Fire science > Management, prevention and protection systems","Management, prevention and protection systems",3,What systems exist to prevent and protect against fires?,7.673259,6.638725,11.894415,3.025774,12.304618,1.12399,72,3,-11.180628,0.122589,0.015254,3.985352,3.99995,62,-7
839,2271,Fire,In culture,In culture,2,What significance does fire have in different cultures?,7.152165,8.574696,11.496774,1.411148,3.529991,6.737742,25,39,3.207751,0.035169,0.091441,4.2402716,3.936031,15,29
840,2307,Folklore,Introduction,Introduction,0,What is folklore?,0.474002,7.592212,7.386873,3.434641,0.0,0.0,0,0,0.0,0.0,0.0,9.61206,1.1336197,-10,-10
841,2307,Folklore,Overview,Overview,2,How would you describe folklore in general terms?,0.001728,6.805033,4.667586,1.718057,0.0,0.0,0,0,0.0,0.0,0.0,9.585818,1.1242318,-10,-10
842,2307,Folklore,Origin and development of folklore studies,Origin and development of folklore studies,2,How did the study of folklore begin and evolve over time?,5.410053,5.447853,6.228702,-0.823716,2.740498,5.05972,17,35,2.319222,0.027303,0.068668,9.519912,1.0879636,7,25
843,2307,Folklore,"Definition of ""folk""","Definition of ""folk""",2,Who counts as 'folk' in folklore?,7.127279,7.328895,9.429049,1.193771,7.015339,2.285081,42,16,-4.730258,0.069893,0.031012,9.591326,1.1323442,32,6
844,2307,Folklore,Folklore genres,Folklore genres,2,What are the different types or categories of folklore?,6.687731,7.97172,11.794714,3.174651,2.565156,1.876373,13,8,-0.688783,0.025556,0.025465,9.666085,1.1565186,3,-2
845,2307,Folklore,Folklore genres > Verbal tradition,Verbal tradition,3,What kinds of stories and sayings are passed down orally?,2.491263,8.658104,6.643954,-1.010997,1.837816,1.600437,8,6,-0.237378,0.01831,0.02172,9.669383,1.2337849,-2,-4
846,2307,Folklore,Folklore genres > Material culture,Material culture,3,What objects and crafts are considered part of folklore?,6.256081,8.574992,10.601357,3.843259,2.355447,1.533299,14,7,-0.822148,0.023467,0.020809,9.64869,1.142534,4,-3
847,2307,Folklore,Folklore genres > Customs,Customs,3,What traditional practices and rituals fall under folklore?,7.445147,7.407051,12.483474,3.548537,3.182004,3.984446,22,29,0.802442,0.031702,0.054075,9.681247,1.1704545,12,19
848,2307,Folklore,Folklore genres > Childlore and games,Childlore and games,3,What games and traditions do children pass down to each other?,6.352002,8.392696,10.369782,-0.39983,5.207022,2.070139,41,11,-3.136883,0.051877,0.028095,9.727515,1.1366289,31,1
849,2307,Folklore,Folklore genres > Folk history,Folk history,3,How do communities remember and tell their own history?,2.793874,7.691627,12.230362,3.661514,1.348159,1.972492,6,12,0.624332,0.013431,0.02677,9.579763,1.1581755,-4,2
850,2307,Folklore,Folklore performance in context,Folklore performance in context,2,How does folklore come alive when people share it?,7.832801,7.610083,12.091105,2.706573,6.403724,4.127535,35,24,-2.276189,0.063799,0.056017,9.639373,1.1961992,25,14
851,2307,Folklore,Folklore performance in context > Backstory,Backstory,3,What background knowledge do you need to understand folklore performances?,7.486045,7.789821,6.840693,-0.320362,4.690313,2.485502,30,18,-2.204811,0.046729,0.033732,9.608205,1.1637276,20,8
852,2307,Folklore,Folklore performance in context > Tradition-bearer and audience,Tradition-bearer and audience,3,Who tells folklore and who listens to it?,7.170758,8.70855,9.326185,2.346578,2.92122,1.917802,17,9,-1.003418,0.029104,0.026027,9.599064,1.2022815,7,-1
853,2307,Folklore,Folklore performance in context > Framing the performance,Framing the performance,3,How do people signal when they're sharing folklore?,7.822281,8.427925,7.166715,0.499349,3.154063,2.393093,18,15,-0.76097,0.031423,0.032478,9.758376,1.2329725,8,5
854,2307,Folklore,Folklore performance in context > In the subjunctive voice,In the subjunctive voice,3,Why does folklore often use 'what if' or hypothetical language?,7.554689,7.385401,10.528147,4.091197,1.649693,2.01195,7,10,0.362258,0.016436,0.027305,9.862956,1.30664,-3,0
855,2307,Folklore,Folklore performance in context > Anderson's law of auto-correction,Anderson's law of auto-correction,3,How do folk stories naturally fix themselves when retold?,7.727647,8.335286,7.274585,1.457015,1.784865,2.312467,7,13,0.527602,0.017782,0.031384,9.636688,1.1764491,-3,3
856,2307,Folklore,Folklore performance in context > Context of material lore,Context of material lore,3,What's the significance of when and where folk objects are used?,7.809999,6.307899,12.338804,3.63941,1.709283,2.698978,8,18,0.989695,0.017029,0.036629,9.591661,1.1140844,-2,8
857,2307,Folklore,Folklore performance in context > Toelken's conservative-dynamic continuum,Toelken's conservative-dynamic continuum,3,How do folklore traditions balance staying the same versus changing?,1.581698,10.026142,12.420453,3.585749,1.553047,1.941662,7,11,0.388615,0.015473,0.026351,9.65692,1.1868333,-3,1
858,2307,Folklore,Folklore performance in context > In the electronic age,In the electronic age,3,How has the internet changed how folklore spreads?,8.301927,7.316735,10.848734,3.170716,1.369338,1.340784,4,5,-0.028554,0.013642,0.018196,9.684569,1.1917833,-6,-5
859,2412,Game,Introduction,Introduction,0,What is a game?,6.853301,5.563574,11.432149,0.066949,9.013148,0.376043,46,2,-8.637105,0.089796,0.005103,12.564483,0.04393974,36,-8
860,2412,Game,Definitions > Ludwig Wittgenstein,Ludwig Wittgenstein,3,How did Ludwig Wittgenstein define games?,0.81481,7.302996,4.265109,0.967833,0.0,0.0,0,0,0.0,0.0,0.0,12.453559,0.11579925,-10,-10
861,2412,Game,Definitions > Roger Caillois,Roger Caillois,3,What was Roger Caillois' approach to classifying games?,1.782276,8.424221,5.329432,2.174289,0.0,0.0,0,0,0.0,0.0,0.0,12.573693,0.03688301,-10,-10
862,2412,Game,Definitions > Chris Crawford,Chris Crawford,3,How does Chris Crawford distinguish games from other activities?,6.653421,4.947611,5.23537,0.766167,0.0,0.0,0,0,0.0,0.0,0.0,12.555584,0.043679193,-10,-10
863,2412,Game,Definitions > Other definitions,Other definitions,3,What are some alternative ways to define games?,6.525985,5.074258,9.146146,1.438341,0.0,0.0,0,0,0.0,0.0,0.0,12.561626,0.04900429,-10,-10
864,2412,Game,Gameplay elements and classification > Tools,Tools,3,What tools and equipment do games use?,1.457702,7.121045,4.861374,2.407562,0.0,0.0,0,0,0.0,0.0,0.0,12.621011,-0.010316333,-10,-10
865,2412,Game,Gameplay elements and classification > Rules and aims,Rules and aims,3,How do rules and objectives work in games?,0.491842,7.321325,5.316697,1.75451,0.157195,0.0,1,0,-0.157195,0.001566,0.0,12.598961,0.00612051,-9,-10
866,2412,Game,"Gameplay elements and classification > Skill, strategy, and chance","Skill, strategy, and chance",3,"What roles do skill, strategy, and chance play in games?",0.704268,7.473463,5.359113,1.923583,0.0,0.0,0,0,0.0,0.0,0.0,12.663787,-0.044133876,-10,-10
867,2412,Game,Gameplay elements and classification > Single-player games,Single-player games,3,What are single-player games?,-0.11856,6.439605,7.660257,3.081661,0.0,0.0,0,0,0.0,0.0,0.0,12.545648,0.06661767,-10,-10
868,2412,Game,Gameplay elements and classification > Multiplayer games,Multiplayer games,3,What are multiplayer games?,0.939032,7.158496,7.603305,3.401966,0.0,0.0,0,0,0.0,0.0,0.0,12.561736,0.044937592,-10,-10
869,2412,Game,Gameplay elements and classification > Multiplayer games > Game theory,Game theory,4,How does game theory apply to competitive games?,6.752164,7.589537,8.528183,0.649716,0.0,0.0,0,0,0.0,0.0,0.0,7.0210147,-1.722911,-10,-10
870,2412,Game,Types > Sports,Sports,3,What makes sports a type of game?,-0.391708,6.485918,3.570475,1.544151,0.0,0.0,0,0,0.0,0.0,0.0,12.173146,0.24504444,-10,-10
871,2412,Game,Types > Sports > Lawn games,Lawn games,4,What are lawn games?,0.167213,6.68472,5.028517,0.948341,1.056099,2.403703,2,13,1.347603,0.010522,0.032622,12.603568,0.013417174,-8,3
872,2412,Game,Types > Tabletop games,Tabletop games,3,What are tabletop games?,7.281522,4.641368,6.437791,2.128875,0.0,0.0,0,0,0.0,0.0,0.0,12.614057,0.0032156145,-10,-10
873,2412,Game,Types > Tabletop games > Dexterity and coordination games,Dexterity and coordination games,4,What are dexterity and coordination games?,-0.589493,7.295799,4.819202,1.466635,0.0,0.0,0,0,0.0,0.0,0.0,12.635217,-0.015042795,-10,-10
874,2412,Game,Types > Tabletop games > Board games,Board games,4,What are board games?,6.719676,7.548612,5.507623,1.738284,0.0,0.0,0,0,0.0,0.0,0.0,12.648318,-0.027165605,-10,-10
875,2412,Game,Types > Tabletop games > Card games,Card games,4,What are card games?,-0.286583,7.568005,5.042181,1.454616,0.0,0.0,0,0,0.0,0.0,0.0,12.676388,-0.052163556,-10,-10
876,2412,Game,Types > Tabletop games > Dice games,Dice games,4,What are dice games?,0.881093,8.646791,6.879775,-0.826151,1.479145,0.0,7,0,-1.479145,0.014736,0.0,12.65457,-0.030888885,-3,-10
877,2412,Game,Types > Tabletop games > Domino and tile games,Domino and tile games,4,What are domino and tile games?,6.717517,5.159625,6.923654,1.43718,0.0,0.0,0,0,0.0,0.0,0.0,12.70788,-0.084080875,-10,-10
878,2412,Game,Types > Tabletop games > Pencil and paper games,Pencil and paper games,4,What are pencil and paper games?,3.530226,9.329478,5.362935,0.711884,0.964333,0.928812,1,1,-0.035521,0.009607,0.012605,12.643208,-0.021328885,-9,-9
879,2412,Game,Types > Tabletop games > Guessing games,Guessing games,4,What are guessing games?,3.467057,9.305586,7.964972,0.532915,1.456682,0.0,10,0,-1.456682,0.014513,0.0,12.629484,-0.008647932,0,-10
880,2412,Game,Types > Video games,Video games,3,What are video games?,-0.7628,6.472473,8.674791,0.661948,0.0,0.0,0,0,0.0,0.0,0.0,12.593168,0.02177676,-10,-10
881,2412,Game,Types > Video games > Online games,Online games,4,What are online games?,3.718826,8.127781,5.941536,-0.142698,2.353582,5.026771,20,36,2.673189,0.023448,0.068221,12.554597,0.055576306,10,26
882,2412,Game,Types > Role-playing games,Role-playing games,3,What are role-playing games?,6.76844,6.46631,7.401212,0.828984,0.0,0.0,0,0,0.0,0.0,0.0,12.578217,0.022460492,-10,-10
883,2412,Game,Types > Business games,Business games,3,What are business games?,5.070388,9.164241,5.175084,0.685866,3.12709,17.363349,27,129,14.236258,0.031155,0.235646,12.626932,-0.008477078,17,119
884,2412,Game,Types > Simulation,Simulation,3,What are simulation games?,2.713317,9.048802,12.244042,0.123788,0.960542,0.0,1,0,-0.960542,0.00957,0.0,12.588819,0.020784441,-9,-10
885,2458,Geometry,Introduction,Introduction,0,What is geometry?,0.988658,7.636662,5.727285,2.476544,0.0,0.0,0,0,0.0,0.0,0.0,8.207435,8.118872,-10,-10
886,2458,Geometry,History,History,2,How did geometry develop over time?,2.34919,9.248087,8.893873,1.951322,0.0,0.0,0,0,0.0,0.0,0.0,7.782198,7.8027864,-10,-10
887,2458,Geometry,Main concepts > Axioms,Axioms,3,What are the fundamental axioms that geometry is built on?,1.979977,7.585742,6.301506,2.843145,0.0,0.0,0,0,0.0,0.0,0.0,8.117267,8.049349,-10,-10
888,2458,Geometry,Main concepts > Spaces and subspaces > Points,Points,4,How are points defined in geometry?,1.910211,7.820189,7.475183,1.289513,0.0,0.0,0,0,0.0,0.0,0.0,8.23009,8.165716,-10,-10
889,2458,Geometry,Main concepts > Spaces and subspaces > Lines,Lines,4,What properties do lines have in geometry?,2.118837,7.53332,10.585382,3.994485,0.0,0.0,0,0,0.0,0.0,0.0,8.259698,8.170787,-10,-10
890,2458,Geometry,Main concepts > Spaces and subspaces > Planes,Planes,4,How do planes work in three-dimensional space?,2.323586,7.204443,6.376069,2.866912,0.0,0.0,0,0,0.0,0.0,0.0,8.275119,8.209406,-10,-10
891,2458,Geometry,Main concepts > Spaces and subspaces > Curves,Curves,4,What makes a curve different from a straight line?,2.633269,7.115537,10.329438,1.881546,0.0,0.0,0,0,0.0,0.0,0.0,8.284037,8.211027,-10,-10
892,2458,Geometry,Main concepts > Spaces and subspaces > Surfaces,Surfaces,4,What are surfaces in geometry?,2.399696,7.150855,6.485088,2.918907,0.0,0.0,0,0,0.0,0.0,0.0,8.305707,8.239503,-10,-10
893,2458,Geometry,Main concepts > Spaces and subspaces > Manifolds,Manifolds,4,What are manifolds?,2.265729,7.238132,6.600178,2.495281,2.602668,1.522447,15,4,-1.080222,0.02593,0.020662,8.325382,8.239831,5,-6
894,2458,Geometry,Main concepts > Angles,Angles,3,How are angles measured and classified?,6.684422,4.74078,10.608611,4.022928,0.0,0.0,0,0,0.0,0.0,0.0,8.228549,8.146728,-10,-10
895,2458,Geometry,"Main concepts > Measures: length, area, and volume","Measures: length, area, and volume",3,"How do you calculate length, area, and volume?",6.88789,4.775112,11.79304,1.187382,0.0,0.0,0,0,0.0,0.0,0.0,8.225247,8.121828,-10,-10
896,2458,Geometry,"Main concepts > Measures: length, area, and volume > Metrics and measures",Metrics and measures,4,What's the difference between metrics and measures?,1.521192,7.349151,9.562913,3.632487,0.0,0.0,0,0,0.0,0.0,0.0,8.280942,8.143461,-10,-10
897,2458,Geometry,Main concepts > Congruence and similarity,Congruence and similarity,3,What does it mean for shapes to be congruent or similar?,1.9668,7.391228,6.288806,2.841704,0.0,0.0,0,0,0.0,0.0,0.0,8.230948,8.176084,-10,-10
898,2458,Geometry,Main concepts > Compass and straightedge constructions,Compass and straightedge constructions,3,What can you construct using only a compass and straightedge?,2.247066,7.309305,6.414446,2.843419,0.0,0.0,0,0,0.0,0.0,0.0,8.100291,8.048638,-10,-10
899,2458,Geometry,Main concepts > Dimension,Dimension,3,How is dimension defined in geometry?,0.452661,7.433515,5.133551,1.856261,0.0,0.0,0,0,0.0,0.0,0.0,8.211681,8.196288,-10,-10
900,2458,Geometry,Main concepts > Symmetry,Symmetry,3,What role does symmetry play in geometry?,2.317113,8.064382,6.339213,2.758718,0.0,0.0,0,0,0.0,0.0,0.0,8.193497,8.135456,-10,-10
901,2458,Geometry,Contemporary geometry > Euclidean geometry,Euclidean geometry,3,What is Euclidean geometry?,1.925909,8.01609,6.391486,2.623858,0.0,0.0,0,0,0.0,0.0,0.0,8.290935,8.198389,-10,-10
902,2458,Geometry,Contemporary geometry > Differential geometry,Differential geometry,3,How does differential geometry study curved spaces?,0.776442,7.169591,6.473602,2.705612,0.0,0.0,0,0,0.0,0.0,0.0,8.278323,8.201571,-10,-10
903,2458,Geometry,Contemporary geometry > Topology,Topology,3,What does topology study?,1.888331,7.565176,6.343467,2.642617,0.0,0.0,0,0,0.0,0.0,0.0,8.285244,8.254642,-10,-10
904,2458,Geometry,Contemporary geometry > Algebraic geometry,Algebraic geometry,3,How does algebraic geometry connect algebra and geometry?,6.652078,5.211998,4.566007,0.788553,0.0,2.785896,0,19,2.785896,0.0,0.037809,8.103334,8.111011,-10,9
905,2458,Geometry,Contemporary geometry > Complex geometry,Complex geometry,3,What is complex geometry?,1.296437,9.736494,6.624845,2.521815,0.0,0.0,0,0,0.0,0.0,0.0,8.228551,8.179839,-10,-10
906,2458,Geometry,Contemporary geometry > Discrete geometry,Discrete geometry,3,What does discrete geometry focus on?,1.758464,7.575958,6.296289,2.712657,0.0,0.0,0,0,0.0,0.0,0.0,8.207535,8.034543,-10,-10
907,2458,Geometry,Contemporary geometry > Computational geometry,Computational geometry,3,How are computers used to solve geometric problems?,2.173915,8.233302,6.356081,2.568027,0.0,0.0,0,0,0.0,0.0,0.0,8.216554,8.030155,-10,-10
908,2458,Geometry,Contemporary geometry > Geometric group theory,Geometric group theory,3,How does geometric group theory combine geometry and algebra?,7.538613,6.166868,12.730021,2.49825,1.106482,0.975753,2,1,-0.130729,0.011024,0.013242,8.10192,8.167777,-8,-9
909,2458,Geometry,Contemporary geometry > Convex geometry,Convex geometry,3,What is convex geometry?,3.40283,9.363068,7.644335,1.908264,0.0,0.0,0,0,0.0,0.0,0.0,8.188173,8.077056,-10,-10
910,2458,Geometry,Applications > Art,Art,3,How is geometry used in art?,1.971091,7.567156,5.541208,2.450464,0.0,0.0,0,0,0.0,0.0,0.0,8.257218,8.145364,-10,-10
911,2458,Geometry,Applications > Architecture,Architecture,3,Why is geometry important in architecture?,2.010381,7.766688,5.48059,2.24474,0.0,0.0,0,0,0.0,0.0,0.0,8.3301735,8.18006,-10,-10
912,2458,Geometry,Applications > Physics,Physics,3,How does physics rely on geometry?,3.68667,7.985338,5.88643,2.617359,0.0,0.0,0,0,0.0,0.0,0.0,8.284947,8.200701,-10,-10
913,2458,Geometry,Applications > Other fields of mathematics,Other fields of mathematics,3,How does geometry connect to other areas of mathematics?,3.343069,8.368285,9.14784,3.320561,0.0,0.0,0,0,0.0,0.0,0.0,7.9833817,7.922203,-10,-10
914,2812,History,Introduction,Introduction,0,What is history?,7.606042,8.513301,10.963993,1.729586,1.227163,0.261141,2,3,-0.966022,0.012226,0.003544,8.699289,2.1195037,-8,-7
915,2812,History,Definition,Definition,2,How do historians define history as a field of study?,7.423935,8.556697,10.921749,1.786022,3.689,7.699721,20,40,4.010721,0.036753,0.104496,8.709812,2.1031816,10,30
916,2812,History,Definition > Purpose,Purpose,3,Why do we study history?,7.925542,8.475464,10.94066,2.863036,3.774058,1.179194,22,4,-2.594864,0.0376,0.016003,8.767964,2.1536417,12,-6
917,2812,History,Definition > Etymology,Etymology,3,Where does the word history come from?,7.059425,8.744867,11.007158,1.690529,1.425938,5.967271,5,34,4.541333,0.014206,0.080985,8.623307,2.103199,-5,24
918,2812,History,Methods,Methods,2,How do historians conduct their research?,8.000993,7.020416,11.189059,2.385037,3.944598,2.887035,25,15,-1.057564,0.039299,0.039181,8.7484455,2.1572406,15,5
919,2812,History,Methods > Sources and source criticism,Sources and source criticism,3,How do historians evaluate the reliability of historical sources?,8.456244,7.715796,12.048125,3.1042,17.60694,6.37861,99,39,-11.228329,0.175415,0.086567,8.723418,2.1066475,89,29
920,2812,History,Methods > Synthesis and schools of thought,Synthesis and schools of thought,3,What are the major schools of thought in historical research?,8.646461,8.302945,11.670148,3.193195,1.444211,2.646622,5,14,1.202411,0.014388,0.035918,8.721633,2.1004405,-5,4
921,2812,History,Areas of study,Areas of study,2,What are the main areas historians focus on?,8.773424,7.725273,11.792943,2.3201,5.226891,1.386257,29,5,-3.840634,0.052075,0.018814,8.663009,2.0518832,19,-5
922,2812,History,Areas of study > By period,By period,3,How is history divided into different time periods?,6.662808,9.384076,10.20321,2.493782,1.961497,1.118933,8,2,-0.842564,0.019542,0.015186,7.8387494,1.1913846,-2,-8
923,2812,History,Areas of study > By geographic location,By geographic location,3,How do historians organize history by region or location?,7.131133,8.97094,9.770028,2.457291,3.625986,1.866888,23,10,-1.759097,0.036125,0.025336,7.5525346,0.95254827,13,0
924,2812,History,Areas of study > By theme,By theme,3,What thematic approaches do historians use to study the past?,6.698678,9.429996,10.060925,2.451445,3.630257,1.99276,21,8,-1.637497,0.036168,0.027045,8.675459,2.0319703,11,-2
925,2812,History,Areas of study > Others,Others,3,What other ways can history be categorized and studied?,7.707112,8.743484,10.924294,1.76448,1.843363,2.723768,7,15,0.880405,0.018365,0.036965,8.700908,2.0881553,-3,5
926,2812,History,Evolution of the discipline,Evolution of the discipline,2,How has the study of history changed over time?,7.305537,8.703323,11.069179,2.249293,2.416784,1.59396,10,10,-0.822824,0.024078,0.021632,8.971964,2.022034,0,0
927,2812,History,Related fields > Historiography,Historiography,3,What is historiography?,8.282178,8.879454,10.592786,2.770146,3.036237,2.960372,14,14,-0.075865,0.030249,0.040177,8.699694,2.1337957,4,4
928,2812,History,Related fields > Philosophy of history,Philosophy of history,3,What does philosophy of history explore?,8.337351,8.935699,10.960307,2.864562,2.244918,4.121785,8,21,1.876866,0.022366,0.055939,8.726594,2.170814,-2,11
929,2812,History,Related fields > Philosophy of history > Historical objectivity,Historical objectivity,4,Can historians be truly objective about the past?,7.728907,7.744549,12.071523,3.110002,3.995336,1.298085,15,4,-2.697251,0.039805,0.017617,8.739196,2.1524787,5,-6
930,2812,History,Related fields > Education,Education,3,How is history taught in schools and universities?,8.358729,8.004253,11.067318,2.602459,1.63162,1.271527,6,4,-0.360092,0.016256,0.017256,8.780704,2.2056513,-4,-6
931,2812,History,Related fields > Other fields,Other fields,3,How does history connect with other academic disciplines?,7.555634,9.094168,10.085748,2.641078,1.3752,6.628342,5,49,5.253143,0.013701,0.089956,8.692414,2.111204,-5,39
932,2930,Home,Introduction,Introduction,0,What is a home?,2.33538,8.907783,11.541768,0.545908,1.994148,3.491189,14,22,1.497042,0.019867,0.04738,9.849939,-0.76212484,4,12
933,2930,Home,History > Prehistoric,Prehistoric,3,Where did prehistoric people live?,6.445709,7.541178,8.801683,1.857727,1.409222,1.54326,5,9,0.134038,0.01404,0.020944,7.049013,1.6482049,-5,-1
934,2930,Home,History > Ancient,Ancient,3,What were homes like in ancient civilizations?,7.313742,7.184763,10.934752,1.690132,0.977875,1.25436,1,2,0.276485,0.009742,0.017023,7.6736345,1.3895161,-9,-8
935,2930,Home,History > Post-classical,Post-classical,3,How did housing change during the medieval period?,7.305092,8.978361,10.721271,3.053974,0.972254,1.259162,1,2,0.286908,0.009686,0.017089,8.650737,0.48351488,-9,-8
936,2930,Home,History > Modern era,Modern era,3,How has housing evolved in modern times?,4.370858,9.413693,6.12981,1.519424,1.181166,1.325008,4,7,0.143842,0.011768,0.017982,9.849577,-0.8957562,-6,-3
937,2930,Home,Common types,Common types,2,What are the most common types of homes?,7.348177,8.864828,11.996591,3.383164,1.133583,1.474202,2,6,0.340618,0.011294,0.020007,9.873786,-0.81977904,-8,-4
938,2930,Home,Common types > House,House,3,What makes a house different from other dwellings?,1.798758,8.287252,5.622853,1.827415,0.0,0.0,0,0,0.0,0.0,0.0,9.879919,-0.7390834,-10,-10
939,2930,Home,Common types > Moveable structures,Moveable structures,3,What kinds of homes can be moved from place to place?,1.156102,10.116744,5.614446,0.865766,1.16485,1.418154,3,7,0.253305,0.011605,0.019246,9.84327,-0.7275852,-7,-3
940,2930,Home,Tenure > Homelessness,Homelessness,3,Why do people experience homelessness?,8.263762,7.707881,12.262094,3.235573,1.122107,1.466898,3,7,0.344791,0.011179,0.019908,9.808814,-0.79102355,-7,-3
941,2930,Home,Anthropogenic significance,Anthropogenic significance,2,How do homes impact human society and culture?,6.653059,8.746398,10.827075,3.920851,4.560082,4.500776,34,42,-0.059306,0.045431,0.061082,9.860054,-0.8117186,24,32
942,2981,Human,Introduction,Introduction,0,What are humans?,5.707628,4.897013,10.379338,1.133768,0.0,0.0,0,0,0.0,0.0,0.0,6.743889,1.9286941,-10,-10
943,2981,Human,Etymology and definition,Etymology and definition,2,Where does the word human come from?,-0.419101,6.408133,11.408001,1.51003,0.0,0.961756,0,1,0.961756,0.0,0.013052,6.600457,1.8185481,-10,-9
944,2981,Human,Evolution,Evolution,2,How did humans evolve?,-0.771711,6.647385,4.710523,0.592925,0.0,0.0,0,0,0.0,0.0,0.0,6.7057686,1.7089974,-10,-10
945,2981,Human,History > Prehistory,Prehistory,3,What happened in human prehistory?,3.663621,7.439418,5.144111,0.951392,1.134504,1.012145,3,2,-0.122359,0.011303,0.013736,7.3244877,1.5240892,-7,-8
946,2981,Human,History > Ancient,Ancient,3,What were ancient human civilizations like?,6.725982,9.396688,9.807026,2.470933,1.422687,1.165749,6,4,-0.256938,0.014174,0.015821,7.7697973,1.3428198,-4,-6
947,2981,Human,History > Post-classical,Post-classical,3,What major events occurred in the post-classical period?,8.514741,6.496384,12.401707,2.071865,1.326356,1.374295,5,5,0.047938,0.013214,0.018651,7.896378,0.6972762,-5,-5
948,2981,Human,History > Modern,Modern,3,How has the modern era changed humanity?,7.796354,8.492786,11.949174,2.496958,5.568552,3.090328,31,21,-2.478224,0.055478,0.04194,8.067188,0.40811983,21,11
949,2981,Human,Habitat and population,Habitat and population,2,Where do humans live and how many are there?,7.550777,4.95584,12.398407,-0.322176,0.0,0.0,0,0,0.0,0.0,0.0,5.1825967,1.5773232,-10,-10
950,2981,Human,Biology > Anatomy and physiology,Anatomy and physiology,3,How does the human body work?,7.303916,4.875023,4.791399,1.782338,0.0,0.0,0,0,0.0,0.0,0.0,6.1839275,1.93762,-10,-10
951,2981,Human,Biology > Genetics,Genetics,3,What makes human genetics unique?,7.360477,8.218531,9.906154,1.891547,0.0,0.0,0,0,0.0,0.0,0.0,6.0884485,1.908868,-10,-10
952,2981,Human,Biology > Life cycle,Life cycle,3,What are the stages of human life?,2.063955,8.152587,5.231485,1.612121,0.0,1.958559,0,11,1.958559,0.0,0.02658,5.978478,2.058817,-10,1
953,2981,Human,Biology > Diet,Diet,3,What do humans eat?,0.105454,8.324801,4.337195,1.816847,0.0,0.0,0,0,0.0,0.0,0.0,3.2170477,2.2494195,-10,-10
954,2981,Human,Biology > Biological variation,Biological variation,3,Why do humans look different from each other?,0.248884,8.655565,5.597778,0.67692,3.366066,17.392486,21,104,14.02642,0.033535,0.236041,6.042115,1.9371746,11,94
955,2981,Human,Psychology,Psychology,2,How does the human mind work?,1.229768,8.777124,5.81036,0.620716,43.029376,68.607425,321,454,25.578049,0.428694,0.931102,8.549224,4.2647815,311,444
956,2981,Human,Psychology > Sleep and dreaming,Sleep and dreaming,3,Why do humans sleep and dream?,2.398144,7.156816,5.084691,2.457443,0.0,0.0,0,0,0.0,0.0,0.0,6.1430845,2.0293727,-10,-10
957,2981,Human,Psychology > Consciousness and thought,Consciousness and thought,3,What is human consciousness?,1.198125,7.451083,4.781959,1.643182,0.0,0.0,0,0,0.0,0.0,0.0,8.561121,4.387483,-10,-10
958,2981,Human,Psychology > Motivation and emotion,Motivation and emotion,3,What drives human behavior and feelings?,1.715885,9.675624,6.147805,-0.178055,3.743268,22.541612,31,131,18.798344,0.037293,0.305922,9.399016,4.678901,21,121
959,2981,Human,Psychology > Sexuality and love,Sexuality and love,3,How do human sexuality and love work?,7.179356,6.021501,5.674044,1.184414,0.0,0.0,0,0,0.0,0.0,0.0,9.077366,4.6069894,-10,-10
960,2981,Human,Culture,Culture,2,What is human culture?,1.436589,8.973334,6.545099,-0.207009,1.820547,2.531283,14,18,0.710737,0.018138,0.034353,7.18137,2.1072965,4,8
961,2981,Human,Culture > Language,Language,3,How did human language develop?,-0.254633,7.01823,5.04743,1.974349,0.0,0.0,0,0,0.0,0.0,0.0,10.4708185,3.2418048,-10,-10
962,2981,Human,Culture > The arts,The arts,3,Why do humans create art?,1.380222,10.190894,6.703347,-1.05551,39.847315,30.515338,267,201,-9.331976,0.396991,0.414137,10.476257,1.4102452,257,191
963,2981,Human,Culture > Tools and technologies,Tools and technologies,3,How have tools and technology shaped humanity?,7.711787,6.346653,6.619503,-0.247538,0.154361,1.941022,1,12,1.786662,0.001538,0.026342,7.521042,1.980481,-9,2
964,2981,Human,Culture > Religion and spirituality,Religion and spirituality,3,Why are humans religious?,7.660273,5.891932,11.922684,0.503099,0.0,0.0,0,0,0.0,0.0,0.0,6.804793,3.0721543,-10,-10
965,2981,Human,Culture > Science and philosophy,Science and philosophy,3,How did science and philosophy emerge?,1.244537,8.45326,5.893874,0.832627,2.496245,67.290329,17,434,64.794083,0.02487,0.913227,6.9467387,4.4134717,7,424
966,2981,Human,Society,Society,2,How do human societies function?,2.364628,8.551901,9.378902,1.020121,0.0,0.0,0,0,0.0,0.0,0.0,9.069999,-0.4922047,-10,-10
967,2981,Human,Society > Gender,Gender,3,What is the role of gender in human society?,1.485872,8.162257,11.229121,2.546698,1.510332,1.1953,8,3,-0.315032,0.015047,0.016222,9.376002,-0.84439623,-2,-7
968,2981,Human,Society > Kinship,Kinship,3,How do family relationships work across cultures?,6.367282,7.530503,11.378599,0.093547,0.0,0.0,0,0,0.0,0.0,0.0,9.8659,-1.2105099,-10,-10
969,2981,Human,Society > Ethnicity,Ethnicity,3,What is ethnicity and why does it matter?,2.920514,9.571522,6.306328,0.641935,2.621939,1.265944,16,4,-1.355994,0.026122,0.017181,9.052013,-0.65014654,6,-6
970,2981,Human,Society > Government and politics,Government and politics,3,How do humans organize governments?,2.900962,9.484855,9.309368,1.575023,1.514084,1.294745,8,5,-0.219339,0.015085,0.017572,8.200812,-1.5382206,-2,-5
971,2981,Human,Society > Trade and economics,Trade and economics,3,How does the global economy work?,4.026504,9.172994,10.717752,-0.173738,1.712255,11.757346,7,89,10.045091,0.017059,0.159564,7.0329976,-0.06089399,-3,79
972,2981,Human,Society > Conflict,Conflict,3,Why do humans have wars and conflicts?,7.452813,7.470253,9.050678,2.100284,1.462206,1.574124,7,9,0.111917,0.014568,0.021363,7.8137355,-0.5536926,-3,-1
973,2988,Human settlement,Introduction,Introduction,0,What is a human settlement?,6.69365,4.990292,11.448706,-0.437928,0.0,0.0,0,0,0.0,0.0,0.0,4.4735413,2.3509746,-10,-10
974,2988,Human settlement,History,History,2,How did human settlements develop over time?,0.452305,8.276662,5.134508,0.145429,0.0,1.818542,0,13,1.818542,0.0,0.02468,7.0764403,1.5290096,-10,3
975,2988,Human settlement,History > In landscape history,In landscape history,3,How do human settlements shape the landscape?,0.487668,8.21607,4.315927,1.703268,0.0,0.0,0,0,0.0,0.0,0.0,4.479265,2.369028,-10,-10
976,2988,Human settlement,Statistics > Global trends,Global trends,3,How are settlement patterns changing around the world?,8.430718,7.202615,12.295797,3.008485,1.999463,2.568325,9,12,0.568862,0.01992,0.034856,5.000928,1.4241194,-1,2
977,2988,Human settlement,Statistics > Australia,Australia,3,What are the settlement patterns like in Australia?,1.18365,8.091011,5.218044,0.918256,0.0,1.330196,0,3,1.330196,0.0,0.018053,4.4828687,2.3193448,-10,-7
978,2988,Human settlement,Statistics > Bosnia and Herzegovina,Bosnia and Herzegovina,3,How are people distributed across Bosnia and Herzegovina?,3.545868,6.796883,11.84915,4.098808,1.236301,1.653705,3,6,0.417404,0.012317,0.022443,4.518912,2.351947,-7,-4
979,2988,Human settlement,Statistics > Ireland,Ireland,3,What types of settlements exist in Ireland?,3.524612,6.81438,11.836414,4.082651,1.624754,1.726766,6,8,0.102012,0.016187,0.023435,4.501645,2.294756,-4,-2
980,2988,Human settlement,Statistics > United Kingdom,United Kingdom,3,How many people live in urban versus rural areas in the UK?,3.569977,6.757979,5.084959,0.681738,0.0,0.0,0,0,0.0,0.0,0.0,4.508188,2.304645,-10,-10
981,2988,Human settlement,Statistics > United States,United States,3,What percentage of Americans live in cities?,1.640901,8.514095,5.329857,0.755063,0.0,0.0,0,0,0.0,0.0,0.0,4.4491553,2.3717139,-10,-10
982,2988,Human settlement,Geospatial modeling,Geospatial modeling,2,How do scientists map and predict where people live?,6.478776,7.147535,9.47473,1.556818,1.421239,1.09113,6,3,-0.330109,0.01416,0.014808,4.457931,2.3033268,-4,-7
983,2988,Human settlement,Abandonment,Abandonment,2,Why do people abandon towns and villages?,0.695041,7.98976,5.236515,1.433877,1.056392,1.470253,2,4,0.413861,0.010525,0.019953,4.478523,2.352661,-8,-6
984,3545,Land,Introduction,Introduction,0,What is land?,7.016948,6.44769,11.548232,1.738204,2.204208,1.936786,12,7,-0.267422,0.02196,0.026285,2.8268404,3.1639497,2,-3
985,3545,Land,Definition,Definition,2,How is land defined scientifically?,7.647749,6.445076,11.966354,1.038252,1.61868,2.502132,6,10,0.883451,0.016127,0.033958,2.9969814,2.9407384,-4,0
986,3545,Land,Etymology,Etymology,2,Where does the word land come from?,7.058497,6.297746,11.651668,0.75542,3.968222,1.159576,16,3,-2.808646,0.039535,0.015737,5.834757,3.6007125,6,-7
987,3545,Land,Physical science,Physical science,2,How do scientists study land from a physical perspective?,7.143549,6.789411,12.049182,1.173031,1.735901,2.32345,9,15,0.587549,0.017294,0.031533,3.7887702,3.2034574,-1,5
988,3545,Land,Physical science > Formation,Formation,3,How did land form on Earth?,0.766648,7.245164,4.343261,1.88732,0.0,0.0,0,0,0.0,0.0,0.0,1.5528886,3.850216,-10,-10
989,3545,Land,Physical science > Landmasses,Landmasses,3,What are the major landmasses on Earth?,5.701897,6.050168,11.644025,-0.323037,1.055761,1.06024,2,2,0.004479,0.010518,0.014389,4.866454,1.365069,-8,-8
990,3545,Land,Physical science > Terrain,Terrain,3,What makes different terrains unique?,8.664519,7.647071,12.489997,2.293727,3.072567,9.880745,20,56,6.808178,0.030611,0.134096,2.923305,3.198148,10,46
991,3545,Land,Physical science > Geomorphology,Geomorphology,3,How do landforms change over time?,8.861542,7.546074,12.570305,2.62366,2.27627,3.612443,15,22,1.336174,0.022678,0.049026,3.288454,3.2830687,5,12
992,3545,Land,Physical science > Climate,Climate,3,How does climate affect land?,8.808243,7.247214,12.080786,2.640059,0.976995,1.257712,1,4,0.280717,0.009734,0.017069,2.5681443,3.104314,-9,-6
993,3545,Land,Features,Features,2,What are the main features of land?,4.351626,7.119637,7.982217,3.39052,0.095146,0.0,1,0,-0.095146,0.000948,0.0,3.056423,3.2004943,-9,-10
994,3545,Land,Features > Coasts and islands,Coasts and islands,3,How do coasts and islands form?,8.44451,6.75072,12.069032,2.729276,6.229045,1.112851,34,3,-5.116193,0.062059,0.015103,2.5226736,3.3157375,24,-7
995,3545,Land,Features > Mountains and plateaus,Mountains and plateaus,3,What causes mountains and plateaus to form?,8.411361,6.062734,12.997625,1.073843,1.261571,2.902252,3,15,1.640681,0.012569,0.039388,2.9870148,3.2334256,-7,5
996,3545,Land,Features > Plains and valleys,Plains and valleys,3,How are plains and valleys created?,7.389531,8.641696,12.383893,2.445051,1.397984,1.673907,5,6,0.275923,0.013928,0.022717,2.968313,3.2277682,-5,-4
997,3545,Land,Features > Caves and craters,Caves and craters,3,How do caves and craters develop?,8.608846,6.801946,12.582886,-0.15689,1.885695,1.123705,8,3,-0.76199,0.018787,0.01525,3.1221387,3.2964375,-2,-7
998,3545,Land,Layers,Layers,2,What layers make up land?,8.072948,6.437233,11.564622,2.576326,1.102613,1.166556,2,3,0.063944,0.010985,0.015832,2.5780642,3.4274104,-8,-7
999,3545,Land,Layers > Land cover,Land cover,3,What types of land cover exist on Earth?,8.549203,6.682026,12.327168,1.855584,5.296485,1.029491,32,2,-4.266994,0.052768,0.013972,3.2231011,2.217536,22,-8
1000,3545,Land,Layers > Soil,Soil,3,What is soil made of and why is it important?,6.679442,4.753053,12.062916,-0.715341,0.0,0.0,0,0,0.0,0.0,0.0,2.261549,2.5413058,-10,-10
1001,3545,Land,Layers > Continental crust,Continental crust,3,What is continental crust?,7.545388,5.24129,12.536008,0.299057,0.0,0.0,0,0,0.0,0.0,0.0,2.680647,3.4926338,-10,-10
1002,3545,Land,Life science,Life science,2,How does land support life?,4.964042,6.803514,7.766644,2.659722,2.381404,1.854614,15,12,-0.52679,0.023725,0.02517,3.0382144,2.0803795,5,2
1003,3545,Land,Life science > Land biomes,Land biomes,3,What are the different land biomes around the world?,1.062857,7.178241,4.333449,1.834217,4.977469,1.983296,48,15,-2.994173,0.04959,0.026916,2.4538445,2.7071671,38,5
1004,3545,Land,Life science > Fauna and flora,Fauna and flora,3,What kinds of animals and plants live on land?,8.109649,5.7821,12.548351,1.555565,2.83039,13.772052,18,79,10.941662,0.028199,0.186907,1.7967885,2.6448028,8,69
1005,3545,Land,Humans and land,Humans and land,2,How do humans interact with land?,8.423561,8.38936,11.973872,3.614811,1.126071,1.100324,3,2,-0.025748,0.011219,0.014933,3.139425,2.2089374,-7,-8
1006,3545,Land,Humans and land > Culture,Culture,3,How has land shaped human culture?,0.093111,8.381531,4.584946,0.514308,35.228765,26.189478,210,158,-9.039287,0.350978,0.355429,6.018843,3.450555,200,148
1007,3545,Land,Humans and land > Travel,Travel,3,How do people travel across land?,6.932815,8.832917,3.961415,0.513648,1.243193,1.640723,4,11,0.39753,0.012386,0.022267,6.080447,0.71548045,-6,1
1008,3545,Land,Humans and land > Trade,Trade,3,How has land trade developed throughout history?,5.316752,5.446099,10.748408,-0.611509,1.993137,1.633623,14,9,-0.359514,0.019857,0.022171,7.1086164,0.10358794,4,-1
1009,3545,Land,Humans and land > Land use,Land use,3,What are the different ways humans use land?,6.247867,8.797342,10.23908,2.789406,1.641701,2.130749,9,13,0.489048,0.016356,0.028917,3.2269723,2.0664635,-1,3
1010,3545,Land,Humans and land > Law,Law,3,How do laws govern land ownership and rights?,7.387198,8.41897,10.958099,2.91981,1.413923,2.298169,5,14,0.884246,0.014087,0.031189,8.91852,-1.6486387,-5,4
1011,3545,Land,Humans and land > Geopolitics,Geopolitics,3,Why is land important in geopolitics?,2.023524,8.302504,11.695532,1.747027,3.213255,1.047217,30,2,-2.166038,0.032013,0.014212,7.713268,-0.5221246,20,-8
1012,3545,Land,Environmental issues,Environmental issues,2,What environmental problems affect land?,7.48149,8.66369,11.782151,2.968708,1.917838,1.035215,7,2,-0.882623,0.019107,0.014049,3.1264315,2.1512098,-3,-8
1013,3545,Land,Environmental issues > Soil degradation,Soil degradation,3,What causes soil degradation?,8.287426,8.572706,10.630765,3.051232,0.964738,1.092191,1,2,0.127452,0.009612,0.014823,3.0892186,2.145286,-9,-8
1014,3545,Land,Environmental issues > Pollution,Pollution,3,How does pollution affect land?,8.209758,8.491141,12.124937,2.348526,1.201545,1.302948,4,5,0.101403,0.011971,0.017683,3.0326855,2.4296455,-6,-5
1015,3545,Land,Environmental issues > Biodiversity loss,Biodiversity loss,3,Why is land biodiversity declining?,7.36517,8.479673,11.971042,2.190896,3.51137,11.365128,20,64,7.853758,0.034983,0.154241,2.7562723,1.9985301,10,54
1016,3545,Land,Environmental issues > Resource depletion,Resource depletion,3,What natural resources are being depleted from land?,8.848015,7.33251,11.907483,2.542912,1.125527,1.510639,3,7,0.385112,0.011213,0.020502,3.156747,2.1595647,-7,-3
1017,3551,Language,Introduction,Introduction,0,What is language?,0.191885,7.427594,4.29647,1.026458,0.258033,0.0,1,0,-0.258033,0.002571,0.0,10.433584,3.132273,-9,-10
1018,3551,Language,Definitions,Definitions,2,How do linguists define language?,0.411312,7.116259,4.020716,1.02392,0.0,0.0,0,0,0.0,0.0,0.0,10.476848,3.0601912,-10,-10
1019,3551,Language,"Definitions > Mental faculty, organ or instinct","Mental faculty, organ or instinct",3,Is language an innate mental ability or something we learn?,0.317602,8.384425,4.704283,0.878571,1.763244,0.943298,7,1,-0.819946,0.017567,0.012802,10.361338,3.1811552,-3,-9
1020,3551,Language,Definitions > Formal symbolic system,Formal symbolic system,3,Can language be understood as a symbolic system?,0.615458,9.300393,6.912264,-0.208863,0.972862,0.0,1,0,-0.972862,0.009692,0.0,10.474092,3.1402984,-9,-10
1021,3551,Language,Definitions > Tool for communication,Tool for communication,3,How does language function as a communication tool?,3.708875,9.327034,10.881921,-0.800451,1.141199,0.0,4,0,-1.141199,0.01137,0.0,10.526377,3.1903787,-6,-10
1022,3551,Language,Definitions > Human versus animal language,Human versus animal language,3,What makes human language different from animal communication?,2.613105,8.533699,10.513519,-0.264196,1.102916,1.639524,3,7,0.536608,0.010988,0.022251,10.49123,3.255807,-7,-3
1023,3551,Language,Origin,Origin,2,Where did language come from?,7.269143,6.758275,11.012372,-0.095793,0.0,0.0,0,0,0.0,0.0,0.0,10.428553,3.0247831,-10,-10
1024,3551,Language,Study,Study,2,How do researchers study language?,5.749272,7.214557,7.606865,2.928409,9.060305,0.0,73,0,-9.060305,0.090266,0.0,10.491963,3.143651,63,-10
1025,3551,Language,Study > Subdisciplines,Subdisciplines,3,What are the different branches of linguistics?,1.682439,9.864482,6.622563,-0.243824,0.976389,0.0,1,0,-0.976389,0.009728,0.0,10.480681,3.1530786,-9,-10
1026,3551,Language,Study > Early history,Early history,3,When did people first start studying language systematically?,1.771776,9.637251,7.953429,0.494879,0.0,0.0,0,0,0.0,0.0,0.0,10.524561,3.1086943,-10,-10
1027,3551,Language,Study > Modern linguistics,Modern linguistics,3,How has linguistics evolved as a modern science?,2.959363,9.200953,10.59465,-0.761125,0.0,0.0,0,0,0.0,0.0,0.0,10.526977,3.1542754,-10,-10
1028,3551,Language,Physiological and neural architecture of language and speech,Physiological and neural architecture of language and speech,2,How does the human body produce and process language?,4.612597,6.594164,6.906242,-0.316063,2.719509,4.470764,21,25,1.751255,0.027094,0.060675,10.332712,3.213273,11,15
1029,3551,Language,Physiological and neural architecture of language and speech > The brain,The brain,3,Which parts of the brain control language?,8.015827,5.732286,6.838185,-0.44557,1.23877,10.894397,5,90,9.655628,0.012342,0.147853,10.076728,3.4524732,-5,80
1030,3551,Language,Physiological and neural architecture of language and speech > Anatomy of speech,Anatomy of speech,3,How do our vocal organs create speech sounds?,1.971338,6.647331,10.566699,-0.542335,1.160836,0.958577,3,1,-0.202258,0.011565,0.013009,10.332044,3.0180383,-7,-9
1031,3551,Language,Modality,Modality,2,What are the different modes of language like speech and sign?,7.312025,8.641125,12.247728,2.561528,1.1879,2.2522,4,10,1.0643,0.011835,0.030566,10.399259,3.0792308,-6,0
1032,3551,Language,Structure,Structure,2,How is language organized and structured?,1.237972,9.949516,6.838693,-0.238213,1.133781,0.0,3,0,-1.133781,0.011296,0.0,10.459441,3.1365268,-7,-10
1033,3551,Language,Structure > Semantics,Semantics,3,How does language convey meaning?,6.646258,7.183433,7.552588,-0.252053,0.968931,0.0,1,0,-0.968931,0.009653,0.0,10.475766,3.1472824,-9,-10
1034,3551,Language,Structure > Sounds and symbols,Sounds and symbols,3,How do sounds and writing systems represent language?,7.182467,7.365854,9.603863,0.230393,1.917388,0.0,6,0,-1.917388,0.019103,0.0,10.333154,3.0155776,-4,-10
1035,3551,Language,Structure > Grammar,Grammar,3,What are the rules that govern how language works?,1.685289,8.149324,7.19251,-1.053582,2.16052,0.126373,15,1,-2.034147,0.021525,0.001715,10.502346,3.1425955,5,-9
1036,3551,Language,Structure > Grammar > Grammatical categories,Grammatical categories,4,What are grammatical categories like tense and number?,8.119607,7.685178,6.892203,-0.309668,1.034006,1.12902,2,2,0.095014,0.010302,0.015322,10.523015,3.1185677,-8,-8
1037,3551,Language,Structure > Grammar > Word classes,Word classes,4,What are the different types of words like nouns and verbs?,8.269819,7.530838,6.789383,0.319758,1.377892,5.733603,5,49,4.35571,0.013728,0.077813,10.48246,3.1174624,-5,39
1038,3551,Language,Structure > Grammar > Morphology,Morphology,4,How are words formed and modified?,7.499532,6.582338,10.10183,0.033354,1.09654,0.0,2,0,-1.09654,0.010925,0.0,10.454909,3.0984833,-8,-10
1039,3551,Language,Structure > Grammar > Syntax,Syntax,4,How do words combine to form sentences?,7.408803,7.672316,7.055196,-0.369771,1.278479,2.230208,6,12,0.951729,0.012737,0.030267,10.454235,3.0613778,-4,2
1040,3551,Language,Structure > Typology and universals,Typology and universals,3,What patterns do all languages share?,7.624,7.051416,9.130543,0.291195,1.574341,0.0,5,0,-1.574341,0.015685,0.0,10.4415455,3.0918968,-5,-10
1041,3551,Language,Social contexts of use and transmission,Social contexts of use and transmission,2,How is language used in society?,6.378119,7.525558,10.15648,0.020448,1.910223,0.0,12,0,-1.910223,0.019031,0.0,10.379365,3.1297894,2,-10
1042,3551,Language,Social contexts of use and transmission > Usage and meaning,Usage and meaning,3,How does context shape what words mean?,6.49937,7.898227,7.031701,-1.087295,2.409886,4.167548,16,30,1.757661,0.024009,0.05656,10.470812,3.1150923,6,20
1043,3551,Language,Social contexts of use and transmission > Acquisition,Acquisition,3,How do children learn their first language?,3.725438,9.221979,7.092006,-0.004984,1.079257,2.179344,3,11,1.100087,0.010752,0.029577,10.274528,3.2078419,-7,1
1044,3551,Language,Social contexts of use and transmission > Culture,Culture,3,What is the relationship between language and culture?,7.560549,6.687227,10.899131,-0.070436,21.157812,0.0,100,0,-21.157812,0.210791,0.0,10.400121,3.0819068,90,-10
1045,3551,Language,"Social contexts of use and transmission > Writing, literacy and technology","Writing, literacy and technology",3,How has writing changed the way we use language?,0.994946,8.134677,10.794943,-0.185155,3.226031,0.956441,28,1,-2.269591,0.03214,0.01298,9.76229,2.4131885,18,-9
1046,3551,Language,Social contexts of use and transmission > Change,Change,3,Why do languages change over time?,1.738261,9.204368,6.969731,-0.274013,2.188461,0.196702,15,1,-1.991759,0.021803,0.00267,10.341845,3.0133295,5,-9
1047,3551,Language,Social contexts of use and transmission > Contact,Contact,3,What happens when speakers of different languages interact?,6.946272,7.535765,7.161848,0.720306,1.086927,0.0,3,0,-1.086927,0.010829,0.0,10.343103,3.0776744,-7,-10
1048,3551,Language,Linguistic diversity,Linguistic diversity,2,How many languages exist in the world?,6.091199,5.355937,7.769158,0.790503,0.950405,0.938391,1,1,-0.012014,0.009469,0.012735,5.652225,1.3063058,-9,-9
1049,3551,Language,Linguistic diversity > Languages and dialects,Languages and dialects,3,What's the difference between a language and a dialect?,7.945621,6.821921,12.943229,0.786874,8.600443,2.530981,41,10,-6.069462,0.085685,0.034349,10.457579,3.1108878,31,0
1050,3551,Language,Linguistic diversity > Language families of the world,Language families of the world,3,How are the world's languages related to each other?,7.628284,7.278518,12.819999,0.631305,3.225915,0.158236,14,2,-3.06768,0.032139,0.002147,5.689433,1.284513,4,-8
1051,3551,Language,Linguistic diversity > Language endangerment,Language endangerment,3,Why are languages disappearing?,1.40085,9.925215,7.154568,-0.427125,0.970163,0.0,1,0,-0.970163,0.009666,0.0,10.24852,3.0667665,-9,-10
1052,3642,Life,Introduction,Introduction,0,What is life?,6.55706,7.248611,11.700644,1.178783,8.255818,5.820786,40,35,-2.435032,0.082251,0.078997,1.6722053,2.303809,30,25
1053,3642,Life,Definitions > Challenge,Challenge,3,Why is it so difficult to define what life is?,6.895586,8.966462,6.485326,0.72099,2.077093,7.08748,15,74,5.010387,0.020694,0.096187,1.7815199,2.2699213,5,64
1054,3642,Life,Definitions > Descriptive,Descriptive,3,How do scientists describe the characteristics of living things?,5.663703,5.251199,11.675635,0.021963,0.0,0.0,0,0,0.0,0.0,0.0,1.6710696,2.2100854,-10,-10
1055,3642,Life,Definitions > Physics,Physics,3,How does physics explain life?,5.413394,8.753718,11.435791,0.102533,0.087034,0.067043,1,1,-0.019991,0.000867,0.00091,1.6655537,2.1727743,-9,-9
1056,3642,Life,Definitions > Living systems,Living systems,3,What makes something a living system?,7.490035,5.323526,12.29721,-0.121154,0.0,0.0,0,0,0.0,0.0,0.0,1.7085906,2.2276647,-10,-10
1057,3642,Life,Definitions > Death,Death,3,How is death defined biologically?,1.241422,7.435885,4.917318,2.443578,0.0,0.0,0,0,0.0,0.0,0.0,5.471818,2.6230798,-10,-10
1058,3642,Life,Definitions > Viruses,Viruses,3,Are viruses considered alive?,-0.113473,7.063995,4.556715,1.828069,0.0,0.0,0,0,0.0,0.0,0.0,1.5253401,2.170438,-10,-10
1059,3642,Life,History of study > Materialism,Materialism,3,What is materialism in biology?,7.504247,5.924604,12.058263,-0.397871,0.0,0.0,0,0,0.0,0.0,0.0,4.860453,4.4659076,-10,-10
1060,3642,Life,History of study > Hylomorphism,Hylomorphism,3,What is hylomorphism and how does it relate to life?,2.613038,9.457699,7.874574,0.283714,0.963941,0.0,1,0,-0.963941,0.009604,0.0,4.853859,4.3826456,-9,-10
1061,3642,Life,History of study > Spontaneous generation,Spontaneous generation,3,Did people once believe life could arise spontaneously from non-living matter?,-1.060163,6.815126,5.960579,1.85574,0.0,0.0,0,0,0.0,0.0,0.0,1.5780727,1.8225081,-10,-10
1062,3642,Life,History of study > Vitalism,Vitalism,3,What is vitalism and why did scientists once believe in it?,3.973114,9.01332,6.525684,1.017196,1.047154,8.79552,2,64,7.748366,0.010433,0.119368,4.767837,4.4990106,-8,54
1063,3642,Life,Development > Origin of life,Origin of life,3,How did life first begin on Earth?,6.319259,7.011844,6.362305,2.275754,0.0,0.0,0,0,0.0,0.0,0.0,1.3336258,3.1420333,-10,-10
1064,3642,Life,Development > Evolution,Evolution,3,How does evolution explain the diversity of life?,8.526968,6.559084,12.372364,2.03916,1.114157,1.201029,2,3,0.086872,0.0111,0.0163,1.5119922,1.3771037,-8,-7
1065,3642,Life,Development > Fossils,Fossils,3,What do fossils tell us about ancient life?,3.80959,7.188992,7.43997,3.394837,0.968574,0.0,1,0,-0.968574,0.00965,0.0,1.3607076,3.08603,-9,-10
1066,3642,Life,Development > Extinction,Extinction,3,Why do species go extinct?,-0.495064,6.332148,8.511416,2.772336,0.0,0.0,0,0,0.0,0.0,0.0,1.7343299,1.435158,-10,-10
1067,3642,Life,Environmental conditions,Environmental conditions,2,What environmental conditions does life need to survive?,3.053142,9.104263,5.301151,1.641787,0.0,0.0,0,0,0.0,0.0,0.0,1.980138,2.7152395,-10,-10
1068,3642,Life,Environmental conditions > Biosphere,Biosphere,3,What is the biosphere?,6.741254,4.726838,8.509851,1.802692,0.0,0.0,0,0,0.0,0.0,0.0,2.0964072,2.8718202,-10,-10
1069,3642,Life,Environmental conditions > Range of tolerance,Range of tolerance,3,What environmental limits can organisms tolerate?,1.548,7.304078,7.192364,1.154728,1.687494,0.940754,10,1,-0.74674,0.016812,0.012767,2.140599,2.4366992,0,-9
1070,3642,Life,Environmental conditions > Extremophiles,Extremophiles,3,How do extremophiles survive in extreme environments?,6.162989,5.976849,11.779826,1.081462,1.155822,1.074676,3,2,-0.081146,0.011515,0.014585,2.022055,2.6639328,-7,-8
1071,3642,Life,Classification > Antiquity,Antiquity,3,How did ancient civilizations classify living things?,6.896518,6.321753,9.158224,1.712675,0.0,0.0,0,0,0.0,0.0,0.0,1.4452254,2.0685303,-10,-10
1072,3642,Life,Classification > Linnaean,Linnaean,3,What is the Linnaean classification system?,6.587789,5.489606,7.050678,1.116366,0.0,0.0,0,0,0.0,0.0,0.0,1.2405326,2.1372216,-10,-10
1073,3642,Life,Classification > Metagenomic,Metagenomic,3,How has DNA sequencing changed how we classify organisms?,8.78283,6.775021,12.109989,1.784842,2.424357,2.266987,14,13,-0.15737,0.024153,0.030766,1.4279692,1.8696085,4,3
1074,3642,Life,Composition > Chemical elements,Chemical elements,3,What chemical elements are essential for life?,5.857181,7.106898,8.73485,0.337792,0.970726,1.182509,1,3,0.211783,0.009671,0.016048,1.626726,2.4378927,-9,-7
1075,3642,Life,Composition > DNA,DNA,3,What role does DNA play in living organisms?,7.163458,5.059252,11.79582,-0.133935,0.0,0.0,0,0,0.0,0.0,0.0,1.1799774,1.9619899,-10,-10
1076,3642,Life,Composition > Cells,Cells,3,What are cells and why are they important?,6.212152,5.170764,6.674936,-1.077129,1.223156,0.064625,3,1,-1.158532,0.012186,0.000877,0.7031611,2.171917,-7,-9
1077,3642,Life,Composition > Multicellular structure,Multicellular structure,3,How are multicellular organisms structured?,3.841493,9.11105,7.124155,1.031522,0.0,0.0,0,0,0.0,0.0,0.0,0.78686285,2.3115792,-10,-10
1078,3642,Life,In the universe,In the universe,2,Could life exist elsewhere in the universe?,0.534175,7.956169,6.194444,1.915403,0.968311,0.0,1,0,-0.968311,0.009647,0.0,2.250877,4.5009456,-9,-10
1079,3642,Life,Artificial,Artificial,2,Can scientists create artificial life?,-0.318394,6.969312,3.912861,1.721052,0.0,0.0,0,0,0.0,0.0,0.0,1.6470671,2.2281845,-10,-10
1080,3668,Literature,Introduction,Introduction,0,What is literature?,6.547526,5.522066,10.701994,0.717678,0.0,0.0,0,0,0.0,0.0,0.0,10.376276,1.3232044,-10,-10
1081,3668,Literature,Definitions,Definitions,2,How is literature defined?,6.623434,5.261054,11.638132,-0.207864,0.0,0.0,0,0,0.0,0.0,0.0,10.370628,1.3349676,-10,-10
1082,3668,Literature,History > Oral literature,Oral literature,3,How did oral literature work before writing was invented?,6.459846,8.749409,10.687668,-0.765577,2.180736,11.254174,16,96,9.073438,0.021726,0.152735,9.942097,1.4487853,6,86
1083,3668,Literature,History > Oral literature > Oratory,Oratory,4,What role did oratory play in ancient literature?,4.901684,7.335053,7.351779,2.439683,1.895451,2.701713,12,19,0.806263,0.018884,0.036666,10.417427,1.3802496,2,9
1084,3668,Literature,History > Writing,Writing,3,How did the invention of writing change literature?,8.200486,5.585401,11.126222,-0.420217,0.0,0.0,0,0,0.0,0.0,0.0,9.65928,2.3365104,-10,-10
1085,3668,Literature,History > Early written literature,Early written literature,3,What are the earliest examples of written literature?,0.442675,6.986299,4.350571,1.616325,0.0,0.0,0,0,0.0,0.0,0.0,9.969188,1.8309561,-10,-10
1086,3668,Literature,History > Publishing,Publishing,3,How did publishing transform the spread of literature?,0.807592,7.81487,4.548602,1.390532,0.0,0.0,0,0,0.0,0.0,0.0,9.64709,1.5535969,-10,-10
1087,3668,Literature,History > University discipline > In England,In England,4,When did literature become an academic subject in England?,4.320075,7.910673,9.542396,3.908778,1.586611,1.94663,7,12,0.360019,0.015807,0.026419,9.210003,0.97766376,-3,2
1088,3668,Literature,History > Women and literature,Women and literature,3,How have women contributed to literary history?,8.108555,7.067826,12.986076,2.519115,1.093754,1.076452,2,3,-0.017302,0.010897,0.014609,10.083363,1.4235479,-8,-7
1089,3668,Literature,History > Children's literature,Children's literature,3,When did children's literature emerge as a genre?,8.655428,7.146705,11.779509,3.347432,0.953629,0.956784,1,1,0.003155,0.009501,0.012985,10.405883,1.4966141,-9,-9
1090,3668,Literature,Study and criticism > Literary theory,Literary theory,3,What is literary theory?,3.721538,7.359948,7.591433,3.518498,1.744967,0.962792,10,1,-0.782175,0.017385,0.013066,10.329627,1.3326269,0,-9
1091,3668,Literature,Study and criticism > Literary fiction,Literary fiction,3,What makes fiction literary rather than popular?,0.437836,8.780507,5.793174,0.675204,1.942012,10.527856,13,74,8.585844,0.019348,0.142878,10.312246,1.3663851,3,64
1092,3668,Literature,Study and criticism > The value of imaginative literature,The value of imaginative literature,3,Why is imaginative literature valuable?,7.761161,6.058136,10.418242,-0.542098,2.481973,1.429522,13,6,-1.052451,0.024727,0.019401,9.229935,4.4142585,3,-4
1093,3668,Literature,The influence of religious texts,The influence of religious texts,2,How have religious texts influenced literature?,7.353415,7.243371,11.704809,0.175857,1.015621,1.017026,2,2,0.001404,0.010118,0.013803,9.824052,1.923471,-8,-8
1094,3668,Literature,Types > Poetry,Poetry,3,What makes poetry different from other forms of writing?,0.713314,7.865786,5.649667,1.907468,0.0,0.0,0,0,0.0,0.0,0.0,10.298968,1.4979074,-10,-10
1095,3668,Literature,Types > Prose,Prose,3,What is prose?,1.224601,9.002946,9.911698,-0.561044,1.024958,1.813106,2,11,0.788148,0.010211,0.024606,10.155172,1.6025175,-8,1
1096,3668,Literature,Types > Prose > Novel,Novel,4,What defines a novel?,2.222409,8.421208,5.951113,2.175191,0.0,0.0,0,0,0.0,0.0,0.0,10.327754,1.339877,-10,-10
1097,3668,Literature,Types > Prose > Novella,Novella,4,What is a novella and how is it different from a novel?,4.01119,7.739113,11.472829,3.901114,1.64284,2.110244,9,11,0.467404,0.016367,0.028639,10.322083,1.3847177,-1,1
1098,3668,Literature,Types > Prose > Short story,Short story,4,What makes a short story unique as a literary form?,4.349463,7.208655,11.488941,3.93523,5.516047,3.026636,44,23,-2.489411,0.054955,0.041076,10.248785,1.3932669,34,13
1099,3668,Literature,Types > Prose > Non-fiction,Non-fiction,4,Can non-fiction be considered literature?,8.551435,7.588203,11.658508,1.015202,1.194489,1.109375,3,2,-0.085114,0.0119,0.015056,10.315256,1.4629679,-7,-8
1100,3668,Literature,Types > Drama,Drama,3,How does drama differ from other literary forms?,7.570379,6.388193,11.516294,-0.536493,0.977461,0.952851,1,1,-0.024609,0.009738,0.012932,10.936195,1.1231549,-9,-9
1101,3668,Literature,Law > Copyright,Copyright,3,How does copyright law protect literary works?,1.843222,8.459929,6.704514,2.675868,0.0,0.0,0,0,0.0,0.0,0.0,10.223269,0.73722696,-10,-10
1102,3668,Literature,Law > Copyright > United Kingdom,United Kingdom,4,What are the copyright laws for literature in the UK?,2.020592,8.698483,5.817863,0.732868,0.0,0.0,0,0,0.0,0.0,0.0,10.34061,1.1118956,-10,-10
1103,3668,Literature,Law > Copyright > United States,United States,4,How does copyright work for authors in the United States?,4.326643,7.669548,9.496332,3.725882,5.894669,4.597191,52,32,-1.297479,0.058727,0.062391,10.032085,0.49375525,42,22
1104,3668,Literature,Law > Copyright > European Union,European Union,4,What are the EU copyright rules for literary works?,8.114083,6.624149,9.567411,3.681543,1.461971,1.466319,4,4,0.004348,0.014565,0.0199,9.991782,0.42887086,-6,-6
1105,3668,Literature,Law > Copyright > Copyright in Japan,Copyright in Japan,4,How does Japan's copyright law treat literature?,4.489067,8.02315,9.452072,3.723178,1.745793,1.925311,8,11,0.179518,0.017393,0.026129,9.972795,0.47108284,-2,1
1106,3668,Literature,Law > Censorship,Censorship,3,Why are books censored?,5.826988,6.399066,12.913371,1.869668,1.501117,2.369747,7,16,0.868629,0.014955,0.032161,10.303634,1.3775773,-3,6
1107,3668,Literature,Awards,Awards,2,What are the major literary awards?,1.692763,9.127904,6.532319,-0.511712,1.884588,2.32058,11,11,0.435992,0.018776,0.031494,10.204959,1.4027542,1,1
1108,3679,Logic,Introduction,Introduction,0,What is logic?,-0.967598,6.955344,11.858306,-0.697936,0.0,0.0,0,0,0.0,0.0,0.0,9.6456785,6.953907,-10,-10
1109,3679,Logic,Definition,Definition,2,How is logic defined?,5.180108,9.044188,5.574098,2.119577,0.0,0.0,0,0,0.0,0.0,0.0,9.6560955,6.976781,-10,-10
1110,3679,Logic,Definition > Formal logic,Formal logic,3,What is formal logic?,-0.630956,6.738481,4.324534,0.820675,1.575183,4.401789,8,26,2.826606,0.015693,0.059739,9.618283,6.978449,-2,16
1111,3679,Logic,Definition > Informal logic,Informal logic,3,What is informal logic?,2.845771,9.887663,5.405953,1.116734,0.0,0.266369,0,2,0.266369,0.0,0.003615,9.713134,6.9388185,-10,-8
1112,3679,Logic,"Basic concepts > Premises, conclusions, and truth > Premises and conclusions",Premises and conclusions,4,What are premises and conclusions in logic?,2.025136,8.396284,4.099992,1.130358,0.0,0.0,0,0,0.0,0.0,0.0,9.767761,6.892513,-10,-10
1113,3679,Logic,"Basic concepts > Premises, conclusions, and truth > Internal structure",Internal structure,4,How are logical statements structured internally?,5.216242,5.338206,5.57532,2.374388,0.0,0.0,0,0,0.0,0.0,0.0,9.723555,6.9423795,-10,-10
1114,3679,Logic,"Basic concepts > Premises, conclusions, and truth > Logical truth",Logical truth,4,What makes something logically true?,4.850111,8.317145,9.698915,2.617534,1.522946,1.108429,6,2,-0.414518,0.015173,0.015043,9.715498,6.946438,-4,-8
1115,3679,Logic,"Basic concepts > Premises, conclusions, and truth > Truth tables",Truth tables,4,How do truth tables work?,5.663715,6.690147,11.348611,3.12972,1.026642,0.0,2,0,-1.026642,0.010228,0.0,9.721978,6.9506187,-8,-10
1116,3679,Logic,Basic concepts > Arguments and inferences,Arguments and inferences,3,What's the difference between arguments and inferences?,6.42949,5.113251,6.635085,2.562305,0.0,0.0,0,0,0.0,0.0,0.0,9.782602,6.9064245,-10,-10
1117,3679,Logic,Basic concepts > Arguments and inferences > Deductive,Deductive,4,What is deductive reasoning?,-0.843375,6.896577,3.972564,0.526741,0.0,0.0,0,0,0.0,0.0,0.0,9.733317,6.9260488,-10,-10
1118,3679,Logic,Basic concepts > Arguments and inferences > Ampliative,Ampliative,4,What is ampliative reasoning?,-0.789085,7.292694,4.987118,0.417335,0.0,0.0,0,0,0.0,0.0,0.0,9.749724,6.88562,-10,-10
1119,3679,Logic,Basic concepts > Fallacies,Fallacies,3,What are logical fallacies?,1.6698,7.525729,8.580269,0.732015,0.0,0.0,0,0,0.0,0.0,0.0,9.743383,6.925158,-10,-10
1120,3679,Logic,Basic concepts > Definitory and strategic rules,Definitory and strategic rules,3,What are the rules of logical reasoning?,3.631527,8.684994,5.283248,2.161821,0.0,0.0,0,0,0.0,0.0,0.0,9.746074,6.909987,-10,-10
1121,3679,Logic,Basic concepts > Formal systems,Formal systems,3,What are formal systems in logic?,7.849041,9.212956,4.888522,1.171777,0.0,0.0,0,0,0.0,0.0,0.0,9.660819,6.975482,-10,-10
1122,3679,Logic,Systems of logic,Systems of logic,2,What are the main systems of logic?,3.865473,7.178548,6.850903,3.072736,0.0,0.0,0,0,0.0,0.0,0.0,9.616482,7.0033402,-10,-10
1123,3679,Logic,Systems of logic > Aristotelian,Aristotelian,3,What is Aristotelian logic?,0.332847,8.016189,4.774933,1.94305,0.0,0.0,0,0,0.0,0.0,0.0,9.742389,6.9173517,-10,-10
1124,3679,Logic,Systems of logic > Classical,Classical,3,What is classical logic?,1.703467,7.870415,4.915038,1.189756,0.0,0.0,0,0,0.0,0.0,0.0,9.6235695,7.007755,-10,-10
1125,3679,Logic,Systems of logic > Classical > Propositional logic,Propositional logic,4,What is propositional logic?,3.773747,7.294459,4.982749,1.254558,0.0,0.0,0,0,0.0,0.0,0.0,9.705941,6.9686337,-10,-10
1126,3679,Logic,Systems of logic > Classical > First-order logic,First-order logic,4,What is first-order logic?,1.52819,7.496885,4.494562,1.675466,0.0,0.0,0,0,0.0,0.0,0.0,9.732812,6.944111,-10,-10
1127,3679,Logic,Systems of logic > Extended,Extended,3,What are extended logical systems?,5.008899,5.815452,4.878496,1.174044,3.007418,6.5374,22,57,3.529983,0.029962,0.088722,9.686665,6.962424,12,47
1128,3679,Logic,Systems of logic > Extended > Modal logic,Modal logic,4,What is modal logic?,5.075713,5.628088,4.77682,0.921977,0.934516,1.087327,1,2,0.152811,0.00931,0.014757,9.666005,7.040381,-9,-8
1129,3679,Logic,Systems of logic > Extended > Higher order logic,Higher order logic,4,What is higher order logic?,5.164987,5.59169,9.705697,2.175676,0.0,0.0,0,0,0.0,0.0,0.0,9.699121,6.9993944,-10,-10
1130,3679,Logic,Systems of logic > Deviant,Deviant,3,What are deviant logics?,-1.021635,6.913514,5.024505,0.734284,0.0,0.0,0,0,0.0,0.0,0.0,9.669578,7.0132113,-10,-10
1131,3679,Logic,Systems of logic > Informal,Informal,3,What makes a logical system informal?,1.654516,9.471523,5.785892,2.388493,0.0,0.0,0,0,0.0,0.0,0.0,9.719449,6.940331,-10,-10
1132,3679,Logic,Areas of research,Areas of research,2,What do logicians research?,1.603177,7.86366,5.905385,2.453412,0.0,0.0,0,0,0.0,0.0,0.0,9.531741,6.912231,-10,-10
1133,3679,Logic,Areas of research > Philosophy of logic and philosophical logic,Philosophy of logic and philosophical logic,3,What is philosophy of logic?,-0.462451,6.713731,5.929713,2.595952,0.0,0.0,0,0,0.0,0.0,0.0,9.572673,6.9156823,-10,-10
1134,3679,Logic,Areas of research > Metalogic,Metalogic,3,What is metalogic?,5.316185,5.292361,6.208876,-0.567947,0.0,0.0,0,0,0.0,0.0,0.0,9.614079,6.9951596,-10,-10
1135,3679,Logic,Areas of research > Mathematical logic,Mathematical logic,3,What is mathematical logic?,6.658558,6.47016,11.184923,1.678418,0.0,0.0,0,0,0.0,0.0,0.0,9.394495,7.145182,-10,-10
1136,3679,Logic,Areas of research > Computational logic,Computational logic,3,What is computational logic?,7.188643,5.145866,7.523417,1.560374,0.0,0.0,0,0,0.0,0.0,0.0,9.557765,6.9947853,-10,-10
1137,3679,Logic,Areas of research > Formal semantics of natural language,Formal semantics of natural language,3,How is logic used to study natural language?,5.10766,8.586438,7.972524,1.39929,0.0,0.0,0,0,0.0,0.0,0.0,9.562955,6.965988,-10,-10
1138,3679,Logic,Areas of research > Epistemology of logic,Epistemology of logic,3,How do we know logical principles are true?,6.715148,5.36197,7.177367,1.661456,0.0,0.0,0,0,0.0,0.0,0.0,9.700166,6.8894734,-10,-10
1139,3679,Logic,History,History,2,How did logic develop historically?,-0.788473,6.936513,5.216233,0.360568,0.0,0.0,0,0,0.0,0.0,0.0,7.9366837,7.4180846,-10,-10
1140,3881,Mass media,Introduction,Introduction,0,What is mass media?,6.784575,6.65479,11.600647,1.15133,13.910199,5.419201,69,28,-8.490998,0.138585,0.073546,10.624728,2.160523,59,18
1141,3881,Mass media,Definition,Definition,2,How is mass media defined?,6.000776,6.403793,11.561327,-0.035529,0.0,0.0,0,0,0.0,0.0,0.0,10.61735,2.1046956,-10,-10
1142,3881,Mass media,Definition > Characteristics,Characteristics,3,What makes mass media different from other forms of communication?,4.586454,7.906292,12.684216,1.872444,1.280462,1.144731,5,3,-0.135732,0.012757,0.015536,10.665927,2.3782887,-5,-7
1143,3881,Mass media,Definition > Mainstream media,Mainstream media,3,What does mainstream media mean?,4.741819,8.204234,9.108003,2.013783,1.421908,1.354028,6,8,-0.06788,0.014166,0.018376,10.638926,2.2038982,-4,-2
1144,3881,Mass media,History,History,2,How did mass media develop over time?,2.708403,9.662677,7.350531,0.453901,2.227232,5.307694,18,34,3.080462,0.022189,0.072033,10.077242,1.7497612,8,24
1145,3881,Mass media,History > Mergers and acquisitions,Mergers and acquisitions,3,Why do media companies merge with each other?,3.284162,7.465337,11.673416,3.591644,1.617943,1.050862,9,2,-0.567081,0.016119,0.014262,10.608466,2.1311178,-1,-8
1146,3881,Mass media,Influence and sociology,Influence and sociology,2,How does mass media influence society?,7.462426,7.948088,10.638889,3.968404,9.322856,1.732861,59,11,-7.589995,0.092882,0.023517,10.574126,2.2117867,49,1
1147,3881,Mass media,Influence and sociology > Racism and stereotyping,Racism and stereotyping,3,Does mass media perpetuate racial stereotypes?,2.982308,7.637,8.07763,2.401742,4.393258,1.294181,39,5,-3.099077,0.043769,0.017564,10.579589,2.2267463,29,-5
1148,3881,Mass media,Ethical issues and criticism,Ethical issues and criticism,2,What are the main ethical concerns with mass media?,7.95624,7.611173,11.440909,2.424795,1.727037,1.333164,10,5,-0.393873,0.017206,0.018093,10.6149,2.193646,0,-5
1149,3881,Mass media,Ethical issues and criticism > Criticism,Criticism,3,What criticisms do people have about mass media?,3.976068,7.87221,9.692321,3.846197,1.160796,1.261213,4,5,0.100417,0.011565,0.017116,10.618215,2.1818585,-6,-5
1150,3881,Mass media,Forms > Broadcast media,Broadcast media,3,What are examples of broadcast media?,0.088472,7.385972,4.856073,0.846967,34.513204,2.428773,269,17,-32.084431,0.343849,0.032962,10.7320385,2.0793457,259,7
1151,3881,Mass media,Forms > Film,Film,3,How does film function as mass media?,5.723198,6.527882,7.164161,0.385651,0.0,0.0,0,0,0.0,0.0,0.0,10.885197,0.8911563,-10,-10
1152,3881,Mass media,Forms > Video games,Video games,3,Are video games considered mass media?,4.32318,7.110149,7.49288,3.254984,0.971559,1.29615,1,5,0.324591,0.009679,0.017591,12.530498,0.07851289,-9,-5
1153,3881,Mass media,Forms > Audio recording and reproduction,Audio recording and reproduction,3,How do music and audio recordings reach mass audiences?,3.211085,7.553288,7.899934,2.491117,1.578498,1.320079,9,6,-0.258419,0.015726,0.017915,11.465652,1.5601839,-1,-4
1154,3881,Mass media,Forms > Internet media,Internet media,3,What types of internet platforms are mass media?,6.373302,5.392318,11.105078,1.113783,0.968765,0.96889,1,1,0.000125,0.009652,0.013149,10.624924,2.163939,-9,-9
1155,3881,Mass media,Forms > Mobile,Mobile,3,How have mobile devices changed mass media?,8.813,7.749767,12.696463,2.397797,1.197308,0.95662,3,1,-0.240687,0.011929,0.012983,10.56448,2.0197594,-7,-9
1156,3881,Mass media,Forms > Print media > Magazine,Magazine,4,What role do magazines play in mass media?,3.23766,7.486763,8.298329,0.723871,0.0,0.0,0,0,0.0,0.0,0.0,10.415103,1.5804899,-10,-10
1157,3881,Mass media,Forms > Print media > Newspaper,Newspaper,4,Are newspapers still relevant as mass media?,7.194279,6.02149,11.50246,1.416906,1.046633,0.963448,2,1,-0.083185,0.010427,0.013075,10.319458,1.8560374,-8,-9
1158,3881,Mass media,Forms > Outdoor media,Outdoor media,3,What is outdoor media and how does it work?,4.405465,7.786181,7.579582,2.251511,1.879608,3.098616,13,23,1.219008,0.018726,0.042053,10.6411085,2.1000793,3,13
1159,3881,Mass media,Professions > Publishing,Publishing,3,What does publishing involve in mass media?,1.814476,8.711588,5.723312,2.684995,0.0,0.0,0,0,0.0,0.0,0.0,10.315531,1.5124643,-10,-10
1160,3881,Mass media,Professions > Publishing > Software publishing,Software publishing,4,How is software publishing part of mass media?,3.956503,7.843126,9.49457,3.795692,2.692057,4.035643,24,29,1.343586,0.02682,0.05477,10.291115,1.6576211,14,19
1161,4108,Moon,Introduction,Introduction,0,What is the Moon?,6.813601,7.252778,11.948814,0.642912,4.983638,6.192264,22,34,1.208626,0.049651,0.084038,1.2538701,4.810079,12,24
1162,4108,Moon,Names and etymology,Names and etymology,2,Where does the word Moon come from?,6.604915,7.135514,11.843455,1.033265,0.970495,1.314971,1,3,0.344476,0.009669,0.017846,5.685971,3.8389726,-9,-7
1163,4108,Moon,Names and etymology > Classification,Classification,3,Is the Moon a planet or a satellite?,8.156499,6.86388,11.994293,1.464165,4.918259,2.281507,31,14,-2.636753,0.049,0.030963,1.3455176,4.94836,21,4
1164,4108,Moon,Natural history > Formation,Formation,3,How did the Moon form?,0.79427,7.212233,12.24468,0.467559,0.0,0.0,0,0,0.0,0.0,0.0,1.3346608,4.4453897,-10,-10
1165,4108,Moon,Natural history > Natural development,Natural development,3,How has the Moon changed over time?,7.666011,8.134132,12.504714,1.680052,1.027165,1.047742,2,2,0.020577,0.010233,0.014219,1.1681815,4.6295023,-8,-8
1166,4108,Moon,Natural history > Lunar geologic timescale,Lunar geologic timescale,3,How do scientists measure lunar geological time?,8.695671,7.108713,12.0332,3.956526,1.587868,1.425943,7,6,-0.161925,0.01582,0.019352,1.1297228,4.6699195,-3,-4
1167,4108,Moon,Natural history > Future,Future,3,What will happen to the Moon in the distant future?,8.794318,6.796749,12.063126,1.4181,0.971346,1.40651,1,6,0.435164,0.009677,0.019088,1.3809993,4.872143,-9,-4
1168,4108,Moon,Physical characteristics,Physical characteristics,2,What are the main physical characteristics of the Moon?,6.216152,6.038088,12.573065,0.979801,0.0,0.070914,0,1,0.070914,0.0,0.000962,1.257046,4.6853633,-10,-9
1169,4108,Moon,Physical characteristics > Size and mass,Size and mass,3,How big is the Moon compared to Earth?,0.231582,8.825252,3.625873,0.926853,1.153251,1.696029,4,11,0.542778,0.01149,0.023018,1.3958441,5.0197597,-6,1
1170,4108,Moon,Physical characteristics > Structure,Structure,3,What is inside the Moon?,2.303286,7.775755,4.805877,2.061116,0.0,0.0,0,0,0.0,0.0,0.0,1.3669604,4.5304894,-10,-10
1171,4108,Moon,Physical characteristics > Gravitational field,Gravitational field,3,Does the Moon have gravity?,7.280759,5.361633,12.359267,0.573328,0.0,0.0,0,0,0.0,0.0,0.0,1.2245196,4.704939,-10,-10
1172,4108,Moon,Physical characteristics > Magnetic field,Magnetic field,3,Does the Moon have a magnetic field?,-0.522965,7.374537,3.505016,1.220242,0.0,0.0,0,0,0.0,0.0,0.0,1.3520079,4.590239,-10,-10
1173,4108,Moon,Physical characteristics > Atmosphere,Atmosphere,3,Does the Moon have an atmosphere?,2.639269,7.994964,7.224462,1.801997,0.0,0.0,0,0,0.0,0.0,0.0,1.2554505,4.5434055,-10,-10
1174,4108,Moon,Physical characteristics > Surface conditions,Surface conditions,3,What are conditions like on the Moon's surface?,6.676654,7.104542,12.333239,0.326817,1.065459,1.269504,2,4,0.204045,0.010615,0.017229,1.18725,4.6304255,-8,-6
1175,4108,Moon,Physical characteristics > Surface features,Surface features,3,What features can you see on the Moon's surface?,7.029119,6.11279,6.53043,1.004246,0.0,0.0,0,0,0.0,0.0,0.0,1.1241229,4.6378694,-10,-10
1176,4108,Moon,Physical characteristics > Surface features > Volcanic features,Volcanic features,4,Are there volcanoes on the Moon?,7.979407,6.063047,3.369502,1.34555,0.0,0.0,0,0,0.0,0.0,0.0,1.1237375,4.604018,-10,-10
1177,4108,Moon,Physical characteristics > Surface features > Impact craters,Impact craters,4,Why does the Moon have so many craters?,6.311982,6.134192,12.115761,0.864241,0.970279,0.931858,1,1,-0.038421,0.009667,0.012647,1.126341,4.5933776,-9,-9
1178,4108,Moon,Physical characteristics > Surface features > Lunar swirls,Lunar swirls,4,What are lunar swirls?,0.939623,8.3078,12.996042,2.253504,1.079356,0.0,2,0,-1.079356,0.010753,0.0,1.1531429,4.61037,-8,-10
1179,4108,Moon,Physical characteristics > Presence of water,Presence of water,3,Is there water on the Moon?,2.349396,7.559822,12.2019,2.154786,0.0,0.0,0,0,0.0,0.0,0.0,1.1267868,4.5087748,-10,-10
1180,4108,Moon,Earth–Moon system > Orbit,Orbit,3,How does the Moon orbit Earth?,-0.024398,7.522713,12.773497,1.443372,11.331195,1.558579,85,8,-9.772616,0.112891,0.021152,1.3173124,4.871246,75,-2
1181,4108,Moon,Earth–Moon system > Orbit > Orbital center,Orbital center,4,Does the Moon orbit around Earth's center?,8.210898,6.42793,12.438563,1.463683,2.720521,5.90731,15,33,3.186789,0.027104,0.080171,1.3143561,4.8915405,5,23
1182,4108,Moon,Earth–Moon system > Tidal effects,Tidal effects,3,How does the Moon affect tides on Earth?,0.655369,7.089644,3.467916,1.41984,1.082898,0.0,2,0,-1.082898,0.010789,0.0,1.3090777,4.68664,-8,-10
1183,4108,Moon,Earth–Moon system > System evolution,System evolution,3,How has the Earth-Moon system changed since it formed?,7.258574,5.348741,12.080746,-0.056829,0.0,0.0,0,0,0.0,0.0,0.0,1.310409,4.807017,-10,-10
1184,4108,Moon,Orientation and appearance,Orientation and appearance,2,Why does the Moon's appearance change in the sky?,1.168817,6.74306,12.524859,2.368655,1.265469,1.489846,4,8,0.224377,0.012608,0.020219,1.3045549,4.8419366,-6,-2
1185,4108,Moon,Orientation and appearance > Rotation,Rotation,3,Does the Moon rotate?,1.36363,8.021091,5.570445,1.797923,0.0,0.0,0,0,0.0,0.0,0.0,1.3115778,4.8269706,-10,-10
1186,4108,Moon,Orientation and appearance > Illumination and phases,Illumination and phases,3,Why does the Moon go through phases?,7.11355,7.35053,12.74656,1.894606,40.04668,24.350671,182,129,-15.696009,0.398978,0.330474,1.2857841,4.7893696,172,119
1187,4108,Moon,Orientation and appearance > Illumination and phases > Observational phenomena,Observational phenomena,4,What unusual things can you see when observing the Moon?,1.137339,7.19262,4.659681,1.877479,0.0,0.0,0,0,0.0,0.0,0.0,1.1265419,4.60089,-10,-10
1188,4108,Moon,Orientation and appearance > Albedo and true color of the surface,Albedo and true color of the surface,3,What color is the Moon really?,7.454049,7.26169,12.275535,1.876022,1.444836,2.209824,4,8,0.764989,0.014395,0.029991,1.19354,4.663107,-6,-2
1189,4108,Moon,Orientation and appearance > Eclipses,Eclipses,3,What causes lunar and solar eclipses?,2.611854,8.664987,6.285338,1.757566,0.0,0.0,0,0,0.0,0.0,0.0,1.3575859,4.8830547,-10,-10
1190,4108,Moon,History of exploration and human presence > Pre-telescopic observation (before 1609),Pre-telescopic observation (before 1609),3,How did ancient civilizations observe the Moon?,1.501552,8.638963,10.790257,3.866427,3.68629,1.382086,33,7,-2.304204,0.036726,0.018757,5.5448594,4.293748,23,-3
1191,4108,Moon,History of exploration and human presence > Telescopic exploration (1609–1959),Telescopic exploration (1609–1959),3,What did early telescopes reveal about the Moon?,0.947047,7.856464,4.374905,1.765582,0.975814,0.960899,1,1,-0.014915,0.009722,0.013041,5.4091535,4.6115217,-9,-9
1192,4108,Moon,History of exploration and human presence > First missions to the Moon (1959–1976),First missions to the Moon (1959–1976),3,When did humans first send spacecraft to the Moon?,0.972064,8.240143,10.591609,4.062782,3.653674,1.403442,23,5,-2.250232,0.036401,0.019047,0.84263086,4.892106,13,-5
1193,4108,Moon,History of exploration and human presence > Moon Treaty and explorational absence (1976–1990),Moon Treaty and explorational absence (1976–1990),3,Why did Moon exploration stop after the 1970s?,8.10812,7.234159,12.34153,3.454973,1.157514,2.092036,3,11,0.934521,0.011532,0.028392,0.80464196,4.889636,-7,1
1194,4108,Moon,History of exploration and human presence > Renewed exploration (1990–present),Renewed exploration (1990–present),3,Which countries are exploring the Moon today?,6.578773,8.675413,12.242476,3.120067,0.109118,1.33912,1,4,1.230002,0.001087,0.018174,0.85030067,4.866246,-9,-6
1195,4108,Moon,History of exploration and human presence > Future,Future,3,What are the future plans for Moon exploration?,7.527452,7.943706,12.667779,2.566731,1.286477,1.351852,4,5,0.065375,0.012817,0.018347,0.81894237,4.856399,-6,-5
1196,4108,Moon,Human presence,Human presence,2,Have humans been to the Moon?,7.144835,7.305992,12.653379,1.557733,1.896631,2.500954,7,12,0.604323,0.018896,0.033942,0.8098349,4.8947763,-3,2
1197,4108,Moon,Human presence > Human impact,Human impact,3,What traces have humans left on the Moon?,6.913518,9.152152,12.572465,1.677218,1.557306,2.322807,7,15,0.765501,0.015515,0.031524,0.86755455,4.8188486,-3,5
1198,4108,Moon,Human presence > Astronomy from the Moon,Astronomy from the Moon,3,Would the Moon be a good place to build a telescope?,1.498465,6.504619,4.903381,0.544838,1.195876,10.172267,4,78,8.976392,0.011914,0.138052,0.9076028,4.9238567,-6,68
1199,4108,Moon,Human presence > Living on the Moon,Living on the Moon,3,Could people live on the Moon?,4.460923,6.719559,7.292755,2.069658,1.117726,1.928498,3,15,0.810772,0.011136,0.026173,0.98482,4.7157326,-7,5
1200,4108,Moon,Legal status,Legal status,2,Who owns the Moon?,6.03335,5.799573,13.066275,2.56473,0.0,0.962773,0,1,0.962773,0.0,0.013066,0.78223264,4.870431,-10,-9
1201,4108,Moon,Legal status > Coordination and regulation,Coordination and regulation,3,What laws govern activities on the Moon?,7.428034,8.006117,9.909132,1.899931,1.38027,1.054045,4,2,-0.326224,0.013751,0.014305,0.787712,4.8780885,-6,-8
1202,4108,Moon,In culture and life > Timekeeping,Timekeeping,3,How has the Moon been used to measure time?,0.832009,8.31701,5.334294,0.647846,2.131185,8.710716,11,60,6.579532,0.021233,0.118217,5.6452675,4.119325,1,50
1203,4108,Moon,In culture and life > Cultural representation,Cultural representation,3,How has the Moon influenced human culture?,8.362914,6.621608,12.1542,2.866834,8.516241,2.02212,49,11,-6.494121,0.084846,0.027443,5.5074444,4.195424,39,1
1204,4108,Moon,In culture and life > Cultural representation > Crescent,Crescent,4,Why is the crescent moon symbol so important?,0.32063,9.002943,5.378209,-0.105315,13.287917,1.998875,87,11,-11.289042,0.132385,0.027128,5.7579327,3.8760948,77,1
1205,4108,Moon,In culture and life > Cultural representation > Other associations,Other associations,4,What other meanings has the Moon held throughout history?,8.347503,6.71992,11.964011,4.171373,1.342043,1.345218,6,5,0.003174,0.013371,0.018257,5.761767,3.8081405,-4,-5
1206,4108,Moon,In culture and life > Representation in modern culture,Representation in modern culture,3,How is the Moon depicted in movies and books?,6.940558,8.200808,12.533494,3.399801,1.758873,2.654513,10,17,0.89564,0.017523,0.036026,0.7684608,4.91208,0,7
1207,4108,Moon,In culture and life > Lunar effect,Lunar effect,3,Does the full moon affect human behavior?,5.830608,7.271705,5.579952,1.241373,0.952553,0.947519,1,1,-0.005034,0.00949,0.012859,1.2404209,4.7385764,-9,-9
1208,4108,Moon,Explanatory notes > Cartographic resources,Cartographic resources,3,Where can I find maps of the Moon?,4.57304,6.811307,12.196204,4.110046,1.117565,1.531429,2,5,0.413865,0.011134,0.020784,1.1570032,4.602729,-8,-5
1209,4160,Music,Introduction,Introduction,0,What is music?,6.752238,6.611985,11.483885,0.910253,0.871489,0.077865,5,1,-0.793623,0.008682,0.001057,11.665981,1.6400741,-5,-9
1210,4160,Music,Etymology and terminology,Etymology and terminology,2,Where does the word music come from?,7.708262,6.415412,12.605084,1.352874,9.809448,8.690843,44,52,-1.118604,0.09773,0.117947,11.286309,1.6911727,34,42
1211,4160,Music,History > Origins and prehistory,Origins and prehistory,3,How did music begin in prehistoric times?,7.902558,6.603453,12.073265,1.213283,64.313577,73.684099,325,382,9.370521,0.640744,1.0,11.183317,1.9510095,315,372
1212,4160,Music,History > Antiquity,Antiquity,3,What was music like in ancient civilizations?,-0.264181,6.989679,6.59998,-1.02173,0.0,0.0,0,0,0.0,0.0,0.0,10.802616,1.6916409,-10,-10
1213,4160,Music,History > Asian cultures,Asian cultures,3,How did music develop in Asian cultures?,-1.031795,6.777127,3.94234,0.682208,0.0,0.961243,0,1,0.961243,0.0,0.013045,10.83033,1.643882,-10,-9
1214,4160,Music,History > Western classical > Early music,Early music,4,What characterized early Western classical music?,0.654082,9.011309,5.838167,-0.285074,0.0,0.0,0,0,0.0,0.0,0.0,10.932127,1.4054213,-10,-10
1215,4160,Music,History > Western classical > Common practice period > Baroque,Baroque,5,What defines Baroque music?,6.891535,5.405376,12.458975,1.165013,0.967375,0.0,1,0,-0.967375,0.009638,0.0,11.07501,1.4139786,-9,-10
1216,4160,Music,History > Western classical > Common practice period > Classicism,Classicism,5,What are the main features of Classical period music?,2.621114,9.927948,7.307312,1.117801,0.0,0.0,0,0,0.0,0.0,0.0,11.257307,1.4450138,-10,-10
1217,4160,Music,History > Western classical > Common practice period > Romanticism,Romanticism,5,How did Romantic composers change music?,4.046665,9.145329,5.529804,0.475985,0.0,0.0,0,0,0.0,0.0,0.0,11.30419,1.4862458,-10,-10
1218,4160,Music,History > 20th and 21st century,20th and 21st century,3,What are the major trends in modern music?,6.496551,4.894174,4.330727,0.708931,0.0,0.0,0,0,0.0,0.0,0.0,11.445988,1.5162301,-10,-10
1219,4160,Music,Creation > Composition,Composition,3,How do composers create music?,1.627129,8.143415,4.667289,2.176835,0.0,0.0,0,0,0.0,0.0,0.0,11.719723,1.5802846,-10,-10
1220,4160,Music,Creation > Performance,Performance,3,What goes into performing music?,3.698573,9.057293,6.82546,1.37194,0.0,0.0,0,0,0.0,0.0,0.0,11.656,1.5116081,-10,-10
1221,4160,Music,Creation > Improvisation,Improvisation,3,How does musical improvisation work?,2.66969,7.908792,5.948894,1.71885,0.0,0.0,0,0,0.0,0.0,0.0,11.677032,1.5738435,-10,-10
1222,4160,Music,Art and entertainment,Art and entertainment,2,Is music considered an art form or entertainment?,0.207618,6.943851,3.797184,1.747865,0.0,0.0,0,0,0.0,0.0,0.0,11.578347,1.5485132,-10,-10
1223,4160,Music,Art and entertainment > Notation,Notation,3,How is music written down?,-0.024724,7.437587,4.045574,0.874021,0.0,0.0,0,0,0.0,0.0,0.0,11.749857,1.6324056,-10,-10
1224,4160,Music,Art and entertainment > Oral and aural tradition,Oral and aural tradition,3,How is music passed down without being written?,0.063145,6.610923,6.09491,1.987416,0.0,0.0,0,0,0.0,0.0,0.0,11.506793,1.6331258,-10,-10
1225,4160,Music,Elements,Elements,2,What are the basic elements of music?,1.537828,9.722216,6.439479,-0.237597,0.0,0.0,0,0,0.0,0.0,0.0,11.806011,1.661068,-10,-10
1226,4160,Music,Elements > Pitch,Pitch,3,What is pitch in music?,4.82206,8.764795,6.185364,1.85905,1.102167,0.373776,2,2,-0.728391,0.010981,0.005073,11.773592,1.6463225,-8,-8
1227,4160,Music,Elements > Melody,Melody,3,What makes a good melody?,4.534907,9.037333,9.341553,1.280938,0.0,0.0,0,0,0.0,0.0,0.0,11.798975,1.6002761,-10,-10
1228,4160,Music,Elements > Harmony,Harmony,3,How does harmony work in music?,6.045519,6.391984,10.716517,2.659761,0.0,0.0,0,0,0.0,0.0,0.0,11.769057,1.6258475,-10,-10
1229,4160,Music,Elements > Rhythm,Rhythm,3,What is rhythm and why does it matter?,4.449257,8.898541,7.770931,0.945994,0.0,1.31425,0,4,1.31425,0.0,0.017836,11.774672,1.6059086,-10,-6
1230,4160,Music,Elements > Texture,Texture,3,What is musical texture?,2.874988,7.703271,7.215536,0.954815,0.0,0.0,0,0,0.0,0.0,0.0,11.806582,1.6400518,-10,-10
1231,4160,Music,Elements > Timbre,Timbre,3,What is timbre and how does it affect sound?,4.431848,8.91244,6.451869,1.735412,0.957542,1.124445,1,2,0.166903,0.00954,0.01526,11.797653,1.650318,-9,-8
1232,4160,Music,Elements > Expression,Expression,3,How do musicians add expression to their playing?,5.589378,5.022979,5.656098,0.771569,0.0,0.0,0,0,0.0,0.0,0.0,11.850492,1.6670557,-10,-10
1233,4160,Music,Elements > Form,Form,3,What are the different musical forms?,2.727173,9.269359,8.720716,0.182438,0.0,0.0,0,0,0.0,0.0,0.0,11.787122,1.6335019,-10,-10
1234,4160,Music,Philosophy,Philosophy,2,What philosophical questions does music raise?,-0.130339,6.038727,4.164066,1.552207,0.0,0.0,0,0,0.0,0.0,0.0,11.595087,1.7161514,-10,-10
1235,4160,Music,Psychology,Psychology,2,How does music affect the human mind?,3.661291,9.079023,5.205505,1.37996,0.0,0.0,0,0,0.0,0.0,0.0,11.706349,1.8970444,-10,-10
1236,4160,Music,Psychology > Neuroscience,Neuroscience,3,What happens in the brain when we listen to music?,2.856077,7.770279,6.28374,2.844429,0.0,0.0,0,0,0.0,0.0,0.0,11.647747,2.0574017,-10,-10
1237,4160,Music,Psychology > Cognitive musicology,Cognitive musicology,3,How do we mentally process music?,7.527927,6.051136,12.945313,1.029334,0.102395,1.346339,1,5,1.243944,0.00102,0.018272,11.672821,1.976246,-9,-5
1238,4160,Music,Psychology > Psychoacoustics,Psychoacoustics,3,How do our ears and brain perceive sound?,3.085433,7.045872,6.605843,2.750228,0.0,0.0,0,0,0.0,0.0,0.0,11.707399,1.9857078,-10,-10
1239,4160,Music,Psychology > Evolutionary musicology,Evolutionary musicology,3,Why did humans evolve to make music?,6.789301,6.400809,5.621356,1.075843,0.0,0.0,0,0,0.0,0.0,0.0,11.606231,1.9937875,-10,-10
1240,4160,Music,Psychology > Cultural effects,Cultural effects,3,How does culture shape our musical preferences?,4.399666,8.914983,5.979728,0.277304,0.0,1.099191,0,2,1.099191,0.0,0.014918,11.517739,1.8381292,-10,-8
1241,4160,Music,Psychology > Perceptual,Perceptual,3,How do we perceive and understand music?,7.909601,6.351164,11.414941,1.116421,10.98398,2.053914,65,12,-8.930066,0.109431,0.027875,11.768287,1.7034721,55,2
1242,4160,Music,Sociological aspects,Sociological aspects,2,What role does music play in society?,6.998816,4.94035,11.601439,-0.594471,0.0,0.0,0,0,0.0,0.0,0.0,11.555292,1.6318843,-10,-10
1243,4160,Music,Sociological aspects > Role of women,Role of women,3,How have women contributed to music throughout history?,4.696219,8.884417,7.338118,-0.372993,0.0,0.0,0,0,0.0,0.0,0.0,11.50383,1.558113,-10,-10
1244,4160,Music,Media and technology,Media and technology,2,How has technology changed music?,-0.088914,7.560117,4.599935,0.733226,0.0,0.0,0,0,0.0,0.0,0.0,11.33424,1.6022415,-10,-10
1245,4160,Music,Education > Non-institutional,Non-institutional,3,How do people learn music outside of school?,1.111029,8.051363,5.026127,1.573115,0.0,0.0,0,0,0.0,0.0,0.0,11.548741,1.5948378,-10,-10
1246,4160,Music,Education > Institutional,Institutional,3,How is music taught in schools and universities?,1.478701,10.11975,6.29589,-0.625162,0.97878,1.042798,1,2,0.064018,0.009751,0.014152,11.56544,1.5731089,-9,-8
1247,4160,Music,Academic study > Musicology,Musicology,3,What do musicologists study?,7.392021,6.003335,11.306297,1.018478,0.0,0.0,0,0,0.0,0.0,0.0,11.67308,1.7999341,-10,-10
1248,4160,Music,Academic study > Music theory,Music theory,3,What is music theory used for?,0.361716,8.896868,3.635736,1.433544,0.0,0.0,0,0,0.0,0.0,0.0,11.694216,1.6993749,-10,-10
1249,4160,Music,Academic study > Zoomusicology,Zoomusicology,3,Do animals make music?,7.430175,5.874085,4.222127,1.545682,0.0,0.0,0,0,0.0,0.0,0.0,11.67744,1.9620668,-10,-10
1250,4160,Music,Academic study > Ethnomusicology,Ethnomusicology,3,How do ethnomusicologists study music from different cultures?,1.305452,7.221153,4.323136,1.654964,0.0,0.0,0,0,0.0,0.0,0.0,11.349306,1.6288049,-10,-10
1251,4160,Music,Therapy,Therapy,2,How is music used for healing and therapy?,2.889764,9.599164,10.640418,0.566525,0.0,0.0,0,0,0.0,0.0,0.0,11.717079,1.7846553,-10,-10
1252,4335,North America,Introduction,Introduction,0,What is North America?,7.02771,5.843367,12.204719,0.644078,1.160877,1.123654,3,2,-0.037223,0.011566,0.01525,5.0266285,0.88636583,-7,-8
1253,4335,North America,Name,Name,2,How did North America get its name?,7.297436,6.308849,12.362302,0.63291,0.0,2.902765,0,10,2.902765,0.0,0.039395,5.766639,0.8267144,-10,0
1254,4335,North America,Definition,Definition,2,How is North America defined as a continent?,8.17699,6.75158,12.320455,1.470443,1.492079,1.313578,5,4,-0.178502,0.014865,0.017827,5.011582,0.86241037,-5,-6
1255,4335,North America,Definition > Regions,Regions,3,What are the main regions of North America?,5.556101,5.146658,11.771603,-0.431313,1.159135,1.087843,3,3,-0.071292,0.011548,0.014764,4.96587,0.82099134,-7,-7
1256,4335,North America,History > Pre-Columbian era,Pre-Columbian era,3,Who lived in North America before European contact?,7.269677,8.619349,7.484705,0.714371,1.165603,3.082832,2,14,1.917229,0.011613,0.041838,6.6064157,0.9853972,-8,4
1257,4335,North America,"History > Post-contact, 1492–1910","Post-contact, 1492–1910",3,What happened after Europeans arrived in North America?,4.640505,7.340782,12.137741,3.308491,0.972458,0.970438,1,1,-0.00202,0.009688,0.01317,6.458964,0.5871959,-9,-9
1258,4335,North America,History > English settlements,English settlements,3,When did the English start colonizing North America?,8.172518,6.706958,12.451139,1.655187,1.350225,1.154945,4,2,-0.19528,0.013452,0.015674,6.347596,0.6398294,-6,-8
1259,4335,North America,History > Seven Years' War,Seven Years' War,3,How did the Seven Years' War affect North America?,8.237782,6.601958,12.651954,1.951204,3.87575,4.112932,17,19,0.237182,0.038613,0.055818,6.3820024,0.5090457,7,9
1260,4335,North America,History > American Revolution,American Revolution,3,What caused the American Revolution?,8.176607,7.344984,12.650535,2.070858,3.024167,3.221619,11,12,0.197452,0.030129,0.043722,6.909504,0.31845412,1,2
1261,4335,North America,History > Westward expansion,Westward expansion,3,How did the United States expand westward?,8.042734,6.704571,12.745938,2.272694,4.045148,1.849039,20,7,-2.196109,0.040301,0.025094,6.3533316,0.5133211,10,-3
1262,4335,North America,History > Canada and Panama Canal,Canada and Panama Canal,3,How did Canada form and why was the Panama Canal built?,8.154492,6.703454,12.664669,2.374848,3.289229,2.261398,15,11,-1.027831,0.03277,0.03069,6.111816,0.4946155,5,1
1263,4335,North America,Geography,Geography,2,What are the major geographic features of North America?,2.802633,9.723214,7.110801,0.717069,0.965634,0.0,1,0,-0.965634,0.00962,0.0,4.9141703,0.7881931,-9,-10
1264,4335,North America,Geography > Canada,Canada,3,What is Canada's geography like?,7.756542,6.685613,11.395274,3.903095,0.0,0.0,0,0,0.0,0.0,0.0,4.4905806,1.3804691,-10,-10
1265,4335,North America,Geography > United States,United States,3,What are the main geographic features of the United States?,7.731527,6.702007,12.860447,1.962749,0.0,0.0,0,0,0.0,0.0,0.0,4.487784,1.4249613,-10,-10
1266,4335,North America,Geography > Mexico,Mexico,3,What is Mexico's geography like?,7.813055,6.669243,12.840868,1.830495,0.0,0.0,0,0,0.0,0.0,0.0,4.5511003,1.3514864,-10,-10
1267,4335,North America,Geography > Climate,Climate,3,What types of climate does North America have?,1.946397,10.11457,7.191133,-0.994497,1.188105,1.298001,4,5,0.109896,0.011837,0.017616,4.6736465,1.1718998,-6,-5
1268,4335,North America,Geography > Ecology,Ecology,3,What ecosystems exist in North America?,8.251767,6.931894,11.492517,3.90962,0.969473,1.061583,1,2,0.09211,0.009659,0.014407,6.6051764,1.1604606,-9,-8
1269,4335,North America,Geography > Geology > Geologic history,Geologic history,4,How did North America form geologically?,1.175765,9.572649,5.916239,-0.191747,0.0,0.0,0,0,0.0,0.0,0.0,4.313034,1.5696791,-10,-10
1270,4335,North America,Geography > Geology > Canada,Canada,4,What is the geological history of Canada?,0.240102,8.705311,6.926829,0.442717,0.0,0.0,0,0,0.0,0.0,0.0,4.096617,1.7630883,-10,-10
1271,4335,North America,Geography > Geology > United States,United States,4,What are the major geological features of the United States?,7.755923,6.679296,11.382052,3.875447,0.127832,1.090209,1,2,0.962377,0.001274,0.014796,4.414933,1.530534,-9,-8
1272,4335,North America,Geography > Geology > Central America,Central America,4,How was Central America formed geologically?,1.456846,8.967956,6.891559,0.592093,0.0,0.0,0,0,0.0,0.0,0.0,4.5044565,0.9758649,-10,-10
1273,4335,North America,Economy,Economy,2,What are the largest economies in North America?,5.461932,5.436737,6.698204,-0.405744,0.97641,0.0,1,0,-0.97641,0.009728,0.0,5.0199203,0.6621966,-9,-10
1274,4335,North America,Economy > Transport,Transport,3,How do transportation systems work across North America?,0.411582,7.839774,6.526804,0.538267,0.0,0.0,0,0,0.0,0.0,0.0,4.76823,0.1210434,-10,-10
1275,4335,North America,Economy > Communications,Communications,3,What communication infrastructure exists in North America?,3.893746,7.353788,6.445949,0.279038,1.051896,1.218703,2,3,0.166807,0.01048,0.01654,4.9816837,0.87562114,-8,-7
1276,4335,North America,Demographics,Demographics,2,What is the population distribution in North America?,6.535459,6.889803,8.015682,0.668151,1.863602,0.0,10,0,-1.863602,0.018567,0.0,4.9360666,0.80288154,0,-10
1277,4335,North America,Demographics > Languages,Languages,3,What languages are spoken in North America?,5.990456,6.19201,7.132677,-0.274969,1.00055,0.0,2,0,-1.00055,0.009968,0.0,5.0120516,0.83656436,-8,-10
1278,4335,North America,Demographics > Indigenous languages,Indigenous languages,3,What indigenous languages are still spoken in North America?,8.647642,7.039959,12.456882,2.098278,1.536081,2.348964,6,13,0.812883,0.015304,0.031879,5.5889287,1.1958214,-4,3
1279,4335,North America,Demographics > Religions,Religions,3,What are the main religions practiced in North America?,6.253173,9.273906,9.9138,1.887614,0.973,0.0,1,0,-0.973,0.009694,0.0,6.4679503,2.458344,-9,-10
1280,4335,North America,Demographics > Population,Population,3,How many people live in North America?,4.318199,9.268846,7.975787,0.75491,1.936263,7.269893,11,54,5.333631,0.019291,0.098663,4.934455,0.86577505,1,44
1281,4335,North America,Culture,Culture,2,What defines North American culture?,7.481737,8.100321,12.592729,1.543801,2.489664,1.876112,13,10,-0.613552,0.024804,0.025462,5.019961,0.87604344,3,0
1282,4335,North America,Culture > Sport,Sport,3,What sports are popular in North America?,7.845119,7.3773,12.729317,1.85097,2.949506,2.395413,17,12,-0.554093,0.029385,0.032509,5.028509,0.72707903,7,2
1283,4697,Physics,Introduction,Introduction,0,What is physics?,1.22996,7.180144,8.673116,1.686795,0.0,0.0,0,0,0.0,0.0,0.0,5.100789,5.5684357,-10,-10
1284,4697,Physics,History,History,2,How did physics develop over time?,8.788379,7.007794,11.855525,1.081309,0.0,0.0,0,0,0.0,0.0,0.0,6.8262596,4.186947,-10,-10
1285,4697,Physics,History > Ancient astronomy,Ancient astronomy,3,How did ancient civilizations study the stars and planets?,1.591645,7.142657,4.14854,1.861803,0.0,0.0,0,0,0.0,0.0,0.0,5.4244027,4.6276784,-10,-10
1286,4697,Physics,History > Natural philosophy,Natural philosophy,3,What role did natural philosophy play in early science?,2.489138,7.782544,6.431386,2.553204,0.0,0.0,0,0,0.0,0.0,0.0,5.1965528,4.4488363,-10,-10
1287,4697,Physics,History > Aristotle and Hellenistic physics,Aristotle and Hellenistic physics,3,How did Aristotle influence ancient Greek physics?,6.809688,7.021299,11.836911,0.645095,20.457366,13.021805,89,57,-7.435561,0.203813,0.176725,5.072566,4.4914083,79,47
1288,4697,Physics,History > Medieval European and Islamic,Medieval European and Islamic,3,How did medieval scholars advance physics during the Middle Ages?,-0.802936,7.248034,3.701971,0.823553,0.967841,0.969511,1,1,0.00167,0.009642,0.013158,5.976323,4.361454,-9,-9
1289,4697,Physics,History > Scientific Revolution,Scientific Revolution,3,What changed during the Scientific Revolution?,6.699401,5.00968,11.780752,-0.112862,0.0,0.0,0,0,0.0,0.0,0.0,5.5232954,4.7649965,-10,-10
1290,4697,Physics,History > 19th century,19th century,3,What major physics discoveries happened in the 1800s?,6.928691,5.28827,12.05549,0.278216,2.158444,5.705979,7,25,3.547535,0.021504,0.077438,5.093668,5.5821457,-3,15
1291,4697,Physics,History > 20th century,20th century,3,What breakthroughs transformed physics in the 20th century?,0.788872,7.137799,4.337433,1.71728,0.0,0.0,0,0,0.0,0.0,0.0,5.206705,5.7388334,-10,-10
1292,4697,Physics,Core theories,Core theories,2,What are the fundamental theories that form the foundation of physics?,1.006618,7.568428,5.664406,2.257587,0.0,0.0,0,0,0.0,0.0,0.0,5.1745486,5.7658696,-10,-10
1293,4697,Physics,Core theories > Distinction between classical and modern physics,Distinction between classical and modern physics,3,What separates classical physics from modern physics?,7.296854,7.601189,7.975335,3.591218,5.099921,1.479272,44,6,-3.620649,0.05081,0.020076,5.178756,5.7939324,34,-4
1294,4697,Physics,Core theories > Classical theory,Classical theory,3,What does classical physics cover?,2.263503,8.480351,4.192791,1.562986,0.0,0.0,0,0,0.0,0.0,0.0,5.0957155,5.7045813,-10,-10
1295,4697,Physics,Core theories > Modern theory,Modern theory,3,What are the main concepts in modern physics?,6.725379,6.247775,11.872163,0.736476,0.0,0.0,0,0,0.0,0.0,0.0,5.11396,5.778541,-10,-10
1296,4697,Physics,Research > Scientific method,Scientific method,3,How do physicists use the scientific method?,1.566511,7.197314,5.578342,2.034435,0.964631,0.0,1,0,-0.964631,0.00961,0.0,7.4748125,5.516098,-9,-10
1297,4697,Physics,Research > Theory and experiment,Theory and experiment,3,How do theoretical predictions and experiments work together in physics?,2.770047,8.446451,5.998147,2.275789,0.0,0.0,0,0,0.0,0.0,0.0,6.4953923,5.48523,-10,-10
1298,4697,Physics,Research > Scope and aims,Scope and aims,3,What are physicists trying to understand and accomplish?,3.230566,8.428976,5.616853,2.365583,0.0,0.0,0,0,0.0,0.0,0.0,5.068509,5.6866765,-10,-10
1299,4697,Physics,Research > Current research,Current research,3,What are physicists working on today?,2.632074,8.69971,6.855628,1.399041,0.0,0.0,0,0,0.0,0.0,0.0,5.007167,5.732034,-10,-10
1300,4697,Physics,Branches and fields > Fields,Fields,3,What are the main areas of physics research?,1.95869,7.873764,5.58953,2.119242,0.0,0.0,0,0,0.0,0.0,0.0,5.1522965,5.735049,-10,-10
1301,4697,Physics,Branches and fields > Fields > Nuclear and particle,Nuclear and particle,4,What do nuclear and particle physicists study?,1.575437,7.325459,8.057796,0.837519,0.0,0.0,0,0,0.0,0.0,0.0,4.264218,5.6375384,-10,-10
1302,4697,Physics,"Branches and fields > Fields > Atomic, molecular, and optical","Atomic, molecular, and optical",4,"What is atomic, molecular, and optical physics about?",0.115762,7.080368,9.4784,2.275298,0.0,0.0,0,0,0.0,0.0,0.0,4.366723,5.4753942,-10,-10
1303,4697,Physics,Branches and fields > Fields > Condensed matter,Condensed matter,4,What does condensed matter physics study?,0.567033,6.859169,5.647745,1.7689,0.0,0.0,0,0,0.0,0.0,0.0,4.270222,5.4313064,-10,-10
1304,4697,Physics,Branches and fields > Fields > Astrophysics,Astrophysics,4,What do astrophysicists investigate?,1.91782,7.910309,5.280765,2.367397,0.0,0.0,0,0,0.0,0.0,0.0,3.201755,5.834223,-10,-10
1305,4697,Physics,Other aspects > Philosophy,Philosophy,3,How does philosophy relate to physics?,-0.109989,8.004875,11.05431,-0.99318,0.0,0.0,0,0,0.0,0.0,0.0,7.0852184,5.594607,-10,-10
1306,4697,Physics,Other aspects > Fundamental vs. applied physics,Fundamental vs. applied physics,3,What's the difference between pure and applied physics research?,-0.465062,6.787089,4.181898,1.531637,0.214903,0.0,2,0,-0.214903,0.002141,0.0,5.1459813,5.6105833,-8,-10
1307,4727,Plant,Introduction,Introduction,0,What is a plant?,6.738336,6.940228,11.628442,0.712096,0.0,0.075709,0,1,0.075709,0.0,0.001027,1.6313152,2.4260564,-10,-9
1308,4727,Plant,Definition > Taxonomic history,Taxonomic history,3,How has the scientific classification of plants changed over time?,0.439814,6.830461,12.173641,3.992351,1.114411,1.680702,3,11,0.566291,0.011103,0.02281,1.3511268,2.0690753,-7,1
1309,4727,Plant,Evolution > Diversity,Diversity,3,How diverse are plants on Earth?,8.05044,5.788876,12.820329,1.448937,1.115348,0.968555,2,1,-0.146793,0.011112,0.013145,1.3370596,2.3836153,-8,-9
1310,4727,Plant,Evolution > Evolutionary history,Evolutionary history,3,How did plants evolve?,7.802735,6.032766,12.993092,2.3596,0.0,0.0,0,0,0.0,0.0,0.0,1.3876661,3.0462275,-10,-10
1311,4727,Plant,Evolution > Phylogeny,Phylogeny,3,How are different plant groups related to each other?,5.623256,8.093632,9.799618,3.003973,1.123,1.097339,3,3,-0.025661,0.011188,0.014892,1.2478335,2.2322009,-7,-7
1312,4727,Plant,Physiology > Plant cells,Plant cells,3,What makes plant cells unique?,8.370084,6.325473,12.677654,1.587896,0.975158,2.814461,1,13,1.839303,0.009715,0.038196,0.6544929,2.2906852,-9,3
1313,4727,Plant,Physiology > Plant structure,Plant structure,3,How are plants structured and organized?,8.671769,6.732162,10.861141,1.848731,1.50041,1.182453,6,4,-0.317957,0.014948,0.016048,0.85781944,2.2478285,-4,-6
1314,4727,Plant,Physiology > Photosynthesis,Photosynthesis,3,How do plants make their own food?,8.832883,7.434263,12.776051,2.746424,0.0,0.0,0,0,0.0,0.0,0.0,1.5777303,2.547622,-10,-10
1315,4727,Plant,Physiology > Growth and repair,Growth and repair,3,How do plants grow and heal themselves?,8.583868,6.740103,12.803862,1.629647,2.725589,1.115925,12,3,-1.609665,0.027155,0.015145,1.9822567,2.4667954,2,-7
1316,4727,Plant,Physiology > Reproduction > Sexual,Sexual,4,How do plants reproduce sexually?,8.349261,6.90363,12.477424,1.530692,1.413441,3.395262,3,17,1.98182,0.014082,0.046079,0.90406245,1.4142742,-7,7
1317,4727,Plant,Physiology > Reproduction > Asexual,Asexual,4,How do plants reproduce without sex?,8.602203,6.660649,12.695626,1.575585,5.431985,2.638777,25,11,-2.793208,0.054118,0.035812,0.98087186,1.431325,15,1
1318,4727,Plant,Physiology > Disease resistance,Disease resistance,3,How do plants fight off diseases?,4.322538,7.673167,9.72576,3.104654,1.32598,1.157179,7,5,-0.168802,0.01321,0.015705,1.9465228,2.3974116,-3,-5
1319,4727,Plant,Physiology > Genomics,Genomics,3,What have we learned from studying plant genomes?,6.988518,7.48485,7.032132,1.32182,1.007147,1.328604,2,7,0.321457,0.010034,0.018031,1.2367027,2.3800054,-8,-3
1320,4727,Plant,Ecology > Distribution,Distribution,3,Where do plants live around the world?,-0.282718,7.090787,6.8287,0.119357,0.964478,0.954873,1,1,-0.009605,0.009609,0.012959,2.1475666,2.5202303,-9,-9
1321,4727,Plant,Ecology > Primary producers,Primary producers,3,Why are plants called primary producers?,4.22755,6.920652,7.348451,1.141147,0.0,0.0,0,0,0.0,0.0,0.0,1.8927637,2.6280074,-10,-10
1322,4727,Plant,Ecology > Ecological relationships,Ecological relationships,3,How do plants interact with other organisms?,-0.874047,6.977402,11.106498,-1.019295,0.962912,0.957292,1,1,-0.00562,0.009593,0.012992,2.220095,1.7290411,-9,-9
1323,4727,Plant,Ecology > Competition,Competition,3,How do plants compete with each other?,4.150216,7.130811,11.962613,1.913603,1.656573,1.232631,9,5,-0.423943,0.016504,0.016729,1.7797899,2.5365167,-1,-5
1324,4727,Plant,Importance to humans > Food,Food,3,Which plants do we eat?,8.404397,6.383798,4.712857,1.138377,1.039068,1.024126,2,2,-0.014941,0.010352,0.013899,2.867538,1.8596365,-8,-8
1325,4727,Plant,Importance to humans > Medicines,Medicines,3,What medicines come from plants?,0.940259,7.397415,5.602903,2.237907,0.0,0.0,0,0,0.0,0.0,0.0,2.782949,1.9674157,-10,-10
1326,4727,Plant,Importance to humans > Nonfood products,Nonfood products,3,What non-food products do we get from plants?,5.737731,5.596066,6.906511,1.284442,0.0,0.962253,0,1,0.962253,0.0,0.013059,2.8673706,1.9243062,-10,-9
1327,4727,Plant,Importance to humans > Ornamental plants,Ornamental plants,3,Why do people grow decorative plants?,5.170365,7.337906,11.06633,-0.434496,0.0,0.0,0,0,0.0,0.0,0.0,2.82255,1.8185161,-10,-10
1328,4727,Plant,Importance to humans > In science,In science,3,How are plants used in scientific research?,1.865572,8.263121,5.525139,1.307872,1.387193,1.214717,5,4,-0.172476,0.01382,0.016485,2.7329204,1.6618047,-5,-6
1329,4727,Plant,"Importance to humans > In mythology, religion, and culture","In mythology, religion, and culture",3,What role do plants play in human culture and religion?,8.483101,6.813965,12.861082,1.538103,1.19881,1.124413,4,3,-0.074397,0.011944,0.01526,5.8409047,3.366042,-6,-7
1330,4727,Plant,Importance to humans > Negative effects,Negative effects,3,What harmful effects can plants have?,7.446007,4.992002,12.35387,0.650626,0.0,0.969879,0,1,0.969879,0.0,0.013163,2.8295102,1.8419077,-10,-9
1331,4768,Politics,Introduction,Introduction,0,What is politics?,1.75985,6.590497,5.072869,0.509207,0.0,0.0,0,0,0.0,0.0,0.0,8.232015,-1.7167432,-10,-10
1332,4768,Politics,Etymology,Etymology,2,Where does the word politics come from?,5.718029,6.134467,10.831493,-0.69877,0.0,0.0,0,0,0.0,0.0,0.0,8.680292,-0.83788854,-10,-10
1333,4768,Politics,Etymology > Definitions,Definitions,3,How do scholars define politics?,4.640303,7.991342,12.767547,2.181311,1.201455,0.960192,4,1,-0.241263,0.01197,0.013031,8.627062,-1.4487047,-6,-9
1334,4768,Politics,Approaches > Extensive and limited,Extensive and limited,3,What are extensive and limited approaches to politics?,8.443258,5.996387,3.848715,0.898701,1.321518,1.448644,6,9,0.127126,0.013166,0.01966,8.583388,-1.4907824,-4,-1
1335,4768,Politics,Approaches > Moralism and realism,Moralism and realism,3,How do moralism and realism differ in political theory?,8.542481,7.285936,12.853694,1.396911,1.719462,1.835518,7,9,0.116056,0.017131,0.024911,8.635271,-1.4695594,-3,-1
1336,4768,Politics,Approaches > Conflict and co-operation,Conflict and co-operation,3,Is politics mainly about conflict or cooperation?,5.735026,5.362061,9.291601,0.922942,0.961653,1.05006,1,2,0.088407,0.009581,0.014251,8.573589,-1.3248082,-9,-8
1337,4768,Politics,History > Early states,Early states,3,When did the first political states emerge?,1.630809,8.909208,10.867726,-0.07634,0.589175,0.0,3,0,-0.589175,0.00587,0.0,8.251221,-0.34167603,-7,-10
1338,4768,Politics,History > Early states > State formation,State formation,4,How did early states form?,4.770762,8.152714,9.285899,3.605395,1.622029,1.480992,9,6,-0.141036,0.01616,0.020099,8.235268,-0.6731379,-1,-4
1339,4768,Politics,History > Early states > Ancient history,Ancient history,4,What were ancient political systems like?,5.749376,7.112818,5.738601,0.638974,2.203139,6.430771,12,35,4.227632,0.021949,0.087275,8.218778,-0.2899589,2,25
1340,4768,Politics,History > Modern states,Modern states,3,How did modern states develop?,7.554849,5.547919,12.49485,0.832582,7.09927,1.579956,35,6,-5.519313,0.070729,0.021442,8.412359,-0.44305852,25,-4
1341,4768,Politics,History > Globalization,Globalization,3,How has globalization changed politics?,4.299216,7.72168,9.718721,2.843753,1.123951,1.490868,3,7,0.366917,0.011198,0.020233,7.982598,-1.4066103,-7,-3
1342,4768,Politics,Political science,Political science,2,What does political science study?,0.704061,7.417864,5.014321,1.855717,0.0,0.0,0,0,0.0,0.0,0.0,7.785045,4.4036403,-10,-10
1343,4768,Politics,Political system,Political system,2,What is a political system?,6.446765,4.946819,5.944561,2.713548,0.0,0.0,0,0,0.0,0.0,0.0,8.237713,-1.7926227,-10,-10
1344,4768,Politics,Political system > Forms of government,Forms of government,3,What are the different forms of government?,4.349658,7.168637,7.718864,3.506506,3.775633,10.102673,20,73,6.327039,0.037616,0.137108,8.365695,-1.8730761,10,63
1345,4768,Politics,Political system > Forms of government > Source of power,Source of power,4,Where does political power come from?,8.038005,7.061243,9.285308,3.618671,0.973284,1.07995,1,2,0.106667,0.009697,0.014656,8.330744,-1.9198121,-9,-8
1346,4768,Politics,Political system > Forms of government > Vertical integration,Vertical integration,4,How does vertical integration work in government?,7.082746,6.37067,11.741037,1.094234,0.0,0.0,0,0,0.0,0.0,0.0,8.252188,-1.7916733,-10,-10
1347,4768,Politics,Political system > State,State,3,What defines a state?,-0.104495,6.777257,6.586271,0.445662,0.0,0.0,0,0,0.0,0.0,0.0,8.52678,-1.317515,-10,-10
1348,4768,Politics,Political system > Constitutions,Constitutions,3,What role do constitutions play in politics?,1.639137,9.618111,6.646685,-0.308929,1.454787,3.832798,9,38,2.37801,0.014494,0.052017,8.542142,-1.8982489,-1,28
1349,4768,Politics,Political system > Political culture,Political culture,3,What is political culture?,6.307141,9.165972,12.050908,1.508714,0.966994,1.427143,1,5,0.46015,0.009634,0.019368,8.3422,-1.7447401,-9,-5
1350,4768,Politics,Political system > Political dysfunction > Political corruption,Political corruption,4,What causes political corruption?,7.871123,6.985496,11.811268,2.950894,1.083182,1.109986,2,2,0.026805,0.010792,0.015064,8.270048,-1.8463547,-8,-8
1351,4768,Politics,Political system > Political dysfunction > Proxy politics,Proxy politics,4,What is proxy politics?,8.567369,7.202009,9.47047,2.932022,1.403611,2.14445,6,14,0.740839,0.013984,0.029103,8.187135,-1.7887534,-4,4
1352,4768,Politics,Levels of politics > Macropolitics,Macropolitics,3,What is macropolitics?,8.508552,8.493506,6.118967,0.525133,0.165047,0.0,2,0,-0.165047,0.001644,0.0,8.169626,-1.709893,-8,-10
1353,4768,Politics,Levels of politics > Mesopolitics,Mesopolitics,3,What is mesopolitics?,6.805864,6.867428,10.840866,1.57449,0.0,0.0,0,0,0.0,0.0,0.0,8.22282,-1.7968754,-10,-10
1354,4768,Politics,Levels of politics > Micropolitics,Micropolitics,3,What is micropolitics?,5.911574,9.14347,10.418312,2.580956,1.169457,1.241668,3,3,0.072211,0.011651,0.016851,8.212939,-1.7878803,-7,-7
1355,4768,Politics,Political values > Democracy,Democracy,3,What makes a government democratic?,3.744534,7.20257,6.910513,2.734597,0.0,0.0,0,0,0.0,0.0,0.0,8.368915,-1.8808082,-10,-10
1356,4768,Politics,Political values > Democracy > Aggregation,Aggregation,4,How does democratic aggregation work?,0.977424,9.556315,6.344476,-0.356486,0.0,0.0,0,0,0.0,0.0,0.0,8.464742,-1.737001,-10,-10
1357,4768,Politics,Political values > Democracy > Polyarchy,Polyarchy,4,What is polyarchy?,-0.658723,7.488662,5.38026,0.293805,0.0,0.0,0,0,0.0,0.0,0.0,8.51992,-1.714187,-10,-10
1358,4768,Politics,Political values > Democracy > Deliberation,Deliberation,4,What is deliberative democracy?,0.85017,8.105117,6.446758,0.939675,0.0,0.0,0,0,0.0,0.0,0.0,8.3517475,-1.8976318,-10,-10
1359,4768,Politics,Political values > Equality,Equality,3,What does political equality mean?,0.950803,8.151106,5.494399,1.000742,0.0,0.0,0,0,0.0,0.0,0.0,9.106834,-0.7708514,-10,-10
1360,4768,Politics,Political values > Equality > Left–right spectrum,Left–right spectrum,4,What is the left-right political spectrum?,-0.296436,6.10542,5.376753,0.443175,0.043586,1.111478,1,3,1.067892,0.000434,0.015084,8.518263,-1.5381855,-9,-7
1361,4768,Politics,Political values > Freedom,Freedom,3,What does political freedom mean?,1.783638,8.23568,6.121149,2.181882,1.074005,0.0,2,0,-1.074005,0.0107,0.0,8.349519,-1.85881,-8,-10
1362,4768,Politics,Political values > Freedom > Authoritarianism and libertarianism,Authoritarianism and libertarianism,4,What's the difference between authoritarianism and libertarianism?,1.540926,9.017087,6.524363,-0.334996,0.2246,0.0,2,0,-0.2246,0.002238,0.0,8.714965,-1.5014586,-8,-10
1363,4879,Psychology,Introduction,Introduction,0,What is psychology?,0.974584,7.685388,5.141176,1.870798,0.0,0.0,0,0,0.0,0.0,0.0,8.461457,4.6988635,-10,-10
1364,4879,Psychology,Etymology and definitions,Etymology and definitions,2,Where does the word psychology come from?,-0.438093,6.879454,5.089353,1.483614,0.0,1.35873,0,4,1.35873,0.0,0.01844,7.074751,4.1249914,-10,-6
1365,4879,Psychology,History,History,2,How did psychology develop as a field of study?,-0.332104,7.172803,5.222221,0.299863,0.0,0.0,0,0,0.0,0.0,0.0,8.603692,4.434632,-10,-10
1366,4879,Psychology,History > Beginning of experimental psychology,Beginning of experimental psychology,3,When did psychology become an experimental science?,0.220916,6.662237,11.702836,2.424209,1.384484,0.962194,5,1,-0.422289,0.013793,0.013058,8.780128,4.7143807,-5,-9
1367,4879,Psychology,History > Consolidation and funding,Consolidation and funding,3,How did psychology become established as an academic discipline?,7.058385,6.585589,6.738937,-0.301039,0.0,1.253351,0,5,1.253351,0.0,0.01701,8.768171,4.62231,-10,-5
1368,4879,Psychology,History > Women in psychology > 1900–1949,1900–1949,4,What role did women play in early psychology?,3.510775,8.629097,9.054144,3.119332,4.724025,1.456046,39,8,-3.267979,0.047065,0.019761,8.923783,4.510894,29,-2
1369,4879,Psychology,History > Women in psychology > 1950–1999,1950–1999,4,How did women's contributions to psychology change in the second half of the 20th century?,8.203548,8.325154,9.743604,2.377271,0.97752,1.068746,1,3,0.091226,0.009739,0.014504,8.922637,4.4155765,-9,-7
1370,4879,Psychology,History > Women in psychology > 21st century,21st century,4,What is the status of women in psychology today?,5.931059,9.021604,9.391123,2.842703,4.535475,4.837762,39,41,0.302286,0.045186,0.065655,8.525827,4.769869,29,31
1371,4879,Psychology,Disciplinary organizations > Institutions,Institutions,3,What are the major psychology organizations and institutions?,7.085559,7.776349,10.091283,2.303266,0.0,0.963499,0,1,0.963499,0.0,0.013076,8.639351,4.6985755,-10,-9
1372,4879,Psychology,Disciplinary organizations > Boundaries,Boundaries,3,How does psychology relate to other scientific disciplines?,6.724329,6.096278,6.425618,-0.321731,3.758111,2.313231,26,19,-1.44488,0.037441,0.031394,8.716084,4.685592,16,9
1373,4879,Psychology,Major schools of thought > Biological,Biological,3,How does biology influence human behavior and mental processes?,3.766804,9.191405,12.259768,0.899807,0.968604,1.041694,1,2,0.07309,0.00965,0.014137,8.984588,4.5835595,-9,-8
1374,4879,Psychology,Major schools of thought > Behaviorist,Behaviorist,3,What is behaviorism in psychology?,7.301809,7.486973,11.583858,2.482511,24.349075,4.934451,126,38,-19.414624,0.242585,0.066968,8.907822,4.6132584,116,28
1375,4879,Psychology,Major schools of thought > Cognitive,Cognitive,3,How do cognitive psychologists study the mind?,6.833349,6.457981,7.533313,0.260847,1.064511,1.430978,2,8,0.366467,0.010606,0.01942,8.658696,4.602425,-8,-2
1376,4879,Psychology,Major schools of thought > Social,Social,3,What does social psychology study?,2.118055,9.501855,6.258092,-0.824109,1.375475,0.964755,6,1,-0.41072,0.013704,0.013093,8.619491,4.7091928,-4,-9
1377,4879,Psychology,Major schools of thought > Psychoanalytic,Psychoanalytic,3,What are the main ideas of psychoanalytic theory?,6.98974,9.25493,10.576603,2.992978,0.963142,1.005904,1,2,0.042761,0.009596,0.013652,8.622798,4.644451,-9,-8
1378,4879,Psychology,Major schools of thought > Existential-humanistic,Existential-humanistic,3,What is humanistic psychology?,1.324286,9.839816,7.52815,-0.481665,1.429231,0.961002,4,1,-0.468229,0.014239,0.013042,8.923622,4.3721056,-6,-9
1379,4879,Psychology,Themes > Personality,Personality,3,How do psychologists understand personality?,7.547198,6.068882,13.017661,1.037073,1.115112,1.336701,2,3,0.22159,0.01111,0.018141,9.063099,4.5626264,-8,-7
1380,4879,Psychology,Themes > Unconscious mind,Unconscious mind,3,What is the unconscious mind?,7.387227,6.835489,11.308222,2.54425,1.869818,2.401826,12,14,0.532007,0.018629,0.032596,8.754804,4.6264286,2,4
1381,4879,Psychology,Themes > Motivation,Motivation,3,What drives human motivation?,6.928327,7.498808,12.722164,2.979925,2.02795,1.880108,12,11,-0.147842,0.020204,0.025516,9.189469,4.6588454,2,1
1382,4879,Psychology,Themes > Development psychology,Development psychology,3,How do people change psychologically as they grow?,-0.260967,6.121586,12.703172,2.600541,8.398378,2.920932,65,22,-5.477446,0.083671,0.039641,8.585883,4.545851,55,12
1383,4879,Psychology,Themes > Genes and environment,Genes and environment,3,How do genetics and environment shape who we are?,1.457298,10.156645,13.073731,1.293382,1.115787,1.505447,3,9,0.389661,0.011116,0.020431,8.864981,4.9100323,-7,-1
1384,4879,Psychology,Applications > Psychological testing,Psychological testing,3,How do psychologists measure mental abilities and traits?,5.996885,5.762144,13.036819,2.700918,2.342394,1.644496,17,9,-0.697898,0.023337,0.022318,8.816547,4.6185713,7,-1
1385,4879,Psychology,Applications > Mental health care,Mental health care,3,How is psychology used to treat mental illness?,7.898345,7.424696,3.516964,1.407655,1.522111,2.526221,8,21,1.00411,0.015165,0.034284,8.535577,4.7713304,-2,11
1386,4879,Psychology,Applications > Education,Education,3,How is psychology applied in schools and learning?,2.184722,9.951456,8.18642,0.054556,0.966253,0.957572,1,1,-0.008681,0.009627,0.012996,8.664353,4.526947,-9,-9
1387,4879,Psychology,Applications > Work,Work,3,How is psychology used in the workplace?,7.201645,6.481735,12.456154,1.209131,1.295761,1.339299,6,7,0.043538,0.012909,0.018176,8.579034,4.771985,-4,-3
1388,4879,Psychology,Applications > Military and intelligence,Military and intelligence,3,How do military and intelligence agencies use psychology?,8.493668,8.48476,3.339555,1.349895,0.968477,1.141405,1,4,0.172928,0.009649,0.015491,8.616987,4.7854285,-9,-6
1389,4879,Psychology,"Applications > Health, well-being, and social change > Social change",Social change,4,How can psychology help create positive social change?,4.49877,7.982091,9.681788,3.668927,5.697391,5.044908,46,33,-0.652484,0.056762,0.068467,8.858882,4.295279,36,23
1390,4879,Psychology,"Applications > Health, well-being, and social change > Medical applications",Medical applications,4,How is psychology used in medicine and healthcare?,-0.65684,7.286417,12.411545,2.507901,1.070631,13.752819,2,83,12.682187,0.010666,0.186646,8.595583,4.752681,-8,73
1391,4879,Psychology,"Applications > Health, well-being, and social change > Worker health, safety and wellbeing","Worker health, safety and wellbeing",4,How does psychology improve workplace safety and employee wellbeing?,8.307341,6.835453,12.252413,3.164792,1.618609,2.398327,8,14,0.779718,0.016126,0.032549,8.570407,4.7407913,-2,4
1392,4879,Psychology,"Applications > Health, well-being, and social change > Occupational health psychology",Occupational health psychology,4,What is occupational health psychology?,5.881223,9.15553,10.56632,2.656229,1.215985,1.423193,3,5,0.207208,0.012115,0.019315,8.602426,4.771119,-7,-5
1393,4879,Psychology,Research methods,Research methods,2,How do psychologists conduct research?,7.771649,7.014572,12.553618,3.119289,1.242969,0.969522,4,1,-0.273447,0.012383,0.013158,8.181699,5.5730076,-6,-9
1394,4879,Psychology,Research methods > Controlled experiments,Controlled experiments,3,How do psychologists use experiments to test hypotheses?,4.674607,8.88193,12.177848,1.852247,1.064451,1.022745,3,2,-0.041707,0.010605,0.01388,8.185964,5.5816965,-7,-8
1395,4879,Psychology,Research methods > Other types of studies,Other types of studies,3,What research methods do psychologists use besides experiments?,7.341934,6.561372,12.916859,2.527452,1.935616,5.65587,13,39,3.720253,0.019284,0.076758,8.20311,5.59761,3,29
1396,4879,Psychology,Research methods > Direct brain observation/manipulation,Direct brain observation/manipulation,3,How do researchers study the brain directly?,6.607834,5.824244,12.500099,3.197848,1.200993,1.632519,5,9,0.431525,0.011965,0.022156,8.518767,4.53758,-5,-1
1397,4879,Psychology,Research methods > Computer simulation,Computer simulation,3,Can computers simulate human psychology?,5.443492,8.768527,11.369285,0.919489,1.338497,1.068753,5,3,-0.269744,0.013335,0.014505,8.057559,7.0194054,-5,-7
1398,4879,Psychology,Research methods > Animal studies,Animal studies,3,Why do psychologists study animals?,1.294829,9.330357,6.031669,0.664028,3.959101,7.964672,29,64,4.005571,0.039444,0.108092,8.914447,4.6587324,19,54
1399,4879,Psychology,Research methods > Qualitative research,Qualitative research,3,How do qualitative methods work in psychology research?,5.522361,5.408085,6.362761,-0.575548,2.039828,11.92166,12,75,9.881831,0.020322,0.161794,8.122472,5.2283897,2,65
1400,4879,Psychology,Research methods > Program evaluation,Program evaluation,3,How do psychologists evaluate whether programs and interventions work?,-0.702195,6.303566,6.27698,1.386202,0.950118,0.0,1,0,-0.950118,0.009466,0.0,7.204956,-1.6794401,-9,-10
1401,4879,Psychology,Contemporary issues > Metascience,Metascience,3,What issues does psychology face as a science?,4.334275,7.711598,8.463295,2.735432,2.990096,1.938221,26,13,-1.051875,0.02979,0.026304,8.376571,4.992652,16,3
1402,4879,Psychology,Contemporary issues > Metascience > Confirmation bias,Confirmation bias,4,How does confirmation bias affect psychological research?,1.791967,9.268355,6.112761,-0.150449,1.251546,5.244861,3,42,3.993315,0.012469,0.07118,8.430652,5.0581765,-7,32
1403,4879,Psychology,Contemporary issues > Metascience > Replication,Replication,4,Can psychology studies be replicated?,7.181318,7.564544,12.301922,2.935951,2.068993,2.59039,9,15,0.521397,0.020613,0.035155,8.361275,5.0926204,-1,5
1404,4879,Psychology,Contemporary issues > Metascience > Misuse of statistics,Misuse of statistics,4,How are statistics misused in psychology research?,2.045714,8.909943,6.310867,-0.045277,3.127226,4.046024,21,35,0.918798,0.031156,0.05491,8.336305,5.362731,11,25
1405,4879,Psychology,Contemporary issues > WEIRD bias,WEIRD bias,3,Why is most psychology research based on Western populations?,2.720287,9.091413,7.601233,1.32208,1.103552,1.635315,3,11,0.531763,0.010994,0.022194,8.529295,4.9591894,-7,1
1406,4879,Psychology,Contemporary issues > STRANGE bias,STRANGE bias,3,What is STRANGE bias in psychology research?,4.008876,7.18005,12.834855,3.611492,1.641858,1.349841,10,6,-0.292017,0.016358,0.018319,8.57955,4.943843,0,-4
1407,4879,Psychology,Contemporary issues > Unscientific mental health training,Unscientific mental health training,3,Are all mental health practitioners trained in scientific methods?,7.015685,6.135102,12.351419,1.757789,1.19764,4.848303,4,25,3.650664,0.011932,0.065798,8.361648,4.9915123,-6,15
1408,4879,Psychology,Ethics,Ethics,2,What ethical principles guide psychological research and practice?,7.136752,7.243284,12.872293,1.555925,1.31733,1.028529,3,2,-0.288801,0.013124,0.013959,8.783925,4.5075617,-7,-8
1409,4879,Psychology,Ethics > Ethics with Humans,Ethics with Humans,3,What are the ethical rules for research with human participants?,7.752546,7.474039,12.033164,2.915039,25.512521,3.368212,120,20,-22.144309,0.254176,0.045712,8.1554575,4.094766,110,10
1410,4879,Psychology,Ethics > Ethics with other animals,Ethics with other animals,3,What ethical guidelines apply to animal research in psychology?,2.575416,8.458641,6.554123,-0.360479,1.222098,11.781261,5,87,10.559163,0.012176,0.159889,8.857571,4.56236,-5,77
1411,5024,Reproduction,Introduction,Introduction,0,What is reproduction?,0.971696,7.376034,7.098323,3.370867,0.0,0.0,0,0,0.0,0.0,0.0,0.95599663,1.4382137,-10,-10
1412,5024,Reproduction,Methods > Asexual,Asexual,3,How does asexual reproduction work?,0.780589,7.227445,3.797684,1.601561,0.0,0.0,0,0,0.0,0.0,0.0,0.9078212,1.4211178,-10,-10
1413,5024,Reproduction,Methods > Sexual,Sexual,3,How do organisms reproduce sexually?,6.42874,6.131835,10.459389,0.501223,0.0,0.0,0,0,0.0,0.0,0.0,0.8684183,1.4426807,-10,-10
1414,5024,Reproduction,Methods > Sexual > Allogamy,Allogamy,4,What is allogamy in reproduction?,8.119172,7.571016,12.745461,2.852407,1.06453,1.134313,2,3,0.069784,0.010606,0.015394,0.96704674,1.3726095,-8,-7
1415,5024,Reproduction,Methods > Sexual > Autogamy,Autogamy,4,What is autogamy?,5.033076,7.44422,6.495469,0.392123,1.038383,0.969602,2,1,-0.068781,0.010345,0.013159,0.9495623,1.3652012,-8,-9
1416,5024,Reproduction,Methods > Sexual > Mitosis and meiosis,Mitosis and meiosis,4,What's the difference between mitosis and meiosis?,6.888903,6.539296,10.948867,1.046905,1.282078,1.081782,4,2,-0.200296,0.012773,0.014681,0.75353277,1.74287,-6,-8
1417,5024,Reproduction,Methods > Sexual > Gametogenesis,Gametogenesis,4,How are gametes formed?,7.323593,8.692553,11.853447,2.632446,1.108251,1.060489,2,2,-0.047761,0.011041,0.014392,0.8356741,1.5065558,-8,-8
1418,5024,Reproduction,Methods > Same-sex,Same-sex,3,Can same-sex organisms reproduce together?,1.856515,10.174596,6.992372,-0.299631,1.228456,1.128218,5,3,-0.100238,0.012239,0.015312,0.82910734,1.4142139,-5,-7
1419,5024,Reproduction,Strategies,Strategies,2,What reproductive strategies do organisms use?,0.888708,9.109846,9.086296,0.387826,0.0,0.0,0,0,0.0,0.0,0.0,1.0179087,1.3325827,-10,-10
1420,5024,Reproduction,Strategies > Other types,Other types,3,Are there unusual reproductive strategies in nature?,1.804073,8.848973,9.103022,3.512738,1.172096,1.08257,4,3,-0.089526,0.011677,0.014692,0.9215559,1.4476978,-6,-7
1421,5024,Reproduction,Asexual vs. sexual reproduction,Asexual vs. sexual reproduction,2,Why do some organisms reproduce sexually while others reproduce asexually?,6.557258,6.235974,12.972343,0.671747,0.961936,1.135274,1,3,0.173337,0.009584,0.015407,0.9290457,1.3777691,-9,-7
1422,5024,Reproduction,Life without,Life without,2,Can life exist without reproduction?,6.891992,8.407363,9.846571,-0.163997,1.540539,1.293216,7,5,-0.247323,0.015348,0.017551,1.5645375,2.214941,-3,-5
1423,5024,Reproduction,Lottery principle,Lottery principle,2,What is the lottery principle in reproduction?,2.184126,9.015827,6.857719,2.142118,1.758708,1.24378,12,5,-0.514927,0.017522,0.01688,0.9947511,1.3358793,2,-5
1424,5448,Solar System,Introduction,Introduction,0,What is the Solar System?,6.802811,7.196024,12.368436,0.843717,21.797536,12.378378,98,60,-9.419158,0.217165,0.167993,1.557953,5.3058686,88,50
1425,5448,Solar System,Definition,Definition,2,How do astronomers define the Solar System?,-0.329522,7.661419,11.68095,1.293802,1.132811,1.053259,3,2,-0.079552,0.011286,0.014294,1.5398229,5.3767605,-7,-8
1426,5448,Solar System,Formation and evolution > Past,Past,3,How did the Solar System form?,6.849912,5.406569,11.635516,-0.105062,0.0,0.0,0,0,0.0,0.0,0.0,1.7274119,4.9865127,-10,-10
1427,5448,Solar System,Formation and evolution > Present and future,Present and future,3,What will happen to the Solar System in the future?,-0.519163,6.597875,7.2879,0.819592,7.65882,0.0,55,0,-7.65882,0.076303,0.0,1.9821676,5.112314,45,-10
1428,5448,Solar System,General characteristics,General characteristics,2,What are the main features of the Solar System?,-0.730483,7.612477,7.158634,1.959963,1.178473,0.0,3,0,-1.178473,0.011741,0.0,1.555188,5.3928204,-7,-10
1429,5448,Solar System,General characteristics > Composition,Composition,3,What is the Solar System made of?,3.23774,8.349359,7.593538,3.431666,0.0,0.0,0,0,0.0,0.0,0.0,1.6444383,5.3252435,-10,-10
1430,5448,Solar System,General characteristics > Orbits,Orbits,3,How do planets orbit around the Sun?,0.516318,6.933966,7.832565,0.910507,5.843484,0.0,33,0,-5.843484,0.058218,0.0,1.5201168,5.2942567,23,-10
1431,5448,Solar System,General characteristics > Distances and scales,Distances and scales,3,How big is the Solar System?,1.053063,8.040378,7.604784,0.944919,0.0,0.0,0,0,0.0,0.0,0.0,1.6863371,5.271455,-10,-10
1432,5448,Solar System,General characteristics > Habitability,Habitability,3,Which parts of the Solar System could support life?,-0.421559,6.243571,5.655186,0.2101,1.069883,0.0,2,0,-1.069883,0.010659,0.0,1.9300405,4.928759,-8,-10
1433,5448,Solar System,General characteristics > Comparison with extrasolar systems,Comparison with extrasolar systems,3,How does our Solar System compare to other star systems?,0.755669,9.860756,8.667056,0.649886,5.205303,1.075824,36,3,-4.129479,0.051859,0.0146,1.5550905,5.34722,26,-7
1434,5448,Solar System,Sun,Sun,2,What is the Sun and why is it important?,-0.772651,6.777824,8.267612,0.71997,0.0,0.0,0,0,0.0,0.0,0.0,2.0153406,5.116737,-10,-10
1435,5448,Solar System,Inner Solar System,Inner Solar System,2,What makes up the inner Solar System?,0.56114,7.268652,6.485224,2.501711,0.0,0.0,0,0,0.0,0.0,0.0,1.54365,5.3747096,-10,-10
1436,5448,Solar System,Inner Solar System > Inner planets,Inner planets,3,Which planets are closest to the Sun?,7.184213,7.019319,7.105053,0.330853,1.919835,0.0,5,0,-1.919835,0.019127,0.0,1.8714904,4.3081923,-5,-10
1437,5448,Solar System,Inner Solar System > Asteroids,Asteroids,3,What are asteroids?,7.360871,5.299713,9.011101,0.262989,1.337334,0.0,4,0,-1.337334,0.013324,0.0,1.4436401,5.283434,-6,-10
1438,5448,Solar System,Inner Solar System > Asteroids > Asteroid belt,Asteroid belt,4,Where is the asteroid belt located?,8.205281,6.327735,8.286872,0.081524,2.096057,0.418446,8,2,-1.67761,0.020883,0.005679,1.4874771,5.4136386,-2,-8
1439,5448,Solar System,Outer Solar System,Outer Solar System,2,What lies in the outer Solar System?,1.609994,7.562011,11.841318,-0.244525,0.0,0.0,0,0,0.0,0.0,0.0,1.5929853,5.35331,-10,-10
1440,5448,Solar System,Outer Solar System > Outer planets,Outer planets,3,Which planets are in the outer Solar System?,6.983903,7.258029,6.465635,-0.784689,1.802898,0.0,5,0,-1.802898,0.017962,0.0,1.5584137,5.289711,-5,-10
1441,5448,Solar System,Outer Solar System > Centaurs,Centaurs,3,What are centaurs in space?,8.45317,6.741516,12.036414,0.244848,0.972638,0.0,1,0,-0.972638,0.00969,0.0,1.4439139,5.433273,-9,-10
1442,5448,Solar System,Trans-Neptunian region,Trans-Neptunian region,2,What exists beyond Neptune?,0.494291,7.438027,6.923934,2.963243,0.0,0.0,0,0,0.0,0.0,0.0,1.5047213,5.453122,-10,-10
1443,5448,Solar System,Trans-Neptunian region > Kuiper belt,Kuiper belt,3,What is the Kuiper belt?,7.33352,4.880134,7.781125,0.753394,0.0,0.0,0,0,0.0,0.0,0.0,1.4677659,5.429322,-10,-10
1444,5448,Solar System,Trans-Neptunian region > Scattered disc,Scattered disc,3,What is the scattered disc?,6.312386,7.340042,7.826467,0.951392,0.0,0.0,0,0,0.0,0.0,0.0,1.4650574,5.4429216,-10,-10
1445,5448,Solar System,Trans-Neptunian region > Extreme trans-Neptunian objects,Extreme trans-Neptunian objects,3,What are extreme trans-Neptunian objects?,7.272337,7.98517,6.853445,-1.009892,1.026524,1.318696,2,4,0.292172,0.010227,0.017897,1.4935538,5.4542265,-8,-6
1446,5448,Solar System,Trans-Neptunian region > Oort cloud,Oort cloud,3,What is the Oort cloud?,6.875738,5.543772,7.845791,3.488253,0.0,0.0,0,0,0.0,0.0,0.0,1.5002121,5.418559,-10,-10
1447,5448,Solar System,"Gravitationally unstable populations > Meteoroids, meteors and dust","Meteoroids, meteors and dust",3,What are meteoroids and meteors?,-0.282887,7.58467,6.968535,0.6438,1.517005,6.139914,7,35,4.622909,0.015114,0.083328,1.457518,5.3340874,-3,25
1448,5448,Solar System,Gravitationally unstable populations > Comets,Comets,3,Where do comets come from?,-0.415372,6.955969,10.840227,2.573593,0.0,0.0,0,0,0.0,0.0,0.0,1.4773719,5.4130692,-10,-10
1449,5448,Solar System,Boundary region and uncertainties,Boundary region and uncertainties,2,Where does the Solar System end?,7.02358,5.876488,11.875608,0.883759,14.803441,1.523751,73,8,-13.279691,0.147484,0.02068,1.6026727,5.393849,63,-2
1450,5448,Solar System,Boundary region and uncertainties > Edge of the heliosphere,Edge of the heliosphere,3,What is the heliosphere and where does it end?,-0.475224,6.539054,8.231192,0.252155,0.975853,0.0,1,0,-0.975853,0.009722,0.0,1.869338,5.0165005,-9,-10
1451,5448,Solar System,Celestial neighborhood,Celestial neighborhood,2,What stars and objects are near our Solar System?,7.92539,6.056398,6.966283,0.657937,0.961766,0.0,1,0,-0.961766,0.009582,0.0,1.7063497,5.286395,-9,-10
1452,5448,Solar System,Galactic position,Galactic position,2,Where is the Solar System located in the Milky Way?,6.181685,6.596688,5.81185,1.317985,0.968344,0.0,1,0,-0.968344,0.009647,0.0,1.8573607,5.237966,-9,-10
1453,5448,Solar System,Discovery and exploration,Discovery and exploration,2,How did humans discover and explore the Solar System?,7.369637,6.554552,7.978848,0.399742,1.131046,0.0,4,0,-1.131046,0.011268,0.0,5.4741783,4.6822753,-6,-10
1454,5471,South America,Introduction,Introduction,0,What is South America?,5.359946,5.452472,11.21312,-0.800681,0.961015,0.0,1,0,-0.961015,0.009574,0.0,4.9251614,0.5864591,-9,-10
1455,5471,South America,History > Prehistory,Prehistory,3,When were humans first living in South America?,5.438585,8.311604,7.19531,2.179436,0.977684,1.035231,1,2,0.057547,0.00974,0.01405,6.6652513,1.0689585,-9,-8
1456,5471,South America,History > Pre-Columbian civilizations,Pre-Columbian civilizations,3,Which ancient civilizations existed in South America before Columbus?,1.560103,8.68415,6.970903,-0.231813,1.991286,1.321996,6,3,-0.66929,0.019839,0.017941,6.8563685,0.9704747,-4,-7
1457,5471,South America,History > European colonization,European colonization,3,How did Europeans colonize South America?,0.679791,8.518299,5.431922,2.18943,0.0,0.0,0,0,0.0,0.0,0.0,6.397645,0.5059828,-10,-10
1458,5471,South America,History > Slavery,Slavery,3,What role did slavery play in South American history?,1.24285,9.691302,7.755148,0.164627,2.370392,0.0,9,0,-2.370392,0.023616,0.0,6.541772,0.556584,-1,-10
1459,5471,South America,History > Independence from Spain and Portugal,Independence from Spain and Portugal,3,When did South American countries gain independence?,5.599293,5.333476,7.11349,1.111337,0.970655,1.16519,1,2,0.194535,0.00967,0.015813,5.5501337,0.15850316,-9,-8
1460,5471,South America,History > Nation-building and fragmentation,Nation-building and fragmentation,3,How did South American nations form after independence?,1.817584,9.575628,7.184948,-0.405555,1.166618,1.102081,3,2,-0.064537,0.011623,0.014957,5.1348276,0.23731044,-7,-8
1461,5471,South America,History > Wars and conflicts,Wars and conflicts,3,What major wars have been fought in South America?,3.102397,8.895374,7.301709,0.588815,1.089139,1.277967,2,3,0.188828,0.010851,0.017344,5.212767,0.17162749,-8,-7
1462,5471,South America,History > Rise and fall of military dictatorships,Rise and fall of military dictatorships,3,Why did South America have so many military dictatorships?,2.109044,9.746119,12.000205,0.328702,0.955389,1.034801,1,2,0.079412,0.009518,0.014044,5.091347,0.2514213,-9,-8
1463,5471,South America,History > Contemporary issues,Contemporary issues,3,What are the main challenges facing South America today?,4.278904,7.22988,11.896615,3.728607,1.797339,2.764784,12,20,0.967445,0.017907,0.037522,4.8713737,0.19655351,2,10
1464,5471,South America,Geography,Geography,2,What are the main geographical features of South America?,-1.087128,6.811003,11.003782,-0.520915,0.0,0.0,0,0,0.0,0.0,0.0,4.8149757,0.3803406,-10,-10
1465,5471,South America,Geography > Outlying islands,Outlying islands,3,Which islands belong to South America?,7.962543,7.096523,12.194863,3.110436,0.979328,0.952227,1,1,-0.027101,0.009757,0.012923,4.9211464,0.59858716,-9,-9
1466,5471,South America,Geography > Outlying islands > Special cases,Special cases,4,Are the Falklands and Galápagos part of South America?,4.391972,7.93139,9.62351,3.707827,1.076107,1.058956,2,2,-0.017151,0.010721,0.014372,4.9161296,0.5837903,-8,-8
1467,5471,South America,Geography > Climate,Climate,3,What types of climate zones exist in South America?,7.502698,8.136775,10.482841,-0.523858,1.516362,1.010891,6,2,-0.505471,0.015107,0.013719,4.596626,1.0472858,-4,-8
1468,5471,South America,Geography > Fauna,Fauna,3,What unique animals live in South America?,7.828494,5.191346,12.757169,2.310328,0.97345,1.005169,1,2,0.031718,0.009698,0.013642,4.7755513,0.65162313,-9,-8
1469,5471,South America,Politics,Politics,2,How are South American countries governed?,1.307153,9.145829,5.366944,1.571705,1.173803,1.173628,3,4,-0.000175,0.011694,0.015928,5.047866,0.354525,-7,-6
1470,5471,South America,Economy,Economy,2,What are the largest economies in South America?,1.031234,9.343522,6.766514,-0.94542,1.217389,1.417375,4,7,0.199986,0.012129,0.019236,4.847991,0.2742494,-6,-3
1471,5471,South America,Economy > Agriculture,Agriculture,3,What crops and livestock are important to South America?,2.950029,8.696313,11.148031,2.47197,1.147033,1.068906,3,2,-0.078127,0.011428,0.014507,4.770943,0.2330058,-7,-8
1472,5471,South America,Economy > Manufacturing,Manufacturing,3,What does South America manufacture?,6.408653,8.466668,11.524952,2.922967,1.27726,0.975095,5,3,-0.302165,0.012725,0.013233,4.865776,0.15924864,-5,-7
1473,5471,South America,Economy > Mining,Mining,3,What natural resources are mined in South America?,6.485384,9.161688,11.581935,2.317758,0.980999,1.060096,1,2,0.079097,0.009774,0.014387,4.7681947,0.22283821,-9,-8
1474,5471,South America,Economy > Tourism,Tourism,3,Where do tourists visit in South America?,8.32596,6.795382,11.427155,-0.420327,0.977456,0.950937,1,1,-0.026519,0.009738,0.012906,4.815333,0.35658136,-9,-9
1475,5471,South America,Economy > Energy,Energy,3,How does South America generate electricity?,6.481751,9.201543,6.909744,0.356239,2.488503,2.013116,19,12,-0.475387,0.024792,0.027321,4.663741,0.20337206,9,2
1476,5471,South America,Economy > Transport,Transport,3,How do people travel around South America?,4.351596,7.193556,12.021404,3.917058,6.876278,6.578501,53,56,-0.297777,0.068507,0.08928,4.7234077,-0.1316405,43,46
1477,5471,South America,Economy > Transport > Roads,Roads,4,What are the major highways in South America?,6.633492,8.918448,9.791621,2.167765,3.294487,2.610198,25,21,-0.684288,0.032822,0.035424,4.724422,0.07797164,15,11
1478,5471,South America,Economy > Transport > Aviation,Aviation,4,Which are the busiest airports in South America?,6.794117,9.462841,9.412287,2.073799,0.977758,1.255651,1,4,0.277893,0.009741,0.017041,4.7389817,0.15085769,-9,-6
1479,5471,South America,Economy > Transport > Seaports and harbors,Seaports and harbors,4,What are the most important ports in South America?,6.771977,9.426764,9.377176,2.117311,0.0,0.09188,0,1,0.09188,0.0,0.001247,4.737746,0.1571143,-10,-9
1480,5471,South America,Economy > Transport > Rail,Rail,4,Does South America have good train systems?,8.802644,7.83431,11.066586,3.003114,1.386952,1.86836,5,9,0.481409,0.013818,0.025356,4.7126455,0.07016888,-5,-1
1481,5471,South America,Economy > Transport > Waterways,Waterways,4,Which rivers are used for transportation in South America?,8.055081,8.158691,11.607209,2.994685,1.268733,1.233406,4,3,-0.035326,0.01264,0.016739,4.7103267,0.082712874,-6,-7
1482,5471,South America,Economy > Transport > Public transport,Public transport,4,What public transportation options exist in South American cities?,5.893889,8.423242,10.103355,2.962656,1.141913,1.668298,3,8,0.526386,0.011377,0.022641,4.7254214,-0.0964137,-7,-2
1483,5471,South America,Demographics,Demographics,2,How many people live in South America?,2.292211,8.977952,12.285231,0.983877,1.394076,1.123117,8,4,-0.270958,0.013889,0.015242,4.8561077,0.61408174,-2,-6
1484,5471,South America,Demographics > Language,Language,3,What languages are spoken in South America?,2.446272,9.552925,10.223604,-0.190487,0.975623,0.965439,1,1,-0.010184,0.00972,0.013102,4.9013705,0.5472911,-9,-9
1485,5471,South America,Demographics > Religion,Religion,3,What religions do South Americans practice?,7.976405,7.364655,12.897553,2.911416,1.123694,1.092658,3,3,-0.031036,0.011195,0.014829,6.4178424,2.4591138,-7,-7
1486,5471,South America,Demographics > Ethnic demographics,Ethnic demographics,3,What ethnic groups make up South America's population?,8.001743,7.210147,12.717427,1.607586,1.079587,1.216747,2,4,0.13716,0.010756,0.016513,4.903044,0.53770524,-8,-6
1487,5471,South America,Demographics > Populace,Populace,3,Which cities have the largest populations in South America?,1.166365,9.963322,6.89175,-0.205127,1.128491,1.117373,2,3,-0.011118,0.011243,0.015164,4.785135,0.31622916,-8,-7
1488,5471,South America,Culture,Culture,2,What are the main characteristics of South American culture?,7.812132,5.7682,12.013447,0.137085,0.0,0.241041,0,2,0.241041,0.0,0.003271,4.866657,0.4651388,-10,-8
1489,5471,South America,Culture > Food and drink,Food and drink,3,What foods and dishes are popular in South America?,2.045487,9.377332,6.734416,0.739677,0.969567,1.836122,1,8,0.866555,0.00966,0.024919,4.8477373,0.46740222,-9,-2
1490,5471,South America,Culture > Plastic arts,Plastic arts,3,Who are famous South American artists and sculptors?,6.729933,8.68078,6.75141,-0.480688,1.484792,1.589638,6,10,0.104845,0.014793,0.021574,4.889043,0.41636136,-4,0
1491,5471,South America,Culture > Sport,Sport,3,What sports are most popular in South America?,8.128029,7.491688,12.333338,2.963878,1.538836,1.207207,6,3,-0.331629,0.015331,0.016384,4.902454,0.46842724,-4,-7
1492,5550,State (polity),Introduction,Introduction,0,What is a state in political science?,7.090214,6.923767,10.300312,1.51486,1.287904,1.69007,5,8,0.402165,0.012831,0.022937,8.3787985,-1.468353,-5,-2
1493,5550,State (polity),Etymology,Etymology,2,Where does the word 'state' come from?,2.61991,9.588258,11.346278,0.013572,0.0,0.0,0,0,0.0,0.0,0.0,8.704087,-0.8522792,-10,-10
1494,5550,State (polity),Definition,Definition,2,How do political scientists define a state?,7.023877,8.786158,11.891566,2.121188,0.0,0.0,0,0,0.0,0.0,0.0,8.532504,-1.3916631,-10,-10
1495,5550,State (polity),Definition > Types of states,Types of states,3,What are the different types of states?,-0.56966,6.521255,12.181228,-0.060597,1.435094,0.715583,11,7,-0.71951,0.014298,0.009711,8.555063,-1.0932621,1,-3
1496,5550,State (polity),Definition > State and government,State and government,3,What's the difference between a state and a government?,6.662511,4.931606,7.974695,1.973966,0.0,0.0,0,0,0.0,0.0,0.0,8.446894,-1.6328124,-10,-10
1497,5550,State (polity),Definition > States and nation-states,States and nation-states,3,How are states different from nation-states?,4.253079,7.449663,7.351512,2.951078,0.969287,1.135691,1,3,0.166404,0.009657,0.015413,8.777126,-0.9489208,-9,-7
1498,5550,State (polity),Definition > State and civil society,State and civil society,3,What's the relationship between the state and civil society?,7.704481,5.641859,11.154826,0.361888,1.073087,1.363828,2,4,0.290741,0.010691,0.018509,8.610967,-1.3098824,-8,-6
1499,5550,State (polity),History,History,2,How did states develop throughout history?,0.612684,9.340116,5.926884,0.230653,10.229407,4.802058,71,42,-5.427349,0.101914,0.065171,8.414262,-0.64076424,61,32
1500,5550,State (polity),History > Prehistoric stateless societies,Prehistoric stateless societies,3,How did prehistoric societies function without states?,2.042339,8.852443,11.791305,3.897633,1.461336,1.375396,7,5,-0.085941,0.014559,0.018666,8.418738,-0.86366045,-3,-5
1501,5550,State (polity),History > Neolithic period,Neolithic period,3,Did states exist during the Neolithic period?,1.251744,9.756064,6.604649,-0.770439,1.891646,0.936283,8,3,-0.955363,0.018846,0.012707,8.365,-0.12492423,-2,-7
1502,5550,State (polity),History > Ancient Eurasia,Ancient Eurasia,3,What were the early states like in ancient Eurasia?,1.267138,9.655418,5.206163,0.187287,2.410557,1.600103,15,7,-0.810454,0.024016,0.021716,7.850053,1.358894,5,-3
1503,5550,State (polity),History > Classical antiquity,Classical antiquity,3,How did states work in classical antiquity?,1.423368,9.526574,7.189872,3.138947,0.0,0.0,0,0,0.0,0.0,0.0,8.2913885,-0.45036992,-10,-10
1504,5550,State (polity),History > Feudal state,Feudal state,3,What characterized the feudal state?,1.871854,9.496123,12.06714,1.683596,0.96434,0.969468,1,1,0.005128,0.009608,0.013157,8.64049,-0.94885594,-9,-9
1505,5550,State (polity),History > Modern state,Modern state,3,When and how did the modern state emerge?,6.261991,7.062156,12.475565,1.769655,2.015176,0.0,10,0,-2.015176,0.020077,0.0,8.635857,-0.94936556,0,-10
1506,5550,State (polity),Theories for the emergence of the state > Earliest states,Earliest states,3,What were the very first states in human history?,8.46845,8.812286,10.667199,3.013845,1.207365,1.748891,4,9,0.541526,0.012029,0.023735,8.311973,-0.27522984,-6,-1
1507,5550,State (polity),Theories for the emergence of the state > Modern state,Modern state,3,Why did modern states form when they did?,4.683517,7.680795,9.663304,2.965178,1.057312,1.323616,2,5,0.266305,0.010534,0.017963,8.409504,-0.8828279,-8,-5
1508,5550,State (polity),Theories of state function,Theories of state function,2,What theories explain what states actually do?,4.755112,6.548607,11.692346,1.773811,1.453164,1.355569,6,4,-0.097595,0.014478,0.018397,8.527733,-1.4480197,-4,-6
1509,5550,State (polity),Theories of state function > Anarchist perspective,Anarchist perspective,3,How do anarchists view the role of the state?,1.578063,8.870161,6.155716,0.186951,1.456624,1.388993,4,3,-0.067632,0.014512,0.018851,8.567093,-1.41724,-6,-7
1510,5550,State (polity),Theories of state function > Anarcho-capitalist perspective,Anarcho-capitalist perspective,3,What do anarcho-capitalists believe about the state?,8.041716,7.94066,11.975079,3.362422,1.16287,1.277928,4,3,0.115058,0.011585,0.017343,8.642331,-1.4771674,-6,-7
1511,5550,State (polity),Theories of state function > Marxist perspective,Marxist perspective,3,How does Marxist theory explain the function of states?,2.058424,7.879309,12.016215,2.001528,1.298423,1.321317,5,5,0.022894,0.012936,0.017932,8.515004,-1.3499467,-5,-5
1512,5550,State (polity),Theories of state function > Pluralism,Pluralism,3,What is the pluralist view of the state?,1.424959,10.190716,6.580745,-0.290947,1.027467,0.154681,2,1,-0.872787,0.010236,0.002099,8.566055,-1.4445225,-8,-9
1513,5550,State (polity),Theories of state function > Contemporary critical perspectives,Contemporary critical perspectives,3,What are contemporary criticisms of state power?,6.414123,8.169599,6.704339,-0.78302,1.191256,1.704745,3,8,0.513489,0.011868,0.023136,8.501248,-1.2801399,-7,-2
1514,5550,State (polity),Theories of state function > Structural universe of the state or structural reality of the state,Structural universe of the state or structural reality of the state,3,What does the structural reality of the state mean?,6.307566,8.379743,12.325905,3.633878,1.154346,1.279257,4,5,0.124912,0.011501,0.017361,8.443873,0.95534724,-6,-5
1515,5550,State (polity),Theories of state function > State autonomy within institutionalism,State autonomy within institutionalism,3,Can states act independently from social groups?,1.280542,8.617843,6.196952,1.803745,1.947077,2.118411,10,8,0.171334,0.019398,0.02875,8.619242,-1.4698638,0,-2
1516,5550,State (polity),Theories of state legitimacy > Social contract theory,Social contract theory,3,What is social contract theory?,6.749339,8.312463,12.404403,2.651755,0.974999,2.888089,1,15,1.91309,0.009714,0.039196,8.790288,-1.512592,-9,5
1517,5550,State (polity),Theories of state legitimacy > Divine right of kings,Divine right of kings,3,What was the divine right of kings theory?,1.592859,9.744445,5.788394,0.410293,1.259736,0.97191,4,1,-0.287826,0.012551,0.01319,8.674915,-1.3447912,-6,-9
1518,5550,State (polity),Theories of state legitimacy > Rational-legal authority,Rational-legal authority,3,What is rational-legal authority in states?,1.509211,8.525208,10.808546,3.007316,1.102665,1.247811,3,4,0.145145,0.010986,0.016935,8.804138,-1.2607995,-7,-6
1519,5550,State (polity),State failure,State failure,2,What causes states to fail?,5.236116,9.067055,9.13302,1.911249,2.84993,2.382865,23,19,-0.467065,0.028393,0.032339,8.39659,-1.0600907,13,9
1520,5550,State (polity),State failure > The problem with state failure,The problem with state failure,3,Why is defining state failure problematic?,6.134718,8.966118,10.202312,1.176299,1.463633,2.104363,6,11,0.640729,0.014582,0.028559,8.3327,-0.9416369,-4,1
1521,5550,State (polity),State failure > Early state formation,Early state formation,3,Why did some early states collapse?,7.153723,8.608831,10.17696,1.830524,1.370387,1.558376,4,6,0.187989,0.013653,0.021149,8.42399,-0.9129958,-6,-4
1522,5550,State (polity),State failure > Late state formation,Late state formation,3,What challenges do newly formed states face today?,6.678987,9.091045,9.747611,1.863531,1.369707,1.398172,4,5,0.028465,0.013646,0.018975,8.328036,-0.8733356,-6,-5
1523,5553,Statistics,Introduction,Introduction,0,What is statistics?,1.324936,8.577291,10.58456,0.328607,0.0,0.0,0,0,0.0,0.0,0.0,8.115914,5.8827195,-10,-10
1524,5553,Statistics,Introduction,Introduction,2,What is statistics?,6.898758,6.775645,11.831688,0.731466,100.373273,72.228843,454,363,-28.14443,1.0,0.98025,8.143616,5.951026,444,353
1525,5553,Statistics,Statistical data > Data collection > Sampling,Sampling,4,How do statisticians choose samples from a population?,2.114277,8.105214,5.834321,2.418246,0.0,0.0,0,0,0.0,0.0,0.0,8.155674,5.900763,-10,-10
1526,5553,Statistics,Statistical data > Data collection > Experimental and observational studies,Experimental and observational studies,4,What's the difference between experimental and observational studies?,1.958618,7.588611,6.96783,2.187644,0.0,0.0,0,0,0.0,0.0,0.0,8.21541,5.656343,-10,-10
1527,5553,Statistics,Statistical data > Data collection > Experimental and observational studies > Experiments,Experiments,5,How do controlled experiments work in statistics?,3.262861,8.506299,9.055965,3.216986,0.0,0.0,0,0,0.0,0.0,0.0,8.164233,5.6037774,-10,-10
1528,5553,Statistics,Statistical data > Data collection > Experimental and observational studies > Observational study,Observational study,5,What makes a study observational rather than experimental?,1.883077,7.462889,8.991907,3.205497,0.0,0.0,0,0,0.0,0.0,0.0,8.185069,5.633915,-10,-10
1529,5553,Statistics,Statistical data > Types of data,Types of data,3,What are the main types of data in statistics?,1.59702,7.677116,5.820882,2.524456,0.0,0.0,0,0,0.0,0.0,0.0,8.013461,6.095269,-10,-10
1530,5553,Statistics,Methods > Descriptive statistics,Descriptive statistics,3,How do you summarize and describe data?,3.127105,7.147195,7.437212,3.245082,0.0,0.0,0,0,0.0,0.0,0.0,8.173496,5.9007306,-10,-10
1531,5553,Statistics,Methods > Inferential statistics,Inferential statistics,3,How can you make predictions about a population from sample data?,3.250153,7.173874,7.483065,3.265789,0.0,0.0,0,0,0.0,0.0,0.0,8.153678,5.9198685,-10,-10
1532,5553,Statistics,"Methods > Inferential statistics > Terminology and theory of inferential statistics > Statistics, estimators and pivotal quantities","Statistics, estimators and pivotal quantities",5,What are estimators and how do they work?,3.316006,8.176826,9.280942,3.065376,0.0,0.0,0,0,0.0,0.0,0.0,8.152989,5.9372473,-10,-10
1533,5553,Statistics,Methods > Inferential statistics > Terminology and theory of inferential statistics > Null hypothesis and alternative hypothesis,Null hypothesis and alternative hypothesis,5,What do null and alternative hypotheses mean?,6.739423,4.828498,11.229506,0.165286,0.0,0.0,0,0,0.0,0.0,0.0,8.184488,5.791957,-10,-10
1534,5553,Statistics,Methods > Inferential statistics > Terminology and theory of inferential statistics > Error,Error,5,What types of errors can occur in statistical testing?,0.399641,6.755492,9.623323,3.833515,0.0,0.0,0,0,0.0,0.0,0.0,8.129361,5.900943,-10,-10
1535,5553,Statistics,Methods > Inferential statistics > Terminology and theory of inferential statistics > Interval estimation,Interval estimation,5,How do confidence intervals work?,2.010412,7.510172,9.030497,3.204008,0.0,0.0,0,0,0.0,0.0,0.0,8.154149,5.926959,-10,-10
1536,5553,Statistics,Methods > Inferential statistics > Terminology and theory of inferential statistics > Significance,Significance,5,What does statistical significance mean?,3.030025,8.361949,9.529497,3.667282,0.0,0.0,0,0,0.0,0.0,0.0,8.207085,5.82926,-10,-10
1537,5553,Statistics,Methods > Bayesian statistics,Bayesian statistics,3,How does Bayesian statistics differ from traditional methods?,7.52389,6.317938,11.879729,0.945592,32.623279,53.312119,168,271,20.68884,0.32502,0.723523,8.184458,5.858002,158,261
1538,5553,Statistics,Methods > Exploratory data analysis,Exploratory data analysis,3,What is exploratory data analysis used for?,2.583289,7.593178,8.387546,2.623031,0.977792,0.980914,1,1,0.003122,0.009742,0.013312,8.149175,5.9147363,-9,-9
1539,5553,Statistics,Methods > Mathematical statistics,Mathematical statistics,3,What mathematical theory underlies statistical methods?,6.595639,6.314372,10.940568,1.77859,1.551822,0.973292,4,1,-0.57853,0.015461,0.013209,8.164818,5.94353,-6,-9
1540,5553,Statistics,History,History,2,How did statistics develop as a field?,7.196349,5.320558,11.56706,0.084984,0.0,0.0,0,0,0.0,0.0,0.0,7.849504,7.6186123,-10,-10
1541,5553,Statistics,"Applications > Applied statistics, theoretical statistics and mathematical statistics","Applied statistics, theoretical statistics and mathematical statistics",3,What's the difference between applied and theoretical statistics?,1.939189,8.293479,6.416265,2.723814,0.0,0.0,0,0,0.0,0.0,0.0,8.145442,5.9569736,-10,-10
1542,5553,Statistics,Applications > Statistics in academia,Statistics in academia,3,How is statistics taught and researched at universities?,1.361362,7.116102,5.414481,2.635969,0.0,0.0,0,0,0.0,0.0,0.0,8.141997,5.954572,-10,-10
1543,5553,Statistics,Applications > Statistical computing,Statistical computing,3,What software and tools do statisticians use?,1.995939,8.10858,5.950285,2.168348,0.0,0.0,0,0,0.0,0.0,0.0,8.089739,6.05493,-10,-10
1544,5553,Statistics,Applications > Business statistics,Business statistics,3,How are statistics used in business decisions?,1.611121,7.406236,5.458497,2.202475,0.0,0.0,0,0,0.0,0.0,0.0,8.136812,5.9775567,-10,-10
1545,5553,Statistics,Specialized disciplines,Specialized disciplines,2,What specialized fields use statistics?,4.055223,7.175553,6.922904,2.866308,0.0,0.0,0,0,0.0,0.0,0.0,8.13808,5.9903073,-10,-10
1546,5553,Statistics,Misuse,Misuse,2,How can statistics be misused or manipulated?,1.420666,7.153202,8.851416,1.922695,0.0,0.0,0,0,0.0,0.0,0.0,8.184469,5.7925706,-10,-10
1547,5553,Statistics,Misuse > Misinterpretation: correlation,Misinterpretation: correlation,3,Why doesn't correlation prove causation?,0.312052,7.421906,5.93719,2.2507,0.0,0.0,0,0,0.0,0.0,0.0,8.234627,5.6466527,-10,-10
1548,5632,Sun,Introduction,Introduction,0,What is the Sun?,6.90424,7.21585,12.425245,0.3933,1.10779,1.521702,3,6,0.413913,0.011037,0.020652,1.9354174,5.1711555,-7,-4
1549,5632,Sun,Etymology,Etymology,2,Where does the word Sun come from?,0.876546,9.514785,9.966693,-0.506424,0.0,0.0,0,0,0.0,0.0,0.0,5.8148637,3.7277853,-10,-10
1550,5632,Sun,General characteristics,General characteristics,2,How big is the Sun and what are its basic properties?,8.008943,5.832589,12.455811,0.304599,0.0,0.0,0,0,0.0,0.0,0.0,1.9231105,5.132564,-10,-10
1551,5632,Sun,General characteristics > Rotation,Rotation,3,Does the Sun rotate?,7.126404,6.710444,12.383686,0.23428,0.0,5.207274,0,25,5.207274,0.0,0.07067,1.776381,5.008604,-10,15
1552,5632,Sun,Composition,Composition,2,What is the Sun made of?,0.698077,8.323874,7.998949,0.831919,0.0,0.0,0,0,0.0,0.0,0.0,2.064882,5.139688,-10,-10
1553,5632,Sun,Structure > Core,Core,3,What happens in the core of the Sun?,6.980677,4.827986,11.791953,-0.305154,0.0,0.0,0,0,0.0,0.0,0.0,1.9685264,5.0437407,-10,-10
1554,5632,Sun,Structure > Radiative zone,Radiative zone,3,What is the radiative zone of the Sun?,0.122251,6.945741,4.713176,1.546797,8.785279,1.462825,55,7,-7.322454,0.087526,0.019853,2.109162,4.9173994,45,-3
1555,5632,Sun,Structure > Tachocline,Tachocline,3,What is the tachocline?,7.127845,5.336278,11.967841,0.276031,0.0,0.0,0,0,0.0,0.0,0.0,2.059307,4.8520994,-10,-10
1556,5632,Sun,Structure > Convective zone,Convective zone,3,How does heat move through the Sun's convective zone?,0.544106,7.370201,6.264399,1.86418,0.0,0.0,0,0,0.0,0.0,0.0,2.07045,4.905104,-10,-10
1557,5632,Sun,Structure > Atmosphere,Atmosphere,3,What layers make up the Sun's atmosphere?,8.348434,6.382849,12.494125,1.574021,11.313987,10.380239,50,52,-0.933747,0.112719,0.140875,2.1010187,4.779496,40,42
1558,5632,Sun,Structure > Atmosphere > Photosphere,Photosphere,4,What is the photosphere?,2.080384,8.361655,9.617222,2.232793,0.0,0.0,0,0,0.0,0.0,0.0,2.141368,4.7235312,-10,-10
1559,5632,Sun,Structure > Atmosphere > Chromosphere,Chromosphere,4,What is the chromosphere of the Sun?,6.601998,5.090393,11.657824,-0.056314,0.0,0.0,0,0,0.0,0.0,0.0,2.125059,4.733376,-10,-10
1560,5632,Sun,Structure > Atmosphere > Corona,Corona,4,Why is the Sun's corona so hot?,7.222897,5.678365,12.408531,0.277796,1.054229,0.0,2,0,-1.054229,0.010503,0.0,2.0128155,4.8840265,-8,-10
1561,5632,Sun,Structure > Heliosphere,Heliosphere,3,What is the heliosphere?,-0.556848,6.731651,3.702872,1.490944,0.0,0.0,0,0,0.0,0.0,0.0,1.7967206,4.9875107,-10,-10
1562,5632,Sun,Solar radiation,Solar radiation,2,How much energy does the Sun emit?,6.739727,5.330533,12.026679,0.389544,1.063142,0.0,2,0,-1.063142,0.010592,0.0,2.1677673,4.6733494,-8,-10
1563,5632,Sun,Magnetic activity,Magnetic activity,2,What causes the Sun's magnetic field?,0.889208,7.196328,7.006094,3.125403,0.0,0.0,0,0,0.0,0.0,0.0,1.9675328,4.9926996,-10,-10
1564,5632,Sun,Magnetic activity > Sunspots,Sunspots,3,What are sunspots and why do they appear dark?,2.906944,9.138941,7.77738,0.90876,0.0,0.0,0,0,0.0,0.0,0.0,2.02022,4.966066,-10,-10
1565,5632,Sun,Magnetic activity > Solar activity,Solar activity,3,Does the Sun's activity level change over time?,0.863647,7.769839,9.401248,2.194018,0.0,0.0,0,0,0.0,0.0,0.0,1.9924188,5.008856,-10,-10
1566,5632,Sun,Magnetic activity > Coronal heating,Coronal heating,3,Why is the corona hotter than the Sun's surface?,5.798123,6.563869,11.153541,0.108615,0.0,0.0,0,0,0.0,0.0,0.0,2.0383456,4.9935956,-10,-10
1567,5632,Sun,Life phases,Life phases,2,How long will the Sun last?,1.431518,7.741791,5.412827,2.14713,1.172138,4.913884,3,39,3.741746,0.011678,0.066689,2.0014307,5.132243,-7,29
1568,5632,Sun,Life phases > Formation,Formation,3,How did the Sun form?,6.811039,5.339753,12.093235,-0.468652,0.0,0.0,0,0,0.0,0.0,0.0,1.825502,4.9879026,-10,-10
1569,5632,Sun,Life phases > Main sequence,Main sequence,3,What is happening to the Sun right now in its life cycle?,1.161433,8.49812,12.258782,0.401751,0.975288,0.148431,1,1,-0.826857,0.009717,0.002014,2.0313504,5.150901,-9,-9
1570,5632,Sun,Life phases > After core hydrogen exhaustion,After core hydrogen exhaustion,3,What will happen to the Sun when it runs out of hydrogen?,0.731804,8.491209,12.820691,0.694166,6.652311,1.050084,38,3,-5.602227,0.066276,0.014251,2.0035684,5.1219344,28,-7
1571,5632,Sun,Location > Solar System,Solar System,3,Where is the Sun located in the galaxy?,7.031133,5.763257,11.53343,0.809589,3.302018,1.166693,20,4,-2.135325,0.032897,0.015834,1.560387,5.3646245,10,-6
1572,5632,Sun,Motion,Motion,2,How fast is the Sun moving through space?,6.870763,7.13807,12.414779,0.458558,1.277137,2.607992,4,15,1.330855,0.012724,0.035394,1.7990824,5.169658,-6,5
1573,5632,Sun,Observational history > Early understanding,Early understanding,3,What did ancient civilizations think about the Sun?,6.588067,5.152977,7.607335,0.590958,0.0,0.0,0,0,0.0,0.0,0.0,5.4365807,4.595035,-10,-10
1574,5632,Sun,Observational history > Development of scientific understanding,Development of scientific understanding,3,How did scientists figure out what the Sun is made of?,6.767144,5.598758,10.652102,-0.409628,0.0,0.0,0,0,0.0,0.0,0.0,5.429405,4.623175,-10,-10
1575,5632,Sun,Observational history > Solar space missions,Solar space missions,3,What spacecraft have been sent to study the Sun?,0.801889,7.133411,7.520753,0.696812,0.0,0.0,0,0,0.0,0.0,0.0,1.1097181,5.024517,-10,-10
1576,5632,Sun,Observation by eyes > Exposure to the eye,Exposure to the eye,3,Can looking at the Sun damage your eyes?,6.02922,5.855539,7.738161,3.271751,0.0,0.0,0,0,0.0,0.0,0.0,2.1882432,4.620223,-10,-10
1577,5632,Sun,Observation by eyes > Phenomena,Phenomena,3,What visual phenomena does the Sun create in the sky?,0.809234,8.429796,4.975544,1.068501,0.0,0.0,0,0,0.0,0.0,0.0,2.1979392,4.4645624,-10,-10
1578,5632,Sun,Religious aspects,Religious aspects,2,How have different religions viewed the Sun?,0.47749,7.094912,4.30974,1.518178,0.0,0.0,0,0,0.0,0.0,0.0,6.0044174,3.5756447,-10,-10
1579,5744,Technology,Introduction,Introduction,0,What is technology?,0.181033,8.314118,4.65242,0.505819,7.440354,2.739204,60,24,-4.70115,0.074127,0.037175,7.7100773,2.6786704,50,14
1580,5744,Technology,Etymology,Etymology,2,Where does the word technology come from?,6.705941,6.918801,11.424351,2.268268,7.011479,1.304513,26,6,-5.706967,0.069854,0.017704,7.7825294,2.7620223,16,-4
1581,5744,Technology,History > Prehistoric,Prehistoric,3,What were the earliest human technologies?,-0.645986,6.637124,3.588949,1.157857,5.405397,4.661252,38,38,-0.744145,0.053853,0.06326,7.190484,1.8017964,28,28
1582,5744,Technology,History > Neolithic,Neolithic,3,How did technology change during the Neolithic period?,-0.562304,6.544178,3.481005,1.324399,0.0,0.0,0,0,0.0,0.0,0.0,7.3731384,1.5247257,-10,-10
1583,5744,Technology,History > Ancient,Ancient,3,What technologies did ancient civilizations develop?,0.990305,7.751323,4.977211,0.530356,0.0,0.0,0,0,0.0,0.0,0.0,7.6139717,1.8794231,-10,-10
1584,5744,Technology,History > Pre-modern,Pre-modern,3,What technological advances happened before the modern era?,2.783381,8.717334,9.697989,2.412887,1.644665,1.662946,9,11,0.018281,0.016385,0.022569,7.8334923,1.9832792,-1,1
1585,5744,Technology,History > Modern,Modern,3,How has technology evolved in modern times?,1.017425,7.266749,12.591841,1.193385,3.19617,1.187414,24,3,-2.008756,0.031843,0.016115,7.524355,2.1339698,14,-7
1586,5744,Technology,Impact,Impact,2,How does technology affect society and the world?,7.768474,8.630154,11.842737,1.94482,2.157319,2.446214,13,20,0.288896,0.021493,0.033199,7.701578,2.3550203,3,10
1587,5744,Technology,Impact > Social > Jobs,Jobs,4,How does technology impact employment?,7.147505,8.893387,10.199916,2.111272,2.50013,1.833332,16,11,-0.666798,0.024908,0.024881,7.691724,2.4417274,6,1
1588,5744,Technology,Impact > Social > Security,Security,4,What are the security risks of new technology?,3.437052,8.606717,9.683682,3.629755,2.651952,1.888016,23,10,-0.763935,0.026421,0.025623,7.1935196,-1.0913082,13,0
1589,5744,Technology,Impact > Environmental,Environmental,3,What environmental effects does technology have?,7.041975,8.897712,12.276355,1.770806,1.990523,5.764237,10,37,3.773714,0.019831,0.078229,7.5783,2.6147673,0,27
1590,5744,Technology,Impact > Environmental > Pollution,Pollution,4,How does technology contribute to pollution?,8.858337,7.080094,9.651192,3.700482,11.838854,8.321285,87,66,-3.517568,0.117948,0.112932,3.0433197,2.4999216,77,56
1591,5744,Technology,Philosophy,Philosophy,2,What do philosophers say about technology?,1.11052,9.908389,6.638148,-1.133068,0.96888,1.014601,1,2,0.045721,0.009653,0.01377,7.806433,2.7808516,-9,-8
1592,5744,Technology,Ethics,Ethics,2,What are the ethical issues surrounding technology?,7.650574,8.312019,10.73953,2.918277,1.23553,1.158635,3,3,-0.076895,0.012309,0.015724,7.7863383,3.4872382,-7,-7
1593,5744,Technology,Futures studies,Futures studies,2,How do experts predict future technology trends?,6.707327,6.772353,11.905657,2.24899,16.421685,2.726165,96,16,-13.69552,0.163606,0.036998,7.9692807,2.9886966,86,6
1594,5744,Technology,Futures studies > Existential risk,Existential risk,3,Could technology pose risks to human existence?,1.087851,9.156519,11.19763,3.037749,1.057766,0.967907,2,1,-0.089859,0.010538,0.013136,7.717317,2.6214333,-8,-9
1595,5744,Technology,Emerging technologies,Emerging technologies,2,What are the most promising emerging technologies?,5.29373,8.712977,10.474229,2.763545,1.485321,1.253299,7,6,-0.232022,0.014798,0.017009,7.7667203,2.7162485,-3,-4
1596,5744,Technology,Movements > Appropriate technology,Appropriate technology,3,What is appropriate technology for developing communities?,4.648864,7.635066,12.411083,3.054549,1.194568,1.618267,5,9,0.423699,0.011901,0.021962,7.7947464,2.6483076,-5,-1
1597,5744,Technology,Movements > Technological utopianism,Technological utopianism,3,Why do some people believe technology will solve all problems?,7.304615,6.611547,12.208908,2.00019,1.187225,1.98416,2,8,0.796935,0.011828,0.026928,7.7982664,2.7565134,-8,-2
1598,5744,Technology,Movements > Anti-technology backlash,Anti-technology backlash,3,Why do some groups resist technological advancement?,5.545238,7.196066,11.941166,3.028428,1.648688,2.438705,10,17,0.790017,0.016426,0.033097,7.7835407,2.6833477,0,7
1599,5744,Technology,Relation to science and engineering,Relation to science and engineering,2,"How are technology, science, and engineering related?",8.625906,8.203515,12.36071,2.610178,6.861395,33.756458,41,192,26.895063,0.068359,0.458124,6.9023824,4.9626737,31,182
1600,5744,Technology,Other animal species,Other animal species,2,Do animals use technology?,7.796157,6.392081,12.603838,1.24101,5.368612,7.637081,29,48,2.268468,0.053486,0.103646,7.3511853,2.1248593,19,38
1601,5744,Technology,In popular culture,In popular culture,2,How is technology portrayed in movies and books?,7.930473,6.97379,12.225101,0.712961,0.966786,1.558282,1,8,0.591495,0.009632,0.021148,7.78819,2.6982126,-9,-2
1602,5891,Time,Introduction,Introduction,0,What is time?,6.370359,7.60187,11.617872,1.199467,0.164685,0.728888,2,5,0.564203,0.001641,0.009892,5.6588926,5.5973034,-8,-5
1603,5891,Time,Definition,Definition,2,How do scientists define time?,0.496253,7.680268,11.694021,0.592321,29.906139,0.0,233,0,-29.906139,0.297949,0.0,5.624335,5.639835,223,-10
1604,5891,Time,Measurement,Measurement,2,How do we measure time?,6.388649,6.463907,11.694868,0.653477,1.815459,0.392252,5,3,-1.423206,0.018087,0.005323,5.6654887,5.628645,-5,-7
1605,5891,Time,Measurement > History of the calendar,History of the calendar,3,How did calendars develop throughout history?,-0.127543,7.447591,4.966909,0.508582,0.0,0.0,0,0,0.0,0.0,0.0,5.637842,4.302144,-10,-10
1606,5891,Time,Measurement > History of other devices,History of other devices,3,What devices have people used to measure time over the centuries?,-0.74803,6.431308,12.138492,-0.134712,0.0,0.0,0,0,0.0,0.0,0.0,5.8604484,5.295234,-10,-10
1607,5891,Time,Measurement > Units,Units,3,What are the different units of time?,4.195847,7.258784,7.734576,3.548819,2.501951,3.479225,20,22,0.977274,0.024926,0.047218,5.593111,5.677764,10,12
1608,5891,Time,Measurement > Standards,Standards,3,What are the official standards for measuring time?,7.48982,6.086335,12.590818,1.693756,0.0,0.0,0,0,0.0,0.0,0.0,5.632036,5.6550474,-10,-10
1609,5891,Time,Philosophy > Religion > Cyclical views of time,Cyclical views of time,4,Which religions view time as cyclical rather than linear?,5.957954,8.970845,11.949829,1.686095,0.963039,1.330009,1,3,0.366969,0.009595,0.01805,5.764894,5.3936844,-9,-7
1610,5891,Time,Philosophy > Religion > Time in Abrahamic religions,Time in Abrahamic religions,4,"How do Judaism, Christianity, and Islam understand time?",6.386806,6.183964,12.386464,1.318293,1.418841,1.090308,7,3,-0.328533,0.014136,0.014797,5.714378,5.491017,-3,-7
1611,5891,Time,Philosophy > Religion > Time in Greek mythology,Time in Greek mythology,4,How did ancient Greeks mythologize time?,3.665987,9.057895,6.663694,1.807818,0.0,0.0,0,0,0.0,0.0,0.0,5.7531667,5.52653,-10,-10
1612,5891,Time,Philosophy > Religion > Time in Advaita Vedanta,Time in Advaita Vedanta,4,How is time understood in Advaita Vedanta philosophy?,9.023951,7.365167,12.440443,2.907539,0.975269,0.979992,1,1,0.004723,0.009716,0.0133,5.740259,5.491409,-9,-9
1613,5891,Time,Philosophy > In Western philosophy,In Western philosophy,3,How have Western philosophers thought about time?,0.12663,8.649942,10.853818,0.953655,0.0,0.0,0,0,0.0,0.0,0.0,5.73206,5.4806995,-10,-10
1614,5891,Time,Philosophy > Unreality,Unreality,3,Do some philosophers argue that time isn't real?,7.499644,4.64444,4.295994,1.711478,0.0,0.0,0,0,0.0,0.0,0.0,5.753734,5.529297,-10,-10
1615,5891,Time,Physical definition,Physical definition,2,How is time defined in physics?,1.547696,7.810497,3.568744,1.132339,0.0,0.0,0,0,0.0,0.0,0.0,5.5467916,5.68774,-10,-10
1616,5891,Time,Physical definition > Arrow of time,Arrow of time,3,Why does time only move forward?,5.645692,5.356172,11.982822,0.028089,2.62588,10.323787,18,56,7.697907,0.026161,0.140109,5.5416956,5.6997128,8,46
1617,5891,Time,Physical definition > Classical mechanics,Classical mechanics,3,How is time treated in classical mechanics?,-0.747104,6.50853,4.897662,1.405277,0.0,0.0,0,0,0.0,0.0,0.0,5.5602484,5.679141,-10,-10
1618,5891,Time,Physical definition > Spacetime,Spacetime,3,What is spacetime and how does it combine space and time?,4.627438,8.777702,8.545465,0.658596,0.0,0.0,0,0,0.0,0.0,0.0,5.5644636,5.6718445,-10,-10
1619,5891,Time,Physical definition > Dilation,Dilation,3,What is time dilation?,7.555241,5.031202,12.380117,0.12329,0.0,0.0,0,0,0.0,0.0,0.0,5.572721,5.6969395,-10,-10
1620,5891,Time,Physical definition > Relativistic versus Newtonian,Relativistic versus Newtonian,3,How does Einstein's view of time differ from Newton's?,2.167924,9.561869,9.141546,1.631573,0.0,0.0,0,0,0.0,0.0,0.0,5.5610714,5.6940475,-10,-10
1621,5891,Time,Physical definition > Quantization,Quantization,3,Is time quantized at the smallest scales?,0.487317,7.5083,5.481139,2.084373,0.975847,1.080948,1,3,0.1051,0.009722,0.01467,5.597965,5.68874,-9,-7
1622,5891,Time,Travel,Travel,2,Is time travel possible?,7.062779,5.80946,12.195989,-0.109637,0.0,0.0,0,0,0.0,0.0,0.0,5.593719,5.6607533,-10,-10
1623,5891,Time,Perception,Perception,2,How do humans perceive time?,3.434598,7.64014,7.164607,2.481737,0.0,0.0,0,0,0.0,0.0,0.0,8.5012245,4.4376826,-10,-10
1624,5891,Time,Perception > Biopsychology,Biopsychology,3,What happens in the brain when we perceive time?,6.090338,4.926004,12.99742,0.623305,0.0,0.946497,0,1,0.946497,0.0,0.012845,8.632473,4.4812107,-10,-9
1625,5891,Time,Perception > Spatial conceptualization,Spatial conceptualization,3,Why do we often think about time using spatial metaphors?,1.992448,8.707126,7.998128,1.464321,9.158988,1.285463,82,7,-7.873525,0.091249,0.017446,5.8710194,5.359421,72,-3
1626,5891,Time,Use,Use,2,How do people use time in everyday life?,4.445222,8.900372,6.751039,1.778998,0.0,0.0,0,0,0.0,0.0,0.0,5.7138677,5.5945177,-10,-10
1627,5891,Time,Sequence of events,Sequence of events,2,How does time help us order events?,3.733521,9.231161,8.36293,-0.053889,0.0,0.0,0,0,0.0,0.0,0.0,5.632832,5.6220307,-10,-10
1628,5891,Time,Sequence of events > Organizations,Organizations,3,What organizations are involved in timekeeping?,2.687819,9.118904,7.429567,2.231095,0.0,0.0,0,0,0.0,0.0,0.0,6.014491,5.355249,-10,-10
1629,5913,Tool,Introduction,Introduction,0,What is a tool?,6.920905,6.064614,11.825712,-0.040944,2.222098,4.709828,16,34,2.487729,0.022138,0.063919,7.473219,2.2070417,6,24
1630,5913,Tool,Definition,Definition,2,How do you define what counts as a tool?,7.546507,7.352422,10.774327,3.311947,0.959969,0.947825,1,1,-0.012144,0.009564,0.012863,7.566999,2.322056,-9,-9
1631,5913,Tool,History,History,2,When did humans first start using tools?,0.746227,7.058429,3.647412,1.561906,0.0,0.0,0,0,0.0,0.0,0.0,7.3071904,1.9112861,-10,-10
1632,5913,Tool,History > Timeline of ancient tool development,Timeline of ancient tool development,3,What were the earliest tools invented by ancient humans?,0.901832,8.583457,10.106277,-0.419987,0.093004,0.0,1,0,-0.093004,0.000927,0.0,7.6564765,1.9797918,-9,-10
1633,5913,Tool,History > Machine tools,Machine tools,3,How did machine tools change manufacturing?,2.036561,9.626155,7.0502,-0.154542,0.983973,1.087288,1,2,0.103315,0.009803,0.014756,7.7068663,2.0438707,-9,-8
1634,5913,Tool,Types,Types,2,What are the different kinds of tools?,1.411259,8.063616,4.628235,1.912701,0.0,0.0,0,0,0.0,0.0,0.0,7.534281,2.2418022,-10,-10
1635,5913,Tool,Function > Tool substitution,Tool substitution,3,Can you use other objects in place of proper tools?,2.002071,10.100149,6.955854,-0.408569,1.309073,1.355182,5,7,0.04611,0.013042,0.018392,7.536746,2.283621,-5,-3
1636,5913,Tool,Function > Multi-use tools,Multi-use tools,3,What tools can perform multiple tasks?,1.624539,9.822467,6.734912,-0.747313,1.711788,1.396922,12,7,-0.314866,0.017054,0.018958,7.520847,2.246388,2,-3
1637,5913,Tool,Use by other animals,Use by other animals,2,Do animals other than humans use tools?,7.12767,8.347281,11.668606,1.752705,1.399766,1.232115,5,3,-0.167651,0.013946,0.016722,7.392995,2.18018,-5,-7
1638,5913,Tool,Non-material usage,Non-material usage,2,What does tool mean in non-physical contexts?,7.281968,7.079658,12.569615,3.490081,2.513171,1.574471,15,9,-0.9387,0.025038,0.021368,7.7018585,2.3791513,5,-1
1639,5934,Trade,Introduction,Introduction,0,What is trade?,6.6914,6.333942,12.010624,0.679808,0.0,0.0,0,0,0.0,0.0,0.0,6.9585285,-0.74899703,-10,-10
1640,5934,Trade,Etymology,Etymology,2,Where does the word trade come from?,5.546577,6.9054,11.303162,1.034928,0.954137,0.970608,1,1,0.016471,0.009506,0.013173,7.0274496,-0.067060806,-9,-9
1641,5934,Trade,History > Prehistory,Prehistory,3,How did early humans exchange goods before recorded history?,-1.0528,6.817191,11.76707,-0.718651,0.0,0.0,0,0,0.0,0.0,0.0,7.08118,0.19832827,-10,-10
1642,5934,Trade,History > Ancient history > Mediterranean and Near East,Mediterranean and Near East,4,How did ancient civilizations around the Mediterranean Sea conduct trade?,0.060366,8.392526,5.119707,0.578565,5.774372,1.475684,33,5,-4.298688,0.057529,0.020027,7.1213083,0.20584063,23,-5
1643,5934,Trade,History > Ancient history > Indo-Pacific,Indo-Pacific,4,What were the major trade routes and practices in ancient Asia and the Pacific?,0.147803,8.502321,5.51415,0.244159,2.281061,3.036431,12,18,0.75537,0.022726,0.041209,7.221936,0.53795606,2,8
1644,5934,Trade,History > Ancient history > Mesoamerica,Mesoamerica,4,How did pre-Columbian civilizations in Central America trade with each other?,3.575135,6.915257,5.593599,0.517614,3.23543,3.627293,22,25,0.391863,0.032234,0.049228,6.8879027,0.7638589,12,15
1645,5934,Trade,History > Middle Ages,Middle Ages,3,What role did merchants and trade guilds play during medieval times?,7.600857,4.730665,12.095751,-0.2004,0.965044,1.124909,1,2,0.159865,0.009615,0.015267,7.2391915,0.23775972,-9,-8
1646,5934,Trade,History > The Age of Sail and the Industrial Revolution,The Age of Sail and the Industrial Revolution,3,How did sailing ships and factories transform global commerce?,0.304842,8.301983,5.906759,0.098949,1.901891,3.32398,12,20,1.422089,0.018948,0.045111,7.151378,0.3263059,2,10
1647,5934,Trade,History > 19th century,19th century,3,What major changes happened in world trade during the 1800s?,6.682303,7.430525,10.755358,0.167931,0.0,0.0,0,0,0.0,0.0,0.0,6.958529,-1.2229402,-10,-10
1648,5934,Trade,History > 20th century,20th century,3,How did trade evolve through the world wars and Great Depression?,1.703285,8.766164,7.821841,0.027166,0.0,0.0,0,0,0.0,0.0,0.0,7.142441,-0.6200684,-10,-10
1649,5934,Trade,History > 21st century,21st century,3,What are the biggest shifts in global trade since 2000?,7.061728,4.622651,5.764774,0.422784,2.441544,10.975028,22,99,8.533484,0.024325,0.148947,6.9732437,-0.8122914,12,89
1650,5934,Trade,History > Free trade,Free trade,3,What are the arguments for removing barriers between countries?,5.431612,6.360633,10.939722,-0.621142,1.772116,1.483682,11,7,-0.288434,0.017655,0.020136,6.9908466,-0.6989925,1,-3
1651,5934,Trade,Perspectives > Protectionism,Protectionism,3,Why do some countries impose tariffs and restrict imports?,1.643088,9.600653,7.305139,2.616119,1.253436,1.217303,5,4,-0.036133,0.012488,0.016521,7.027872,-0.70737046,-5,-6
1652,5934,Trade,Perspectives > Development of money,Development of money,3,How did currency replace bartering in human commerce?,-0.681517,7.506363,7.158037,3.090923,0.0,0.0,0,0,0.0,0.0,0.0,7.0296516,-0.06760308,-10,-10
1653,5934,Trade,Trends > Doha rounds,Doha rounds,3,What were the Doha trade negotiations trying to accomplish?,7.571592,6.831088,6.802889,-0.745379,1.030548,1.091822,2,3,0.061274,0.010267,0.014818,6.926605,-0.75584364,-8,-7
1654,5934,Trade,Trends > China,China,3,How has China's rise affected global trade patterns?,7.102059,6.498162,4.973687,1.452876,0.960511,0.0,1,0,-0.960511,0.009569,0.0,6.980595,-0.51582056,-9,-10
1655,5934,Trade,International trade,International trade,2,How do countries exchange goods and services across borders?,6.2734,6.954264,9.214612,0.540478,0.0,0.0,0,0,0.0,0.0,0.0,6.951159,-0.7687943,-10,-10
1656,5934,Trade,International trade > Trade sanctions,Trade sanctions,3,When do governments block trade with other nations as punishment?,6.397762,9.471433,9.485218,1.771046,0.967852,1.072378,1,3,0.104525,0.009643,0.014554,7.0449133,-0.6820899,-9,-7
1657,5934,Trade,International trade > Fair trade,Fair trade,3,How does fair trade help producers in developing countries?,7.509641,5.944625,10.624912,0.630391,0.959132,0.94441,1,1,-0.014722,0.009556,0.012817,6.8782234,-0.7657658,-9,-9
1658,6179,Water,Introduction,Introduction,0,What is water?,0.971048,7.344931,4.696653,1.807919,0.890884,0.182245,7,2,-0.708638,0.008876,0.002473,3.0207853,3.892634,-3,-8
1659,6179,Water,Etymology,Etymology,2,Where does the word water come from?,1.2025,8.650065,12.181809,-0.240306,0.0,0.0,0,0,0.0,0.0,0.0,5.8661094,3.6027942,-10,-10
1660,6179,Water,Properties,Properties,2,What are the properties of water?,1.037495,8.148963,5.644556,1.272348,0.0,0.0,0,0,0.0,0.0,0.0,3.143707,4.020377,-10,-10
1661,6179,Water,Properties > States,States,3,What states can water exist in?,3.609179,7.377621,9.425917,2.633349,1.212576,1.077817,4,3,-0.134759,0.012081,0.014628,3.2210042,4.2362146,-6,-7
1662,6179,Water,Properties > States > Density,Density,4,How dense is water compared to ice?,8.390648,6.400186,12.339694,1.743896,1.26395,1.03451,3,2,-0.229441,0.012592,0.01404,2.9145453,4.003927,-7,-8
1663,6179,Water,Properties > States > Phase transitions,Phase transitions,4,"What happens when water changes between solid, liquid, and gas?",1.846141,9.966566,10.186171,2.479774,0.968883,1.040035,1,2,0.071152,0.009653,0.014115,3.0419745,4.1303225,-9,-8
1664,6179,Water,Properties > States > Triple and critical points,Triple and critical points,4,What are the triple point and critical point of water?,7.377938,7.250667,12.418438,0.331432,0.971837,1.026731,1,2,0.054894,0.009682,0.013934,3.1520221,4.2561626,-9,-8
1665,6179,Water,Properties > States > Phases of ice and water,Phases of ice and water,4,How many different phases of ice are there?,7.076056,6.385669,11.409984,1.317644,1.044089,0.968204,2,1,-0.075885,0.010402,0.01314,3.1765487,4.335412,-8,-9
1666,6179,Water,Properties > Taste and odor,Taste and odor,3,Does pure water have a taste or smell?,0.129917,7.590594,3.76604,0.862661,0.0,0.0,0,0,0.0,0.0,0.0,3.1198678,3.7814376,-10,-10
1667,6179,Water,Properties > Color and appearance,Color and appearance,3,Why does water appear blue?,2.214003,8.561731,6.636479,1.006169,2.04692,2.018024,13,12,-0.028896,0.020393,0.027388,2.5345283,4.082376,3,2
1668,6179,Water,Properties > Molecular polarity,Molecular polarity,3,Why is water a polar molecule?,7.567721,4.514328,4.539517,1.688195,1.194591,1.112538,4,3,-0.082053,0.011901,0.015099,3.1348937,4.11838,-6,-7
1669,6179,Water,Properties > Hydrogen bonding,Hydrogen bonding,3,How do hydrogen bonds work in water?,5.836616,7.245831,7.981378,0.892469,0.0,0.0,0,0,0.0,0.0,0.0,3.1220021,4.122666,-10,-10
1670,6179,Water,Properties > Electrical conductivity and electrolysis,Electrical conductivity and electrolysis,3,Does water conduct electricity?,3.925,9.111614,6.849249,1.185747,0.0,0.960881,0,1,0.960881,0.0,0.013041,3.15733,4.1145043,-10,-9
1671,6179,Water,Properties > Mechanical properties,Mechanical properties,3,Can water be compressed?,2.398379,8.270641,7.58599,0.922364,0.0,0.0,0,0,0.0,0.0,0.0,2.7866218,3.9337971,-10,-10
1672,6179,Water,Properties > Reactivity,Reactivity,3,What substances does water react with?,3.96631,7.362557,7.126844,2.752028,1.054275,1.134281,2,3,0.080006,0.010504,0.015394,3.3942566,4.321195,-8,-7
1673,6179,Water,On Earth,On Earth,2,How much water is on Earth?,2.273296,8.033071,5.813944,2.32336,0.0,0.0,0,0,0.0,0.0,0.0,3.0745559,3.4457707,-10,-10
1674,6179,Water,On Earth > Water cycle,Water cycle,3,How does the water cycle work?,4.25213,6.75731,6.201535,2.540976,0.0,0.0,0,0,0.0,0.0,0.0,2.8477585,3.552157,-10,-10
1675,6179,Water,On Earth > Water resources,Water resources,3,Where do we get freshwater from?,4.329453,9.060824,7.06787,0.860505,0.0,0.102476,0,1,0.102476,0.0,0.001391,3.029106,3.6219666,-10,-9
1676,6179,Water,On Earth > Seawater and tides,Seawater and tides,3,What causes ocean tides?,1.20397,8.021879,6.047949,1.447618,0.0,0.0,0,0,0.0,0.0,0.0,2.6520202,3.748262,-10,-10
1677,6179,Water,Effects on life,Effects on life,2,Why is water essential for life?,6.791873,4.74185,12.624086,-0.168428,0.0,0.0,0,0,0.0,0.0,0.0,1.6963195,2.628784,-10,-10
1678,6179,Water,Effects on life > Aquatic life forms,Aquatic life forms,3,What kinds of organisms live in water?,-0.032903,6.662117,4.035407,1.999008,0.0,0.0,0,0,0.0,0.0,0.0,2.0622694,2.820497,-10,-10
1679,6179,Water,Effects on human civilization,Effects on human civilization,2,How has water shaped human civilization?,0.510048,6.816672,4.299761,1.814582,0.0,0.0,0,0,0.0,0.0,0.0,7.58016,1.3812376,-10,-10
1680,6179,Water,Effects on human civilization > Health and pollution,Health and pollution,3,What are the health effects of contaminated water?,-0.298554,6.438871,10.786601,1.384095,0.0,0.0,0,0,0.0,0.0,0.0,3.4096339,2.4716716,-10,-10
1681,6179,Water,Effects on human civilization > Human uses > Agriculture,Agriculture,4,How much water does farming use?,7.598748,4.734472,11.434357,-0.818391,1.627137,1.216059,9,5,-0.411078,0.016211,0.016504,3.2618322,2.002201,-1,-5
1682,6179,Water,Effects on human civilization > Human uses > As a scientific standard,As a scientific standard,4,How is water used as a measurement standard in science?,5.686936,6.022715,3.485491,1.499537,0.0,0.0,0,0,0.0,0.0,0.0,3.1041613,4.18709,-10,-10
1683,6179,Water,Effects on human civilization > Human uses > For drinking,For drinking,4,How much water should humans drink daily?,0.450879,6.84829,5.508865,1.90676,0.973208,0.973014,1,1,-0.000193,0.009696,0.013205,3.3115382,2.35772,-9,-9
1684,6179,Water,Effects on human civilization > Human uses > Chemical uses,Chemical uses,4,What role does water play in chemistry and manufacturing?,1.890388,7.644721,5.488974,2.279198,0.0,0.0,0,0,0.0,0.0,0.0,3.2210848,3.988322,-10,-10
1685,6179,Water,Effects on human civilization > Human uses > Heat exchange,Heat exchange,4,How is water used for cooling and heating?,1.162619,7.435634,5.045403,2.101223,0.0,0.0,0,0,0.0,0.0,0.0,3.3310862,3.9389677,-10,-10
1686,6179,Water,Effects on human civilization > Human uses > Fire considerations,Fire considerations,4,How does water help put out fires?,-0.705054,6.594695,7.09707,1.690392,0.0,0.0,0,0,0.0,0.0,0.0,3.5074492,4.0769258,-10,-10
1687,6179,Water,Effects on human civilization > Human uses > Recreation,Recreation,4,What recreational activities involve water?,6.797629,5.257242,11.922444,-0.198156,0.0,0.0,0,0,0.0,0.0,0.0,3.1992147,3.7387853,-10,-10
1688,6179,Water,Effects on human civilization > Human uses > Water industry,Water industry,4,How do water utilities provide clean water to cities?,0.673721,7.398025,5.591008,1.934818,0.0,0.0,0,0,0.0,0.0,0.0,3.3770785,2.464437,-10,-10
1689,6179,Water,Effects on human civilization > Human uses > Industrial applications,Industrial applications,4,What industrial processes require water?,-0.197317,7.431123,4.164573,1.739177,0.0,0.0,0,0,0.0,0.0,0.0,3.3004942,3.806856,-10,-10
1690,6179,Water,Effects on human civilization > Human uses > Food processing,Food processing,4,How is water used in making food and beverages?,0.216208,6.814011,5.780368,1.750139,0.0,0.0,0,0,0.0,0.0,0.0,3.0427592,4.0203176,-10,-10
1691,6179,Water,Distribution in nature > In the universe,In the universe,3,Where is water found in space?,0.969938,7.384366,5.100531,2.407096,0.0,0.0,0,0,0.0,0.0,0.0,2.8918855,5.1294284,-10,-10
1692,6179,Water,Distribution in nature > In the universe > Water vapor,Water vapor,4,Which planets and moons have water vapor?,1.889288,8.804433,5.873759,0.263306,1.316216,1.110403,5,10,-0.205813,0.013113,0.01507,1.9465468,4.2991767,-5,0
1693,6179,Water,Distribution in nature > In the universe > Liquid water,Liquid water,4,Has liquid water been found on other planets?,1.217528,8.65676,5.645664,0.834558,0.976336,0.975458,1,1,-0.000878,0.009727,0.013238,2.0318847,4.20011,-9,-9
1694,6179,Water,Distribution in nature > In the universe > Water ice,Water ice,4,Where is ice found in the solar system?,3.810094,8.036901,9.450605,3.958963,0.980763,1.036998,1,2,0.056235,0.009771,0.014074,1.866347,4.334692,-9,-8
1695,6179,Water,Distribution in nature > In the universe > Exotic forms,Exotic forms,4,What unusual forms of water exist under extreme conditions?,4.083287,7.84121,7.530277,3.349751,0.0,0.0,0,0,0.0,0.0,0.0,1.960628,4.623718,-10,-10
1696,6179,Water,Distribution in nature > Water and planetary habitability,Water and planetary habitability,3,Why is water important for finding habitable planets?,7.469345,4.810666,11.536683,0.295702,0.0,0.0,0,0,0.0,0.0,0.0,2.2875514,4.0172143,-10,-10
1697,6179,Water,"Law, politics, and crisis","Law, politics, and crisis",2,What legal and political issues surround water access?,-0.599638,6.752548,7.098094,-0.92228,0.0,0.0,0,0,0.0,0.0,0.0,3.3688846,2.2231376,-10,-10
1698,6179,Water,In culture > Religion,Religion,3,What role does water play in different religions?,2.762917,7.717747,4.86556,2.492496,0.0,0.0,0,0,0.0,0.0,0.0,6.485165,2.9248812,-10,-10
1699,6179,Water,In culture > Philosophy,Philosophy,3,How have philosophers viewed water throughout history?,0.812055,8.696595,5.745426,0.736085,1.150618,0.0,7,0,-1.150618,0.011463,0.0,4.920612,4.4512205,-3,-10
1700,6179,Water,In culture > Folklore,Folklore,3,What myths and legends feature water?,6.80559,7.485142,11.862959,4.204,1.388322,1.510385,6,8,0.122064,0.013832,0.020498,5.8245163,3.4060779,-4,-2
1701,6179,Water,In culture > Art and activism,Art and activism,3,How do artists use water as a theme or medium?,6.474094,8.072421,10.689541,3.965813,7.776384,2.676678,57,21,-5.099706,0.077475,0.036326,5.1961727,3.7420423,47,11
1702,6179,Water,In culture > Dihydrogen monoxide parody,Dihydrogen monoxide parody,3,What is the dihydrogen monoxide hoax?,4.445316,7.445563,6.807312,2.666448,1.889868,2.440465,13,22,0.550597,0.018828,0.033121,3.2617738,4.024303,3,12
1703,6179,Water,In culture > Music,Music,3,What songs have been written about water?,6.923214,9.310236,9.565756,1.574834,1.107306,1.139959,3,4,0.032653,0.011032,0.015471,3.2615407,3.8924599,-7,-6
1704,6308,Writing,Introduction,Introduction,0,What is writing?,6.668444,6.845545,11.647281,1.205031,7.929951,2.87888,38,14,-5.05107,0.079005,0.039071,9.990528,2.6245604,28,4
1705,6308,Writing,"Tools, materials, and motivations to write","Tools, materials, and motivations to write",2,What tools and materials are used for writing?,7.766186,6.274062,12.474751,3.694854,9.355145,2.921797,59,22,-6.433348,0.093204,0.039653,9.937416,2.5536156,49,12
1706,6308,Writing,"Tools, materials, and motivations to write > Motivations and purposes",Motivations and purposes,3,Why do people write?,6.470572,8.542773,11.01124,3.570065,1.30914,1.40882,5,7,0.099679,0.013043,0.01912,9.810857,2.471183,-5,-3
1707,6308,Writing,Contemporary uses,Contemporary uses,2,How is writing used today?,5.419845,7.032993,12.058326,1.259855,4.729383,3.058288,35,21,-1.671095,0.047118,0.041505,9.86103,2.4991167,25,11
1708,6308,Writing,Contemporary uses > Business and finance,Business and finance,3,How is writing used in business and finance?,7.800048,7.623145,11.765117,1.828339,3.876996,3.025834,20,15,-0.851162,0.038626,0.041065,9.837886,2.4868321,10,5
1709,6308,Writing,Contemporary uses > Governance and law,Governance and law,3,What role does writing play in government and law?,8.748892,7.886395,11.696684,3.237307,2.639301,0.969722,10,1,-1.669579,0.026295,0.013161,8.520947,-1.9241115,0,-9
1710,6308,Writing,Contemporary uses > Science and scholarship,Science and scholarship,3,How do scientists and scholars use writing?,8.756989,7.343014,12.272652,3.032322,4.331748,1.502433,24,5,-2.829316,0.043156,0.02039,7.6177797,5.1064878,14,-5
1711,6308,Writing,Contemporary uses > Journalism,Journalism,3,How does writing function in journalism?,8.865379,7.55967,12.313877,3.364713,1.813356,2.011081,10,10,0.197725,0.018066,0.027293,10.501784,2.1587617,0,0
1712,6308,Writing,Contemporary uses > Education and educational institutions,Education and educational institutions,3,How is writing used in education?,8.819609,7.132418,12.368581,3.030125,2.313746,2.530066,13,11,0.21632,0.023051,0.034337,9.374579,2.9446409,3,1
1713,6308,Writing,Relationship with spoken and signed language,Relationship with spoken and signed language,2,How does writing relate to spoken language?,5.812752,9.153819,10.496109,2.977204,1.495355,1.157374,7,4,-0.337981,0.014898,0.015707,10.277009,2.9179878,-3,-6
1714,6308,Writing,Relationship with spoken and signed language > Grammar,Grammar,3,Does written grammar differ from spoken grammar?,4.053969,7.252151,12.084396,3.942702,1.838912,1.724016,13,9,-0.114896,0.018321,0.023397,10.405388,2.9973016,3,-1
1715,6308,Writing,Relationship with spoken and signed language > Information packaging,Information packaging,3,How is information organized differently in writing versus speech?,2.915748,9.513019,10.144983,2.669823,1.826445,1.370958,13,5,-0.455487,0.018197,0.018606,10.399393,2.986171,3,-5
1716,6308,Writing,Relationship with spoken and signed language > Vocabulary,Vocabulary,3,Are different words used in writing compared to speaking?,4.538491,8.329678,9.655473,3.858721,1.413685,1.537247,8,6,0.123562,0.014084,0.020863,10.409416,3.0272012,-2,-4
1717,6308,Writing,Classification of writing systems,Classification of writing systems,2,What are the different types of writing systems?,8.284228,6.477158,12.456644,3.530973,0.969656,0.260525,6,2,-0.709131,0.00966,0.003536,10.035108,2.708977,-4,-8
1718,6308,Writing,Classification of writing systems > Logographies,Logographies,3,What are logographic writing systems?,8.218546,6.269407,12.438087,1.934869,1.164545,2.414801,2,11,1.250256,0.011602,0.032772,9.959739,2.6110544,-8,1
1719,6308,Writing,Classification of writing systems > Syllabaries,Syllabaries,3,What are syllabaries?,7.314748,5.554893,12.445352,0.952069,0.0,0.0,0,0,0.0,0.0,0.0,10.036894,2.6831844,-10,-10
1720,6308,Writing,Classification of writing systems > Alphabets > Abjads,Abjads,4,What are abjads?,8.377402,7.020947,12.577611,2.887792,1.282357,1.626662,3,5,0.344305,0.012776,0.022076,9.783608,2.4888444,-7,-5
1721,6308,Writing,Classification of writing systems > Alphabets > Abugidas,Abugidas,4,What are abugidas?,8.101928,7.165744,12.536452,2.81243,1.125021,0.955522,2,1,-0.169499,0.011208,0.012968,9.959471,2.6283982,-8,-9
1722,6308,Writing,History and origins > Overview of origins,Overview of origins,3,Where did writing first develop?,4.136639,9.089568,10.853815,1.208189,2.065648,2.033878,15,13,-0.03177,0.02058,0.027603,9.590746,2.3104644,5,3
1723,6308,Writing,History and origins > Mesopotamia,Mesopotamia,3,How did writing originate in Mesopotamia?,-0.213499,7.530841,3.636028,0.928001,0.0,0.0,0,0,0.0,0.0,0.0,9.482998,2.264953,-10,-10
1724,6308,Writing,History and origins > Egypt,Egypt,3,How did Egyptian writing develop?,7.050907,7.048616,12.344018,0.793417,0.0,2.52105,0,10,2.52105,0.0,0.034214,9.618686,2.301328,-10,0
1725,6308,Writing,History and origins > Mesoamerica,Mesoamerica,3,What writing systems emerged in Mesoamerica?,8.09077,5.637105,12.007522,0.226755,0.971946,0.0,1,0,-0.971946,0.009683,0.0,9.661303,2.3490133,-9,-10
1726,6308,Writing,History and origins > China,China,3,How did Chinese writing originate?,3.813688,7.371517,7.465665,3.265745,0.97562,1.242808,1,4,0.267188,0.00972,0.016867,9.599472,2.3069983,-9,-6
1727,6308,Writing,History and origins > Elamite scripts,Elamite scripts,3,What were the Elamite scripts?,8.374084,7.445115,10.909888,2.802996,1.118034,1.18435,2,3,0.066316,0.011139,0.016073,9.540689,2.250532,-8,-7
1728,6308,Writing,History and origins > Aegean systems,Aegean systems,3,What writing systems existed in the Aegean region?,3.573794,6.842709,7.46016,2.312169,1.047674,1.180513,2,3,0.132839,0.010438,0.016021,9.565536,2.288132,-8,-7
1729,6308,Writing,History and origins > Development of the alphabet,Development of the alphabet,3,How did the alphabet develop?,8.057787,6.779768,12.438551,1.049454,14.210928,27.541905,56,133,13.330977,0.141581,0.373784,9.546803,2.3216324,46,123
1730,6308,Writing,History and origins > Religious texts,Religious texts,3,What role did writing play in religious texts?,4.235407,7.044382,12.142779,2.145729,1.667486,2.52293,9,18,0.855444,0.016613,0.03424,9.769237,2.1174421,-1,8
1731,6308,Writing,Influence on society,Influence on society,2,How has writing influenced society?,7.797275,8.67742,10.734583,2.743292,4.482657,2.920109,23,16,-1.562548,0.04466,0.03963,9.826088,2.4598129,13,6
1732,6308,Writing,Influence on society > Literacy and social mobility,Literacy and social mobility,3,Does literacy affect social mobility?,7.642989,8.746078,10.813807,2.334788,2.185998,2.142358,13,12,-0.04364,0.021779,0.029075,9.491733,2.8592737,3,2
1733,6308,Writing,Influence on society > Marshall McLuhan's perspective,Marshall McLuhan's perspective,3,What did Marshall McLuhan say about writing?,2.568723,7.990313,6.677545,1.542623,4.912305,2.619558,40,18,-2.292746,0.04894,0.035551,10.119735,2.5652254,30,8
1734,6308,Writing,Influence on society > Diglossia and digraphia,Diglossia and digraphia,3,What are diglossia and digraphia?,5.874529,9.083605,9.175685,2.292184,1.280412,0.953369,3,1,-0.327043,0.012757,0.012939,10.38403,3.0514343,-7,-9
1735,6308,Writing,Orthography,Orthography,2,What is orthography?,7.59,9.027469,11.505689,2.285924,1.076926,1.582399,2,7,0.505473,0.010729,0.021475,10.104034,2.7540154,-8,-3
1736,6469,Algebra,Introduction,Introduction,0,What is algebra?,0.935063,9.390666,7.060846,0.324002,1.357156,1.338757,6,6,-0.018399,0.013521,0.018169,7.6965265,8.2472105,-4,-4
1737,6469,Algebra,Definition and etymology,Definition and etymology,2,Where does the word algebra come from?,8.36738,9.025968,11.313905,1.828919,2.951007,2.813401,11,10,-0.137606,0.0294,0.038182,7.660653,8.200681,1,0
1738,6469,Algebra,Major branches > Elementary algebra,Elementary algebra,3,How do you solve basic algebraic equations?,7.946282,9.185174,11.058007,1.708033,1.883034,2.176346,9,8,0.293312,0.01876,0.029536,7.532725,8.264175,-1,-2
1739,6469,Algebra,Major branches > Elementary algebra > Polynomials,Polynomials,4,What are polynomials and how do they work?,8.680509,7.312626,12.100532,-0.379695,2.590116,2.178639,12,9,-0.411478,0.025805,0.029567,7.6339316,8.247009,2,-1
1740,6469,Algebra,Major branches > Linear algebra,Linear algebra,3,What is linear algebra used for?,8.082784,8.62817,11.70314,1.327096,0.0,0.0,0,0,0.0,0.0,0.0,7.6803317,8.309389,-10,-10
1741,6469,Algebra,Major branches > Abstract algebra,Abstract algebra,3,What is abstract algebra?,8.760177,8.61812,11.76546,1.006637,3.059718,11.567934,15,62,8.508216,0.030483,0.156994,7.715828,8.258578,5,52
1742,6469,Algebra,Major branches > Abstract algebra > Group theory,Group theory,4,How does group theory work in mathematics?,-0.291108,6.494669,3.524539,1.152048,0.0,0.0,0,0,0.0,0.0,0.0,7.68766,8.273634,-10,-10
1743,6469,Algebra,Major branches > Abstract algebra > Ring theory and field theory,Ring theory and field theory,4,What are rings and fields in algebra?,7.798,6.290352,11.8575,1.05409,0.0,0.0,0,0,0.0,0.0,0.0,7.619484,8.260883,-10,-10
1744,6469,Algebra,Major branches > Abstract algebra > Theories of interrelations among structures,Theories of interrelations among structures,4,How do different algebraic structures relate to each other?,8.594749,8.977706,11.104588,1.784072,6.183721,2.420567,24,10,-3.763154,0.061607,0.032851,7.729109,8.279248,14,0
1745,6469,Algebra,History,History,2,How did algebra develop over time?,4.130188,9.142419,11.593718,1.96963,4.379379,3.725331,37,20,-0.654047,0.043631,0.050558,7.685817,7.793583,27,10
1746,6469,Algebra,Applications,Applications,2,Where is algebra used in real life?,7.660813,9.239487,10.782548,2.521952,1.637779,2.945166,8,13,1.307387,0.016317,0.03997,7.831999,8.179447,-2,3
1747,6469,Algebra,Education,Education,2,How is algebra taught in schools?,8.781771,8.423152,11.51042,1.363963,8.902011,25.178244,45,120,16.276233,0.088689,0.341705,7.7400193,8.291012,35,110
1748,6545,Animal,Introduction,Introduction,0,What are animals?,7.0705,5.807473,11.422619,0.063605,0.0,0.0,0,0,0.0,0.0,0.0,1.2438779,2.260857,-10,-10
1749,6545,Animal,Etymology,Etymology,2,Where does the word animal come from?,-0.360801,7.794972,4.279556,0.830481,0.0,1.05943,0,2,1.05943,0.0,0.014378,1.3508904,2.1795192,-10,-8
1750,6545,Animal,Characteristics,Characteristics,2,What makes animals different from other living things?,7.220578,6.748641,11.754354,1.771051,2.964084,2.607297,20,19,-0.356787,0.029531,0.035385,1.1508114,2.237029,10,9
1751,6545,Animal,Characteristics > Structural features,Structural features,3,How are animal bodies structured?,4.458762,6.79607,4.987034,1.416263,0.0,0.0,0,0,0.0,0.0,0.0,1.0422958,2.212492,-10,-10
1752,6545,Animal,Characteristics > Development,Development,3,How do animals grow and develop?,-0.83177,7.349026,12.651675,1.541234,0.0,0.0,0,0,0.0,0.0,0.0,0.9105703,2.131306,-10,-10
1753,6545,Animal,Characteristics > Reproduction,Reproduction,3,How do animals reproduce?,0.878888,7.146434,5.015131,2.215572,0.0,0.0,0,0,0.0,0.0,0.0,0.8711758,1.4736415,-10,-10
1754,6545,Animal,Ecology,Ecology,2,What role do animals play in their ecosystems?,-0.183698,6.026178,3.473215,1.255547,0.0,0.0,0,0,0.0,0.0,0.0,2.3592281,2.1313214,-10,-10
1755,6545,Animal,Diversity > Size,Size,3,How big can animals get?,0.306637,7.576057,3.830489,1.562424,0.0,0.0,0,0,0.0,0.0,0.0,1.3407955,2.4138439,-10,-10
1756,6545,Animal,Diversity > Numbers and habitats of major phyla,Numbers and habitats of major phyla,3,How many species are in each major animal group?,1.43824,7.856617,5.373731,1.14119,0.0,0.0,0,0,0.0,0.0,0.0,1.2590564,2.370311,-10,-10
1757,6545,Animal,Evolutionary origin,Evolutionary origin,2,When did animals first evolve?,0.397931,8.795799,4.538569,0.553333,1.341579,1.230216,5,3,-0.111362,0.013366,0.016696,1.3167003,2.940805,-5,-7
1758,6545,Animal,Phylogeny > External phylogeny,External phylogeny,3,How are animals related to other living organisms?,6.896818,8.733085,9.594714,3.766078,0.247027,1.377695,3,6,1.130668,0.002461,0.018697,1.2198805,2.207757,-7,-4
1759,6545,Animal,Phylogeny > Internal phylogeny,Internal phylogeny,3,How are different animal groups related to each other?,6.921161,8.670465,12.134464,2.422589,1.153694,1.353846,3,4,0.200152,0.011494,0.018374,1.1269021,2.155276,-7,-6
1760,6545,Animal,Phylogeny > Non-bilaterians,Non-bilaterians,3,What are non-bilaterian animals?,5.827734,6.365264,12.578644,1.957731,0.0,0.0,0,0,0.0,0.0,0.0,1.1393263,2.1572545,-10,-10
1761,6545,Animal,Phylogeny > Bilateria,Bilateria,3,What are bilaterians?,-0.512253,6.829676,12.089143,-0.696997,0.0,0.0,0,0,0.0,0.0,0.0,1.0507168,2.2328525,-10,-10
1762,6545,Animal,Phylogeny > Bilateria > Protostomes and deuterostomes,Protostomes and deuterostomes,4,What's the difference between protostomes and deuterostomes?,0.748718,6.094646,4.324495,1.649476,0.0,0.0,0,0,0.0,0.0,0.0,1.0480747,2.2161167,-10,-10
1763,6545,Animal,History of classification,History of classification,2,How has animal classification changed over time?,-0.3067,7.422333,7.235667,0.910892,0.0,0.0,0,0,0.0,0.0,0.0,1.3070384,2.0537229,-10,-10
1764,6545,Animal,In human culture > Practical uses,Practical uses,3,How do humans use animals?,1.95558,8.480148,5.590835,0.640717,0.122203,1.132757,1,9,1.010554,0.001217,0.015373,2.8575056,1.9947336,-9,-1
1765,6545,Animal,In human culture > Symbolic uses,Symbolic uses,3,Why are animals important in art and culture?,1.914253,8.240005,5.573755,0.77471,1.539877,3.368122,8,33,1.828245,0.015342,0.04571,5.855825,3.471075,-2,23
1766,6834,Cell (biology),Introduction,Introduction,0,What is a cell in biology?,7.280546,6.899838,12.11191,0.994111,1.706557,1.688782,8,7,-0.017774,0.017002,0.022919,0.68927693,2.239575,-2,-3
1767,6834,Cell (biology),Types,Types,2,What are the main types of cells?,4.804178,6.53072,8.27973,3.402675,0.09167,0.083021,1,1,-0.00865,0.000913,0.001127,0.7222034,2.2327924,-9,-9
1768,6834,Cell (biology),Types > Prokaryotes,Prokaryotes,3,What are prokaryotes?,8.164268,6.297661,11.907537,0.161793,1.154674,1.107208,3,3,-0.047467,0.011504,0.015026,0.7216545,2.2920678,-7,-7
1769,6834,Cell (biology),Types > Prokaryotes > Bacteria,Bacteria,4,How do bacterial cells work?,7.625102,5.229347,12.327306,0.227617,1.044446,0.0,6,0,-1.044446,0.010406,0.0,0.5121064,2.2807207,-4,-10
1770,6834,Cell (biology),Types > Prokaryotes > Archaea,Archaea,4,What makes archaea different from bacteria?,8.162221,6.216373,12.487424,2.633895,4.403124,1.66873,16,7,-2.734394,0.043867,0.022647,0.5738411,2.2702522,6,-3
1771,6834,Cell (biology),Types > Eukaryotes,Eukaryotes,3,What are eukaryotic cells?,6.42459,9.212478,13.045963,1.688044,1.087513,1.377121,3,6,0.289609,0.010835,0.01869,0.66218394,2.2602608,-7,-4
1772,6834,Cell (biology),Animal cells,Animal cells,2,What makes animal cells unique?,6.975661,7.437915,12.837274,2.435837,2.03175,3.488225,9,17,1.456474,0.020242,0.04734,0.83766526,2.1078973,-1,7
1773,6834,Cell (biology),Animal cells > Structure,Structure,3,How are animal cells structured?,4.387122,7.878942,9.531705,3.634494,1.181025,1.162016,3,3,-0.01901,0.011766,0.01577,0.42614928,2.2315114,-7,-7
1774,6834,Cell (biology),Animal cells > Cell membrane,Cell membrane,3,What does the cell membrane do?,-0.708067,7.001994,13.021211,1.71966,0.967918,0.063693,1,1,-0.904225,0.009643,0.000864,0.5183191,2.2715418,-9,-9
1775,6834,Cell (biology),Animal cells > Cytoplasm,Cytoplasm,3,What is cytoplasm made of?,7.947904,6.464451,12.555116,1.755963,1.889496,1.199617,8,3,-0.689879,0.018825,0.016281,0.42900658,2.2552674,-2,-7
1776,6834,Cell (biology),Animal cells > Cytoskeleton,Cytoskeleton,3,What is the cytoskeleton and why is it important?,6.869055,5.441307,11.818738,-0.072474,0.0,0.973216,0,1,0.973216,0.0,0.013208,0.46134028,2.2430012,-10,-9
1777,6834,Cell (biology),Animal cells > Organelles,Organelles,3,What are organelles?,7.614434,5.636706,12.302904,1.126044,1.882429,2.283281,10,12,0.400852,0.018754,0.030987,0.46877453,2.2518828,0,2
1778,6834,Cell (biology),Animal cells > Nucleus,Nucleus,3,What role does the nucleus play in a cell?,-0.536334,6.174625,3.544757,1.382054,0.0,0.0,0,0,0.0,0.0,0.0,0.55333245,2.1471467,-10,-10
1779,6834,Cell (biology),Animal cells > Endoplasmic reticulum,Endoplasmic reticulum,3,What does the endoplasmic reticulum do?,1.937077,7.532218,6.151956,2.635533,0.0,0.0,0,0,0.0,0.0,0.0,0.49787593,2.2549863,-10,-10
1780,6834,Cell (biology),Animal cells > Mitochondria,Mitochondria,3,Why are mitochondria called the powerhouse of the cell?,7.383932,6.170087,3.538078,1.493661,1.03565,1.127683,2,3,0.092032,0.010318,0.015304,0.7568386,2.324698,-8,-7
1781,6834,Cell (biology),Animal cells > Lysosomes,Lysosomes,3,What is the function of lysosomes?,6.743161,6.100501,12.674016,1.572159,2.25636,1.310683,10,4,-0.945677,0.02248,0.017788,0.43391424,2.2569807,0,-6
1782,6834,Cell (biology),Animal cells > Peroxisomes,Peroxisomes,3,What do peroxisomes do in cells?,8.139874,5.726156,11.965858,0.090278,1.155065,1.530074,3,6,0.375009,0.011508,0.020765,0.4191626,2.2663872,-7,-4
1783,6834,Cell (biology),Animal cells > Centrosome,Centrosome,3,What is a centrosome?,-0.683409,7.620295,4.568938,0.697213,1.073807,1.497427,2,7,0.42362,0.010698,0.020322,0.45065987,2.2322862,-8,-3
1784,6834,Cell (biology),Animal cells > Ribosomes,Ribosomes,3,How do ribosomes make proteins?,6.72508,6.987442,8.436318,2.882234,1.344084,1.226768,6,4,-0.117316,0.013391,0.016649,0.48836783,2.1904674,-4,-6
1785,6834,Cell (biology),Animal cells > Vaults,Vaults,3,What are vaults in cells?,8.321721,7.435902,11.995654,2.735918,0.967422,0.973547,1,1,0.006125,0.009638,0.013212,0.46988198,2.2010868,-9,-9
1786,6834,Cell (biology),Animal cells > Animal cell types,Animal cell types,3,What are the different types of animal cells?,7.828001,6.429626,12.980872,1.431601,25.260114,4.583152,127,31,-20.676962,0.251662,0.0622,0.7041761,2.2880504,117,21
1787,6834,Cell (biology),Plant cells,Plant cells,2,How do plant cells differ from animal cells?,8.425165,7.249573,12.858195,2.177247,1.430945,2.907791,4,15,1.476846,0.014256,0.039463,0.60925066,2.3019433,-6,5
1788,6834,Cell (biology),Algal cells,Algal cells,2,What are the special features of algal cells?,8.727055,7.1146,12.482543,3.43784,1.539168,1.960247,4,9,0.421078,0.015334,0.026603,1.5243496,2.5805898,-6,-1
1789,6834,Cell (biology),Fungal cells,Fungal cells,2,What distinguishes fungal cells from other cell types?,8.583243,6.594182,12.770306,3.531053,1.425019,1.137787,4,2,-0.287232,0.014197,0.015441,0.5269039,2.291928,-6,-8
1790,6834,Cell (biology),Protist cells,Protist cells,2,What are protist cells?,8.44587,7.264685,12.77204,3.513672,0.972834,1.256368,1,3,0.283534,0.009692,0.017051,0.6860777,2.219522,-9,-7
1791,6834,Cell (biology),Cellular processes > Replication,Replication,3,How do cells replicate themselves?,-0.270624,7.182504,4.671397,0.805386,0.0,0.0,0,0,0.0,0.0,0.0,0.7214258,1.797736,-10,-10
1792,6834,Cell (biology),Cellular processes > Signaling,Signaling,3,How do cells communicate with each other?,8.937711,7.586132,12.473147,3.07349,2.179485,1.329036,11,5,-0.850449,0.021714,0.018037,0.67848927,2.2963612,1,-5
1793,6834,Cell (biology),Cellular processes > Protein targeting,Protein targeting,3,How do proteins get to the right place in a cell?,8.344668,7.232975,12.359744,2.035183,3.210702,1.055185,16,2,-2.155517,0.031988,0.01432,0.5570471,2.2619016,6,-8
1794,6834,Cell (biology),Cellular processes > DNA repair,DNA repair,3,How do cells repair damaged DNA?,8.729481,6.47657,12.379339,2.102709,1.101931,1.174791,2,3,0.072861,0.010978,0.015944,0.99949807,1.8093228,-8,-7
1795,6834,Cell (biology),Cellular processes > Growth and metabolism,Growth and metabolism,3,How do cells grow and manage their metabolism?,7.205979,4.88216,3.955548,1.777424,0.0,0.0,0,0,0.0,0.0,0.0,1.3154788,2.4766033,-10,-10
1796,6834,Cell (biology),Cellular processes > Protein synthesis,Protein synthesis,3,How do cells synthesize proteins?,6.773661,4.800321,11.644222,-0.446984,0.0,0.0,0,0,0.0,0.0,0.0,0.77785754,1.9916734,-10,-10
1797,6834,Cell (biology),Cellular processes > Motility,Motility,3,How do cells move?,2.49015,7.841437,7.220889,1.329655,0.0,0.0,0,0,0.0,0.0,0.0,0.7218503,2.282401,-10,-10
1798,6834,Cell (biology),"Cellular processes > Motility > Navigation, control and communication","Navigation, control and communication",4,How do cells navigate and control their movement?,3.925696,8.005046,9.471807,3.886506,3.928087,4.056139,35,36,0.128053,0.039135,0.055048,0.7217995,2.340635,25,26
1799,6834,Cell (biology),Cellular processes > Cell death,Cell death,3,Why and how do cells die?,8.52124,7.700507,12.65335,1.71901,1.348154,1.303099,4,4,-0.045056,0.013431,0.017685,0.7375575,1.8565104,-6,-6
1800,6834,Cell (biology),Origins,Origins,2,How did cells first originate?,8.061401,5.487097,3.6743,1.592772,0.0,0.0,0,0,0.0,0.0,0.0,1.1312139,2.8682945,-10,-10
1801,6834,Cell (biology),Origins > Multicellularity,Multicellularity,3,How did multicellular organisms evolve from single cells?,7.887167,6.411256,12.278377,1.266584,9.606189,6.003175,37,33,-3.603014,0.095705,0.081472,0.8356993,2.3450127,27,23
1802,6834,Cell (biology),History of research,History of research,2,Who discovered cells and how has cell research evolved?,6.864469,5.684452,10.465586,1.71231,0.97304,1.002932,1,2,0.029892,0.009694,0.013611,0.8408864,2.1423316,-9,-8
1803,6865,Chemistry,Introduction,Introduction,0,What is chemistry?,0.88222,7.399329,11.536241,0.649922,0.0,0.0,0,0,0.0,0.0,0.0,4.197768,4.9879866,-10,-10
1804,6865,Chemistry,Etymology,Etymology,2,Where does the word chemistry come from?,2.391523,8.477744,5.275944,1.592911,0.0,0.0,0,0,0.0,0.0,0.0,4.6976,4.6301746,-10,-10
1805,6865,Chemistry,Modern principles,Modern principles,2,What are the fundamental principles of modern chemistry?,0.226728,7.393764,5.777154,2.578123,0.0,0.0,0,0,0.0,0.0,0.0,4.0870376,4.9936056,-10,-10
1806,6865,Chemistry,Modern principles > Matter,Matter,3,What is matter in chemistry?,1.875856,7.712142,6.516337,2.541798,0.0,0.0,0,0,0.0,0.0,0.0,4.1492057,5.539175,-10,-10
1807,6865,Chemistry,Modern principles > Matter > Atom,Atom,4,What are atoms and how do they work?,0.174585,7.559247,7.275733,1.600576,0.0,0.0,0,0,0.0,0.0,0.0,3.9571037,5.0745735,-10,-10
1808,6865,Chemistry,Modern principles > Matter > Element,Element,4,What makes something a chemical element?,1.774852,7.484293,4.316836,1.89872,0.0,0.0,0,0,0.0,0.0,0.0,3.8396313,4.8614845,-10,-10
1809,6865,Chemistry,Modern principles > Matter > Compound,Compound,4,How do chemical compounds form?,-0.23082,7.178592,5.060956,1.178484,0.0,0.0,0,0,0.0,0.0,0.0,3.871097,4.8520746,-10,-10
1810,6865,Chemistry,Modern principles > Matter > Molecule,Molecule,4,What are molecules made of?,0.198217,6.946922,5.583745,2.392073,0.0,0.0,0,0,0.0,0.0,0.0,3.9003184,4.8761435,-10,-10
1811,6865,Chemistry,Modern principles > Matter > Mole and amount of substance,Mole and amount of substance,4,What is a mole in chemistry?,2.005093,8.856452,6.122186,2.293324,2.549256,2.976018,20,16,0.426762,0.025398,0.040389,3.9564536,4.9940834,10,6
1812,6865,Chemistry,Modern principles > Phase,Phase,3,What are the different phases of matter?,-0.002192,6.616679,5.032238,2.554336,0.0,0.0,0,0,0.0,0.0,0.0,3.9286304,4.9032707,-10,-10
1813,6865,Chemistry,Modern principles > Bonding,Bonding,3,How do chemical bonds form between atoms?,0.349168,7.18572,6.76239,3.068342,0.0,0.0,0,0,0.0,0.0,0.0,3.8286414,4.9079094,-10,-10
1814,6865,Chemistry,Modern principles > Energy,Energy,3,How does energy relate to chemical reactions?,1.088756,9.467693,5.751671,2.175595,0.0,0.0,0,0,0.0,0.0,0.0,4.4021215,5.7986503,-10,-10
1815,6865,Chemistry,Modern principles > Reaction,Reaction,3,What happens during a chemical reaction?,1.152755,7.507349,6.469053,2.022113,0.0,0.0,0,0,0.0,0.0,0.0,4.098119,5.0468554,-10,-10
1816,6865,Chemistry,Modern principles > Ions and salts,Ions and salts,3,How do ions form and what are salts?,2.446152,9.083565,6.051702,2.400862,0.0,0.0,0,0,0.0,0.0,0.0,3.9636936,5.0026717,-10,-10
1817,6865,Chemistry,Modern principles > Acidity and basicity,Acidity and basicity,3,What makes something an acid or a base?,0.733477,7.324449,5.905427,2.084482,0.0,0.0,0,0,0.0,0.0,0.0,4.045485,4.964039,-10,-10
1818,6865,Chemistry,Modern principles > Redox,Redox,3,What are redox reactions?,0.785454,7.465847,6.040975,2.554903,0.0,0.0,0,0,0.0,0.0,0.0,4.1047325,5.020509,-10,-10
1819,6865,Chemistry,Modern principles > Equilibrium,Equilibrium,3,What is chemical equilibrium?,1.308749,7.337311,5.661338,0.861181,0.0,0.0,0,0,0.0,0.0,0.0,4.1043453,5.0695443,-10,-10
1820,6865,Chemistry,History,History,2,How did chemistry develop as a science?,0.532131,7.468919,11.561715,-0.715451,0.0,0.0,0,0,0.0,0.0,0.0,4.637651,4.630972,-10,-10
1821,6865,Chemistry,History > Definition,Definition,3,How has the definition of chemistry changed over time?,1.177507,7.637875,6.832422,2.465793,0.0,0.0,0,0,0.0,0.0,0.0,4.706995,4.6230626,-10,-10
1822,6865,Chemistry,History > Background,Background,3,What were the early origins of chemistry?,-0.652615,6.34613,3.996784,0.568687,0.0,0.0,0,0,0.0,0.0,0.0,4.94401,4.507356,-10,-10
1823,6865,Chemistry,Practice,Practice,2,How is chemistry practiced today?,6.879643,6.292958,11.972961,1.429973,12.002582,5.832984,74,42,-6.169598,0.119579,0.079162,4.2993727,4.974463,64,32
1824,6865,Chemistry,Practice > Subdisciplines,Subdisciplines,3,What are the main branches of chemistry?,-0.658184,7.514922,4.500344,1.279558,0.0,0.0,0,0,0.0,0.0,0.0,4.1098,4.897438,-10,-10
1825,6865,Chemistry,Practice > Interdisciplinary,Interdisciplinary,3,How does chemistry connect with other scientific fields?,7.500847,8.919552,7.838508,1.549956,0.0,0.0,0,0,0.0,0.0,0.0,4.267288,4.8863626,-10,-10
1826,6943,Computer,Introduction,Introduction,0,What is a computer?,1.143429,7.944344,5.489123,2.253606,0.0,0.0,0,0,0.0,0.0,0.0,6.843097,6.514745,-10,-10
1827,6943,Computer,Etymology,Etymology,2,Where does the word computer come from?,7.242332,5.416441,4.045701,0.374781,0.0,0.0,0,0,0.0,0.0,0.0,6.8858976,6.574282,-10,-10
1828,6943,Computer,History > Pre-20th century,Pre-20th century,3,How did people calculate before computers were invented?,0.291373,6.919184,12.406577,0.510611,0.0,0.0,0,0,0.0,0.0,0.0,7.1898284,7.214345,-10,-10
1829,6943,Computer,History > First computer,First computer,3,Who invented the first computer?,6.711646,4.943108,9.062528,1.874104,0.0,0.0,0,0,0.0,0.0,0.0,6.953974,6.734611,-10,-10
1830,6943,Computer,History > Electromechanical calculating machine,Electromechanical calculating machine,3,What were electromechanical calculating machines?,8.077093,7.698349,12.539797,2.751737,1.533012,2.203508,7,18,0.670497,0.015273,0.029905,6.9992867,6.802113,-3,8
1831,6943,Computer,History > Analog computers,Analog computers,3,How did analog computers work?,6.790297,4.736019,11.697498,-0.471408,0.0,0.0,0,0,0.0,0.0,0.0,6.9430647,6.7124324,-10,-10
1832,6943,Computer,History > Digital computers > Electromechanical,Electromechanical,4,What were electromechanical digital computers?,1.272941,7.033575,9.70285,1.979684,0.0,0.0,0,0,0.0,0.0,0.0,6.9421945,6.722995,-10,-10
1833,6943,Computer,History > Digital computers > Vacuum tubes and digital electronic circuits,Vacuum tubes and digital electronic circuits,4,How did vacuum tubes enable electronic computing?,2.834667,8.881597,8.079036,1.532055,0.0,0.0,0,0,0.0,0.0,0.0,6.9410925,6.763032,-10,-10
1834,6943,Computer,History > Modern computers > Concept of modern computer,Concept of modern computer,4,Who came up with the concept of the modern computer?,3.270428,8.451298,9.404091,3.474463,0.0,0.0,0,0,0.0,0.0,0.0,6.9478736,6.66713,-10,-10
1835,6943,Computer,History > Modern computers > Stored programs,Stored programs,4,What does it mean for a computer to have a stored program?,6.634578,5.07019,11.492415,-0.131151,0.0,0.0,0,0,0.0,0.0,0.0,6.9285917,6.716327,-10,-10
1836,6943,Computer,History > Modern computers > Transistors,Transistors,4,How did transistors change computers?,1.239484,7.097552,11.12273,0.689057,0.0,0.0,0,0,0.0,0.0,0.0,6.842359,6.743347,-10,-10
1837,6943,Computer,History > Modern computers > Integrated circuits,Integrated circuits,4,What are integrated circuits and why are they important?,2.960006,9.12268,6.738619,1.590818,0.0,0.0,0,0,0.0,0.0,0.0,6.8837366,6.703844,-10,-10
1838,6943,Computer,History > Mobile computers,Mobile computers,3,When did mobile computers become available?,0.785913,7.586761,5.796719,1.825313,0.0,0.0,0,0,0.0,0.0,0.0,6.82782,6.5280623,-10,-10
1839,6943,Computer,"Types > By size, form-factor and purpose","By size, form-factor and purpose",3,What are the different types of computers by size and purpose?,6.72667,6.31975,10.981772,-0.416387,0.0,0.0,0,0,0.0,0.0,0.0,6.7901106,6.482983,-10,-10
1840,6943,Computer,Types > Unconventional computers,Unconventional computers,3,What are unconventional computers?,6.334981,5.595029,11.640499,-0.182853,0.0,0.0,0,0,0.0,0.0,0.0,6.7713017,6.430437,-10,-10
1841,6943,Computer,Hardware,Hardware,2,What components make up computer hardware?,1.589275,7.693892,5.773675,2.697057,0.0,0.0,0,0,0.0,0.0,0.0,6.7959976,6.4813156,-10,-10
1842,6943,Computer,Hardware > Other hardware topics,Other hardware topics,3,What other hardware components do computers have?,0.427135,6.90729,4.489721,2.300831,0.0,0.0,0,0,0.0,0.0,0.0,6.851494,6.5567937,-10,-10
1843,6943,Computer,Hardware > Input devices,Input devices,3,What are examples of computer input devices?,8.697061,6.532673,11.499926,1.71294,1.297229,0.095658,2,2,-1.201571,0.012924,0.001298,6.7372365,6.400899,-8,-8
1844,6943,Computer,Hardware > Output devices,Output devices,3,What are examples of computer output devices?,8.611422,6.572375,11.256362,1.621201,1.697251,1.827546,7,7,0.130295,0.016909,0.024802,6.729952,6.406105,-3,-3
1845,6943,Computer,Hardware > Control unit,Control unit,3,What does the control unit do in a computer?,1.621163,7.793503,6.7679,2.221233,0.0,0.0,0,0,0.0,0.0,0.0,6.910578,6.60321,-10,-10
1846,6943,Computer,Hardware > Central processing unit (CPU),Central processing unit (CPU),3,What does the CPU do?,3.303839,8.950248,7.355154,2.665417,0.0,0.0,0,0,0.0,0.0,0.0,6.8605924,6.5498796,-10,-10
1847,6943,Computer,Hardware > Arithmetic logic unit (ALU),Arithmetic logic unit (ALU),3,What is an arithmetic logic unit?,6.4051,4.766923,7.428022,1.9462,0.0,0.0,0,0,0.0,0.0,0.0,7.3164306,8.189189,-10,-10
1848,6943,Computer,Hardware > Memory,Memory,3,How does computer memory work?,2.494241,7.859471,6.732002,2.239489,0.0,0.0,0,0,0.0,0.0,0.0,6.8531957,6.5174575,-10,-10
1849,6943,Computer,Hardware > Input/output (I/O),Input/output (I/O),3,What is input/output in computing?,2.52224,7.871448,4.190873,2.102868,0.0,0.0,0,0,0.0,0.0,0.0,6.7802863,6.452234,-10,-10
1850,6943,Computer,Hardware > Multitasking,Multitasking,3,How does multitasking work on a computer?,1.321468,7.780149,5.624665,2.614675,0.0,0.0,0,0,0.0,0.0,0.0,6.87871,6.553986,-10,-10
1851,6943,Computer,Hardware > Multiprocessing,Multiprocessing,3,What is multiprocessing?,0.295202,6.990571,6.63422,2.17872,0.0,0.0,0,0,0.0,0.0,0.0,6.8210297,6.515596,-10,-10
1852,6943,Computer,Software,Software,2,What is computer software?,1.060547,7.061112,12.209517,1.801744,0.973368,0.0,1,0,-0.973368,0.009697,0.0,6.817298,6.425853,-9,-10
1853,6943,Computer,Software > Programs,Programs,3,What are computer programs?,1.702405,7.51625,6.003637,2.706262,0.0,0.0,0,0,0.0,0.0,0.0,6.9017706,6.536915,-10,-10
1854,6943,Computer,Software > Programs > Stored program architecture,Stored program architecture,4,What is stored program architecture?,1.757306,7.756835,5.45012,2.376066,0.0,0.0,0,0,0.0,0.0,0.0,6.903498,6.592165,-10,-10
1855,6943,Computer,Software > Programs > Machine code,Machine code,4,What is machine code?,1.734978,7.484023,6.12687,2.427831,0.0,0.0,0,0,0.0,0.0,0.0,6.8753247,6.553955,-10,-10
1856,6943,Computer,Software > Programs > Programming language,Programming language,4,What is a programming language?,2.923465,8.251849,6.598765,2.359391,0.165122,0.0,1,0,-0.165122,0.001645,0.0,6.916119,6.505022,-9,-10
1857,6943,Computer,Software > Programs > Programming language > Low-level languages,Low-level languages,5,What are low-level programming languages?,1.382701,7.295599,6.191301,2.456688,0.0,0.0,0,0,0.0,0.0,0.0,6.8988204,6.5387754,-10,-10
1858,6943,Computer,Software > Programs > Programming language > High-level languages,High-level languages,5,What are high-level programming languages?,1.539075,7.406086,8.996483,3.730553,0.0,0.0,0,0,0.0,0.0,0.0,6.930278,6.533753,-10,-10
1859,6943,Computer,Software > Programs > Program design,Program design,4,How do programmers design software programs?,3.064556,8.340238,6.768163,2.480361,0.0,0.0,0,0,0.0,0.0,0.0,6.915774,6.412914,-10,-10
1860,6943,Computer,Software > Programs > Bugs,Bugs,4,What are software bugs?,6.389662,4.813351,6.762928,2.531275,0.0,0.0,0,0,0.0,0.0,0.0,6.883767,6.538518,-10,-10
1861,6943,Computer,Networking and the Internet,Networking and the Internet,2,How do computers connect to the internet?,4.124832,6.769404,6.666875,-0.076622,0.0,0.0,0,0,0.0,0.0,0.0,6.8524466,6.5174007,-10,-10
1862,6943,Computer,Networking and the Internet > Artificial intelligence,Artificial intelligence,3,How is artificial intelligence related to computers?,7.971695,7.951959,11.680824,2.341296,4.057823,2.074087,28,10,-1.983736,0.040427,0.028148,7.1178184,6.6067543,18,0
1863,6943,Computer,Professions and organizations,Professions and organizations,2,What careers involve working with computers?,4.554939,6.502595,6.922671,2.825961,0.059039,0.0,1,0,-0.059039,0.000588,0.0,6.962834,6.0798264,-9,-10
1864,7043,Disease,Introduction,Introduction,0,What is disease?,-0.077662,7.127169,7.497961,3.374488,0.0,0.0,0,0,0.0,0.0,0.0,7.6114545,4.6255083,-10,-10
1865,7043,Disease,Terminology > Concepts,Concepts,3,How do doctors and scientists define and describe diseases?,0.575371,6.795504,13.05182,0.79205,0.0,0.0,0,0,0.0,0.0,0.0,7.6140556,4.6254783,-10,-10
1866,7043,Disease,Terminology > Types by body system,Types by body system,3,How are diseases categorized by different parts of the body?,8.229445,7.541154,12.045059,2.536082,1.992646,1.148538,8,3,-0.844108,0.019852,0.015587,7.80381,4.622747,-2,-7
1867,7043,Disease,Terminology > Stages,Stages,3,What are the different stages a disease goes through?,2.427524,8.500833,13.041124,1.47462,0.0,0.0,0,0,0.0,0.0,0.0,7.580731,4.6103053,-10,-10
1868,7043,Disease,Terminology > Extent,Extent,3,How do doctors measure how far a disease has spread?,8.267843,7.259347,12.676938,2.15449,2.077004,1.420014,10,6,-0.65699,0.020693,0.019272,7.585596,4.6671724,0,-4
1869,7043,Disease,Classification,Classification,2,How are diseases classified into different groups?,8.019125,7.289439,10.044318,1.824472,1.904895,1.110147,8,3,-0.794748,0.018978,0.015066,7.5872416,4.634172,-2,-7
1870,7043,Disease,Causes,Causes,2,What causes diseases to develop in people?,7.30183,5.594646,7.307702,1.462059,0.976458,0.946559,1,1,-0.029898,0.009728,0.012846,7.623515,4.6201653,-9,-9
1871,7043,Disease,Causes > Types of causes,Types of causes,3,What are the main types of things that can cause disease?,4.857034,7.817084,12.649823,2.685362,0.0,0.0,0,0,0.0,0.0,0.0,7.5758753,4.6686907,-10,-10
1872,7043,Disease,Prevention,Prevention,2,How can diseases be prevented?,8.512053,7.242755,11.715921,4.008749,2.70777,1.430824,17,7,-1.276945,0.026977,0.019418,7.5451236,4.623782,7,-3
1873,7043,Disease,Treatments,Treatments,2,What treatments are available for diseases?,0.317109,7.73553,5.735058,2.024457,1.73048,2.102676,11,18,0.372196,0.01724,0.028536,7.2895145,4.6820054,1,8
1874,7043,Disease,Epidemiology,Epidemiology,2,How common are different diseases in populations?,0.934093,7.066331,12.582708,2.634925,0.0,0.0,0,0,0.0,0.0,0.0,7.7951694,5.051712,-10,-10
1875,7043,Disease,Epidemiology > Burdens of disease,Burdens of disease,3,How do diseases impact society and public health?,2.559574,8.633643,11.190706,1.885116,1.087457,1.057545,2,2,-0.029912,0.010834,0.014352,7.5186596,4.5577865,-8,-8
1876,7043,Disease,Society and culture,Society and culture,2,How does society view and respond to disease?,7.757296,5.800221,13.013474,0.907498,22.533931,23.854899,142,161,1.320968,0.224501,0.323746,7.541546,4.6015787,132,151
1877,7043,Disease,Society and culture > Language of disease,Language of disease,3,How do people talk about disease in everyday language?,6.769934,9.059374,6.59129,-0.776148,2.777543,1.546523,19,8,-1.23102,0.027672,0.020989,7.594115,4.639767,9,-2
1878,7078,Early modern period,Introduction,Introduction,0,What is the early modern period?,0.056477,7.506989,10.156691,1.528215,2.903084,1.25167,16,4,-1.651414,0.028923,0.016987,8.384742,0.49193704,6,-6
1879,7078,Early modern period,History of the concept,History of the concept,2,How did historians come to define the early modern period?,7.454532,8.562364,11.125745,2.77817,2.35895,1.248229,10,4,-1.110722,0.023502,0.01694,8.381454,0.5777306,0,-6
1880,7078,Early modern period,Overview,Overview,2,What are the major characteristics of the early modern era?,0.573739,8.648704,6.077569,-0.183023,1.679671,2.546172,11,13,0.866501,0.016734,0.034555,8.150059,0.38653678,1,3
1881,7078,Early modern period,Asia and Africa > East Asia,East Asia,3,What was happening in East Asia during the early modern period?,6.29084,7.902697,7.616234,2.791998,1.872848,1.949485,9,11,0.076637,0.018659,0.026457,8.054808,0.5644621,-1,1
1882,7078,Early modern period,Asia and Africa > East Asia > Chinese dynasties,Chinese dynasties,4,Which Chinese dynasties ruled during the early modern era?,0.363634,9.136752,7.133031,-0.551677,54.653366,10.345016,372,85,-44.30835,0.544501,0.140397,8.047305,0.85027605,362,75
1883,7078,Early modern period,Asia and Africa > East Asia > Japanese shogunates,Japanese shogunates,4,What were the Japanese shogunates of the early modern period?,0.731886,8.600638,5.43723,0.610151,1.082774,0.947665,2,1,-0.13511,0.010787,0.012861,8.168113,0.6360506,-8,-9
1884,7078,Early modern period,Asia and Africa > East Asia > Korean dynasty,Korean dynasty,4,Which dynasty controlled Korea in early modern times?,1.177552,9.298586,6.365879,-0.229765,1.261353,2.218501,3,11,0.957148,0.012567,0.030108,8.079346,0.63421106,-7,1
1885,7078,Early modern period,Asia and Africa > South Asia > Indian empires,Indian empires,4,What were the major Indian empires in the early modern period?,2.434406,8.780219,6.66045,-0.562319,0.977392,1.599228,1,6,0.621836,0.009738,0.021704,7.720072,0.48337427,-9,-4
1886,7078,Early modern period,Asia and Africa > South Asia > British and Dutch colonization,British and Dutch colonization,4,How did the British and Dutch colonize South Asia?,1.544988,9.687057,7.390973,-0.01587,0.0,0.0,0,0,0.0,0.0,0.0,7.60796,0.4163681,-10,-10
1887,7078,Early modern period,Asia and Africa > Southeast Asia,Southeast Asia,3,What was going on in Southeast Asia during early modern times?,0.477907,8.961071,6.006995,-0.749484,0.087921,0.318916,1,2,0.230995,0.000876,0.004328,7.6649876,0.59715843,-9,-8
1888,7078,Early modern period,Asia and Africa > West Asia and North Africa > Ottoman Empire,Ottoman Empire,4,How powerful was the Ottoman Empire during this era?,4.322852,7.164261,7.616411,3.414485,4.315675,2.674455,22,15,-1.64122,0.042996,0.036296,7.894851,0.46961823,12,5
1889,7078,Early modern period,Asia and Africa > West Asia and North Africa > North Africa,North Africa,4,What happened in North Africa during the early modern period?,4.510481,7.555671,9.472798,3.86019,1.272288,1.142689,2,2,-0.129598,0.012676,0.015508,7.715691,0.61161554,-8,-8
1890,7078,Early modern period,Asia and Africa > West Asia and North Africa > Safavid Iran,Safavid Iran,4,What was Safavid Iran like in early modern times?,5.988032,7.520329,7.372763,-0.205688,0.0,0.0,0,0,0.0,0.0,0.0,7.7613773,0.50348663,-10,-10
1891,7078,Early modern period,Asia and Africa > West Asia and North Africa > Uzbeks and Afghan Pashtuns,Uzbeks and Afghan Pashtuns,4,What role did the Uzbeks and Afghan Pashtuns play in this period?,1.928807,9.050702,6.797252,0.360811,0.970344,1.653199,1,7,0.682854,0.009667,0.022436,7.8073897,0.5101185,-9,-3
1892,7078,Early modern period,Asia and Africa > Sub-Saharan Africa,Sub-Saharan Africa,3,What was happening in Sub-Saharan Africa during the early modern era?,1.387038,9.163332,6.28094,-0.035086,0.0,0.0,0,0,0.0,0.0,0.0,7.3193088,0.9522498,-10,-10
1893,7078,Early modern period,Europe,Europe,2,How did Europe change during the early modern period?,2.014341,8.818327,7.192268,0.123511,1.378945,1.277922,4,4,-0.101023,0.013738,0.017343,8.333593,0.45401844,-6,-6
1894,7078,Early modern period,Europe > Gunpowder and firearms,Gunpowder and firearms,3,How did gunpowder and firearms transform European warfare?,5.844956,7.171036,6.547848,-0.172466,1.52688,1.505706,6,8,-0.021175,0.015212,0.020435,7.7871547,1.9359989,-4,-2
1895,7078,Early modern period,Europe > European kingdoms and movements,European kingdoms and movements,3,Which European kingdoms dominated during this time?,3.552132,7.345665,7.220678,3.284929,0.0,0.0,0,0,0.0,0.0,0.0,8.481957,0.45771295,-10,-10
1896,7078,Early modern period,Europe > European kingdoms and movements > Notable individuals,Notable individuals,4,Who were the most influential people in early modern Europe?,6.299946,8.648243,12.344388,3.658681,0.970541,1.809727,1,12,0.839186,0.009669,0.024561,8.931009,0.7515696,-9,2
1897,7078,Early modern period,Europe > Christians and Christendom,Christians and Christendom,3,What was the state of Christianity and Christendom during this period?,4.797637,7.334872,8.474443,3.561168,3.316539,2.310554,21,13,-1.005985,0.033042,0.031358,8.4287815,0.4643295,11,3
1898,7078,Early modern period,Europe > Christians and Christendom > End of the Crusades and Unity,End of the Crusades and Unity,4,Why did the Crusades end and how did Christian unity change?,6.358495,9.324961,9.926917,-0.405102,0.982204,1.054371,1,2,0.072167,0.009786,0.014309,8.474612,0.3911748,-9,-8
1899,7078,Early modern period,Europe > Christians and Christendom > Inquisitions and Reformations,Inquisitions and Reformations,4,What were the Inquisitions and Reformations about?,7.731767,8.295582,11.877405,1.617228,1.968137,1.534125,8,6,-0.434012,0.019608,0.02082,8.530875,0.4135502,-2,-4
1900,7078,Early modern period,Europe > Christians and Christendom > Tsardom of Russia,Tsardom of Russia,4,How did the Tsardom of Russia develop during this era?,1.236123,9.428541,7.324799,-0.111066,0.0,0.0,0,0,0.0,0.0,0.0,8.403717,0.49515256,-10,-10
1901,7078,Early modern period,Europe > Christians and Christendom > Mercantile capitalism > Trade and the new economy,Trade and the new economy,5,How did trade and the economy change in early modern Europe?,4.513268,7.518588,9.448854,3.894223,6.158983,6.272597,48,51,0.113614,0.061361,0.085128,7.1064157,0.16297124,38,41
1902,7078,Early modern period,Europe > Christians and Christendom > Mercantile capitalism > Piracy's Golden Age,Piracy's Golden Age,5,Why was this the Golden Age of piracy?,1.217512,9.068319,7.68149,1.989141,0.0,0.0,0,0,0.0,0.0,0.0,8.132374,0.42190906,-10,-10
1903,7078,Early modern period,Europe > Christians and Christendom > European states and politics,European states and politics,4,How were European states governed during the early modern period?,7.628161,4.869125,8.553208,3.575851,0.972099,0.0,1,0,-0.972099,0.009685,0.0,8.545744,0.31166697,-9,-10
1904,7078,Early modern period,Europe > Christians and Christendom > European states and politics > French power,French power,5,How did France become so powerful in this era?,4.689188,7.496793,12.542922,3.152251,0.0,0.073846,0,1,0.073846,0.0,0.001002,8.742656,0.48614296,-10,-9
1905,7078,Early modern period,Europe > Christians and Christendom > European states and politics > Early English revolutions,Early English revolutions,5,What were the early English revolutions?,0.137368,7.541161,6.150078,1.032932,0.0,0.0,0,0,0.0,0.0,0.0,8.154523,-0.05611432,-10,-10
1906,7078,Early modern period,Europe > Christians and Christendom > European states and politics > International balance of power,International balance of power,5,How did the balance of power work between European nations?,4.620625,7.511896,5.887017,-0.189224,1.211684,2.008256,3,10,0.796572,0.012072,0.027255,8.10126,0.033649344,-7,0
1907,7078,Early modern period,Americas,Americas,2,What was happening in the Americas during the early modern period?,1.38207,8.593637,6.283374,0.263004,5.811611,0.972727,45,1,-4.838884,0.0579,0.013201,7.522854,0.7852742,35,-9
1908,7078,Early modern period,Americas > Colonial Latin America,Colonial Latin America,3,How were Spain and Portugal colonizing Latin America?,8.337895,7.553668,12.614293,2.276856,1.489159,1.600604,5,6,0.111445,0.014836,0.021723,6.572815,0.48914096,-5,-4
1909,7078,Early modern period,Americas > Colonial North America,Colonial North America,3,How did European colonization of North America unfold?,7.562646,7.746584,11.944818,1.623985,1.184359,1.297867,3,4,0.113508,0.0118,0.017614,6.363199,0.4998121,-7,-6
1910,7078,Early modern period,Atlantic World,Atlantic World,2,What was the Atlantic World and why does it matter?,4.79204,7.404863,8.336638,2.68592,2.614044,3.661094,16,30,1.04705,0.026043,0.049686,8.106842,0.5997731,6,20
1911,7078,Early modern period,"Religion, science, philosophy, and education > Protestant Reformation",Protestant Reformation,3,What caused the Protestant Reformation?,5.017201,7.500899,13.007452,4.177121,2.237638,3.325554,9,19,1.087916,0.022293,0.045133,8.294133,0.36932018,-1,9
1912,7078,Early modern period,"Religion, science, philosophy, and education > Counter-Reformation and Jesuits",Counter-Reformation and Jesuits,3,How did the Catholic Church respond with the Counter-Reformation?,1.192385,7.256826,5.421862,1.343926,0.0,0.0,0,0,0.0,0.0,0.0,8.603607,0.4211207,-10,-10
1913,7078,Early modern period,"Religion, science, philosophy, and education > Scientific Revolution",Scientific Revolution,3,What was the Scientific Revolution and what changed?,7.913666,8.444824,11.657175,1.478977,6.896961,38.714234,44,189,31.817273,0.068713,0.525408,5.586683,4.6223545,34,179
1914,7078,Early modern period,"Religion, science, philosophy, and education > Technology",Technology,3,What technological innovations emerged during this period?,4.840224,7.402446,12.225266,3.816473,2.50049,2.204262,16,15,-0.296228,0.024912,0.029915,7.8788724,2.0094626,6,5
1915,7078,Early modern period,"Religion, science, philosophy, and education > Enlightenment and reason",Enlightenment and reason,3,What was the Enlightenment and how did it emphasize reason?,7.758756,8.463856,12.75051,1.129722,1.842578,1.235622,6,4,-0.606956,0.018357,0.016769,6.0230517,4.329849,-4,-6
1916,7078,Early modern period,"Religion, science, philosophy, and education > Humanism",Humanism,3,How did humanism influence early modern thought?,0.353692,6.797068,5.051811,1.560644,0.0,0.0,0,0,0.0,0.0,0.0,8.726961,0.487569,-10,-10
1917,7078,Early modern period,Death in the early modern period > Mortality rates,Mortality rates,3,How many people died and what were mortality rates like?,4.689182,7.466909,9.355242,3.875858,1.536579,3.827228,7,29,2.290649,0.015309,0.051941,5.852386,1.976576,-3,19
1918,7078,Early modern period,Death in the early modern period > Mortality rates > European infant mortality rates,European infant mortality rates,4,How many infants died in early modern Europe?,4.268206,7.943289,9.693295,3.884691,2.314204,2.310765,15,12,-0.003439,0.023056,0.03136,5.764693,2.0121064,5,2
1919,7078,Early modern period,Death in the early modern period > Mortality rates > Causes of infant mortality,Causes of infant mortality,4,Why did so many infants die during this period?,3.500949,8.64675,9.635445,3.629675,1.489826,1.893406,8,11,0.40358,0.014843,0.025696,5.7040124,2.0043008,-2,1
1920,7078,Early modern period,Death in the early modern period > Capital punishment,Capital punishment,3,How common was capital punishment in the early modern period?,4.03926,6.885165,8.386233,3.397916,1.827829,1.660052,10,8,-0.167777,0.01821,0.022529,8.489916,1.0368805,0,-2
1921,7089,Economics,Introduction,Introduction,0,What is economics?,6.832106,5.086579,11.969729,-0.319182,0.0,0.0,0,0,0.0,0.0,0.0,7.0814257,-1.4885768,-10,-10
1922,7089,Economics,Definitions of economics,Definitions of economics,2,How do economists define economics?,8.023231,6.336935,13.278277,1.397933,0.0,0.0,0,0,0.0,0.0,0.0,7.05158,-1.6013756,-10,-10
1923,7089,Economics,History of economic thought > From antiquity through the physiocrats,From antiquity through the physiocrats,3,How did ancient thinkers and physiocrats understand economic principles?,-0.377763,7.62532,4.896941,0.461525,23.639932,4.166191,170,34,-19.473741,0.23552,0.056541,7.0274777,-1.4904889,160,24
1924,7089,Economics,History of economic thought > Classical political economy,Classical political economy,3,What were the main ideas of classical political economy?,2.6152,8.881472,5.503156,0.423845,0.0,0.0,0,0,0.0,0.0,0.0,7.005503,-1.5326316,-10,-10
1925,7089,Economics,History of economic thought > Marxian economics,Marxian economics,3,What is Marxian economics and how does it differ from other approaches?,1.960965,9.162533,10.926061,2.406508,0.97668,0.969151,1,1,-0.007529,0.00973,0.013153,7.09764,-1.5138912,-9,-9
1926,7089,Economics,History of economic thought > Neoclassical economics,Neoclassical economics,3,What is neoclassical economics?,6.55098,5.01933,11.72391,1.122581,2.493314,1.153107,17,4,-1.340208,0.02484,0.015649,6.982157,-1.6975025,7,-6
1927,7089,Economics,History of economic thought > Keynesian economics,Keynesian economics,3,What is Keynesian economics and why was it revolutionary?,7.246507,5.145758,13.004794,0.981738,0.0,0.0,0,0,0.0,0.0,0.0,6.878349,-1.799351,-10,-10
1928,7089,Economics,History of economic thought > Post-WWII economics,Post-WWII economics,3,How did economic thinking evolve after World War II?,4.392932,7.115823,11.894196,3.785197,6.318859,6.613162,43,51,0.294303,0.062954,0.08975,6.9378886,-1.6380297,33,41
1929,7089,Economics,History of economic thought > Post-WWII economics > Monetarism,Monetarism,4,What is monetarism?,8.675468,7.176775,11.706526,3.479007,1.838139,2.607639,5,11,0.7695,0.018313,0.035389,6.828013,-1.8402463,-5,1
1930,7089,Economics,History of economic thought > Post-WWII economics > New classical economics,New classical economics,4,What distinguishes new classical economics from earlier schools?,8.601477,7.14033,11.785235,3.346462,1.675376,2.775554,4,10,1.100178,0.016691,0.037668,6.8827133,-1.793502,-6,0
1931,7089,Economics,History of economic thought > Post-WWII economics > New Keynesians,New Keynesians,4,Who are the New Keynesians and what do they believe?,8.55323,7.057882,11.747879,3.610188,2.450386,1.991664,7,8,-0.458723,0.024413,0.02703,6.85938,-1.8215251,-3,-2
1932,7089,Economics,History of economic thought > Post-WWII economics > New neoclassical synthesis,New neoclassical synthesis,4,What is the new neoclassical synthesis?,8.444815,7.640876,11.718774,3.277532,2.416323,3.021808,7,11,0.605485,0.024073,0.04101,6.8205414,-1.8314848,-3,1
1933,7089,Economics,History of economic thought > Post-WWII economics > After the 2008 financial crisis,After the 2008 financial crisis,4,How did the 2008 financial crisis change economic thinking?,8.70188,7.651277,11.790239,3.236873,14.405355,9.628151,77,59,-4.777204,0.143518,0.130668,6.8724427,-1.7726434,67,49
1934,7089,Economics,History of economic thought > Other schools and approaches,Other schools and approaches,3,What are some alternative economic schools of thought?,7.447606,5.976139,12.943668,1.431834,0.458703,20.453885,3,99,19.995181,0.00457,0.277589,6.9128857,-1.7687563,-7,89
1935,7089,Economics,Methodology > Theoretical research,Theoretical research,3,How do economists conduct theoretical research?,7.198061,5.294684,7.325825,0.495685,1.108863,1.041618,2,2,-0.067245,0.011047,0.014136,6.8846493,-1.7534506,-8,-8
1936,7089,Economics,Methodology > Empirical research,Empirical research,3,How do economists test their theories using data?,6.656653,6.277317,7.982823,0.107715,0.0,0.0,0,0,0.0,0.0,0.0,6.8469305,-1.7773438,-10,-10
1937,7089,Economics,Microeconomics,Microeconomics,2,What is microeconomics?,-0.679937,6.942674,3.9503,1.144973,0.0,0.0,0,0,0.0,0.0,0.0,6.9376826,-1.6610956,-10,-10
1938,7089,Economics,"Microeconomics > Production, cost, and efficiency","Production, cost, and efficiency",3,How do economists analyze production costs and efficiency?,-0.700809,6.788346,4.244465,1.613218,0.0,0.0,0,0,0.0,0.0,0.0,6.88662,-1.479268,-10,-10
1939,7089,Economics,Microeconomics > Specialisation,Specialisation,3,Why do countries and individuals specialize in certain goods or services?,1.221161,9.662264,10.55151,-0.448901,1.567436,0.961985,5,1,-0.605451,0.015616,0.013056,6.8946004,-1.2634513,-5,-9
1940,7089,Economics,Microeconomics > Supply and demand,Supply and demand,3,How do supply and demand determine prices?,0.272666,7.051033,12.74156,2.974725,0.0,0.0,0,0,0.0,0.0,0.0,6.8535833,-1.6864057,-10,-10
1941,7089,Economics,Microeconomics > Firms,Firms,3,How do firms make decisions about production and pricing?,-0.75345,7.036458,5.792051,0.304121,1.073405,5.785171,2,30,4.711766,0.010694,0.078513,7.0193267,-1.5511478,-8,20
1942,7089,Economics,Microeconomics > Uncertainty and game theory,Uncertainty and game theory,3,How do economists model decision-making under uncertainty?,1.410305,9.668757,5.823162,-0.343599,8.481435,20.270536,69,125,11.789101,0.084499,0.275101,6.9009876,-1.7610031,59,115
1943,7089,Economics,Microeconomics > Market failure,Market failure,3,What causes markets to fail?,-0.969794,7.186666,3.990316,0.732703,0.0,0.0,0,0,0.0,0.0,0.0,6.878667,-1.7187352,-10,-10
1944,7089,Economics,Microeconomics > Welfare,Welfare,3,How do economists measure economic welfare and well-being?,1.944191,9.048653,5.332828,2.148749,0.0,0.0,0,0,0.0,0.0,0.0,7.0339494,-1.6730677,-10,-10
1945,7089,Economics,Macroeconomics,Macroeconomics,2,What is macroeconomics?,2.005112,8.699266,8.010388,0.631681,0.0,0.0,0,0,0.0,0.0,0.0,6.915162,-1.726927,-10,-10
1946,7089,Economics,Macroeconomics > Growth,Growth,3,What drives long-term economic growth?,1.687215,9.178039,6.361722,-0.467366,2.31158,2.650163,17,20,0.338583,0.02303,0.035967,6.9905963,-1.6190449,7,10
1947,7089,Economics,Macroeconomics > Business cycle,Business cycle,3,Why do economies experience cycles of boom and bust?,1.084706,9.369611,11.626498,2.378022,1.413095,0.970724,3,1,-0.442371,0.014078,0.013174,6.8955398,-1.7835201,-7,-9
1948,7089,Economics,Macroeconomics > Unemployment,Unemployment,3,What causes unemployment and how can it be reduced?,1.115377,7.48197,3.845948,1.698038,0.0,0.0,0,0,0.0,0.0,0.0,6.893372,-1.7439406,-10,-10
1949,7089,Economics,Macroeconomics > Money and monetary policy,Money and monetary policy,3,How does monetary policy affect the economy?,0.860902,9.667343,6.085815,-0.73828,4.001454,1.607133,29,9,-2.394322,0.039866,0.021811,7.080889,-1.0236647,19,-1
1950,7089,Economics,Macroeconomics > Fiscal policy,Fiscal policy,3,How does government spending and taxation impact the economy?,1.347603,9.915595,6.623667,-0.908036,5.276377,1.1532,30,2,-4.123178,0.052568,0.015651,6.8722315,-1.796196,20,-8
1951,7089,Economics,Macroeconomics > Inequality,Inequality,3,What causes economic inequality?,7.609273,6.255757,5.381226,-0.127224,1.449769,1.076622,7,3,-0.373147,0.014444,0.014611,7.232716,-1.4448148,-3,-7
1952,7089,Economics,Other branches of economics > Public economics,Public economics,3,How do governments make economic decisions about public goods and services?,3.550289,9.058085,6.609564,1.032462,0.0,0.0,0,0,0.0,0.0,0.0,7.090703,-1.6715107,-10,-10
1953,7089,Economics,Other branches of economics > International economics,International economics,3,How does international trade affect national economies?,3.769888,9.302132,5.904112,0.001336,1.189611,1.061883,3,2,-0.127728,0.011852,0.014411,6.921269,-0.97740597,-7,-8
1954,7089,Economics,Other branches of economics > Labour economics,Labour economics,3,What determines wages and employment in labor markets?,0.613891,6.780931,6.89748,2.580382,0.0,0.0,0,0,0.0,0.0,0.0,7.00889,-1.5789815,-10,-10
1955,7089,Economics,Other branches of economics > Development economics,Development economics,3,Why are some countries poor and others rich?,1.79976,7.993639,6.923786,2.586514,1.3162,1.301019,5,4,-0.015181,0.013113,0.017657,7.036331,-1.6549963,-5,-6
1956,7089,Economics,Related subjects,Related subjects,2,How does economics relate to other fields of study?,6.031014,6.400878,13.042535,0.838579,0.0,0.0,0,0,0.0,0.0,0.0,7.0345387,-1.7103416,-10,-10
1957,7089,Economics,Profession,Profession,2,What do professional economists actually do?,3.721187,9.190804,8.075057,0.766226,0.0,0.0,0,0,0.0,0.0,0.0,6.943684,-1.7527026,-10,-10
1958,7089,Economics,Profession > Women in economics,Women in economics,3,What role have women played in economics as a profession?,7.839044,8.408204,10.670004,3.000567,0.0,0.0,0,0,0.0,0.0,0.0,7.0179543,-1.8874007,-10,-10
1959,7670,Law,Introduction,Introduction,0,What is law?,6.662663,5.335349,11.477196,0.14057,0.0,0.0,0,0,0.0,0.0,0.0,8.979675,-1.7402084,-10,-10
1960,7670,Law,Philosophy of law > Analytical jurisprudence,Analytical jurisprudence,3,How do philosophers analyze what makes something a valid law?,6.779171,5.041743,4.391269,1.668419,0.0,0.0,0,0,0.0,0.0,0.0,8.986898,-1.6504716,-10,-10
1961,7670,Law,Philosophy of law > Connection to morality and justice,Connection to morality and justice,3,Does law have to be moral to be legitimate?,-1.063771,6.842768,4.813406,2.494605,0.0,0.0,0,0,0.0,0.0,0.0,8.975789,-1.5676531,-10,-10
1962,7670,Law,History,History,2,How did legal systems develop throughout history?,-0.101447,6.929687,4.546146,2.302358,0.0,0.0,0,0,0.0,0.0,0.0,8.993127,-1.6530492,-10,-10
1963,7670,Law,Legal systems,Legal systems,2,What are the main types of legal systems in the world?,5.78612,6.429307,7.452462,3.357266,0.967075,0.973806,1,1,0.006731,0.009635,0.013216,9.053125,-1.7545142,-9,-9
1964,7670,Law,Legal systems > Civil law,Civil law,3,How does civil law work?,6.845771,4.8944,11.463105,-0.053906,0.0,0.0,0,0,0.0,0.0,0.0,9.0461035,-1.7560027,-10,-10
1965,7670,Law,Legal systems > Common law and equity,Common law and equity,3,What's the difference between common law and equity?,0.023431,7.566103,4.542467,1.64214,0.0,0.0,0,0,0.0,0.0,0.0,9.0224695,-1.6891996,-10,-10
1966,7670,Law,Legal systems > Religious law,Religious law,3,How do religious beliefs shape legal systems?,7.253601,5.101896,12.849969,0.586528,0.0,0.0,0,0,0.0,0.0,0.0,9.016611,-1.7908139,-10,-10
1967,7670,Law,Legal systems > Religious law > Canon law,Canon law,4,What is canon law in the Catholic Church?,1.001862,8.007592,5.480437,1.176827,0.0,0.0,0,0,0.0,0.0,0.0,8.966821,-1.8199272,-10,-10
1968,7670,Law,Legal systems > Religious law > Sharia law,Sharia law,4,How does Sharia law function in Islamic countries?,-0.555554,6.645134,4.807782,2.269291,0.0,0.0,0,0,0.0,0.0,0.0,9.041587,-1.7576315,-10,-10
1969,7670,Law,Legal systems > Socialist law,Socialist law,3,What made socialist legal systems different from others?,5.744143,6.593392,12.287919,2.314629,0.967796,1.069293,1,3,0.101497,0.009642,0.014512,8.977892,-1.7707843,-9,-7
1970,7670,Law,Legal methods,Legal methods,2,How do lawyers and judges interpret and apply laws?,7.178693,8.356494,5.370337,1.100607,0.969981,1.290251,1,4,0.320271,0.009664,0.017511,9.047432,-1.6904283,-9,-6
1971,7670,Law,Legal institutions,Legal institutions,2,What institutions create and enforce laws?,3.284228,9.18263,9.881976,0.140907,0.0,0.0,0,0,0.0,0.0,0.0,8.790396,-1.6762977,-10,-10
1972,7670,Law,Legal institutions > Legislature,Legislature,3,What role does the legislature play in making laws?,3.885239,9.056262,6.187238,1.857451,0.0,0.0,0,0,0.0,0.0,0.0,8.447588,-1.9297986,-10,-10
1973,7670,Law,Legal institutions > Executive,Executive,3,How does the executive branch implement laws?,1.808372,9.918398,5.698796,0.130707,0.060993,17.291105,1,105,17.230111,0.000608,0.234665,8.479717,-1.9676882,-9,95
1974,7670,Law,Legal institutions > Law enforcement,Law enforcement,3,Who enforces laws and how do they do it?,3.467214,8.960729,5.272868,2.382163,0.0,0.0,0,0,0.0,0.0,0.0,8.535187,-1.3911284,-10,-10
1975,7670,Law,Legal institutions > Bureaucracy,Bureaucracy,3,What role do government bureaucracies play in the legal system?,2.533231,8.922858,5.77243,0.14429,1.101671,25.557725,3,149,24.456054,0.010976,0.346855,8.593319,-1.2942313,-7,139
1976,7670,Law,Legal institutions > Legal profession,Legal profession,3,"How do lawyers, judges, and legal professionals fit into the system?",0.176957,7.999111,6.033885,0.957756,0.0,0.0,0,0,0.0,0.0,0.0,8.949923,-1.7147146,-10,-10
1977,7670,Law,Legal institutions > Civil society,Civil society,3,How can citizens and organizations influence law and justice?,0.407031,7.802872,4.220442,1.469965,0.0,0.0,0,0,0.0,0.0,0.0,8.834056,-1.5431285,-10,-10
1978,7670,Law,Areas of law,Areas of law,2,What are the major branches or fields of law?,1.940881,7.952616,3.959546,1.096484,0.0,0.0,0,0,0.0,0.0,0.0,9.101821,-1.7991883,-10,-10
1979,7670,Law,Areas of law > Constitutional and administrative law,Constitutional and administrative law,3,What is constitutional and administrative law?,6.926657,5.395233,11.78525,-0.017684,0.0,0.0,0,0,0.0,0.0,0.0,8.736474,-1.8837744,-10,-10
1980,7670,Law,Areas of law > Criminal law,Criminal law,3,How does criminal law define and punish crimes?,1.217118,9.293018,4.201342,1.835093,0.0,0.0,0,0,0.0,0.0,0.0,9.059355,-1.8196629,-10,-10
1981,7670,Law,Areas of law > Contract law,Contract law,3,What makes a contract legally binding?,5.721573,4.890003,3.648501,1.01136,0.0,0.0,0,0,0.0,0.0,0.0,9.080004,-1.8192067,-10,-10
1982,7670,Law,Areas of law > Torts and delicts,Torts and delicts,3,When can you sue someone for causing harm or injury?,0.444028,8.878073,5.77396,0.378125,1.33612,0.948744,3,1,-0.387376,0.013312,0.012876,9.131277,-1.8330493,-7,-9
1983,7670,Law,Areas of law > Property law,Property law,3,How does the law govern ownership and use of property?,6.605598,6.844622,7.762933,3.565791,0.0,0.0,0,0,0.0,0.0,0.0,9.149133,-1.8063457,-10,-10
1984,7670,Law,Areas of law > Trusts,Trusts,3,How do trusts work in legal terms?,7.742754,6.788444,12.42779,3.143043,2.190584,1.80455,14,11,-0.386034,0.021824,0.02449,9.188061,-1.8017534,4,1
1985,7670,Law,Intersection with other fields > Economics,Economics,3,How do law and economics influence each other?,6.722604,4.888561,6.448322,0.218839,0.0,0.0,0,0,0.0,0.0,0.0,6.949588,-1.7081615,-10,-10
1986,7670,Law,Intersection with other fields > Sociology,Sociology,3,What is the relationship between law and society?,0.443222,8.335476,5.329194,1.245813,0.0,0.125896,0,1,0.125896,0.0,0.001709,9.00538,-1.3287344,-10,-9
1987,7790,Mathematics,Introduction,Introduction,0,What is mathematics?,1.046262,7.20416,4.576462,1.619861,0.650308,0.0,9,0,-0.650308,0.006479,0.0,7.9132957,7.7698,-1,-10
1988,7790,Mathematics,Areas of mathematics,Areas of mathematics,2,What are the main branches of mathematics?,-0.594715,6.879133,3.819615,0.882068,0.0,0.0,0,0,0.0,0.0,0.0,7.9461155,7.9311514,-10,-10
1989,7790,Mathematics,Areas of mathematics > Number theory,Number theory,3,What does number theory study?,2.695195,8.619443,4.735636,1.966152,0.0,0.0,0,0,0.0,0.0,0.0,7.6895895,7.870716,-10,-10
1990,7790,Mathematics,Areas of mathematics > Geometry,Geometry,3,What is geometry and what does it deal with?,1.317985,7.784333,4.156571,1.781714,0.0,0.0,0,0,0.0,0.0,0.0,8.183527,8.075229,-10,-10
1991,7790,Mathematics,Areas of mathematics > Algebra,Algebra,3,What is algebra used for?,0.668076,7.026361,3.606698,0.908259,0.0,0.0,0,0,0.0,0.0,0.0,7.7740145,8.153953,-10,-10
1992,7790,Mathematics,Areas of mathematics > Calculus and analysis,Calculus and analysis,3,How do calculus and analysis work?,2.101221,7.869757,6.582454,2.414403,0.0,0.0,0,0,0.0,0.0,0.0,7.9080706,7.8193736,-10,-10
1993,7790,Mathematics,Areas of mathematics > Discrete mathematics,Discrete mathematics,3,What is discrete mathematics?,2.216742,8.095778,6.693802,2.146473,0.0,0.0,0,0,0.0,0.0,0.0,8.101218,7.8996067,-10,-10
1994,7790,Mathematics,Areas of mathematics > Mathematical logic and set theory,Mathematical logic and set theory,3,What is mathematical logic?,3.712092,9.041717,11.533716,2.524786,0.0,0.0,0,0,0.0,0.0,0.0,7.9251904,7.721819,-10,-10
1995,7790,Mathematics,Areas of mathematics > Statistics and other decision sciences,Statistics and other decision sciences,3,How is statistics related to mathematics?,1.594239,7.319834,9.198465,2.106372,0.0,0.0,0,0,0.0,0.0,0.0,8.177246,5.9772706,-10,-10
1996,7790,Mathematics,Areas of mathematics > Computational mathematics,Computational mathematics,3,What is computational mathematics?,6.632843,5.028782,11.816814,0.122202,0.0,0.0,0,0,0.0,0.0,0.0,8.047326,7.6015053,-10,-10
1997,7790,Mathematics,History > Etymology,Etymology,3,Where does the word mathematics come from?,0.372657,7.580044,4.776786,1.742555,0.0,0.0,0,0,0.0,0.0,0.0,6.8833804,4.1350546,-10,-10
1998,7790,Mathematics,History > Ancient,Ancient,3,How did ancient civilizations develop mathematics?,6.219471,5.441128,11.586804,-0.327946,0.0,0.0,0,0,0.0,0.0,0.0,7.453569,7.6192656,-10,-10
1999,7790,Mathematics,History > Medieval and later,Medieval and later,3,How did mathematics evolve during the Middle Ages and Renaissance?,-0.422192,7.211888,3.93982,1.426031,0.0,0.0,0,0,0.0,0.0,0.0,7.84112,7.7936954,-10,-10
2000,7790,Mathematics,Symbolic notation and terminology,Symbolic notation and terminology,2,When did mathematical symbols and notation develop?,1.51346,7.207441,4.600356,1.781036,0.0,0.0,0,0,0.0,0.0,0.0,7.5455837,8.020133,-10,-10
2001,7790,Mathematics,Relationship with sciences,Relationship with sciences,2,How is mathematics related to science?,2.104447,7.81529,5.211823,2.397297,0.0,0.0,0,0,0.0,0.0,0.0,7.8276815,7.2330823,-10,-10
2002,7790,Mathematics,Relationship with sciences > Pure and applied mathematics,Pure and applied mathematics,3,What's the difference between pure and applied mathematics?,2.0861,7.925385,6.507669,1.962443,0.0,0.0,0,0,0.0,0.0,0.0,7.8934274,7.83877,-10,-10
2003,7790,Mathematics,Relationship with sciences > Unreasonable effectiveness,Unreasonable effectiveness,3,Why is mathematics so effective at describing the natural world?,-0.897747,6.897527,8.67309,0.678713,0.0,0.0,0,0,0.0,0.0,0.0,7.980975,7.7602363,-10,-10
2004,7790,Mathematics,Relationship with sciences > Specific sciences > Physics,Physics,4,How is mathematics used in physics?,4.24951,8.446618,5.224305,1.085635,1.648406,3.176967,4,24,1.52856,0.016423,0.043116,5.2929497,5.905344,-6,14
2005,7790,Mathematics,Relationship with sciences > Specific sciences > Computing,Computing,4,What role does mathematics play in computer science?,4.436373,8.843273,11.026449,1.697523,7.504111,1.251784,57,3,-6.252327,0.074762,0.016989,8.099733,7.8490624,47,-7
2006,7790,Mathematics,Relationship with sciences > Specific sciences > Biology and chemistry,Biology and chemistry,4,How do biologists and chemists use mathematics?,-0.685108,7.58744,5.760335,0.925454,2.936151,2.02766,22,13,-0.908491,0.029252,0.027518,2.0387905,1.8287386,12,3
2007,7790,Mathematics,Relationship with sciences > Specific sciences > Earth sciences,Earth sciences,4,How is mathematics applied in earth sciences?,4.164757,8.49168,11.12048,1.889552,2.039251,0.0,8,0,-2.039251,0.020317,0.0,3.4452202,3.1383677,-2,-10
2008,7790,Mathematics,Relationship with sciences > Specific sciences > Social sciences,Social sciences,4,Can mathematics be used to study human behavior and society?,1.515575,10.123098,7.024305,0.335513,12.491996,4.723162,93,37,-7.768834,0.124455,0.0641,6.9083056,-1.753934,83,27
2009,7790,Mathematics,Philosophy > Reality,Reality,3,Are mathematical objects real or invented?,3.270274,8.699787,11.074404,-0.70442,0.0,0.0,0,0,0.0,0.0,0.0,7.9215713,7.6388383,-10,-10
2010,7790,Mathematics,Philosophy > Proposed definitions,Proposed definitions,3,How do mathematicians define what mathematics is?,7.110339,5.232124,11.671865,-0.232272,0.0,0.0,0,0,0.0,0.0,0.0,7.9160237,7.6393676,-10,-10
2011,7790,Mathematics,Philosophy > Rigor,Rigor,3,What does mathematical rigor mean?,1.672582,7.863613,3.689058,1.132506,0.0,0.0,0,0,0.0,0.0,0.0,8.044889,7.795158,-10,-10
2012,7790,Mathematics,Training and practice > Education,Education,3,How is mathematics taught in schools and universities?,0.038094,7.961223,4.221631,0.814807,0.0,0.0,0,0,0.0,0.0,0.0,7.6143517,7.643919,-10,-10
2013,7790,Mathematics,"Training and practice > Psychology (aesthetic, creativity and intuition)","Psychology (aesthetic, creativity and intuition)",3,Is mathematical discovery creative or logical?,1.872439,7.877823,4.453128,2.080344,0.0,0.0,0,0,0.0,0.0,0.0,8.050957,7.7888722,-10,-10
2014,7790,Mathematics,Cultural impact > Artistic expression,Artistic expression,3,How does mathematics appear in art and culture?,7.836164,5.940731,7.112267,1.765453,0.225138,1.727127,3,14,1.501989,0.002243,0.02344,8.15169,8.140262,-7,4
2015,7790,Mathematics,Cultural impact > Popularization,Popularization,3,How do people make mathematics accessible to the public?,0.257933,7.813879,5.758214,2.696389,0.0,0.0,0,0,0.0,0.0,0.0,7.939634,7.769874,-10,-10
2016,7790,Mathematics,Cultural impact > Awards and prize problems,Awards and prize problems,3,What are the most prestigious mathematics awards?,2.065276,7.977004,4.364456,1.22621,0.0,0.0,0,0,0.0,0.0,0.0,8.038489,7.8030715,-10,-10
2017,7792,Matter,Introduction,Introduction,0,What is matter?,5.565536,4.926995,6.014866,2.106968,0.0,0.0,0,0,0.0,0.0,0.0,4.2025275,5.5203395,-10,-10
2018,7792,Matter,Related concepts > Comparison with mass,Comparison with mass,3,How are matter and mass different from each other?,4.790146,8.022415,5.360484,1.152022,1.038923,2.333682,2,15,1.294759,0.010351,0.031671,4.1300225,5.539721,-8,5
2019,7792,Matter,Definition > Based on atoms,Based on atoms,3,How is matter defined in terms of atoms?,-0.491473,6.549019,7.315831,3.36434,0.0,0.0,0,0,0.0,0.0,0.0,4.096891,5.4972286,-10,-10
2020,7792,Matter,"Definition > Based on protons, neutrons and electrons","Based on protons, neutrons and electrons",3,"How do protons, neutrons, and electrons define matter?",-0.100487,7.5218,4.639971,1.383124,0.0,0.0,0,0,0.0,0.0,0.0,4.058486,5.5590672,-10,-10
2021,7792,Matter,Definition > Based on quarks and leptons,Based on quarks and leptons,3,What role do quarks and leptons play in defining matter?,-0.229835,7.277164,4.560707,0.660651,0.968552,0.0,1,0,-0.968552,0.00965,0.0,4.0571337,5.620216,-9,-10
2022,7792,Matter,"Definition > Based on elementary fermions (mass, volume, and space)","Based on elementary fermions (mass, volume, and space)",3,How do elementary fermions relate to matter's mass and volume?,6.392884,6.838509,9.47633,1.157677,0.967542,1.016467,1,2,0.048925,0.009639,0.013795,4.050638,5.647174,-9,-8
2023,7792,Matter,Definition > In general relativity and cosmology,In general relativity and cosmology,3,How is matter understood in general relativity and cosmology?,6.490072,6.183365,7.588619,-0.101866,0.0,0.0,0,0,0.0,0.0,0.0,4.2802167,5.73682,-10,-10
2024,7792,Matter,Structure,Structure,2,How is matter structured?,5.861721,7.573702,8.053401,2.465315,0.0,0.186926,0,2,0.186926,0.0,0.002537,4.076063,5.7002378,-10,-8
2025,7792,Matter,Structure > Quarks,Quarks,3,What are quarks and how do they form matter?,2.568161,8.692193,7.218153,1.829437,2.013789,1.568569,10,5,-0.44522,0.020063,0.021288,4.0622053,5.687479,0,-5
2026,7792,Matter,Structure > Quarks > Baryonic,Baryonic,4,What is baryonic matter?,1.016072,9.360603,6.389469,0.820137,0.964456,1.144832,1,3,0.180376,0.009609,0.015537,3.8009286,5.7074356,-9,-7
2027,7792,Matter,Structure > Quarks > Hadronic,Hadronic,4,What does hadronic matter mean?,4.061766,7.478748,12.148603,4.044762,1.152016,1.20334,3,3,0.051324,0.011477,0.016331,3.880216,5.675493,-7,-7
2028,7792,Matter,Structure > Quarks > Degenerate,Degenerate,4,What is degenerate matter?,4.059769,9.201183,12.551109,0.649798,0.0,0.0,0,0,0.0,0.0,0.0,3.9909718,5.6017485,-10,-10
2029,7792,Matter,Structure > Quarks > Strange,Strange,4,What is strange matter?,2.50929,9.356806,6.92028,0.840878,0.0,0.0,0,0,0.0,0.0,0.0,3.9353025,5.636448,-10,-10
2030,7792,Matter,Structure > Quarks > Strange > Two meanings,Two meanings,5,What are the two meanings of strange matter?,2.185191,9.428532,6.754411,0.384781,0.674895,1.412967,7,6,0.738072,0.006724,0.019176,3.9524593,5.649043,-3,-4
2031,7792,Matter,Structure > Leptons,Leptons,3,What are leptons and how do they fit into matter?,2.678666,8.607456,7.669415,2.281298,1.592412,1.409068,5,3,-0.183343,0.015865,0.019123,4.048894,5.7226467,-5,-7
2032,7792,Matter,Phases,Phases,2,What are the different phases of matter?,3.147198,9.138455,7.72801,0.783624,0.0,0.0,0,0,0.0,0.0,0.0,4.01796,5.2652617,-10,-10
2033,7792,Matter,Antimatter,Antimatter,2,What is antimatter and how does it relate to regular matter?,0.917242,6.487096,8.708652,1.957712,0.0,0.0,0,0,0.0,0.0,0.0,3.8973897,5.750697,-10,-10
2034,7792,Matter,Conservation,Conservation,2,Is matter conserved in physical processes?,7.636177,6.147159,7.350885,0.598364,1.155053,1.067482,3,3,-0.08757,0.011508,0.014487,3.9221027,5.6702147,-7,-7
2035,7792,Matter,Dark,Dark,2,What is dark matter?,3.735584,9.183977,6.914978,0.746762,1.702196,1.149294,9,3,-0.552902,0.016959,0.015598,3.7270372,5.75969,-1,-7
2036,7792,Matter,Dark > Energy,Energy,3,What is dark energy and how does it differ from dark matter?,4.098931,9.280759,7.72559,-0.365173,1.031797,1.157627,2,4,0.12583,0.01028,0.015711,3.6248891,5.858258,-8,-6
2037,7792,Matter,Exotic,Exotic,2,What kinds of exotic matter exist?,4.896918,6.684675,11.921904,1.506655,1.498786,1.940987,7,11,0.442201,0.014932,0.026342,3.7999175,5.7405148,-3,1
2038,7792,Matter,Historical and philosophical study,Historical and philosophical study,2,How have philosophers and scientists studied matter throughout history?,3.960625,9.08193,7.266138,1.109711,0.285147,0.0,3,0,-0.285147,0.002841,0.0,4.146401,5.539997,-7,-10
2039,7792,Matter,Historical and philosophical study > Classical antiquity,Classical antiquity,3,How did ancient Greeks and Romans understand matter?,0.873623,9.828209,7.064978,0.648336,1.806166,3.148957,6,20,1.342792,0.017994,0.042736,4.980569,4.483286,-4,10
2040,7792,Matter,Historical and philosophical study > Age of Enlightenment,Age of Enlightenment,3,How did scientists during the Enlightenment view matter?,1.276617,9.858473,7.461875,0.371991,0.293781,0.113764,4,1,-0.180017,0.002927,0.001544,4.9529862,4.5593944,-6,-9
2041,7792,Matter,Historical and philosophical study > 19th and 20th centuries,19th and 20th centuries,3,How did our understanding of matter change in the 19th and 20th centuries?,1.447465,8.672903,7.287357,0.637285,6.491109,5.504538,63,50,-0.986571,0.06467,0.074705,4.3767705,5.429512,53,40
2042,7808,Medicine,Introduction,Introduction,0,What is medicine?,0.188988,8.727935,5.522029,0.579613,0.0,0.0,0,0,0.0,0.0,0.0,7.235179,4.6413307,-10,-10
2043,7808,Medicine,Etymology,Etymology,2,Where does the word medicine come from?,6.870401,6.974055,11.710423,0.372473,2.400296,1.502207,13,5,-0.898088,0.023914,0.020387,7.147536,4.6840596,3,-5
2044,7808,Medicine,Clinical practice,Clinical practice,2,How do doctors practice medicine with patients?,-0.015886,7.362697,5.306327,1.35627,1.989586,1.73673,12,8,-0.252855,0.019822,0.02357,7.2322984,4.68532,2,-2
2045,7808,Medicine,Institutions,Institutions,2,What institutions are involved in healthcare?,-1.049189,6.648647,11.977402,-0.85546,0.0,0.0,0,0,0.0,0.0,0.0,7.2632403,4.655532,-10,-10
2046,7808,Medicine,Institutions > Delivery,Delivery,3,How is medical care delivered to patients?,7.320705,5.534061,12.897263,1.519702,1.251095,1.061943,3,2,-0.189152,0.012464,0.014412,7.2137837,4.7087846,-7,-8
2047,7808,Medicine,Branches,Branches,2,What are the different branches of medicine?,0.869992,8.684483,5.84801,-0.08752,0.0,0.0,0,0,0.0,0.0,0.0,7.132414,4.798997,-10,-10
2048,7808,Medicine,Branches > Basic sciences,Basic sciences,3,What basic sciences support medical practice?,2.063541,9.926745,5.911906,0.731474,0.0,0.0,0,0,0.0,0.0,0.0,7.171845,4.7731843,-10,-10
2049,7808,Medicine,Branches > Specialties,Specialties,3,What medical specialties do doctors choose from?,2.321526,9.340052,6.498932,-0.951336,1.416211,1.846158,6,12,0.429947,0.014109,0.025055,7.17298,4.7553964,-4,2
2050,7808,Medicine,Branches > Specialties > Surgical specialty,Surgical specialty,4,What surgical specialties exist in medicine?,3.39783,8.791739,11.727877,1.887241,0.969759,0.964268,1,1,-0.005491,0.009662,0.013087,7.1848526,4.7794094,-9,-9
2051,7808,Medicine,Branches > Specialties > Internal medicine specialty,Internal medicine specialty,4,What are the internal medicine specialties?,6.161274,6.068397,6.92052,1.083128,0.0,0.0,0,0,0.0,0.0,0.0,7.1937494,4.727761,-10,-10
2052,7808,Medicine,Branches > Specialties > Diagnostic specialties,Diagnostic specialties,4,Which medical specialties focus on diagnosis?,0.180273,8.806231,5.534495,0.342295,1.323861,5.747697,5,34,4.423836,0.013189,0.078005,7.2173133,4.763254,-5,24
2053,7808,Medicine,Branches > Specialties > Other major specialties,Other major specialties,4,What are some other important medical specialties?,3.445666,8.311606,7.229996,0.669617,1.12968,1.108854,3,2,-0.020826,0.011255,0.015049,7.1710973,4.7554555,-7,-8
2054,7808,Medicine,Branches > Interdisciplinary fields,Interdisciplinary fields,3,How do different medical fields work together?,4.421507,8.566972,5.796207,-0.145567,1.140702,15.100052,3,91,13.95935,0.011365,0.20493,7.129303,4.7610526,-7,81
2055,7808,Medicine,Education and legal controls,Education and legal controls,2,How do people become licensed doctors?,4.043137,9.081037,11.95042,0.865415,0.0,1.045949,0,2,1.045949,0.0,0.014195,7.249989,4.6864805,-10,-8
2056,7808,Medicine,Medical ethics,Medical ethics,2,What ethical principles guide medical practice?,2.665745,9.54484,11.509624,-0.836181,0.0,0.0,0,0,0.0,0.0,0.0,7.828515,3.9653814,-10,-10
2057,7808,Medicine,History > Ancient world,Ancient world,3,How was medicine practiced in ancient times?,1.376036,9.472699,6.317245,-0.063561,0.0,0.0,0,0,0.0,0.0,0.0,6.6219573,4.3327947,-10,-10
2058,7808,Medicine,History > Middle Ages,Middle Ages,3,How did medicine develop during medieval times?,2.025441,9.802488,9.045362,1.351013,6.816386,1.964239,49,15,-4.852147,0.06791,0.026658,6.1936326,4.355882,39,5
2059,7808,Medicine,History > Modern,Modern,3,How has medicine evolved in recent centuries?,3.098775,9.21234,8.531711,0.693232,0.956946,1.856514,1,7,0.899568,0.009534,0.025196,6.532078,4.3921533,-9,-3
2060,7808,Medicine,"Quality, efficiency, and access","Quality, efficiency, and access",2,How do we measure and improve healthcare quality?,8.784044,7.447283,12.066884,0.835846,2.931216,2.215423,19,13,-0.715793,0.029203,0.030067,7.3007503,4.6542883,9,3
2061,7808,Medicine,Telemedicine,Telemedicine,2,How does telemedicine work for remote healthcare?,8.350114,7.705006,12.482,3.768884,0.980383,1.523092,1,7,0.542709,0.009767,0.020671,7.368983,4.6735597,-9,-3
2062,7957,Number,Introduction,Introduction,0,What is a number?,7.006003,5.348553,11.776155,-0.395852,2.440345,0.343097,10,4,-2.097248,0.024313,0.004656,7.3484573,8.061492,0,-6
2063,7957,Number,History > First use of numbers,First use of numbers,3,When did humans first start using numbers?,6.918947,5.530451,11.580587,0.021131,0.0,0.0,0,0,0.0,0.0,0.0,7.383238,7.6444654,-10,-10
2064,7957,Number,History > Numerals,Numerals,3,How did different cultures develop ways to write numbers?,1.668818,7.236462,3.875694,1.51297,0.0,0.0,0,0,0.0,0.0,0.0,7.383868,7.6720757,-10,-10
2065,7957,Number,History > Zero,Zero,3,Who invented zero and why was it important?,7.202277,5.141344,11.693429,-0.276585,0.971611,0.0,1,0,-0.971611,0.00968,0.0,7.437841,7.694891,-9,-10
2066,7957,Number,History > Negative numbers,Negative numbers,3,How did negative numbers become accepted in mathematics?,6.594371,4.761493,9.320924,2.076156,0.0,0.0,0,0,0.0,0.0,0.0,7.5173535,7.7207627,-10,-10
2067,7957,Number,History > Rational numbers,Rational numbers,3,When were fractions and rational numbers discovered?,5.76923,6.443029,11.325111,-0.597877,0.0,0.0,0,0,0.0,0.0,0.0,7.488827,7.6998577,-10,-10
2068,7957,Number,History > Real numbers and irrational numbers,Real numbers and irrational numbers,3,What are irrational numbers and how were they found?,6.963404,6.757689,11.852195,-0.32851,1.351733,1.475831,3,3,0.124098,0.013467,0.020029,7.5341544,7.717801,-7,-7
2069,7957,Number,History > Transcendental numbers and reals,Transcendental numbers and reals,3,What makes a number transcendental?,4.788871,6.506249,10.542139,2.194169,1.224967,1.020522,5,2,-0.204445,0.012204,0.01385,7.3417854,7.9995213,-5,-8
2070,7957,Number,History > Infinity and infinitesimals,Infinity and infinitesimals,3,How did mathematicians deal with the concept of infinity?,0.752883,7.706514,4.075055,2.044999,0.975954,0.0,1,0,-0.975954,0.009723,0.0,7.877162,7.80339,-9,-10
2071,7957,Number,History > Complex numbers,Complex numbers,3,Why were complex numbers invented?,6.796209,4.743245,11.606943,-0.451485,0.0,0.0,0,0,0.0,0.0,0.0,7.5148945,7.7472086,-10,-10
2072,7957,Number,History > Prime numbers,Prime numbers,3,How long have people known about prime numbers?,-0.732755,6.296114,11.883806,-0.320954,1.491449,0.512327,6,2,-0.979122,0.014859,0.006953,7.653521,7.817705,-4,-8
2073,7957,Number,History > Cultural and symbolic significance,Cultural and symbolic significance,3,Do different cultures attach special meanings to certain numbers?,7.703838,6.115022,11.674373,1.209042,26.752075,2.503504,156,18,-24.248571,0.266526,0.033976,7.3819914,7.779069,146,8
2074,7957,Number,Main classification,Main classification,2,How are different types of numbers organized and classified?,6.59921,4.752756,11.490211,-0.47305,0.0,0.0,0,0,0.0,0.0,0.0,7.227813,8.059302,-10,-10
2075,7957,Number,Main classification > Natural numbers,Natural numbers,3,What are natural numbers?,6.648244,4.763376,8.076419,1.61247,0.0,0.0,0,0,0.0,0.0,0.0,7.3515325,7.9486585,-10,-10
2076,7957,Number,Main classification > Integers,Integers,3,What are integers and how are they different from natural numbers?,1.521045,8.839425,5.898724,2.120032,0.0,0.0,0,0,0.0,0.0,0.0,7.2437773,8.10569,-10,-10
2077,7957,Number,Main classification > Rational numbers,Rational numbers,3,What are rational numbers?,2.513132,8.109747,11.514545,-0.413226,0.0,0.0,0,0,0.0,0.0,0.0,7.1967735,8.158241,-10,-10
2078,7957,Number,Main classification > Real numbers,Real numbers,3,What are real numbers?,6.769249,4.702099,11.39455,-0.619319,0.0,0.0,0,0,0.0,0.0,0.0,7.145652,8.145292,-10,-10
2079,7957,Number,Main classification > Real numbers > Repeating decimal,Repeating decimal,4,Why do some decimals repeat forever?,0.164085,6.231503,4.815588,1.445857,1.571769,1.205457,9,2,-0.366312,0.015659,0.01636,7.195245,8.154715,-1,-8
2080,7957,Number,Main classification > Real numbers > Irrational numbers,Irrational numbers,4,What makes a number irrational?,-0.576696,6.915641,4.38761,1.602191,1.429751,0.0,4,0,-1.429751,0.014244,0.0,7.187447,8.050334,-6,-10
2081,7957,Number,Main classification > Real numbers > Set theory,Set theory,4,How does set theory explain real numbers?,4.851735,7.970869,8.989864,3.209652,0.0,0.0,0,0,0.0,0.0,0.0,7.1615787,8.225409,-10,-10
2082,7957,Number,Main classification > Complex numbers,Complex numbers,3,What are complex numbers and why do we need them?,7.375147,4.778652,12.151239,-0.013824,1.912918,1.154483,11,3,-0.758434,0.019058,0.015668,7.2116094,8.142082,1,-7
2083,7957,Number,Subclasses of the integers > Even and odd numbers,Even and odd numbers,3,What makes a number even or odd?,7.154558,4.748674,11.877656,0.164962,0.971545,0.0,1,0,-0.971545,0.009679,0.0,7.226777,8.08101,-9,-10
2084,7957,Number,Subclasses of the integers > Prime numbers,Prime numbers,3,What are prime numbers?,7.287797,4.901074,11.702895,0.367333,1.718447,0.0,8,0,-1.718447,0.017121,0.0,7.4263024,8.031119,-2,-10
2085,7957,Number,Subclasses of the integers > Other classes of integers,Other classes of integers,3,What other special categories of integers exist?,6.666679,4.750575,10.535196,3.625647,0.0,0.0,0,0,0.0,0.0,0.0,7.351483,7.9603086,-10,-10
2086,7957,Number,"Subclasses of the complex numbers > Algebraic, irrational and transcendental numbers","Algebraic, irrational and transcendental numbers",3,What's the difference between algebraic and transcendental numbers?,1.450714,7.625172,5.901444,2.795936,4.231175,1.422118,41,4,-2.809057,0.042154,0.0193,7.236896,8.139094,31,-6
2087,7957,Number,Subclasses of the complex numbers > Periods and exponential periods,Periods and exponential periods,3,What are periods and exponential periods?,6.95761,6.997832,11.786972,0.538946,1.789275,3.995544,7,15,2.206269,0.017826,0.054225,7.4837623,8.105735,-3,5
2088,7957,Number,Subclasses of the complex numbers > Constructible numbers,Constructible numbers,3,Which numbers can be constructed with a compass and straightedge?,6.628186,7.04725,11.814297,0.366192,1.976176,1.867611,8,6,-0.108565,0.019688,0.025346,7.23418,8.111595,-2,-4
2089,7957,Number,Subclasses of the complex numbers > Computable numbers,Computable numbers,3,What are computable numbers?,0.315062,6.922212,5.676115,2.608187,0.0,0.0,0,0,0.0,0.0,0.0,7.2310915,8.085323,-10,-10
2090,7957,Number,Extensions of the concept > p-adic numbers,p-adic numbers,3,What are p-adic numbers?,1.675237,7.174528,5.65358,2.669248,0.959866,0.0,1,0,-0.959866,0.009563,0.0,7.1644716,8.19258,-9,-10
2091,7957,Number,Extensions of the concept > Hypercomplex numbers,Hypercomplex numbers,3,What are hypercomplex numbers?,-0.775192,6.943378,11.600741,1.308757,0.969967,0.0,1,0,-0.969967,0.009664,0.0,7.379399,8.146999,-9,-10
2092,7957,Number,Extensions of the concept > Transfinite numbers,Transfinite numbers,3,What are transfinite numbers?,1.696283,8.290696,5.863228,2.791866,0.0,0.0,0,0,0.0,0.0,0.0,7.342777,7.9703107,-10,-10
2093,7957,Number,Extensions of the concept > Nonstandard numbers,Nonstandard numbers,3,What are nonstandard numbers?,1.805651,8.203669,5.83625,2.77551,0.0,0.0,0,0,0.0,0.0,0.0,7.166282,8.246195,-10,-10
2094,8044,Performing arts,Introduction,Introduction,0,What are performing arts?,1.380474,8.249083,10.272312,1.355648,0.0,0.0,0,0,0.0,0.0,0.0,11.093577,1.0130215,-10,-10
2095,8044,Performing arts,Performers,Performers,2,Who are the people involved in performing arts?,1.466291,7.610019,5.465037,2.419748,0.0,0.0,0,0,0.0,0.0,0.0,11.174781,0.9939896,-10,-10
2096,8044,Performing arts,Types,Types,2,What are the main types of performing arts?,0.385207,7.278584,7.1436,1.980971,0.0,0.0,0,0,0.0,0.0,0.0,11.089682,0.9005106,-10,-10
2097,8044,Performing arts,Types > Theatre,Theatre,3,How does theatre work as a performing art?,7.174005,5.486111,11.529785,0.079257,0.0,0.0,0,0,0.0,0.0,0.0,11.022302,1.0183122,-10,-10
2098,8044,Performing arts,Types > Dance,Dance,3,What makes dance a performing art?,-0.147467,7.696997,4.146783,1.133532,2.576358,1.0635,17,2,-1.512857,0.025668,0.014433,11.195288,1.0956042,7,-8
2099,8044,Performing arts,Types > Music,Music,3,How is music considered a performing art?,1.180866,7.929757,5.168992,1.994641,2.585377,0.973391,13,1,-1.611986,0.025758,0.01321,11.690815,1.5981925,3,-9
2100,8044,Performing arts,History > Western performing arts,Western performing arts,3,How did performing arts develop in Western culture?,-0.506956,7.385192,7.449207,3.434785,0.0,0.0,0,0,0.0,0.0,0.0,10.670843,1.2130122,-10,-10
2101,8044,Performing arts,History > Western performing arts > Middle Ages,Middle Ages,4,What were performing arts like during the Middle Ages?,1.585512,7.9329,5.441519,1.133997,4.788955,2.858415,37,21,-1.93054,0.047711,0.038793,8.770502,0.8818848,27,11
2102,8044,Performing arts,History > Western performing arts > Renaissance,Renaissance,4,How did the Renaissance change performing arts?,1.286173,9.506688,7.632009,1.445942,1.557022,1.214627,8,4,-0.342395,0.015512,0.016484,10.719443,1.1375384,-2,-6
2103,8044,Performing arts,History > Western performing arts > Baroque era,Baroque era,4,What characterized performing arts in the Baroque era?,7.454076,7.426681,12.627213,0.904393,0.980073,1.504089,1,7,0.524016,0.009764,0.020413,10.591451,1.0479102,-9,-3
2104,8044,Performing arts,History > Western performing arts > Neoclassicism,Neoclassicism,4,What was neoclassicism in performing arts?,4.322048,7.760353,9.850471,2.876731,1.118923,1.175463,3,3,0.05654,0.011148,0.015953,11.198969,1.4515901,-7,-7
2105,8044,Performing arts,History > Western performing arts > Romanticism,Romanticism,4,How did Romanticism influence performing arts?,4.33833,7.565106,11.744452,3.860962,1.221042,1.482808,4,6,0.261766,0.012165,0.020124,11.293028,1.4654721,-6,-4
2106,8044,Performing arts,History > Western performing arts > Modern era,Modern era,4,What defines modern performing arts?,6.903345,7.529514,12.364789,2.920866,1.156273,1.430023,3,6,0.273749,0.01152,0.019407,11.189848,1.2687411,-7,-4
2107,8044,Performing arts,History > African performing arts,African performing arts,3,What are the traditions of African performing arts?,4.330285,7.411672,11.911183,3.802142,3.642445,2.24526,25,13,-1.397185,0.036289,0.030471,9.470523,1.3491932,15,3
2108,8044,Performing arts,History > African performing arts > North Africa,North Africa,4,What performing arts traditions exist in North Africa?,0.033086,7.773657,3.568013,1.482623,1.127373,1.177649,3,3,0.050276,0.011232,0.015982,10.716282,1.2312527,-7,-7
2109,8044,Performing arts,History > African performing arts > West Africa,West Africa,4,What are West African performing arts known for?,9.018866,7.2391,11.908962,3.956036,2.257747,2.21118,13,13,-0.046567,0.022494,0.030009,9.404551,1.4625494,3,3
2110,8044,Performing arts,History > Eastern performing arts > West Asia,West Asia,4,What performing arts traditions come from West Asia?,7.558822,6.10335,12.483709,0.654199,0.0,0.26722,0,2,0.26722,0.0,0.003627,10.824102,1.2190062,-10,-8
2111,8044,Performing arts,History > Eastern performing arts > Iran,Iran,4,What are the performing arts traditions of Iran?,7.999186,7.711243,12.182883,2.700163,1.074494,2.191332,2,11,1.116839,0.010705,0.02974,10.767584,1.2991095,-8,1
2112,8044,Performing arts,History > Eastern performing arts > India,India,4,What are the classical performing arts of India?,0.087238,8.248081,4.480731,1.267941,1.693579,6.635893,9,50,4.942314,0.016873,0.090059,10.457284,1.4917341,-1,40
2113,8044,Performing arts,History > Eastern performing arts > China,China,4,What are traditional Chinese performing arts?,2.02494,9.548011,6.52349,-1.115389,1.602158,0.96847,7,1,-0.633688,0.015962,0.013144,10.661621,1.1423331,-3,-9
2114,8044,Performing arts,History > Eastern performing arts > Thailand,Thailand,4,What performing arts traditions exist in Thailand?,2.066407,8.786282,7.521972,2.703715,2.434476,2.710894,15,16,0.276418,0.024254,0.036791,10.565373,1.4267796,5,6
2115,8044,Performing arts,History > Eastern performing arts > Cambodia,Cambodia,4,What are Cambodian performing arts traditions?,5.13252,7.304065,11.816234,3.951844,1.716484,2.881818,7,15,1.165333,0.017101,0.03911,10.571483,1.3872335,-3,5
2116,8044,Performing arts,History > Eastern performing arts > Philippines,Philippines,4,What are traditional Filipino performing arts?,8.141845,5.937453,13.052741,2.742368,0.0,0.085336,0,1,0.085336,0.0,0.001158,10.072775,1.3677549,-10,-9
2117,8044,Performing arts,History > Eastern performing arts > Japan,Japan,4,What are the traditional performing arts of Japan?,7.660257,5.63749,9.96943,-0.483858,2.263577,2.904924,17,20,0.641348,0.022552,0.039424,10.541259,1.1753955,7,10
2118,8044,Performing arts,History > Americas,Americas,3,How did performing arts develop in the Americas?,5.825184,9.118423,9.807475,2.841966,1.284774,1.586202,4,6,0.301428,0.0128,0.021527,6.7895575,0.8556215,-6,-4
2119,8044,Performing arts,History > Americas > Colonial Era,Colonial Era,4,What were performing arts like during the Colonial Era in the Americas?,4.457645,7.652164,7.921975,2.154039,2.368721,1.824934,13,10,-0.543787,0.023599,0.024767,6.7099833,0.7087663,3,0
2120,8044,Performing arts,History > Oceania,Oceania,3,What are the performing arts traditions of Oceania?,9.084682,7.254395,12.664687,2.315701,1.7718,19.17477,9,117,17.40297,0.017652,0.260229,5.994148,0.8015608,-1,107
2121,8127,Post-classical history,Introduction,Introduction,0,What is post-classical history?,7.123268,6.735858,11.510319,1.581769,1.390307,2.172859,4,11,0.782552,0.013851,0.029489,7.836345,0.7942699,-6,1
2122,8127,Post-classical history,Historiography > Terminology and periodization,Terminology and periodization,3,How do historians define the post-classical period?,7.035419,9.316467,10.329467,1.928932,1.362603,1.090533,6,3,-0.27207,0.013575,0.0148,7.9055753,0.85134655,-4,-7
2123,8127,Post-classical history,Historiography > Approaches,Approaches,3,What are different ways to study post-classical history?,7.021195,9.27932,10.161191,2.205146,1.995913,1.129244,12,3,-0.86667,0.019885,0.015325,7.96107,0.8040135,2,-7
2124,8127,Post-classical history,Global trends,Global trends,2,What major changes happened worldwide during post-classical times?,8.255106,6.922574,12.969112,4.100762,2.326442,2.100696,11,8,-0.225746,0.023178,0.028509,7.716915,0.8211177,1,-2
2125,8127,Post-classical history,Global trends > Growth of civilization,Growth of civilization,3,How did civilizations expand after the fall of Rome?,6.756625,9.205688,12.971743,4.229458,1.227558,1.760421,3,9,0.532863,0.01223,0.023891,7.7380323,0.75407064,-7,-1
2126,8127,Post-classical history,Global trends > Spread of universal religions,Spread of universal religions,3,How did religions like Islam and Buddhism spread across continents?,6.964336,8.102443,12.973413,4.076782,1.277417,1.777831,3,9,0.500414,0.012727,0.024128,6.906577,3.078844,-7,-1
2127,8127,Post-classical history,Global trends > Trade and communication,Trade and communication,3,What trade routes connected different parts of the world?,6.979407,8.092073,13.004396,4.201291,1.726185,1.413245,6,4,-0.31294,0.017198,0.01918,7.4962473,0.5464166,-4,-6
2128,8127,Post-classical history,Global trends > Climate,Climate,3,How did climate affect societies in the Middle Ages?,7.351891,7.77541,13.018516,4.129624,7.364414,3.028597,40,17,-4.335817,0.07337,0.041102,2.9484897,2.8725607,30,7
2129,8127,Post-classical history,Global trends > Timeline,Timeline,3,What were the key events of the post-classical era?,0.206263,6.99867,4.611234,0.223647,2.564201,3.211927,22,26,0.647725,0.025547,0.043591,8.063263,1.053735,12,16
2130,8127,Post-classical history,Eurasian trends,Eurasian trends,2,What connected Europe and Asia during medieval times?,6.238246,7.945156,13.030936,4.16291,4.929642,7.858148,28,52,2.928506,0.049113,0.106646,7.7612224,1.0282102,18,42
2131,8127,Post-classical history,Eurasian trends > Feudalism,Feudalism,3,Why did feudalism develop in Europe and Japan?,7.082559,8.278476,13.014599,4.205936,3.025019,1.584841,14,6,-1.440179,0.030138,0.021509,8.206284,0.45928854,4,-4
2132,8127,Post-classical history,Eurasian trends > Mongol Empire,Mongol Empire,3,How big was the Mongol Empire at its peak?,2.893479,7.995703,4.149899,0.660442,0.0,0.0,0,0,0.0,0.0,0.0,7.818293,0.5508851,-10,-10
2133,8127,Post-classical history,Eurasian trends > Silk Road,Silk Road,3,What goods were traded along the Silk Road?,6.963873,8.190035,12.952341,4.230893,3.609658,3.041742,23,23,-0.567916,0.035962,0.041281,7.508348,0.5211044,13,13
2134,8127,Post-classical history,Eurasian trends > Plague and disease,Plague and disease,3,What diseases devastated populations in medieval Eurasia?,6.112242,7.901941,13.026554,4.176422,3.06303,5.266346,13,25,2.203317,0.030516,0.071472,7.621271,0.7467702,3,15
2135,8127,Post-classical history,Eurasian trends > Plague and disease > The first plague,The first plague,4,What was the Plague of Justinian?,7.292434,7.828038,13.023755,3.974626,3.957693,8.423611,18,50,4.465918,0.03943,0.114321,7.635648,0.76128775,8,40
2136,8127,Post-classical history,Eurasian trends > Plague and disease > Second plague pandemic until 1500,Second plague pandemic until 1500,4,How did the Black Death change Europe?,6.995657,8.053444,13.034206,4.128014,3.909477,3.620864,23,20,-0.288613,0.038949,0.04914,7.688531,0.7323643,13,10
2137,8127,Post-classical history,Eurasian trends > Science,Science,3,What scientific advances happened in the medieval world?,7.201211,7.828208,13.024211,4.087894,9.816626,9.76776,56,59,-0.048866,0.097801,0.132563,7.7056313,0.81676775,46,49
2138,8127,Post-classical history,Eurasian trends > Literature and the arts,Literature and the arts,3,What literature and art flourished during this period?,7.03678,7.988356,12.9784,4.022159,1.58942,1.396172,5,7,-0.193249,0.015835,0.018948,10.047732,1.5878805,-5,-3
2139,8127,Post-classical history,History by region > Africa,Africa,3,What kingdoms and empires arose in medieval Africa?,6.974901,8.131123,13.036769,4.149089,1.66142,3.521815,6,15,1.860395,0.016552,0.047796,7.452681,0.8845749,-4,5
2140,8127,Post-classical history,History by region > Europe,Europe,3,What happened in Europe after the Roman Empire fell?,7.324644,8.239272,13.077759,3.95982,1.430627,2.144205,5,9,0.713578,0.014253,0.0291,8.278936,0.77418137,-5,-1
2141,8127,Post-classical history,History by region > West and Central Asia,West and Central Asia,3,How did Islamic empires transform the Middle East?,0.451398,9.240679,4.574823,0.234492,1.745243,5.500979,9,34,3.755736,0.017388,0.074656,7.8314924,0.8056014,-1,24
2142,8127,Post-classical history,History by region > South Asia,South Asia,3,What happened in India between ancient and modern times?,6.913696,8.085295,13.025105,4.131293,1.531808,2.705939,5,14,1.174132,0.015261,0.036724,7.7311907,0.6772337,-5,4
2143,8127,Post-classical history,History by region > Southeast Asia,Southeast Asia,3,What civilizations emerged in Southeast Asia?,6.995156,8.042438,13.064854,4.084451,2.759601,3.297973,11,15,0.538373,0.027493,0.044758,7.581086,0.6378326,1,5
2144,8127,Post-classical history,History by region > East Asia,East Asia,3,What dynasties ruled China during the post-classical period?,6.822602,8.582971,12.99455,4.165277,3.16046,2.610562,18,16,-0.549897,0.031487,0.035429,7.9150043,0.7523367,8,6
2145,8127,Post-classical history,History by region > Oceania,Oceania,3,How did Pacific islanders navigate and settle new islands?,6.998932,8.052041,13.047837,4.071475,4.428593,5.028308,21,26,0.599715,0.044121,0.068241,5.9414687,0.64564145,11,16
2146,8127,Post-classical history,History by region > Americas,Americas,3,What civilizations existed in the Americas before Columbus?,6.327675,8.221013,13.002768,4.194188,1.5882,2.257433,5,12,0.669234,0.015823,0.030637,7.42221,0.83723545,-5,2
2147,8127,Post-classical history,History by region > Americas > North America,North America,4,Who lived in North America during medieval times?,6.243559,7.946512,13.039591,4.183882,3.612066,4.661454,20,28,1.049388,0.035986,0.063263,6.998751,0.73830676,10,18
2148,8127,Post-classical history,History by region > Americas > North America > Norse contact and the polar regions,Norse contact and the polar regions,5,When did Vikings reach North America?,6.869022,8.186728,13.045848,4.123517,1.488394,2.030762,5,8,0.542368,0.014829,0.02756,6.435552,0.78090364,-5,-2
2149,8127,Post-classical history,History by region > Americas > North America > Northern areas,Northern areas,5,What cultures developed in northern North America?,7.0156,8.028681,12.946997,4.095629,2.571044,1.617724,10,7,-0.95332,0.025615,0.021955,6.7959466,0.93665737,0,-3
2150,8127,Post-classical history,History by region > Americas > Caribbean,Caribbean,4,What societies inhabited the Caribbean islands?,6.489173,9.244433,9.742785,2.064976,2.073313,2.654373,12,20,0.58106,0.020656,0.036024,6.58948,0.6450125,2,10
2151,8127,Post-classical history,History by region > Americas > Mesoamerica,Mesoamerica,4,What happened after the Maya civilization declined?,7.296671,8.528277,12.965285,4.214501,6.445347,3.172822,36,21,-3.272525,0.064214,0.04306,7.180721,1.1581049,26,11
2152,8127,Post-classical history,History by region > Americas > South America,South America,4,What civilizations flourished in South America?,6.648414,7.986712,13.09139,4.170631,3.514675,3.604294,18,17,0.089619,0.035016,0.048915,6.753571,0.9951532,8,7
2153,8127,Post-classical history,History by region > Americas > South America > Andes,Andes,5,How did the Inca Empire rise to power?,6.960808,8.116104,13.049407,4.1554,1.862498,3.321514,6,18,1.459016,0.018556,0.045078,6.915565,0.99335814,-4,8
2154,8127,Post-classical history,End of the period,End of the period,2,When and why did the post-classical period end?,6.921044,8.187203,12.984242,4.037369,2.808024,2.882777,14,16,0.074753,0.027976,0.039123,7.830203,0.47831577,4,6
2155,8569,Transport,Introduction,Introduction,0,What is transport?,6.057839,6.30174,11.626421,-0.107362,0.0,0.0,0,0,0.0,0.0,0.0,4.799837,-0.79657847,-10,-10
2156,8569,Transport,Modes,Modes,2,What are the different ways people and goods can be moved from place to place?,6.672926,5.448156,11.67312,-0.167384,0.0,0.0,0,0,0.0,0.0,0.0,4.8241596,-0.788324,-10,-10
2157,8569,Transport,Modes > Human-powered,Human-powered,3,How do people travel using only their own physical power?,-0.055325,7.859565,3.980047,1.009797,1.456216,1.156056,6,3,-0.300161,0.014508,0.015689,4.7850647,-0.79169816,-4,-7
2158,8569,Transport,Modes > Animal-powered,Animal-powered,3,Which animals are used for transportation?,-0.136899,6.489451,3.654267,1.111814,0.0,0.0,0,0,0.0,0.0,0.0,4.7882743,-0.79303586,-10,-10
2159,8569,Transport,Modes > Air,Air,3,How does air travel work?,6.862554,5.023765,11.711185,-0.246664,0.0,0.0,0,0,0.0,0.0,0.0,4.767815,-0.7783484,-10,-10
2160,8569,Transport,Modes > Land,Land,3,What are the main types of land transportation?,2.436789,7.645368,5.463174,2.618813,0.953571,1.081525,1,2,0.127954,0.0095,0.014678,4.7870307,-0.82757735,-9,-8
2161,8569,Transport,Modes > Land > Rail,Rail,4,How do trains and railways move people and cargo?,1.304509,10.193646,11.931326,-0.497505,0.0,0.0,0,0,0.0,0.0,0.0,4.8288226,-0.731514,-10,-10
2162,8569,Transport,Modes > Land > Road,Road,4,What kinds of vehicles use roads for transportation?,7.305614,5.303794,10.11672,0.851832,0.0,0.0,0,0,0.0,0.0,0.0,4.8001943,-0.77161676,-10,-10
2163,8569,Transport,Modes > Water,Water,3,How do ships and boats transport things across water?,1.247675,8.36375,6.156463,1.699021,13.427214,5.461604,92,37,-7.96561,0.133773,0.074122,4.923214,-0.68621504,82,27
2164,8569,Transport,Modes > Other modes,Other modes,3,Are there any unusual or emerging forms of transportation?,6.853847,5.070683,5.995672,1.669268,0.0704,0.0,1,0,-0.0704,0.000701,0.0,4.840135,-0.7412269,-9,-10
2165,8569,Transport,Elements > Infrastructure,Infrastructure,3,What infrastructure is needed to support transportation systems?,1.761553,8.357451,5.976146,1.658197,2.181412,1.63296,11,7,-0.548452,0.021733,0.022162,4.8340855,-0.70963955,1,-3
2166,8569,Transport,Elements > Means of transport > Animals,Animals,4,How are animals used in modern transportation?,8.730021,6.920392,11.053525,3.064559,1.414194,1.680982,5,8,0.266788,0.014089,0.022813,4.809273,-0.7496448,-5,-2
2167,8569,Transport,Elements > Means of transport > Vehicles,Vehicles,4,What types of vehicles exist for moving people and goods?,6.936069,7.70238,10.18937,2.156471,2.062528,1.804798,11,12,-0.257731,0.020549,0.024494,4.798938,-0.7744565,1,2
2168,8569,Transport,Elements > Operation,Operation,3,How are transportation systems operated and managed?,2.047635,8.142502,9.481303,2.548325,2.69785,1.295317,20,4,-1.402533,0.026878,0.017579,4.8517504,-0.76874804,10,-6
2169,8569,Transport,Elements > Policy,Policy,3,What policies govern transportation systems?,8.532406,7.527778,10.602176,2.619374,1.467131,1.641699,7,8,0.174568,0.014617,0.02228,4.783002,-0.7295908,-3,-2
2170,8569,Transport,Functions,Functions,2,What purposes does transportation serve in society?,1.00977,8.293249,11.975217,1.127056,2.209301,1.544568,17,7,-0.664733,0.022011,0.020962,4.8128395,-0.78207326,7,-3
2171,8569,Transport,Functions > Passenger,Passenger,3,How do people travel as passengers?,0.263904,8.944654,6.121969,0.164638,1.55347,5.250112,9,42,3.696642,0.015477,0.071252,4.813212,-0.76295775,-1,32
2172,8569,Transport,Functions > Medical,Medical,3,How is transportation used for medical emergencies and healthcare?,1.976281,7.988837,5.768328,1.694498,0.0,0.0,0,0,0.0,0.0,0.0,4.7617354,-0.76050705,-10,-10
2173,8569,Transport,Functions > Freight,Freight,3,How are goods shipped and delivered?,6.147884,5.685163,12.520801,1.850392,1.156662,3.785969,3,17,2.629307,0.011524,0.051381,4.9393816,-0.7791884,-7,7
2174,8569,Transport,Impact,Impact,2,What effects does transportation have on society?,4.463166,6.475345,11.732551,2.397826,2.783682,1.754361,22,12,-1.02932,0.027733,0.023809,4.7925425,-0.78456384,12,2
2175,8569,Transport,Impact > Economic,Economic,3,How does transportation affect the economy?,6.131718,5.347914,5.773978,-0.16026,1.425393,1.397796,7,6,-0.027597,0.014201,0.01897,4.8225546,-0.78733593,-3,-4
2176,8569,Transport,Impact > Planning,Planning,3,How do cities plan their transportation systems?,7.730093,7.576102,11.503022,2.340487,1.277995,4.012112,5,26,2.734116,0.012732,0.05445,4.7768025,-0.82203364,-5,16
2177,8569,Transport,Impact > Safety,Safety,3,What are the safety concerns with different types of transport?,8.85523,7.195777,12.655264,1.252579,1.675733,20.463609,10,120,18.787876,0.016695,0.277721,4.819509,-0.7806972,0,110
2178,8569,Transport,Impact > Environment,Environment,3,How does transportation impact the environment?,0.301388,6.149419,12.712726,2.582315,0.0,0.0,0,0,0.0,0.0,0.0,4.7511153,-0.81045747,-10,-10
2179,8569,Transport,Impact > Sustainable development,Sustainable development,3,Can transportation be made more sustainable?,7.60082,8.110422,12.286803,2.711963,1.059487,1.565234,2,8,0.505747,0.010555,0.021242,4.753619,-0.8312614,-8,-2
2180,8569,Transport,History > Natural,Natural,3,How did early humans travel before inventing vehicles?,0.879089,9.362421,5.276195,0.632812,2.301683,38.044899,14,258,35.743216,0.022931,0.516324,4.8332705,-0.7403841,4,248
2181,8569,Transport,History > Water transport,Water transport,3,When did people first start using boats and ships?,6.505035,6.884299,7.824492,0.490446,1.121072,1.371713,3,6,0.250641,0.011169,0.018616,5.042359,-0.6226255,-7,-4
2182,8569,Transport,History > Mechanical,Mechanical,3,How did mechanical inventions change transportation?,1.280696,9.996019,6.218403,-0.448894,20.749162,21.261929,129,121,0.512767,0.20672,0.288555,5.284087,-0.5634632,119,111
2183,8640,Visual arts,Introduction,Introduction,0,What are visual arts?,-0.78989,7.015418,10.254341,1.497179,0.0,0.0,0,0,0.0,0.0,0.0,10.818258,0.62967813,-10,-10
2184,8640,Visual arts,Education and training,Education and training,2,How do people learn and train to become visual artists?,-0.738542,7.23687,13.102436,1.969049,11.852694,1.350886,73,6,-10.501809,0.118086,0.018333,10.705185,0.68796587,63,-4
2185,8640,Visual arts,Drawing,Drawing,2,What makes drawing a fundamental art form?,5.70097,6.148012,5.605652,1.563564,0.0,0.0,0,0,0.0,0.0,0.0,10.754859,0.62532544,-10,-10
2186,8640,Visual arts,Painting,Painting,2,What are the main types and techniques of painting?,3.302183,6.895881,6.803797,2.455403,0.0,0.0,0,0,0.0,0.0,0.0,10.767709,0.62496394,-10,-10
2187,8640,Visual arts,Painting > History > Origins and early history,Origins and early history,4,Where and when did painting first begin?,6.53938,6.868681,9.446635,3.250984,0.0,0.0,0,0,0.0,0.0,0.0,10.416771,0.72825617,-10,-10
2188,8640,Visual arts,Painting > History > The Renaissance,The Renaissance,4,How did painting change during the Renaissance?,3.289109,6.903157,12.795677,2.654273,1.447923,1.766367,5,9,0.318444,0.014425,0.023972,10.015089,0.7013045,-5,-1
2189,8640,Visual arts,Painting > History > Dutch masters,Dutch masters,4,Who were the most famous Dutch painters?,3.308074,6.888408,7.346622,2.711244,2.562415,2.646393,15,15,0.083977,0.025529,0.035915,10.216561,0.6772879,5,5
2190,8640,Visual arts,Painting > History > Baroque,Baroque,4,What defines the Baroque style of painting?,3.147891,6.883004,8.424829,2.687633,1.651633,1.457905,6,6,-0.193729,0.016455,0.019786,10.314226,0.74705,-4,-4
2191,8640,Visual arts,Painting > History > Impressionism,Impressionism,4,Why did Impressionism revolutionize art?,7.29641,4.92641,11.856118,1.630928,2.055512,1.482201,10,5,-0.573311,0.020479,0.020116,10.558473,0.6411456,0,-5
2192,8640,Visual arts,Painting > History > Post-impressionism,Post-impressionism,4,How did Post-Impressionism differ from Impressionism?,3.349253,6.823302,12.825684,2.784588,1.740135,2.153294,7,11,0.413159,0.017337,0.029223,10.4744,0.6099707,-3,1
2193,8640,Visual arts,"Painting > History > Symbolism, expressionism and cubism","Symbolism, expressionism and cubism",4,"What connects Symbolism, Expressionism, and Cubism as art movements?",7.72369,5.765909,6.494157,-0.074935,1.235678,0.965874,3,1,-0.269804,0.012311,0.013108,10.528728,0.5476944,-7,-9
2194,8640,Visual arts,Printmaking,Printmaking,2,How does printmaking work as an art form?,3.040727,6.931821,5.990266,1.24134,0.0,0.0,0,0,0.0,0.0,0.0,10.635655,0.7049673,-10,-10
2195,8640,Visual arts,Printmaking > European history,European history,3,How did printmaking develop in Europe?,1.829735,8.637419,6.504075,0.306838,0.0,0.0,0,0,0.0,0.0,0.0,10.171796,0.93139815,-10,-10
2196,8640,Visual arts,Printmaking > Chinese origin and practice,Chinese origin and practice,3,When did China invent printmaking techniques?,3.268245,6.840284,6.460225,-0.205131,0.965665,0.966489,1,1,0.000825,0.009621,0.013117,10.233766,0.9589184,-9,-9
2197,8640,Visual arts,"Printmaking > Development in Japan, 1603–1867","Development in Japan, 1603–1867",3,What Japanese printmaking styles emerged during the Edo period?,6.80169,5.066753,13.037236,1.217905,0.0,0.0,0,0,0.0,0.0,0.0,10.331746,0.8828096,-10,-10
2198,8640,Visual arts,Photography,Photography,2,Is photography considered a visual art?,6.617498,5.778258,12.595804,1.772626,0.0,0.0,0,0,0.0,0.0,0.0,10.855846,0.75042266,-10,-10
2199,8640,Visual arts,Architecture,Architecture,2,Why is architecture classified as a visual art?,5.66357,6.789145,6.806159,1.63051,0.0,0.0,0,0,0.0,0.0,0.0,10.548927,-0.030283948,-10,-10
2200,8640,Visual arts,Filmmaking,Filmmaking,2,How does filmmaking combine different visual arts?,1.123927,8.193067,5.957215,0.669152,0.965539,0.964237,1,1,-0.001301,0.009619,0.013086,10.816688,0.9012792,-9,-9
2201,8640,Visual arts,Computer art,Computer art,2,What kinds of art can be created with computers?,7.174281,5.378256,11.555274,0.001052,1.20937,0.0,3,0,-1.20937,0.012049,0.0,10.7344055,0.6749367,-7,-10
2202,8640,Visual arts,Plastic arts,Plastic arts,2,What does the term plastic arts mean?,6.471613,7.029998,6.166488,1.182881,1.039011,2.312039,2,13,1.273028,0.010351,0.031378,10.824636,0.56879026,-8,3
2203,8640,Visual arts,Plastic arts > Sculpture,Sculpture,3,What materials and methods do sculptors use?,1.333234,6.799757,6.679073,1.594615,0.0,0.964781,0,1,0.964781,0.0,0.013093,10.798168,0.5744972,-10,-9
2204,8640,Visual arts,US copyright definition of visual art,US copyright definition of visual art,2,How does US copyright law define visual art?,1.708626,8.13214,5.849972,1.758906,0.0,0.0,0,0,0.0,0.0,0.0,10.715049,0.7118893,-10,-10
2205,8796,Biology,Introduction,Introduction,0,What is biology?,6.323877,8.343345,9.63658,2.370109,2.830932,1.257595,19,5,-1.573338,0.028204,0.017067,1.7643809,1.9435184,9,-5
2206,8796,Biology,Etymology,Etymology,2,Where does the word biology come from?,5.770953,6.648701,10.755848,1.630738,0.0,0.0,0,0,0.0,0.0,0.0,6.888904,4.083189,-10,-10
2207,8796,Biology,History,History,2,How did biology develop as a science?,4.052722,8.868185,5.082488,1.71964,0.0,0.0,0,0,0.0,0.0,0.0,6.0124793,4.419512,-10,-10
2208,8796,Biology,Chemical basis > Atoms and molecules,Atoms and molecules,3,What atoms and molecules are important for life?,7.108396,7.994541,6.111099,2.181235,1.502729,3.255663,7,27,1.752934,0.014971,0.044184,1.6705633,2.405749,-3,17
2209,8796,Biology,Chemical basis > Water,Water,3,Why is water essential for living organisms?,5.63368,5.220254,12.179861,2.763354,1.248243,1.777691,4,9,0.529448,0.012436,0.024126,2.986479,3.9942758,-6,-1
2210,8796,Biology,Chemical basis > Organic compounds,Organic compounds,3,What are organic compounds in living things?,7.162719,7.501497,5.599464,1.607143,2.389931,1.8501,11,10,-0.539831,0.02381,0.025109,3.712098,4.592646,1,0
2211,8796,Biology,Chemical basis > Macromolecules,Macromolecules,3,What are the main macromolecules in cells?,8.775904,7.155531,12.237153,1.788114,1.27052,1.329447,4,4,0.058926,0.012658,0.018043,1.1415894,2.2118146,-6,-6
2212,8796,Biology,Cells,Cells,2,What are cells and why are they important?,2.271005,7.787828,7.879227,3.178291,1.468675,1.184188,6,3,-0.284486,0.014632,0.016071,0.75947005,2.178539,-4,-7
2213,8796,Biology,Cells > Cell structure,Cell structure,3,What parts make up a cell?,4.444439,8.970835,11.298628,1.344111,0.0,0.0,0,0,0.0,0.0,0.0,0.48418322,2.2664256,-10,-10
2214,8796,Biology,Cells > Metabolism,Metabolism,3,How do cells convert energy and materials?,6.065175,8.887877,8.281022,2.36986,0.0,0.0,0,0,0.0,0.0,0.0,1.4084297,2.5032876,-10,-10
2215,8796,Biology,Cells > Cellular respiration,Cellular respiration,3,How do cells break down glucose for energy?,5.266057,8.677891,5.285311,1.596435,0.0,0.0,0,0,0.0,0.0,0.0,1.3457074,2.4980445,-10,-10
2216,8796,Biology,Cells > Photosynthesis,Photosynthesis,3,How do plants convert sunlight into energy?,0.447642,9.207737,12.998772,0.882258,0.96309,0.952871,1,1,-0.010219,0.009595,0.012932,1.5507419,2.5434232,-9,-9
2217,8796,Biology,Cells > Cell signaling,Cell signaling,3,How do cells communicate with each other?,7.073587,7.971347,12.329736,1.432368,1.269597,1.100266,4,3,-0.169331,0.012649,0.014932,0.7532932,2.4078698,-6,-7
2218,8796,Biology,Cells > Cell cycle,Cell cycle,3,How do cells grow and divide?,2.103864,8.31314,6.607547,1.679789,0.0,0.0,0,0,0.0,0.0,0.0,0.7471831,1.7872758,-10,-10
2219,8796,Biology,Cells > Sexual reproduction and meiosis,Sexual reproduction and meiosis,3,How does meiosis create sex cells?,7.66568,5.691442,12.78613,1.129088,2.111346,7.577648,12,38,5.466302,0.021035,0.10284,0.90411335,1.3854232,2,28
2220,8796,Biology,Genetics > Inheritance,Inheritance,3,How are traits passed from parents to offspring?,2.892556,9.615181,7.048394,0.132187,1.112315,1.038084,3,2,-0.074232,0.011082,0.014088,1.3637656,1.382604,-7,-8
2221,8796,Biology,Genetics > Genes and DNA,Genes and DNA,3,What is DNA and how does it store genetic information?,8.342435,6.935705,12.59111,2.790905,2.417217,1.369669,8,5,-1.047548,0.024082,0.018588,1.1511078,1.6558248,-2,-5
2222,8796,Biology,Genetics > Gene expression,Gene expression,3,How do genes produce proteins?,8.728784,6.908805,12.181799,1.462896,11.18805,10.016656,61,62,-1.171395,0.111464,0.135941,1.114862,1.6764218,51,52
2223,8796,Biology,Genetics > Gene regulation,Gene regulation,3,How do cells control which genes are turned on or off?,6.02889,8.908654,10.663747,2.80493,1.392501,1.887476,4,10,0.494975,0.013873,0.025616,1.0843303,1.7464699,-6,0
2224,8796,Biology,"Genetics > Genes, development, and evolution","Genes, development, and evolution",3,How do genes influence development and drive evolution?,2.423682,8.170377,6.472477,1.713981,0.0,2.335402,0,12,2.335402,0.0,0.031695,1.00296,1.8233901,-10,2
2225,8796,Biology,Evolution > Evolutionary processes,Evolutionary processes,3,What mechanisms cause species to evolve over time?,6.613299,6.532595,11.824667,1.037891,13.523997,7.925512,70,48,-5.598485,0.134737,0.107561,1.5494623,1.3097942,60,38
2226,8796,Biology,Evolution > Speciation,Speciation,3,How do new species form?,5.702409,6.632646,12.148783,1.42145,2.077342,2.970373,14,17,0.89303,0.020696,0.040312,1.4939474,1.3950108,4,7
2227,8796,Biology,Evolution > Phylogeny,Phylogeny,3,How are evolutionary relationships between organisms determined?,7.669939,6.155034,8.261072,1.025146,1.58122,1.779259,7,11,0.19804,0.015753,0.024147,1.3873348,1.781829,-3,1
2228,8796,Biology,Evolution > History of life,History of life,3,How did life originate and evolve on Earth?,1.697857,7.817355,6.669611,1.695428,0.0,0.0,0,0,0.0,0.0,0.0,1.3340447,3.0850425,-10,-10
2229,8796,Biology,Diversity > Bacteria and Archaea,Bacteria and Archaea,3,What are the main characteristics of bacteria and archaea?,1.144264,7.711282,6.913286,2.386751,0.0,0.0,0,0,0.0,0.0,0.0,0.7107633,2.286229,-10,-10
2230,8796,Biology,Diversity > Eukaryotes,Eukaryotes,3,What makes eukaryotes different from other life forms?,1.546449,8.317245,5.132342,1.74534,2.814057,5.683179,18,47,2.869123,0.028036,0.077129,1.0009079,2.2887566,8,37
2231,8796,Biology,Diversity > Viruses,Viruses,3,Are viruses alive and how do they reproduce?,3.486295,8.912854,7.826272,2.293982,0.0,0.0,0,0,0.0,0.0,0.0,1.507037,2.0317814,-10,-10
2232,8796,Biology,Ecology > Ecosystems,Ecosystems,3,How do energy and nutrients flow through ecosystems?,1.711107,7.624986,8.429129,2.741237,0.0,0.0,0,0,0.0,0.0,0.0,2.1377096,2.3460755,-10,-10
2233,8796,Biology,Ecology > Populations,Populations,3,What factors control population growth and size?,6.42341,5.63323,12.104099,1.325589,1.540051,14.088584,10,91,12.548533,0.015343,0.191203,2.150983,1.7200634,0,81
2234,8796,Biology,Ecology > Communities,Communities,3,How do different species interact in communities?,6.825315,6.601223,9.738123,2.367665,0.0,0.0,0,0,0.0,0.0,0.0,2.275951,1.9503,-10,-10
2235,8796,Biology,Ecology > Biosphere,Biosphere,3,How do global processes affect life on Earth?,2.624466,8.278834,5.560263,1.578234,0.169839,0.41184,2,5,0.242001,0.001692,0.005589,2.1006875,2.4532413,-8,-5
2236,8796,Biology,Ecology > Conservation,Conservation,3,Why is biodiversity conservation important?,6.009123,6.286891,10.620495,0.629727,0.0,0.0,0,0,0.0,0.0,0.0,2.0360909,1.8609738,-10,-10
2237,8840,Business,Introduction,Introduction,0,What is business?,6.847736,6.595136,11.575014,0.718799,28.341501,17.984698,132,92,-10.356803,0.282361,0.244078,7.442068,-1.2445337,122,82
2238,8840,Business,Forms,Forms,2,What are the different forms of business?,-0.913068,6.562332,13.253537,0.995987,0.0,0.0,0,0,0.0,0.0,0.0,7.5436993,-1.3660059,-10,-10
2239,8840,Business,Classifications,Classifications,2,How are businesses classified?,0.251607,7.248744,3.967287,1.568195,3.025584,2.260745,24,18,-0.76484,0.030143,0.030682,7.4347954,-1.1882055,14,8
2240,8840,Business,Activities > Accounting,Accounting,3,What role does accounting play in business?,2.478079,7.704925,6.359589,2.821868,0.0,0.0,0,0,0.0,0.0,0.0,7.229534,-1.2049121,-10,-10
2241,8840,Business,Activities > Commerce,Commerce,3,How does commerce work in business?,7.194196,6.35386,11.801056,1.190139,3.357035,6.887076,23,45,3.530041,0.033446,0.093468,7.0335402,-0.96594226,13,35
2242,8840,Business,Activities > Finance,Finance,3,What is business finance?,7.483712,5.038335,11.082033,2.307311,0.969157,0.965223,1,1,-0.003934,0.009656,0.013099,7.1956625,-1.1902773,-9,-9
2243,8840,Business,Activities > Human resources,Human resources,3,What do human resources departments do?,8.173356,6.892591,12.802947,2.137819,1.807166,2.944369,10,23,1.137203,0.018004,0.039959,7.500327,-1.2221811,0,13
2244,8840,Business,Activities > Information technology,Information technology,3,How do businesses use information technology?,3.869732,7.237008,12.007542,3.734844,1.762454,1.852544,10,10,0.09009,0.017559,0.025142,6.963745,5.9270782,0,0
2245,8840,Business,Activities > Manufacturing,Manufacturing,3,What is manufacturing in business?,4.384661,7.149523,7.594727,3.451234,0.0,0.0,0,0,0.0,0.0,0.0,6.682289,-0.91498566,-10,-10
2246,8840,Business,Activities > Marketing,Marketing,3,How does marketing work?,3.350079,6.809787,7.130784,2.267321,0.0,0.0,0,0,0.0,0.0,0.0,6.972057,-0.9349649,-10,-10
2247,8840,Business,Activities > Research and development,Research and development,3,Why do companies invest in research and development?,5.043862,6.84078,11.227606,-0.568326,0.0,0.0,0,0,0.0,0.0,0.0,6.9376493,5.0059457,-10,-10
2248,8840,Business,Activities > Safety,Safety,3,How do businesses ensure workplace safety?,3.097807,6.884206,12.03026,3.730176,1.488269,1.136411,7,2,-0.351857,0.014827,0.015423,5.942914,-0.73969406,-3,-8
2249,8840,Business,Management,Management,2,What is business management?,2.15087,7.761949,6.755685,2.803176,0.961946,1.025044,1,2,0.063098,0.009584,0.013911,7.2882094,-1.1863778,-9,-8
2250,8840,Business,Management > Restructuring state enterprises,Restructuring state enterprises,3,How are state enterprises restructured?,3.033855,6.967346,6.537517,-0.223023,1.279916,4.092226,5,34,2.81231,0.012752,0.055537,7.6489434,-1.4268385,-5,24
2251,8840,Business,Management > Business process management,Business process management,3,What is business process management?,3.280911,7.518907,6.960116,2.354802,0.0,0.0,0,0,0.0,0.0,0.0,7.1555924,-1.1648389,-10,-10
2252,8840,Business,Business organization,Business organization,2,How are businesses organized?,5.573241,4.885434,5.544359,1.66395,0.0,0.0,0,0,0.0,0.0,0.0,7.4783745,-1.376091,-10,-10
2253,8840,Business,Business organization > Capital,Capital,3,What is capital in business?,4.235451,8.729224,6.045859,-0.037477,1.098743,1.150336,3,4,0.051593,0.010947,0.015612,7.2850256,-1.3124323,-7,-6
2254,8840,Business,Business organization > Intellectual property,Intellectual property,3,What is intellectual property and why does it matter?,1.631086,10.086639,6.25948,1.373787,1.000757,0.938078,2,1,-0.062678,0.00997,0.012731,7.6772084,-1.399854,-8,-9
2255,8840,Business,Business organization > Trade unions,Trade unions,3,What role do trade unions play in business?,3.017157,7.531341,7.520662,3.347034,0.0,0.0,0,0,0.0,0.0,0.0,7.1332583,-0.9030834,-10,-10
2256,8840,Business,Business regulation and commercial law,Business regulation and commercial law,2,What laws regulate businesses?,-0.17114,6.061158,4.387481,1.31133,2.837564,3.036714,16,18,0.199149,0.02827,0.041213,7.7825046,-1.4317654,6,8
2257,8895,Chemical element,Introduction,Introduction,0,What is a chemical element?,7.344491,6.065534,3.517545,1.420663,2.41116,3.006186,13,17,0.595025,0.024022,0.040798,3.811386,4.90019,3,7
2258,8895,Chemical element,Description,Description,2,How are chemical elements described and characterized?,0.127731,8.413877,4.304002,1.062381,1.194856,1.435134,4,5,0.240277,0.011904,0.019477,3.8643386,4.849247,-6,-5
2259,8895,Chemical element,Description > Occurrence,Occurrence,3,Where do chemical elements occur in nature?,7.439312,5.111794,3.472386,1.386036,0.0,0.0,0,0,0.0,0.0,0.0,3.6076107,5.0985317,-10,-10
2260,8895,Chemical element,Atomic nucleus properties,Atomic nucleus properties,2,What properties does an atomic nucleus have?,8.34577,6.178905,12.571556,0.414232,3.616207,1.811124,16,7,-1.805083,0.036028,0.02458,3.9251547,5.1970735,6,-3
2261,8895,Chemical element,Atomic nucleus properties > Nuclide,Nuclide,3,What is a nuclide?,7.902798,6.015173,12.490566,0.205321,2.225931,1.035071,11,2,-1.19086,0.022177,0.014047,3.7620842,4.9450808,1,-8
2262,8895,Chemical element,Atomic nucleus properties > Stability,Stability,3,Which atomic nuclei are stable and which are radioactive?,0.666406,7.054189,4.780641,0.663868,2.564884,1.03854,14,2,-1.526344,0.025553,0.014094,3.73578,4.9502525,4,-8
2263,8895,Chemical element,Atomic nucleus properties > Isotopic mass and atomic mass,Isotopic mass and atomic mass,3,How do isotopic mass and atomic mass differ?,7.233862,5.617335,12.289874,0.363467,2.664432,0.966497,9,1,-1.697935,0.026545,0.013117,3.7266848,4.938327,-1,-9
2264,8895,Chemical element,Atomic nucleus properties > Chemically pure and isotopically pure,Chemically pure and isotopically pure,3,What does it mean for something to be chemically pure versus isotopically pure?,2.718723,9.25778,6.197613,0.55197,0.965067,0.966521,1,1,0.001454,0.009615,0.013117,3.9131472,4.936554,-9,-9
2265,8895,Chemical element,Chemical and physical properties,Chemical and physical properties,2,What chemical and physical properties do elements have?,8.39461,6.223562,12.698322,0.736278,9.216902,2.624352,52,16,-6.59255,0.091826,0.035616,3.9521387,5.046665,42,6
2266,8895,Chemical element,Chemical and physical properties > Shells,Shells,3,How do electron shells work in atoms?,7.506919,7.649019,12.763082,2.162208,6.788584,5.782803,31,28,-1.005781,0.067633,0.078481,3.880302,5.02237,21,18
2267,8895,Chemical element,Chemical and physical properties > Periodic trends,Periodic trends,3,What are the periodic trends in element properties?,7.564476,4.722733,10.952332,-0.837165,1.029536,1.127716,2,3,0.09818,0.010257,0.015305,3.7989132,4.802249,-8,-7
2268,8895,Chemical element,Chemical and physical properties > Phase transition,Phase transition,3,"At what temperatures do elements change between solid, liquid, and gas?",6.562335,6.914528,8.766319,1.306347,1.029586,1.027772,2,2,-0.001814,0.010258,0.013948,3.3929808,4.532168,-8,-8
2269,8895,Chemical element,Chemical and physical properties > Allotropes,Allotropes,3,Why do some elements exist in different forms called allotropes?,0.764404,9.826375,5.067428,0.448986,0.97991,1.051477,1,3,0.071567,0.009763,0.01427,3.6645136,4.7790537,-9,-7
2270,8895,Chemical element,Chemical and physical properties > Crystal structures,Crystal structures,3,What crystal structures do solid elements form?,8.134435,6.278721,12.714662,1.534758,4.754401,1.860293,20,8,-2.894108,0.047367,0.025247,3.4406219,4.621912,10,-2
2271,8895,Chemical element,Chemical and physical properties > Mass densities,Mass densities,3,How dense are different chemical elements?,8.06321,6.26986,12.494534,0.446168,0.976288,6.215591,1,28,5.239303,0.009727,0.084355,3.6286814,4.73021,-9,18
2272,8895,Chemical element,Nomenclature and symbols > Atomic numbers,Atomic numbers,3,What are atomic numbers and how are they assigned?,0.093186,8.585497,5.318666,0.012952,1.448956,1.564188,5,7,0.115232,0.014436,0.021228,3.6876307,4.8996882,-5,-3
2273,8895,Chemical element,Nomenclature and symbols > Element names,Element names,3,How did chemical elements get their names?,1.233846,10.047321,6.627216,-1.045943,2.072502,1.070537,10,3,-1.001965,0.020648,0.014529,3.8308117,4.846766,0,-7
2274,8895,Chemical element,Nomenclature and symbols > Chemical symbols > Specific elements,Specific elements,4,What are the chemical symbols for specific elements?,7.09692,7.260288,10.884289,-0.408436,0.966447,1.499867,1,8,0.53342,0.009629,0.020355,3.8263643,4.837959,-9,-2
2275,8895,Chemical element,Nomenclature and symbols > Chemical symbols > General chemical symbols,General chemical symbols,4,What general chemical symbols are used in chemistry?,2.778615,9.406268,8.064931,1.429473,6.061256,3.989769,58,36,-2.071487,0.060387,0.054147,3.8002784,4.8288665,48,26
2276,8895,Chemical element,Nomenclature and symbols > Chemical symbols > Isotope symbols,Isotope symbols,4,How are isotopes represented using chemical symbols?,2.91641,9.451222,6.723022,0.732357,0.969204,2.497809,1,14,1.528606,0.009656,0.033899,3.7028894,4.8487225,-9,4
2277,8895,Chemical element,Origin of the elements,Origin of the elements,2,How were the chemical elements formed in the universe?,5.547357,4.976641,5.852068,1.211765,2.418362,5.079031,15,42,2.660669,0.024094,0.06893,3.552037,5.6202993,5,32
2278,8895,Chemical element,Abundance,Abundance,2,Which elements are most abundant in the universe and on Earth?,0.355346,8.785864,12.317549,0.292138,0.0,0.0,0,0,0.0,0.0,0.0,2.903154,5.154623,-10,-10
2279,8895,Chemical element,History,History,2,How was the concept of chemical elements discovered?,4.736842,6.58934,7.31521,3.159166,1.941694,3.875671,12,30,1.933977,0.019345,0.052598,4.214359,4.8254995,2,20
2280,8895,Chemical element,History > Classical definitions,Classical definitions,3,How were elements defined in classical chemistry?,3.787401,9.29901,8.298647,0.735516,0.0,0.0,0,0,0.0,0.0,0.0,4.846399,4.5239806,-10,-10
2281,8895,Chemical element,History > Chemical definitions > Robert Boyle,Robert Boyle,4,What was Robert Boyle's contribution to defining elements?,7.670332,6.842861,12.891938,2.497612,0.982649,1.564175,1,4,0.581526,0.00979,0.021228,4.7793717,4.601553,-9,-6
2282,8895,Chemical element,History > Chemical definitions > Isaac Watts,Isaac Watts,4,What did Isaac Watts contribute to understanding chemical elements?,8.363096,7.247373,12.561386,2.985024,0.0,1.049336,0,2,1.049336,0.0,0.014241,4.7938104,4.536415,-10,-8
2283,8895,Chemical element,History > Chemical definitions > Tabulation,Tabulation,4,When were the chemical elements first organized into tables?,5.824652,6.074803,8.909235,3.627968,0.0,0.0,0,0,0.0,0.0,0.0,3.8398752,4.8753276,-10,-10
2284,8895,Chemical element,History > Atomic definitions,Atomic definitions,3,How did atomic theory change the definition of elements?,2.2067,9.452066,9.289204,0.198928,0.126209,1.040613,1,2,0.914404,0.001257,0.014123,3.7781582,4.9023986,-9,-8
2285,8895,Chemical element,History > Discovery and recognition of various elements,Discovery and recognition of various elements,3,How were different chemical elements discovered over time?,7.895267,7.683549,10.775723,3.183682,0.0,0.978898,0,1,0.978898,0.0,0.013285,3.7705605,4.9608326,-10,-9
2286,8895,Chemical element,History > Recently discovered elements,Recently discovered elements,3,What are the most recently discovered chemical elements?,1.685799,8.839129,6.291842,0.701992,0.0,0.0,0,0,0.0,0.0,0.0,3.7263896,4.9075956,-10,-10
2287,8944,Communication,Introduction,Introduction,0,What is communication?,2.957618,9.729977,6.440203,1.21772,1.548055,1.577956,8,11,0.029901,0.015423,0.021415,10.624949,3.5129027,-2,1
2288,8944,Communication,Definitions,Definitions,2,How do experts define communication?,8.371185,8.996583,11.501269,3.155536,7.845438,1.712878,34,7,-6.13256,0.078163,0.023246,10.609873,3.4748883,24,-3
2289,8944,Communication,Models of communication,Models of communication,2,How do communication models explain the process of exchanging information?,8.116969,8.652815,11.847474,3.256741,1.186674,0.967751,3,1,-0.218923,0.011823,0.013134,10.626164,3.4752676,-7,-9
2290,8944,Communication,Human,Human,2,How do humans communicate with each other?,8.439652,8.922982,11.020696,2.677994,2.576079,2.299672,10,13,-0.276407,0.025665,0.03121,10.614319,3.4592998,0,3
2291,8944,Communication,Human > Verbal,Verbal,3,How does verbal communication work?,8.486272,9.058336,10.767962,2.838492,7.33318,1.378719,28,4,-5.954461,0.073059,0.018711,10.519661,3.27391,18,-6
2292,8944,Communication,Human > Non-verbal,Non-verbal,3,What are examples of non-verbal communication?,8.400729,7.885642,11.932012,2.994005,2.626244,2.927155,12,13,0.300911,0.026165,0.039726,10.5991955,3.4920678,2,3
2293,8944,Communication,Human > Interpersonal,Interpersonal,3,What happens during interpersonal communication?,8.464474,8.80357,10.757097,2.733518,11.047643,1.27153,56,5,-9.776113,0.110066,0.017257,10.632724,3.483686,46,-5
2294,8944,Communication,Human > Intrapersonal,Intrapersonal,3,What is intrapersonal communication?,8.451442,8.238952,11.130887,3.11585,19.315417,16.515902,98,86,-2.799515,0.192436,0.224145,10.60186,3.503621,88,76
2295,8944,Communication,Human > Channels,Channels,3,What channels do people use to communicate?,8.426716,8.863009,11.517178,3.094963,7.997904,9.101564,38,47,1.103659,0.079682,0.123521,10.597343,3.4350615,28,37
2296,8944,Communication,Human > Communicative competence,Communicative competence,3,What makes someone a competent communicator?,6.836612,8.829341,10.956635,2.730273,3.145188,1.385287,20,5,-1.759901,0.031335,0.0188,10.562484,3.3923612,10,-5
2297,8944,Communication,Other species,Other species,2,Do other species communicate?,7.236119,9.284209,10.897968,2.916555,1.102937,1.778446,3,9,0.67551,0.010988,0.024136,10.615403,3.5692854,-7,-1
2298,8944,Communication,Other species > Animals,Animals,3,How do animals communicate with each other?,7.02523,8.836388,11.738364,2.828572,3.356072,1.451298,19,6,-1.904774,0.033436,0.019696,10.556011,3.571925,9,-4
2299,8944,Communication,"Other species > Plants, fungi, and bacteria","Plants, fungi, and bacteria",3,Can plants and bacteria communicate?,6.553762,9.3309,10.2326,2.693379,1.978059,2.065706,10,12,0.087646,0.019707,0.028035,10.608988,3.5868585,0,2
2300,8944,Communication,Other species > Interspecies,Interspecies,3,Can different species communicate with each other?,7.98218,9.292069,10.626377,2.811341,1.332543,1.757747,5,9,0.425204,0.013276,0.023855,10.574268,3.6086078,-5,-1
2301,8944,Communication,Computer,Computer,2,How do computers communicate?,7.679783,6.654944,11.89507,2.134387,27.247912,5.096275,132,25,-22.151638,0.271466,0.069164,10.629861,3.5026906,122,15
2302,8944,Communication,Communication studies,Communication studies,2,What is communication studies as a field?,8.5981,8.825284,11.246885,2.960834,2.32757,7.495763,10,39,5.168193,0.023189,0.101728,10.603028,3.503616,0,29
2303,8944,Communication,History,History,2,How has communication evolved throughout history?,8.590106,8.822057,11.071832,2.916793,1.739074,7.938379,8,46,6.199305,0.017326,0.107735,9.991924,2.4409277,-2,36
2304,9015,Deity,Introduction,Introduction,0,What is a deity?,1.250587,10.04495,6.760321,-1.137611,0.0,0.0,0,0,0.0,0.0,0.0,6.491643,3.063519,-10,-10
2305,9015,Deity,Etymology,Etymology,2,Where does the word deity come from?,0.480578,8.733277,4.429327,0.781987,0.0,0.0,0,0,0.0,0.0,0.0,6.102993,3.4258287,-10,-10
2306,9015,Deity,Definitions,Definitions,2,How do different cultures define what makes something a god?,-0.101882,7.418959,5.359407,0.108249,1.158028,1.048376,3,2,-0.109652,0.011537,0.014228,6.44347,3.1140912,-7,-8
2307,9015,Deity,Prehistoric,Prehistoric,2,Did prehistoric humans worship gods?,7.015117,9.26452,6.50755,-1.056517,0.973321,1.194871,1,5,0.22155,0.009697,0.016216,5.910103,3.6769657,-9,-5
2308,9015,Deity,Religions and cultures > Sub-Saharan African,Sub-Saharan African,3,Who are the major deities in traditional African religions?,6.557395,9.327363,9.660295,1.843956,2.080622,2.247043,8,11,0.166421,0.020729,0.030496,6.163331,3.3079367,-2,1
2309,9015,Deity,Religions and cultures > Ancient Near Eastern > Egyptian,Egyptian,4,What gods did ancient Egyptians worship?,3.562608,9.026884,10.073424,2.439333,1.424566,1.729357,5,7,0.304791,0.014193,0.02347,6.1156898,3.4636428,-5,-3
2310,9015,Deity,Religions and cultures > Ancient Near Eastern > Levantine,Levantine,4,Which deities were worshipped in ancient Canaan and the Levant?,2.12852,8.986578,6.21636,0.110709,1.425999,1.053744,5,2,-0.372254,0.014207,0.014301,6.233308,3.3089926,-5,-8
2311,9015,Deity,Religions and cultures > Ancient Near Eastern > Mesopotamian,Mesopotamian,4,Who were the main gods in ancient Mesopotamia?,7.858305,8.501803,11.730383,3.383126,1.688927,2.51016,6,13,0.821233,0.016826,0.034067,6.132394,3.4579005,-4,3
2312,9015,Deity,Religions and cultures > Indo-European > Germanic,Germanic,4,What gods did Germanic peoples believe in before Christianity?,7.041024,7.258109,11.912075,2.564607,1.273193,2.415111,3,10,1.141918,0.012685,0.032777,6.0282946,3.5595615,-7,0
2313,9015,Deity,Religions and cultures > Indo-European > Greek,Greek,4,Who are the gods and goddesses of Greek mythology?,0.905688,9.529367,5.720789,0.99568,1.697847,7.625691,8,48,5.927844,0.016915,0.103492,6.132043,3.4656503,-2,38
2314,9015,Deity,Religions and cultures > Indo-European > Roman,Roman,4,Which deities did the ancient Romans worship?,3.114869,9.241407,11.52719,3.147717,1.737156,2.059174,7,9,0.322019,0.017307,0.027946,6.215161,3.4675026,-3,-1
2315,9015,Deity,Religions and cultures > Native American > Inca,Inca,4,What gods were important in Inca religion?,6.567104,9.384801,11.072844,3.298558,2.195815,3.025654,10,15,0.829839,0.021876,0.041063,6.1164455,3.3344154,0,5
2316,9015,Deity,Religions and cultures > Native American > Maya and Aztec,Maya and Aztec,4,Who did the Maya and Aztecs worship as gods?,6.975238,9.107553,10.976915,3.174911,2.448842,2.8317,12,12,0.382858,0.024397,0.03843,6.1458793,3.4120648,2,2
2317,9015,Deity,Religions and cultures > Polynesian,Polynesian,3,What deities are central to Polynesian mythology?,3.633976,6.838398,12.269051,3.522668,1.676946,2.507824,7,13,0.830878,0.016707,0.034035,6.3007517,3.1926782,-3,3
2318,9015,Deity,Religions and cultures > Abrahamic > Christianity,Christianity,4,How does Christianity understand God and divinity?,2.658783,9.67188,11.928525,3.422468,1.214136,1.760698,3,7,0.546562,0.012096,0.023895,6.500631,2.9562583,-7,-3
2319,9015,Deity,Religions and cultures > Abrahamic > Islam,Islam,4,What is the Islamic concept of Allah and divine nature?,4.638135,9.018768,10.118287,1.17489,0.0,0.130544,0,1,0.130544,0.0,0.001772,6.531554,2.957081,-10,-9
2320,9015,Deity,Religions and cultures > Abrahamic > Judaism,Judaism,4,How do Jews understand God in Judaism?,8.234594,7.649891,11.768115,3.424528,2.064236,2.22415,8,9,0.159914,0.020566,0.030185,6.5240617,2.9895322,-2,-1
2321,9015,Deity,Religions and cultures > Abrahamic > Mandaeism,Mandaeism,4,What are the divine beings in Mandaeism?,7.265337,8.570315,11.701653,3.378537,1.451243,2.094869,4,9,0.643625,0.014458,0.02843,6.4775414,3.0075173,-6,-1
2322,9015,Deity,Religions and cultures > Asian > Anitism,Anitism,4,What deities are worshipped in Anitism?,3.823778,6.937634,8.728774,2.122515,1.280334,1.513473,4,6,0.233138,0.012756,0.02054,6.404361,3.1078663,-6,-4
2323,9015,Deity,Religions and cultures > Asian > Buddhism,Buddhism,4,Does Buddhism have gods or deities?,1.228609,9.702759,5.973961,0.896395,1.396306,1.948026,4,8,0.55172,0.013911,0.026438,6.409722,3.1224148,-6,-2
2324,9015,Deity,Religions and cultures > Asian > Hinduism,Hinduism,4,Who are the main gods in Hinduism?,7.409982,5.952185,10.920532,-0.619537,0.150993,0.0,1,0,-0.150993,0.001504,0.0,6.374641,3.180903,-9,-10
2325,9015,Deity,Religions and cultures > Asian > Shinto,Shinto,4,What are kami in Shinto religion?,6.862918,7.139104,11.99202,1.208309,2.122632,5.74106,9,28,3.618428,0.021147,0.077915,6.4677734,3.1123507,-1,18
2326,9015,Deity,Religions and cultures > Asian > Taoism,Taoism,4,Are there gods in Taoism?,7.80504,9.166819,11.779802,3.840214,0.0,0.976248,0,1,0.976248,0.0,0.013249,6.463499,3.1187513,-10,-9
2327,9015,Deity,Religions and cultures > Asian > Jainism,Jainism,4,Does Jainism believe in gods?,7.278937,7.565038,11.739213,3.332056,1.347645,1.79822,4,7,0.450575,0.013426,0.024404,6.416372,3.1588368,-6,-3
2328,9015,Deity,Religions and cultures > Asian > Zoroastrianism,Zoroastrianism,4,Who is Ahura Mazda and what role does he play in Zoroastrianism?,2.538886,9.556717,6.354392,0.666228,1.212704,1.295098,3,4,0.082394,0.012082,0.017576,6.4793334,3.0291357,-7,-6
2329,9015,Deity,"Local, regional, and universal deities","Local, regional, and universal deities",2,What's the difference between local gods and universal gods?,8.226047,7.126544,13.1152,3.926609,0.979611,1.509916,1,6,0.530305,0.00976,0.020492,6.2897797,3.3272984,-9,-4
2330,9015,Deity,Skeptical interpretations,Skeptical interpretations,2,How do skeptics and atheists explain belief in deities?,7.797299,7.289996,6.643878,-1.149097,1.086151,1.308762,2,4,0.222611,0.010821,0.017762,6.7491736,3.3637404,-8,-6
2331,9113,Ethics,Introduction,Introduction,0,What is ethics?,2.876842,9.850835,8.878989,1.703433,0.204682,0.041889,2,1,-0.162792,0.002039,0.000568,7.8466635,3.8378026,-8,-9
2332,9113,Ethics,Definition,Definition,2,How is ethics defined?,7.875119,8.20947,11.888919,2.135383,6.785912,3.397458,29,14,-3.388453,0.067607,0.046108,7.8347383,3.8895802,19,4
2333,9113,Ethics,Normative ethics,Normative ethics,2,What are the main approaches to determining right and wrong?,8.544059,8.849208,11.085385,3.103897,2.486469,2.421623,10,8,-0.064846,0.024772,0.032865,7.8468857,3.845535,0,-2
2334,9113,Ethics,Normative ethics > Consequentialism,Consequentialism,3,Does the morality of an action depend on its consequences?,5.943184,9.166195,10.409803,2.758714,1.79256,1.534759,8,5,-0.257801,0.017859,0.020829,8.019489,3.7204912,-2,-5
2335,9113,Ethics,Normative ethics > Consequentialism > Types,Types,4,What are the different types of consequentialist theories?,8.230551,8.485366,11.008827,2.96888,1.220582,1.247184,3,3,0.026602,0.01216,0.016926,7.9965672,3.7565868,-7,-7
2336,9113,Ethics,Normative ethics > Consequentialism > Utilitarianism,Utilitarianism,4,How does utilitarianism determine what's morally right?,8.260285,8.860537,10.681068,2.812655,1.56537,2.228708,5,9,0.663338,0.015595,0.030247,7.9299593,3.7557135,-5,-1
2337,9113,Ethics,Normative ethics > Deontology,Deontology,3,What is deontology and how does it differ from consequentialism?,8.784122,8.628436,11.175544,3.229196,2.947153,4.482327,11,17,1.535173,0.029362,0.060832,7.963194,3.723472,1,7
2338,9113,Ethics,Normative ethics > Deontology > Agent-centered and patient-centered,Agent-centered and patient-centered,4,What's the difference between agent-centered and patient-centered deontology?,6.052555,9.190309,10.285858,2.812764,1.889677,3.545625,9,18,1.655948,0.018826,0.048119,7.9875684,3.7076366,-1,8
2339,9113,Ethics,Normative ethics > Deontology > Kantianism,Kantianism,4,What are Kant's main ideas about morality?,8.798103,8.282186,11.341187,3.177601,2.667516,3.446262,10,14,0.778746,0.026576,0.046771,7.939951,3.7057278,0,4
2340,9113,Ethics,Normative ethics > Deontology > Others,Others,4,What other deontological theories exist besides Kantianism?,8.807521,8.501416,11.505942,3.173229,1.874186,1.502925,6,4,-0.371261,0.018672,0.020397,7.9565806,3.593141,-4,-6
2341,9113,Ethics,Normative ethics > Virtue ethics,Virtue ethics,3,How does virtue ethics approach moral questions?,8.755633,7.710227,11.578699,3.182944,1.20264,1.859964,3,6,0.657324,0.011982,0.025242,7.8408184,3.770047,-7,-4
2342,9113,Ethics,Normative ethics > Other traditions,Other traditions,3,What do non-Western traditions say about ethics?,8.505899,8.82917,11.039436,2.857282,3.391573,1.281493,14,3,-2.11008,0.03379,0.017392,7.6364574,3.6592836,4,-7
2343,9113,Ethics,Metaethics,Metaethics,2,What is metaethics?,8.074614,8.341378,11.567997,2.952363,1.278925,1.526646,3,5,0.24772,0.012742,0.020719,7.925335,3.82985,-7,-5
2344,9113,Ethics,Metaethics > Basic concepts,Basic concepts,3,What are the fundamental concepts studied in metaethics?,8.656081,8.816566,11.179812,3.205718,0.985997,1.478591,1,5,0.492594,0.009823,0.020067,7.9898324,3.778044,-9,-5
2345,9113,Ethics,"Metaethics > Realism, relativism, and nihilism","Realism, relativism, and nihilism",3,Are moral truths objective or relative to cultures?,8.042679,9.073412,10.878911,2.925614,1.475788,4.395371,4,19,2.919583,0.014703,0.059652,8.060634,3.729457,-6,9
2346,9113,Ethics,"Metaethics > Realism, relativism, and nihilism > Naturalism and non-naturalism",Naturalism and non-naturalism,4,Can moral facts be reduced to natural facts?,8.302667,7.608358,11.711319,3.436545,1.133857,0.972807,2,1,-0.161051,0.011296,0.013202,8.139329,3.814416,-8,-9
2347,9113,Ethics,Metaethics > Cognitivism and non-cognitivism,Cognitivism and non-cognitivism,3,Do moral statements express beliefs or just emotions?,5.912054,9.136703,10.317962,2.846855,1.929743,1.473749,7,4,-0.455995,0.019226,0.020001,8.1599655,3.7431834,-3,-6
2348,9113,Ethics,Metaethics > Moral knowledge,Moral knowledge,3,How can we know what's morally right?,8.575293,8.630812,11.531038,3.109882,2.188524,1.548949,8,4,-0.639575,0.021804,0.021021,8.1937065,3.8260627,-2,-6
2349,9113,Ethics,Metaethics > Moral motivation,Moral motivation,3,Why do people act on their moral beliefs?,8.628999,8.775498,12.561465,2.958177,1.266394,1.058363,3,2,-0.208031,0.012617,0.014364,8.088339,3.7712464,-7,-8
2350,9113,Ethics,Applied ethics,Applied ethics,2,How is ethics applied to real-world problems?,7.920096,8.240824,11.370197,3.098306,0.96916,1.111329,1,3,0.142169,0.009656,0.015082,7.829564,3.9111247,-9,-7
2351,9113,Ethics,Applied ethics > Bioethics,Bioethics,3,What ethical issues arise in medicine and healthcare?,8.445336,8.586456,11.30022,2.832256,1.150989,0.966711,3,1,-0.184278,0.011467,0.01312,7.9988093,3.9455698,-7,-9
2352,9113,Ethics,Applied ethics > Business and professional ethics,Business and professional ethics,3,What are the ethical responsibilities of businesses and professionals?,8.28354,8.267133,11.286366,3.245878,1.060082,2.022616,2,7,0.962535,0.010561,0.02745,7.821251,3.9097314,-8,-3
2353,9113,Ethics,Applied ethics > Other subfields,Other subfields,3,What other areas does applied ethics cover?,8.693829,8.251359,10.838453,2.92731,2.234913,1.463073,13,6,-0.77184,0.022266,0.019856,7.8356795,3.9072194,3,-4
2354,9113,Ethics,Related fields > Value theory,Value theory,3,What makes something valuable or good?,6.870796,9.384639,10.306397,2.585063,1.482811,1.174606,6,2,-0.308205,0.014773,0.015941,7.921448,3.8609548,-4,-8
2355,9113,Ethics,Related fields > Moral psychology,Moral psychology,3,How do people actually make moral judgments?,8.507386,8.741572,11.519922,3.066446,1.332368,6.215633,3,30,4.883264,0.013274,0.084355,8.068779,3.9608195,-7,20
2356,9113,Ethics,Related fields > Descriptive ethics,Descriptive ethics,3,How do different cultures and societies practice morality?,8.706809,8.504758,11.191088,3.199653,2.243508,7.481432,10,36,5.237924,0.022352,0.101534,7.9431233,3.8212428,0,26
2357,9113,Ethics,History,History,2,How has ethical thinking evolved throughout history?,6.770661,9.49727,10.600301,2.699814,1.764046,1.732657,7,6,-0.03139,0.017575,0.023515,7.465645,3.6891804,-3,-4
2358,9148,Food,Introduction,Introduction,0,What is food?,-0.36912,7.422037,11.798177,-0.438341,0.129649,0.0,2,0,-0.129649,0.001292,0.0,2.634548,2.0318077,-8,-10
2359,9148,Food,Definition and classification,Definition and classification,2,How is food defined and categorized?,6.944626,8.524132,11.635599,1.118995,1.754463,2.536101,11,18,0.781638,0.017479,0.034419,2.6356797,2.048497,1,8
2360,9148,Food,Food sources,Food sources,2,Where does our food come from?,-0.678145,6.536849,11.043766,2.237025,7.771566,1.422216,61,8,-6.34935,0.077427,0.019302,2.4872932,2.0494034,51,-2
2361,9148,Food,Food sources > Photosynthesis,Photosynthesis,3,How does photosynthesis produce food?,8.759072,7.137393,12.55839,1.575264,1.415662,1.056126,5,2,-0.359537,0.014104,0.014333,1.79608,2.5566676,-5,-8
2362,9148,Food,Food sources > Microorganisms,Microorganisms,3,Can microorganisms be used as food?,6.64654,7.296342,11.415754,1.823882,1.226304,1.497009,4,7,0.270704,0.012217,0.020317,2.3486905,2.1569464,-6,-3
2363,9148,Food,Food sources > Plants,Plants,3,Which plants do we eat?,7.475438,7.633753,12.738933,2.413675,2.658782,5.528444,14,35,2.869662,0.026489,0.075029,2.5841837,2.1026423,4,25
2364,9148,Food,Food sources > Animals,Animals,3,What animals do humans eat for food?,6.641327,5.093219,10.929189,1.186749,1.250173,1.066161,5,2,-0.184012,0.012455,0.014469,2.733066,2.039353,-5,-8
2365,9148,Food,Taste,Taste,2,Why does food taste the way it does?,7.447171,5.212777,11.8763,-0.572235,6.867439,2.330858,31,11,-4.536581,0.068419,0.031633,2.6658397,2.159947,21,1
2366,9148,Food,Digestion,Digestion,2,How does the body digest food?,8.328197,7.177273,12.274839,1.611889,2.347445,1.669396,12,7,-0.67805,0.023387,0.022656,2.5008965,2.1057239,2,-3
2367,9148,Food,Food safety,Food safety,2,How can we make sure food is safe to eat?,5.755189,9.146908,10.78979,1.164555,0.093086,0.0,1,0,-0.093086,0.000927,0.0,3.421184,2.3486369,-9,-10
2368,9168,Geography,Introduction,Introduction,0,What is geography?,6.669831,7.087583,11.712389,1.246456,0.0,0.0,0,0,0.0,0.0,0.0,4.0837145,3.0222743,-10,-10
2369,9168,Geography,Fundamentals,Fundamentals,2,What are the core concepts that define geography?,-0.744532,6.539132,12.727358,1.410707,1.695226,0.0,9,0,-1.695226,0.016889,0.0,4.1096306,3.029751,-1,-10
2370,9168,Geography,Fundamentals > Space,Space,3,How do geographers think about space?,6.6399,7.032611,12.630437,2.912581,1.961173,1.296498,12,6,-0.664675,0.019539,0.017595,4.173102,2.9891748,2,-4
2371,9168,Geography,Fundamentals > Place,Place,3,Why do geographers study the concept of place?,7.377992,8.566146,11.666588,2.421217,2.454806,5.7269,15,37,3.272093,0.024457,0.077722,4.161685,2.9545593,5,27
2372,9168,Geography,Fundamentals > Time,Time,3,How does time factor into geographic studies?,8.459108,7.795941,10.647538,2.69428,2.5519,1.776848,14,12,-0.775051,0.025424,0.024114,4.188165,3.1341333,4,2
2373,9168,Geography,Fundamentals > Scale,Scale,3,Why does scale matter in geography?,4.25112,7.684589,12.386703,0.90906,1.773956,2.902126,14,23,1.12817,0.017674,0.039386,4.118446,3.047705,4,13
2374,9168,Geography,Fundamentals > Laws of geography,Laws of geography,3,Are there fundamental laws that govern geography?,7.091569,9.233649,9.782489,2.112515,3.122938,1.386511,23,6,-1.736427,0.031113,0.018817,4.161817,3.0690665,13,-4
2375,9168,Geography,Sub-disciplines,Sub-disciplines,2,What are the main areas of specialization within geography?,8.469074,7.015909,11.953452,1.398225,1.921736,1.306115,10,5,-0.615621,0.019146,0.017726,4.135046,3.0315201,0,-5
2376,9168,Geography,Sub-disciplines > Four traditions,Four traditions,3,What are the four traditional approaches to studying geography?,8.926501,7.388466,12.504614,3.475722,1.440672,1.090518,5,2,-0.350155,0.014353,0.0148,4.1605897,3.0412784,-5,-8
2377,9168,Geography,Sub-disciplines > Branches,Branches,3,How is geography divided into different branches?,7.872095,7.982521,4.404239,1.576995,1.04555,1.35754,2,5,0.311989,0.010417,0.018424,4.1832976,3.0754411,-8,-5
2378,9168,Geography,Sub-disciplines > Branches > Physical,Physical,4,What does physical geography study?,4.546138,7.165702,11.608175,0.298699,0.0,0.0,0,0,0.0,0.0,0.0,4.0160165,3.1267192,-10,-10
2379,9168,Geography,Sub-disciplines > Branches > Human,Human,4,What topics does human geography cover?,7.947801,7.154698,9.799478,3.633066,0.0,0.0,0,0,0.0,0.0,0.0,4.154832,3.0003757,-10,-10
2380,9168,Geography,Sub-disciplines > Branches > Technical,Technical,4,What is technical geography and what does it involve?,8.51169,6.753305,11.951428,2.976187,2.164653,1.6391,13,8,-0.525553,0.021566,0.022245,4.117281,3.0777557,3,-2
2381,9168,Geography,Methods,Methods,2,How do geographers conduct their research?,1.417249,7.805276,5.406111,-0.125674,1.219009,1.616876,6,9,0.397867,0.012145,0.021943,4.2012124,3.0899956,-4,-1
2382,9168,Geography,Methods > Quantitative methods,Quantitative methods,3,What numerical and statistical approaches do geographers use?,3.59572,7.507531,12.361774,1.578087,1.138446,1.38003,3,4,0.241584,0.011342,0.018729,4.148241,3.0310593,-7,-6
2383,9168,Geography,Methods > Quantitative methods > Quantitative cartography,Quantitative cartography,4,How do geographers use mathematics in mapmaking?,-0.488758,7.511704,4.236954,1.29247,1.592398,0.0,6,0,-1.592398,0.015865,0.0,4.0238867,2.9864628,-4,-10
2384,9168,Geography,Methods > Quantitative methods > Geographic information systems,Geographic information systems,4,What are GIS and how are they used in geography?,7.026578,5.332883,11.634453,3.941595,0.949221,0.0,1,0,-0.949221,0.009457,0.0,4.028391,3.0184278,-9,-10
2385,9168,Geography,Methods > Quantitative methods > Remote sensing,Remote sensing,4,How do satellites and aerial imaging help geographers?,2.642867,9.627496,10.650809,0.684014,1.027054,0.960222,2,1,-0.066833,0.010232,0.013032,3.9606469,2.9494863,-8,-9
2386,9168,Geography,Methods > Quantitative methods > Geostatistics,Geostatistics,4,How do geographers analyze spatial patterns statistically?,0.816452,9.35762,5.877608,-0.146907,12.962356,19.041439,106,131,6.079083,0.129142,0.25842,8.122544,5.9708123,96,121
2387,9168,Geography,Methods > Qualitative methods,Qualitative methods,3,What non-numerical research methods do geographers employ?,8.948063,7.663146,11.810927,3.250743,1.721494,2.0078,10,12,0.286306,0.017151,0.027249,4.212761,3.0741591,0,2
2388,9168,Geography,Methods > Qualitative methods > Qualitative cartography,Qualitative cartography,4,How can maps be used for interpretation rather than just measurement?,7.107705,8.870593,10.281685,2.498577,2.121828,1.70107,14,7,-0.420758,0.021139,0.023086,4.3009152,3.0659175,4,-3
2389,9168,Geography,Methods > Qualitative methods > Ethnography,Ethnography,4,How do geographers use fieldwork and cultural observation?,3.641712,8.039699,6.225955,-0.269837,2.804295,1.787929,21,9,-1.016366,0.027939,0.024265,4.23885,3.0669851,11,-1
2390,9168,Geography,Methods > Qualitative methods > Geopoetics,Geopoetics,4,What is geopoetics and how does it relate to geography?,5.972284,9.190825,9.813287,2.827971,2.075836,2.517538,12,16,0.441702,0.020681,0.034167,4.098363,3.0272145,2,6
2391,9168,Geography,Methods > Qualitative methods > Interviews,Interviews,4,Why do geographers conduct interviews for their research?,4.925861,7.688666,9.640369,2.629052,2.058575,1.122324,12,2,-0.936251,0.020509,0.015232,4.2189164,3.0812316,2,-8
2392,9168,Geography,Origin and history,Origin and history,2,How did geography develop as a field of study?,0.828789,7.599262,7.163875,-0.164659,0.0,0.0,0,0,0.0,0.0,0.0,5.3676553,4.4377823,-10,-10
2393,9168,Geography,Related fields > Geology,Geology,3,How is geography related to geology?,6.766543,7.055296,11.704597,1.405439,1.999173,5.168729,11,36,3.169557,0.019917,0.070147,3.9388587,3.1283307,1,26
2394,9168,Geography,Related fields > History,History,3,What connections exist between geography and history?,7.681867,8.921125,9.023007,2.151656,1.444348,1.229027,7,5,-0.215321,0.01439,0.01668,4.127395,3.0548553,-3,-5
2395,9168,Geography,Related fields > Planetary science,Planetary science,3,How does geography apply to studying other planets?,-0.633845,7.037941,11.249032,0.067403,0.0,0.0,0,0,0.0,0.0,0.0,3.8866751,3.246666,-10,-10
2396,9169,Geology,Introduction,Introduction,0,What is geology?,1.978873,8.419943,5.497818,1.823748,0.0,0.0,0,0,0.0,0.0,0.0,3.5566454,3.2881765,-10,-10
2397,9169,Geology,Geological material > Minerals,Minerals,3,How do minerals form and what are their properties?,-0.375251,6.206909,4.93146,1.393992,2.860479,9.696894,14,71,6.836415,0.028498,0.131601,3.7287781,4.1891475,4,61
2398,9169,Geology,Geological material > Rock,Rock,3,What are the different types of rocks?,7.320982,5.213855,12.137473,-0.507293,0.0,0.0,0,0,0.0,0.0,0.0,3.3986726,3.283691,-10,-10
2399,9169,Geology,Geological material > Unlithified material,Unlithified material,3,What is unlithified material in geology?,4.20292,7.643203,4.295005,1.772803,0.958382,0.959691,1,1,0.00131,0.009548,0.013024,3.5382464,3.2620876,-9,-9
2400,9169,Geology,Whole-Earth structure > Plate tectonics,Plate tectonics,3,How does plate tectonics work?,-0.734676,6.490772,3.86055,0.585686,0.0,0.0,0,0,0.0,0.0,0.0,2.808203,3.5526834,-10,-10
2401,9169,Geology,Whole-Earth structure > Earth structure,Earth structure,3,What are the layers inside Earth?,-0.653957,6.826193,3.631993,0.953655,0.0,0.0,0,0,0.0,0.0,0.0,2.9059956,3.6189246,-10,-10
2402,9169,Geology,Geological time,Geological time,2,How do geologists measure deep time?,4.854873,6.475897,12.852686,3.304075,0.0,0.0,0,0,0.0,0.0,0.0,1.3579168,3.1963787,-10,-10
2403,9169,Geology,Geological time > Timescale of the Earth,Timescale of the Earth,3,What is the geologic timescale?,-0.305078,6.93022,7.362028,2.129458,0.0,0.0,0,0,0.0,0.0,0.0,1.3846426,3.230146,-10,-10
2404,9169,Geology,Geological time > Important milestones on Earth,Important milestones on Earth,3,What were the most important events in Earth's history?,3.148513,8.670499,7.656849,1.385802,0.175908,0.106996,3,2,-0.068912,0.001753,0.001452,1.35134,3.191145,-7,-8
2405,9169,Geology,Geological time > Timescale of the Moon,Timescale of the Moon,3,How old are different parts of the Moon's surface?,8.521205,8.189422,10.816981,3.008637,1.169892,1.056831,3,2,-0.113061,0.011655,0.014343,1.1848421,4.5528297,-7,-8
2406,9169,Geology,Dating methods > Relative dating,Relative dating,3,How can you tell which rock layers are older or younger?,3.097844,9.180944,10.37238,-0.540033,0.0,0.0,0,0,0.0,0.0,0.0,3.4373343,3.3670778,-10,-10
2407,9169,Geology,Dating methods > Absolute dating,Absolute dating,3,How do scientists determine the exact age of rocks?,6.903965,5.760594,11.934631,-0.575009,0.0,0.0,0,0,0.0,0.0,0.0,3.4469993,3.3466344,-10,-10
2408,9169,Geology,Geological development of an area,Geological development of an area,2,How does the geology of a region change over time?,6.189313,7.387598,12.091145,-0.711658,0.0,0.0,0,0,0.0,0.0,0.0,3.2148554,3.4063606,-10,-10
2409,9169,Geology,Investigative methods,Investigative methods,2,What techniques do geologists use to study rocks and Earth?,0.259716,9.116721,3.819048,0.89149,0.0,0.0,0,0,0.0,0.0,0.0,3.5554142,3.254809,-10,-10
2410,9169,Geology,Investigative methods > Field methods,Field methods,3,How do geologists collect data in the field?,1.112207,7.035961,10.477006,2.753702,0.978274,1.055783,1,2,0.077509,0.009746,0.014329,3.486572,3.3001432,-9,-8
2411,9169,Geology,Investigative methods > Petrology,Petrology,3,What is petrology and how do scientists study rocks?,6.797584,7.555832,6.057052,-0.547359,0.0,1.54039,0,5,1.54039,0.0,0.020905,3.4866164,3.3286316,-10,-5
2412,9169,Geology,Investigative methods > Structural geology,Structural geology,3,How do geologists analyze folds and faults in rock formations?,1.893299,10.154357,8.161671,0.736232,0.969192,0.961177,1,1,-0.008014,0.009656,0.013045,3.3838844,3.3604271,-9,-9
2413,9169,Geology,Investigative methods > Stratigraphy,Stratigraphy,3,What is stratigraphy and why does it matter?,6.523843,6.227116,7.262145,0.337179,0.091769,0.156022,1,2,0.064253,0.000914,0.002117,3.4880102,3.309931,-9,-8
2414,9169,Geology,Planetary geology,Planetary geology,2,Can you study the geology of other planets?,3.618225,9.08313,10.590911,0.162983,0.0,0.0,0,0,0.0,0.0,0.0,3.6188095,3.4246655,-10,-10
2415,9169,Geology,Applied geology > Economic geology,Economic geology,3,How is geology used to find valuable resources?,2.48558,8.828512,6.762011,1.242585,1.072248,0.950072,2,1,-0.122176,0.010683,0.012894,3.5920727,3.0887089,-8,-9
2416,9169,Geology,Applied geology > Economic geology > Mining geology,Mining geology,4,What role does geology play in mining operations?,-0.370769,6.790438,5.02804,1.416582,2.3064,1.727873,17,9,-0.578527,0.022978,0.02345,3.5556333,3.0573578,7,-1
2417,9169,Geology,Applied geology > Economic geology > Petroleum geology,Petroleum geology,4,How do geologists locate oil and natural gas deposits?,4.709134,7.917327,6.232733,2.681993,0.0,0.961408,0,1,0.961408,0.0,0.013048,3.534319,3.2607923,-10,-9
2418,9169,Geology,Applied geology > Engineering geology,Engineering geology,3,How does geology help in construction and infrastructure projects?,2.601909,8.708595,7.420053,2.065675,0.965593,0.962784,1,1,-0.002809,0.00962,0.013066,3.5805225,3.2863212,-9,-9
2419,9169,Geology,Applied geology > Hydrology,Hydrology,3,How does geology relate to groundwater and water resources?,-0.655751,7.240534,7.574236,3.470957,0.965538,0.0,1,0,-0.965538,0.009619,0.0,3.5242434,3.2265797,-9,-10
2420,9169,Geology,Applied geology > Paleoclimatology,Paleoclimatology,3,How do scientists study ancient climates using geology?,-0.729832,7.430886,6.315322,-0.566273,1.293999,1.236467,5,5,-0.057533,0.012892,0.016781,3.4257047,3.263527,-5,-5
2421,9169,Geology,Applied geology > Natural hazards,Natural hazards,3,How does geology help predict earthquakes and volcanoes?,2.140136,9.15819,6.016037,0.090495,3.282403,5.799554,31,55,2.517151,0.032702,0.078708,3.556932,3.2290795,21,45
2422,9169,Geology,History,History,2,When did geology emerge as a science?,7.442568,4.581299,12.328463,-0.036253,0.0,0.0,0,0,0.0,0.0,0.0,4.999019,4.417627,-10,-10
2423,9185,Government,Introduction,Introduction,0,What is government?,0.293389,8.933668,8.899065,1.826163,0.0,0.0,0,0,0.0,0.0,0.0,8.299272,-1.8541019,-10,-10
2424,9185,Government,Definitions and etymology,Definitions and etymology,2,Where does the word government come from?,5.597839,5.343007,4.32102,2.150148,0.964019,1.034862,1,2,0.070843,0.009604,0.014045,8.303629,-1.8313018,-9,-8
2425,9185,Government,History > Earliest governments,Earliest governments,3,How did the first governments form in human history?,0.144952,6.262764,6.586497,-0.642766,1.388673,1.736615,6,12,0.347942,0.013835,0.023568,8.309568,-0.52031505,-4,2
2426,9185,Government,History > Modern governments,Modern governments,3,How did governments evolve into their modern forms?,2.167692,7.760504,9.32477,2.827298,1.538507,1.274035,7,5,-0.264473,0.015328,0.017291,8.119355,-1.5538431,-3,-5
2427,9185,Government,Political science > Classification,Classification,3,How do political scientists classify different types of government?,6.787396,5.5417,11.824117,-0.000633,0.0,0.0,0,0,0.0,0.0,0.0,8.377277,-1.6266074,-10,-10
2428,9185,Government,Political science > Social-political ambiguity,Social-political ambiguity,3,What makes the boundary between social and political organization unclear?,-0.274201,6.867303,6.070528,-0.487823,6.802473,1.524423,64,9,-5.27805,0.067772,0.020689,8.291042,-1.6609569,54,-1
2429,9185,Government,Forms,Forms,2,What are the main forms of government?,8.132669,5.721503,11.754279,2.770134,0.729358,0.303262,7,4,-0.426095,0.007266,0.004116,8.407143,-1.7593608,-3,-6
2430,9185,Government,Forms > Modern basic political systems,Modern basic political systems,3,What are the basic types of political systems today?,8.307296,6.666153,12.293757,4.219325,1.216429,1.71087,4,12,0.494441,0.012119,0.023219,8.346222,-1.8613797,-6,2
2431,9185,Government,Forms > Autocracy,Autocracy,3,How does autocracy work as a system of government?,6.516996,5.182397,11.155824,1.156636,0.0,0.0,0,0,0.0,0.0,0.0,8.292703,-1.9040763,-10,-10
2432,9185,Government,Forms > Aristocracy,Aristocracy,3,What is aristocracy and how does it govern?,8.046711,8.242972,12.273739,2.080351,0.96869,1.155678,1,3,0.186988,0.009651,0.015684,8.281258,-1.929893,-9,-7
2433,9185,Government,Forms > Democracy,Democracy,3,How does democracy function as a form of government?,-0.604181,7.558843,12.326888,2.774838,0.974279,0.970293,1,1,-0.003986,0.009707,0.013168,8.312016,-1.9284127,-9,-9
2434,9185,Government,Forms > Democracy > Republics,Republics,4,What makes a republic different from other democracies?,7.280832,5.975183,6.555446,2.581063,0.0,0.0,0,0,0.0,0.0,0.0,8.263881,-1.9366686,-10,-10
2435,9185,Government,Forms > Democracy > Federalism,Federalism,4,How does federalism divide power between different levels of government?,3.121652,8.709311,7.951277,2.105916,0.0,0.0,0,0,0.0,0.0,0.0,8.308516,-1.8743039,-10,-10
2436,9185,Government,Branches,Branches,2,What are the different branches of government?,8.371328,8.99227,11.533119,3.1381,0.97504,0.978424,1,1,0.003384,0.009714,0.013279,8.429078,-1.9418522,-9,-9
2437,9185,Government,Party system,Party system,2,How do political party systems work in modern governments?,7.656106,6.52052,12.815936,3.609684,0.976288,1.089961,1,2,0.113673,0.009727,0.014792,8.332302,-1.9113134,-9,-8
2438,9185,Government,Maps,Maps,2,Which countries have which types of government?,4.81441,6.496876,12.023807,2.176089,1.898397,1.339111,11,6,-0.559286,0.018913,0.018174,8.262166,-1.8090526,1,-4
2439,9185,Government,Public administration,Public administration,2,What is public administration and how does it operate?,6.471349,6.475075,11.869166,0.525869,8.338878,3.291739,59,24,-5.047139,0.083079,0.044674,8.511715,-1.402287,49,14
2440,9185,Government,Public policy,Public policy,2,How do governments create and implement public policy?,2.998813,7.282204,11.864783,1.582417,1.36501,1.248509,7,4,-0.116501,0.013599,0.016944,8.166589,-1.8452075,-3,-6
2441,9248,Human history,Introduction,Introduction,0,What is human history?,5.904373,6.677314,4.27548,0.837587,0.056227,0.177358,1,2,0.121131,0.00056,0.002407,7.8425727,1.2962661,-9,-8
2442,9248,Human history,Prehistory > Human origins,Human origins,3,How did humans first evolve?,7.080626,7.536172,6.207596,0.6113,1.127932,1.519803,3,6,0.391871,0.011237,0.020626,6.8798547,1.6496696,-7,-4
2443,9248,Human history,Prehistory > Early humans,Early humans,3,What were early humans like?,6.947054,8.903668,10.060405,2.689468,2.015866,1.621827,12,8,-0.394039,0.020084,0.022011,6.9143763,1.5968814,2,-2
2444,9248,Human history,Prehistory > Neolithic,Neolithic,3,What happened during the Neolithic period?,5.841835,9.33884,10.205427,2.499019,0.960155,0.0,1,0,-0.960155,0.009566,0.0,7.283997,1.4488833,-9,-10
2445,9248,Human history,Ancient > Cradles of civilization,Cradles of civilization,3,Where did the first civilizations emerge?,4.020801,9.37753,8.057476,1.481407,2.24345,3.086564,14,24,0.843114,0.022351,0.041889,7.696722,1.453642,4,14
2446,9248,Human history,Ancient > Axial Age,Axial Age,3,What was the Axial Age?,1.329356,6.908563,4.905688,1.584925,2.033645,9.653775,13,69,7.620131,0.020261,0.131016,7.1941442,3.3020375,3,59
2447,9248,Human history,Ancient > Regional empires,Regional empires,3,Which empires dominated the ancient world?,6.022164,5.785341,6.399458,-0.915801,1.64866,10.271222,6,54,8.622562,0.016425,0.139395,7.9649653,1.0346407,-4,44
2448,9248,Human history,"Ancient > Declines, falls, and resurgence","Declines, falls, and resurgence",3,Why did ancient civilizations fall and how did they recover?,1.861479,9.405396,6.576698,-0.490383,2.067299,19.888735,10,126,17.821436,0.020596,0.269919,8.050977,0.91838175,0,116
2449,9248,Human history,Post-classical,Post-classical,2,What characterized the post-classical period?,1.410781,10.244784,8.934429,1.813436,1.602378,1.195294,8,4,-0.407084,0.015964,0.016222,7.6809535,0.7083167,-2,-6
2450,9248,Human history,Post-classical > West and Central Asia,West and Central Asia,3,What happened in West and Central Asia during the post-classical era?,7.586485,8.525922,9.954282,2.3695,2.668204,1.5445,12,6,-1.123704,0.026583,0.020961,7.7667613,0.68021613,2,-4
2451,9248,Human history,Post-classical > Europe,Europe,3,How did Europe develop during the medieval period?,1.182372,7.20141,7.01412,-0.232503,0.952345,0.0,1,0,-0.952345,0.009488,0.0,8.417825,0.74339956,-9,-10
2452,9248,Human history,Post-classical > Sub-Saharan Africa,Sub-Saharan Africa,3,What civilizations arose in Sub-Saharan Africa after ancient times?,7.84155,7.799373,12.186885,2.910481,1.318468,1.618199,3,5,0.299731,0.013136,0.021961,7.245102,0.99553645,-7,-5
2453,9248,Human history,Post-classical > South Asia,South Asia,3,What major developments occurred in South Asia during medieval times?,2.582036,7.122097,6.584924,-0.744465,0.151251,1.272295,1,4,1.121044,0.001507,0.017267,7.7364383,0.6869292,-9,-6
2454,9248,Human history,Post-classical > Northeast Asia,Northeast Asia,3,How did China and Japan evolve during the post-classical period?,0.187747,8.516246,8.729743,1.880727,1.266491,0.938956,4,1,-0.327535,0.012618,0.012743,8.133418,0.68310326,-6,-9
2455,9248,Human history,Post-classical > Southeast Asia,Southeast Asia,3,What kingdoms and empires emerged in Southeast Asia?,6.323867,9.35173,10.196012,2.575504,1.700593,1.721531,6,8,0.020938,0.016943,0.023364,7.5835285,0.6535688,-4,-2
2456,9248,Human history,Post-classical > Oceania,Oceania,3,How did Pacific Island societies develop?,1.028475,9.29321,7.80598,1.477032,1.914687,1.576881,8,8,-0.337805,0.019076,0.021401,5.9127727,0.67856413,-2,-2
2457,9248,Human history,Post-classical > Americas,Americas,3,What civilizations flourished in the Americas before European contact?,1.735351,9.108586,6.274139,0.079865,4.004697,3.813419,18,21,-0.191278,0.039898,0.051754,6.882978,0.93179345,8,11
2458,9248,Human history,Early modern,Early modern,2,What defines the early modern period?,8.062372,6.838551,12.143576,1.273774,53.586433,48.217017,251,243,-5.369416,0.533872,0.654375,8.311665,0.47407985,241,233
2459,9248,Human history,Early modern > West and Central Asia,West and Central Asia,3,What empires dominated West and Central Asia in early modern times?,2.534604,7.225399,8.388701,2.504129,2.606416,1.251199,12,3,-1.355217,0.025967,0.016981,7.7724624,0.51130337,2,-7
2460,9248,Human history,Early modern > Europe,Europe,3,How did Europe change during the Renaissance and Enlightenment?,6.499145,9.278841,9.48259,1.901015,1.373079,1.130312,4,3,-0.242767,0.01368,0.01534,8.671991,0.5134675,-6,-7
2461,9248,Human history,Early modern > Sub-Saharan Africa,Sub-Saharan Africa,3,What happened in Africa during the early modern period?,7.225256,8.817803,11.085149,3.251991,1.342161,1.577359,3,5,0.235198,0.013372,0.021407,7.1787996,0.92116904,-7,-5
2462,9248,Human history,Early modern > South Asia,South Asia,3,How did the Mughal Empire transform South Asia?,3.288216,6.972505,11.765347,2.510028,1.684525,2.121853,5,8,0.437328,0.016783,0.028797,7.7627206,0.41999027,-5,-2
2463,9248,Human history,Early modern > Northeast Asia,Northeast Asia,3,What changes occurred in China and Japan during early modern times?,6.259886,9.370054,10.263165,2.472253,2.456269,2.305908,9,10,-0.150361,0.024471,0.031295,8.074896,0.64554614,-1,0
2464,9248,Human history,Early modern > Southeast Asia,Southeast Asia,3,How did European colonization affect Southeast Asia?,1.898689,8.956503,7.292514,2.542347,2.288661,2.07077,9,8,-0.217891,0.022801,0.028103,7.641323,0.6253893,-1,-2
2465,9248,Human history,Early modern > Oceania,Oceania,3,What happened when Europeans reached the Pacific Islands?,2.90417,7.496229,8.68867,2.567418,1.32971,2.26998,3,10,0.94027,0.013248,0.030807,5.8270006,0.63376415,-7,0
2466,9248,Human history,Early modern > Americas,Americas,3,How were the Americas colonized by European powers?,7.568075,8.103701,11.393209,1.497466,8.384309,7.88415,43,42,-0.500159,0.083531,0.106999,6.507274,0.48897606,33,32
2467,9248,Human history,Modern > Long nineteenth century,Long nineteenth century,3,What made the 19th century transformative?,1.214254,10.041417,6.525576,-1.053843,2.99425,1.70901,25,10,-1.285241,0.029831,0.023194,7.641339,0.054466046,15,0
2468,9248,Human history,Modern > World wars,World wars,3,What caused the world wars and what were their consequences?,7.773818,8.432877,11.242962,1.747106,1.068597,1.321075,2,5,0.252478,0.010646,0.017929,7.4868126,-0.407393,-8,-5
2469,9248,Human history,Modern > Contemporary history,Contemporary history,3,What are the defining events of recent history?,7.217491,7.930146,11.431436,2.245727,5.435677,2.63081,28,14,-2.804868,0.054155,0.035704,7.36545,-0.33356497,18,4
2470,9248,Human history,Academic research,Academic research,2,How do historians study and research human history?,7.189009,5.955852,10.824023,2.254536,1.203464,1.716146,3,8,0.512681,0.01199,0.023291,8.752031,1.982022,-7,-2
2471,9248,Human history,Academic research > Periodization,Periodization,3,How do historians divide history into different periods?,7.818256,8.434599,10.915545,2.290648,1.596657,1.363402,7,4,-0.233255,0.015907,0.018503,8.051729,1.1513152,-3,-6
2472,9419,Modern era,Introduction,Introduction,0,What is the modern era?,5.775324,4.944967,11.611897,-0.486823,9.321946,6.416471,76,48,-2.905475,0.092873,0.087081,8.485441,0.59624904,66,38
2473,9419,Modern era,Terminology,Terminology,2,How is the modern era defined and what do historians call it?,6.804938,7.213017,10.5072,-0.392041,2.681152,2.014043,18,14,-0.667109,0.026712,0.027333,8.407506,0.6060697,8,4
2474,9419,Modern era,Characteristics,Characteristics,2,What are the main features of the modern era?,-0.12466,6.341482,13.069804,1.783855,2.179815,2.198044,16,15,0.018228,0.021717,0.029831,8.511664,0.8510294,6,5
2475,9419,Modern era,Early modern period > Late 15th to 17th century > Renaissance and early Reformation (c. 1450–1600),Renaissance and early Reformation (c. 1450–1600),4,How did the Renaissance and Reformation change European society?,7.748341,7.897871,10.602142,3.093289,1.849255,2.273269,6,9,0.424014,0.018424,0.030852,8.519918,0.5601971,-4,-1
2476,9419,Modern era,Early modern period > Late 15th to 17th century > Late Reformation and early Baroque (c. 1600–1700),Late Reformation and early Baroque (c. 1600–1700),4,What happened during the Baroque period in the 1600s?,7.757077,7.928268,10.635711,3.081217,1.594764,1.921142,4,6,0.326378,0.015888,0.026073,8.158446,-0.0542721,-6,-4
2477,9419,Modern era,Early modern period > 18th century > Age of Enlightenment and Revolution (c. 1700–1800),Age of Enlightenment and Revolution (c. 1700–1800),4,How did the Enlightenment lead to revolutions?,7.900844,7.990544,10.40853,2.920865,0.184598,1.971679,1,7,1.787081,0.001839,0.026759,7.9183726,0.124759234,-9,-3
2478,9419,Modern era,19th century,19th century,2,What major changes occurred during the 1800s?,5.536505,7.030267,11.760631,2.590176,1.788872,1.594169,8,5,-0.194703,0.017822,0.021635,7.914143,0.15397307,-2,-5
2479,9419,Modern era,19th century > Napoleonic era (1799–1815),Napoleonic era (1799–1815),3,How did Napoleon reshape Europe?,8.360231,7.585474,10.528019,3.160208,3.044724,2.62066,13,9,-0.424063,0.030334,0.035566,7.946599,0.14481688,3,-1
2480,9419,Modern era,19th century > Spreading of the Industrial Revolution,Spreading of the Industrial Revolution,3,How did industrialization spread beyond Britain?,2.383398,8.349377,6.538289,2.051548,0.0,0.0,0,0,0.0,0.0,0.0,7.8512836,0.082184084,-10,-10
2481,9419,Modern era,19th century > Late 19th century,Late 19th century,3,What characterized the final decades of the nineteenth century?,1.568436,10.115943,6.272799,-0.826349,0.965544,2.006139,1,10,1.040595,0.00962,0.027226,7.3560805,0.3097893,-9,0
2482,9419,Modern era,20th century,20th century,2,What defined the twentieth century?,1.164783,9.86336,6.378452,-0.781391,3.732154,5.86542,31,37,2.133266,0.037183,0.079602,7.309203,-0.027369691,21,27
2483,9419,Modern era,20th century > World War I,World War I,3,What caused World War I and how did it reshape the world?,1.497997,10.082473,7.365529,0.100036,4.234686,0.0,18,0,-4.234686,0.042189,0.0,7.506101,-0.40535977,8,-10
2484,9419,Modern era,20th century > Interwar period,Interwar period,3,What happened between the two world wars?,7.789753,8.214467,8.433519,2.72639,1.571521,2.879367,5,12,1.307846,0.015657,0.039077,7.4405136,-0.38458842,-5,2
2485,9419,Modern era,20th century > World War II,World War II,3,Why did World War II start and what were its consequences?,2.273304,9.440785,7.730559,0.674912,1.436037,2.990435,5,15,1.554398,0.014307,0.040585,7.479386,-0.42112115,-5,5
2486,9419,Modern era,20th century > Cold War,Cold War,3,What was the Cold War and how did it divide the world?,8.070982,7.213239,12.873766,3.317404,1.526527,2.550498,7,15,1.023972,0.015209,0.034614,7.353371,-0.24541454,-3,5
2487,9419,Modern era,Post–Cold War era > 1990s,1990s,3,What changed globally after the Cold War ended?,3.279496,8.77844,9.039676,2.435319,1.628787,1.634586,10,10,0.005799,0.016227,0.022184,7.326977,-0.119100235,0,0
2488,9419,Modern era,Other sources,Other sources,2,Where can I learn more about the modern era?,4.883539,6.975611,10.641679,2.308044,0.0,0.0,0,0,0.0,0.0,0.0,8.512513,0.6798783,-10,-10
2489,9539,Philosophy,Introduction,Introduction,0,What is philosophy?,6.616177,7.336112,11.508673,1.26649,1.844832,1.097591,6,2,-0.747241,0.01838,0.014896,7.5455446,3.9916723,-4,-8
2490,9539,Philosophy,Etymology,Etymology,2,Where does the word philosophy come from?,7.637239,8.421199,11.516422,1.366607,2.521542,23.156801,11,102,20.635259,0.025122,0.314271,6.9966545,4.044828,1,92
2491,9539,Philosophy,Conceptions of philosophy > General conception,General conception,3,How do people generally understand what philosophy means?,8.644928,8.713241,11.870131,2.293873,1.042338,0.0,2,0,-1.042338,0.010385,0.0,7.8883014,4.0676346,-8,-10
2492,9539,Philosophy,Conceptions of philosophy > Academic definitions,Academic definitions,3,How do scholars and universities define philosophy?,8.38791,7.87465,12.117227,2.951877,6.923432,3.998863,38,17,-2.92457,0.068977,0.05427,8.175321,4.155135,28,7
2493,9539,Philosophy,History,History,2,How did philosophy develop over time?,4.730989,6.551084,11.828332,2.196227,1.19206,1.082798,4,2,-0.109262,0.011876,0.014695,7.468226,3.781361,-6,-8
2494,9539,Philosophy,History > Western,Western,3,How did Western philosophy evolve from ancient Greece to today?,8.167881,8.838318,10.947156,2.635394,2.345012,1.915307,8,7,-0.429705,0.023363,0.025993,7.2125564,3.7183285,-2,-3
2495,9539,Philosophy,History > Arabic–Persian,Arabic–Persian,3,What contributions did Arabic and Persian thinkers make to philosophy?,8.388535,8.809649,10.966282,3.094845,2.146604,2.253591,6,8,0.106987,0.021386,0.030584,7.272441,3.7586696,-4,-2
2496,9539,Philosophy,History > Indian,Indian,3,What are the major schools of thought in Indian philosophy?,8.620983,8.393229,11.890246,1.984742,1.505163,0.959972,4,1,-0.54519,0.014996,0.013028,7.098428,3.4700854,-6,-9
2497,9539,Philosophy,History > Chinese,Chinese,3,How did philosophical thinking develop in China?,7.887662,8.284507,10.906428,2.600674,8.067867,2.430077,33,11,-5.63779,0.080379,0.03298,7.270033,3.5701761,23,1
2498,9539,Philosophy,History > Other traditions,Other traditions,3,What philosophical traditions exist outside the major civilizations?,8.163118,8.663856,10.196849,2.650975,1.329138,0.976514,3,1,-0.352624,0.013242,0.013253,7.26465,3.5564778,-7,-9
2499,9539,Philosophy,Core branches,Core branches,2,What are the main areas philosophers study?,1.23342,9.218517,11.29107,0.106021,1.173023,0.0,4,0,-1.173023,0.011687,0.0,7.775869,4.1371245,-6,-10
2500,9539,Philosophy,Core branches > Epistemology,Epistemology,3,How do we know what we know?,9.043236,7.410206,12.095217,2.950672,3.111554,1.291527,18,5,-1.820027,0.031,0.017528,8.4452915,3.6541681,8,-5
2501,9539,Philosophy,Core branches > Ethics,Ethics,3,What makes an action right or wrong?,9.014213,7.45932,12.466111,2.617012,1.723756,1.964473,5,6,0.240717,0.017173,0.026661,7.9026194,3.836732,-5,-4
2502,9539,Philosophy,Core branches > Logic,Logic,3,What rules govern valid reasoning and argument?,8.118342,8.421356,10.606462,1.91806,1.129729,1.226154,2,5,0.096426,0.011255,0.016641,9.65954,6.9446464,-8,-5
2503,9539,Philosophy,Core branches > Metaphysics,Metaphysics,3,What is the fundamental nature of reality?,8.289243,7.010283,12.228724,2.567537,0.999134,1.668018,5,7,0.668883,0.009954,0.022637,7.806457,4.155044,-5,-3
2504,9539,Philosophy,Core branches > Other major branches,Other major branches,3,What other important areas does philosophy explore?,8.336937,8.038808,11.966328,2.967754,13.195282,6.047724,59,30,-7.147558,0.131462,0.082076,7.841893,4.121774,49,20
2505,9539,Philosophy,Methods,Methods,2,How do philosophers approach and investigate questions?,8.657735,8.785326,11.56025,3.217936,0.935883,1.337377,1,3,0.401494,0.009324,0.01815,8.20587,4.212817,-9,-7
2506,9539,Philosophy,Relation to other fields,Relation to other fields,2,"How does philosophy connect to science, religion, and other disciplines?",8.037897,8.954674,11.080043,2.722759,2.985413,2.068748,16,8,-0.916665,0.029743,0.028076,7.822393,4.0770283,6,-2
2507,9636,Religion,Introduction,Introduction,0,What is religion?,7.055053,5.882581,11.212403,0.938789,0.0,0.0,0,0,0.0,0.0,0.0,6.805689,2.9753537,-10,-10
2508,9636,Religion,"Etymology and history of the concept of ""religion"" > Etymology",Etymology,3,Where does the word religion come from?,1.139821,8.059371,4.508316,1.283632,0.0,0.0,0,0,0.0,0.0,0.0,6.7700367,3.355249,-10,-10
2509,9636,Religion,"Etymology and history of the concept of ""religion"" > Etymology > Religiō",Religiō,4,What did the Latin word religiō originally mean?,0.75306,9.359209,3.688188,0.94648,0.0,0.0,0,0,0.0,0.0,0.0,6.7294354,3.3550305,-10,-10
2510,9636,Religion,"Etymology and history of the concept of ""religion"" > Etymology > Threskeia",Threskeia,4,What does the Greek term threskeia refer to?,0.470663,8.565973,5.554029,0.806027,1.140627,0.0,2,0,-1.140627,0.011364,0.0,6.639475,3.3805647,-8,-10
2511,9636,Religion,"Etymology and history of the concept of ""religion"" > History of the concept of ""religion""","History of the concept of ""religion""",3,How has the meaning of religion changed over time?,-0.628494,7.062735,4.401033,1.666058,0.0,0.0,0,0,0.0,0.0,0.0,6.826707,3.1678576,-10,-10
2512,9636,Religion,"Etymology and history of the concept of ""religion"" > History of the concept of ""religion"" > History of ""nonreligion"" and ""secular""","History of ""nonreligion"" and ""secular""",4,When did the terms nonreligion and secular emerge?,7.645355,8.578267,11.866395,2.258997,1.500543,1.355916,7,5,-0.144626,0.01495,0.018402,6.9040394,3.155263,-3,-5
2513,9636,Religion,Definition > Modern Western,Modern Western,3,How do modern Western societies define religion?,0.829494,9.941133,6.589992,-0.971599,0.0,0.0,0,0,0.0,0.0,0.0,6.905767,3.1830497,-10,-10
2514,9636,Religion,Definition > Classical,Classical,3,How did ancient civilizations understand religion?,3.135417,9.20057,8.648122,0.630696,0.0,0.0,0,0,0.0,0.0,0.0,6.862929,3.2639484,-10,-10
2515,9636,Religion,Aspects > Beliefs,Beliefs,3,What do religious people believe in?,1.516707,8.369314,6.180718,0.036484,1.599627,0.0,8,0,-1.599627,0.015937,0.0,6.9547496,3.1616893,-2,-10
2516,9636,Religion,Aspects > Mythology,Mythology,3,What role does mythology play in religion?,3.701715,9.067524,6.369078,0.599927,0.0,0.0,0,0,0.0,0.0,0.0,6.53985,3.1140015,-10,-10
2517,9636,Religion,Aspects > Practices,Practices,3,What are common religious practices?,3.725046,7.278164,7.534839,3.362187,0.0,0.0,0,0,0.0,0.0,0.0,6.8182445,3.0084183,-10,-10
2518,9636,Religion,Academic study,Academic study,2,How do scholars study religion academically?,1.353693,9.204878,6.200943,-0.301386,0.957434,1.161678,1,3,0.204244,0.009539,0.015766,6.977825,3.1920683,-9,-7
2519,9636,Religion,Academic study > Theories,Theories,3,What theories explain why religions exist?,3.681659,7.364555,7.657143,3.461391,0.0,0.0,0,0,0.0,0.0,0.0,6.9662075,3.1258037,-10,-10
2520,9636,Religion,Academic study > Theories > Origins and development,Origins and development,4,How did religion originate and develop throughout human history?,1.762852,8.340838,7.432389,1.048497,0.0,0.0,0,0,0.0,0.0,0.0,6.9606743,3.1482596,-10,-10
2521,9636,Religion,Academic study > Theories > Cultural system,Cultural system,4,How does religion function as a cultural system?,1.141208,7.543455,8.966684,0.72239,0.0,0.0,0,0,0.0,0.0,0.0,6.9320807,3.1940782,-10,-10
2522,9636,Religion,Academic study > Theories > Social constructionism,Social constructionism,4,Is religion socially constructed?,1.472785,7.393167,4.491465,2.042384,0.0,0.0,0,0,0.0,0.0,0.0,6.9237413,3.1773386,-10,-10
2523,9636,Religion,Academic study > Theories > Cognitive science,Cognitive science,4,What does cognitive science reveal about religious thinking?,6.279752,9.40029,5.753413,0.967313,0.958646,0.958458,1,1,-0.000188,0.009551,0.013008,8.32703,4.4589972,-9,-9
2524,9636,Religion,Academic study > Comparativism,Comparativism,3,How do scholars compare different religions?,-0.427354,6.516175,10.920976,1.160275,0.0,0.0,0,0,0.0,0.0,0.0,6.811385,3.051648,-10,-10
2525,9636,Religion,Classification,Classification,2,How are religions classified into different types?,0.645339,7.013953,6.646987,1.847603,0.0,0.0,0,0,0.0,0.0,0.0,6.9295363,3.1800966,-10,-10
2526,9636,Religion,Classification > Morphological classification,Morphological classification,3,What are the structural differences between religions?,1.013464,9.234397,5.827641,0.910372,0.0,0.0,0,0,0.0,0.0,0.0,6.8165617,3.076873,-10,-10
2527,9636,Religion,Classification > Demographic classification,Demographic classification,3,What are the largest religions by number of followers?,3.009557,9.265441,10.393941,-0.412929,0.0,0.0,0,0,0.0,0.0,0.0,6.63547,2.6441329,-10,-10
2528,9636,Religion,Specific religions > Abrahamic > Judaism,Judaism,4,What are the core beliefs and practices of Judaism?,1.901378,8.577079,7.204718,1.162121,0.0,0.0,0,0,0.0,0.0,0.0,6.642976,2.865431,-10,-10
2529,9636,Religion,Specific religions > Abrahamic > Christianity,Christianity,4,What do Christians believe?,2.639099,9.362453,7.493652,0.818692,1.655194,0.0,7,0,-1.655194,0.01649,0.0,6.583867,2.8289342,-3,-10
2530,9636,Religion,Specific religions > Abrahamic > Islam,Islam,4,What are the main teachings of Islam?,1.014662,9.378166,6.62006,-0.318996,5.296041,8.315681,35,53,3.01964,0.052763,0.112856,6.547388,2.8425732,25,43
2531,9636,Religion,Specific religions > Abrahamic > Other,Other,4,"What other Abrahamic faiths exist besides Judaism, Christianity, and Islam?",8.16781,7.93897,10.268703,2.410051,0.972632,0.970124,1,1,-0.002508,0.00969,0.013166,6.574523,2.9261286,-9,-9
2532,9636,Religion,Specific religions > East Asian,East Asian,3,What religions are practiced in East Asia?,3.117117,7.530003,7.216867,2.634692,1.860622,1.396604,8,4,-0.464018,0.018537,0.018954,6.671327,3.025915,-2,-6
2533,9636,Religion,Specific religions > East Asian > Folk religions,Folk religions,4,What are East Asian folk religions?,2.092105,9.074814,6.679241,0.459617,0.239509,1.106821,2,2,0.867312,0.002386,0.015021,6.634533,2.999985,-8,-8
2534,9636,Religion,Specific religions > Indian religions,Indian religions,3,What religions originated in India?,3.243522,7.522759,7.235412,2.673653,0.0,0.0,0,0,0.0,0.0,0.0,6.6646137,3.0206964,-10,-10
2535,9636,Religion,Specific religions > Indian religions > Hinduism,Hinduism,4,What is Hinduism and what do Hindus believe?,0.35151,8.717877,3.568955,0.918711,1.105989,0.940744,2,1,-0.165245,0.011019,0.012767,6.593131,3.0627155,-8,-9
2536,9636,Religion,Specific religions > Indian religions > Jainism,Jainism,4,What are the principles of Jainism?,3.637252,9.019203,11.624231,2.525801,0.089963,0.074711,1,1,-0.015253,0.000896,0.001014,6.7698164,3.1489851,-9,-9
2537,9636,Religion,Specific religions > Indian religions > Buddhism,Buddhism,4,What did Buddha teach?,5.998882,5.833277,7.386347,-0.414133,0.976124,1.001262,1,2,0.025138,0.009725,0.013589,6.8419957,3.0289116,-9,-8
2538,9636,Religion,Specific religions > Indian religions > Sikhism,Sikhism,4,What is Sikhism?,-0.175644,7.715552,7.786881,0.511229,0.0,0.0,0,0,0.0,0.0,0.0,6.621091,2.8993042,-10,-10
2539,9636,Religion,Specific religions > Indigenous and folk,Indigenous and folk,3,What are indigenous and folk religions?,2.124506,8.872776,7.574746,-0.175669,1.486703,0.0,6,0,-1.486703,0.014812,0.0,6.6236467,2.8571692,-4,-10
2540,9636,Religion,Specific religions > Traditional African,Traditional African,3,What characterizes traditional African religions?,2.391767,7.777751,6.669523,-0.401104,0.0,0.461328,0,4,0.461328,0.0,0.006261,6.5558114,2.8034425,-10,-6
2541,9636,Religion,Specific religions > Iranian,Iranian,3,What ancient religions came from Iran?,3.637248,8.068271,7.37707,2.671697,0.0,0.0,0,0,0.0,0.0,0.0,6.5827723,2.9039164,-10,-10
2542,9636,Religion,Specific religions > New religious movements,New religious movements,3,What are new religious movements?,6.038076,5.771347,6.82901,-0.979901,0.151351,0.0,1,0,-0.151351,0.001508,0.0,6.57505,3.0316975,-9,-10
2543,9636,Religion,Related aspects > Law,Law,3,How does religion interact with legal systems?,6.045829,5.804584,10.74516,0.151475,1.012404,0.912564,2,1,-0.09984,0.010086,0.012385,7.0407047,3.0701168,-8,-9
2544,9636,Religion,Related aspects > Science,Science,3,Can religion and science coexist?,1.351614,9.742718,6.869944,-0.293629,0.0,0.0,0,0,0.0,0.0,0.0,6.881149,3.2657082,-10,-10
2545,9636,Religion,Related aspects > Morality,Morality,3,Does morality come from religion?,6.717407,5.457706,11.743045,1.471526,0.960336,0.834945,1,1,-0.125392,0.009568,0.011331,7.1594996,3.3266737,-9,-9
2546,9636,Religion,Related aspects > Politics > Impact,Impact,4,How does religion influence politics?,6.610749,6.564754,6.653972,-0.562624,0.444692,14.992246,3,80,14.547554,0.00443,0.203467,6.6720815,2.606087,-7,70
2547,9636,Religion,Related aspects > Politics > Secularism,Secularism,4,What is secularism and how does it relate to religion?,3.772307,7.986223,4.970091,1.337391,1.354734,0.972091,5,1,-0.382643,0.013497,0.013193,6.883218,2.9429517,-5,-9
2548,9636,Religion,Related aspects > Economics,Economics,3,How does religion affect economic behavior?,0.902971,8.721845,10.827788,-0.535186,2.23564,0.079025,17,1,-2.156615,0.022273,0.001072,6.7120457,2.7172346,7,-9
2549,9636,Religion,Related aspects > Health,Health,3,Does religion impact physical and mental health?,1.835367,9.702604,7.65638,0.838204,0.959651,0.973027,1,1,0.013376,0.009561,0.013205,6.9815183,3.186591,-9,-9
2550,9636,Religion,Related aspects > Violence,Violence,3,What is the relationship between religion and violence?,5.776845,6.728639,6.508315,-0.308815,0.055962,0.136665,1,2,0.080704,0.000558,0.001855,6.992337,3.1579893,-9,-8
2551,9636,Religion,Related aspects > Superstition,Superstition,3,How is superstition different from religion?,2.663951,8.729115,7.145274,1.123427,0.0,0.0,0,0,0.0,0.0,0.0,6.6517777,3.419348,-10,-10
2552,9636,Religion,Related aspects > Agnosticism and atheism,Agnosticism and atheism,3,What do agnostics and atheists believe?,7.745816,5.720476,12.79432,1.000107,0.966254,0.960894,1,1,-0.00536,0.009627,0.013041,6.788377,3.1306636,-9,-9
2553,9636,Religion,Related aspects > Interfaith cooperation,Interfaith cooperation,3,How do different religions work together?,1.39006,9.551206,6.23608,-0.229454,1.600015,22.466172,9,120,20.866157,0.015941,0.304899,6.9217253,3.1148753,-1,110
2554,9636,Religion,Related aspects > Culture,Culture,3,How does religion shape culture and society?,7.946153,6.864573,7.967066,0.513292,1.374911,0.0,3,0,-1.374911,0.013698,0.0,6.9388623,3.0967352,-7,-10
2555,9697,Science,Introduction,Introduction,0,What is science?,0.419838,7.817775,4.756803,1.605915,5.723683,6.008729,46,46,0.285047,0.057024,0.081547,6.8456473,4.8181005,36,36
2556,9697,Science,Etymology,Etymology,2,Where does the word science come from?,6.725457,7.085494,11.763304,1.225053,6.058054,0.439201,22,1,-5.618853,0.060355,0.005961,6.8600297,4.1251745,12,-9
2557,9697,Science,History > Early history,Early history,3,How did science begin in ancient civilizations?,-0.62304,7.687706,5.008223,0.687087,11.718717,19.617279,83,148,7.898562,0.116751,0.266235,6.531703,4.396271,73,138
2558,9697,Science,History > Classical antiquity,Classical antiquity,3,How did the ancient Greeks and Romans contribute to science?,7.423358,4.665545,11.695085,-0.498459,0.0,0.0,0,0,0.0,0.0,0.0,5.269913,4.5255756,-10,-10
2559,9697,Science,History > Middle Ages,Middle Ages,3,What happened to scientific knowledge during the Middle Ages?,8.205493,5.739001,12.499387,0.742012,1.876693,2.128488,8,5,0.251795,0.018697,0.028887,6.0894904,4.3384066,-2,-5
2560,9697,Science,History > Renaissance,Renaissance,3,How did the Renaissance change scientific thinking?,-0.850776,6.527128,11.602436,-0.584807,0.0,0.0,0,0,0.0,0.0,0.0,5.6097198,4.6513386,-10,-10
2561,9697,Science,History > Age of Enlightenment,Age of Enlightenment,3,What scientific discoveries emerged during the Enlightenment?,7.162949,4.575088,8.000998,0.16652,0.0,0.0,0,0,0.0,0.0,0.0,5.9277782,4.4032545,-10,-10
2562,9697,Science,History > 19th century,19th century,3,What major scientific breakthroughs occurred in the 1800s?,-0.333944,6.163068,4.743754,1.339296,0.964286,1.018185,1,2,0.053898,0.009607,0.013818,5.2401223,5.296088,-9,-8
2563,9697,Science,History > 20th century,20th century,3,How did science transform in the 20th century?,5.680082,5.134217,6.592948,-1.07048,3.492097,9.190047,28,68,5.697949,0.034791,0.124722,7.1705256,0.08671675,18,58
2564,9697,Science,History > 21st century,21st century,3,What are the latest developments in modern science?,8.085811,6.431705,12.114444,2.224216,0.97409,1.467641,1,8,0.493551,0.009705,0.019918,3.6163917,5.964832,-9,-2
2565,9697,Science,Branches,Branches,2,What are the main branches of science?,1.217981,7.893745,5.797467,2.155416,0.0,0.0,0,0,0.0,0.0,0.0,6.8958735,4.7697763,-10,-10
2566,9697,Science,Branches > Natural,Natural,3,What fields of study fall under natural sciences?,1.01102,7.6083,5.284626,1.439769,0.0,0.0,0,0,0.0,0.0,0.0,6.661913,4.7733526,-10,-10
2567,9697,Science,Branches > Social,Social,3,What do social sciences study?,8.250951,8.722279,11.421489,2.04211,1.565787,1.126653,8,3,-0.439134,0.0156,0.01529,8.052182,4.6970325,-2,-7
2568,9697,Science,Branches > Formal,Formal,3,What are formal sciences like mathematics and logic?,2.765246,9.714525,5.770311,0.195798,0.0,0.0,0,0,0.0,0.0,0.0,9.279669,7.0060873,-10,-10
2569,9697,Science,Branches > Applied,Applied,3,How does applied science differ from basic research?,6.516075,5.508487,11.796367,0.963479,0.96893,0.967547,1,1,-0.001383,0.009653,0.013131,6.944334,4.8951955,-9,-9
2570,9697,Science,Branches > Computational,Computational,3,What role do computers play in scientific research today?,7.051771,5.423442,4.013677,0.739159,7.039522,4.88735,56,41,-2.152171,0.070133,0.066328,7.8249917,6.943795,46,31
2571,9697,Science,Branches > Interdisciplinary,Interdisciplinary,3,What happens when different scientific fields work together?,8.663985,6.860457,12.26211,1.679484,2.515299,3.483114,17,25,0.967816,0.025059,0.047271,6.739572,4.7683725,7,15
2572,9697,Science,Research,Research,2,How do scientists conduct research?,6.371645,6.177985,6.803959,2.797799,3.082012,0.0,27,0,-3.082012,0.030706,0.0,6.9714365,5.02437,17,-10
2573,9697,Science,Research > Scientific method,Scientific method,3,What is the scientific method and how does it work?,-0.53595,7.014563,11.315971,-0.777163,0.0,0.0,0,0,0.0,0.0,0.0,7.9051175,5.53352,-10,-10
2574,9697,Science,Research > Literature,Literature,3,How do scientists share their findings with others?,3.076463,7.325391,11.448716,3.946512,0.0,0.0,0,0,0.0,0.0,0.0,7.2016273,4.9548388,-10,-10
2575,9697,Science,Research > Challenges,Challenges,3,What problems do researchers face in modern science?,0.632227,9.340305,10.741257,0.607384,0.047343,0.0,1,0,-0.047343,0.000472,0.0,8.182005,5.1098433,-9,-10
2576,9697,Science,Philosophy,Philosophy,2,What philosophical questions surround the nature of science?,6.017519,5.804127,11.426054,0.001447,0.0,0.0,0,0,0.0,0.0,0.0,8.183443,4.319888,-10,-10
2577,9697,Science,Community,Community,2,How is the scientific community organized?,4.883969,6.730644,7.774362,2.635648,3.36597,2.331939,30,18,-1.034031,0.033535,0.031648,7.145269,5.0379524,20,8
2578,9697,Science,Community > Scientists,Scientists,3,What do scientists do and how do they work?,7.048018,5.357964,11.160268,-0.893112,0.0,0.0,0,0,0.0,0.0,0.0,7.0212812,5.0258136,-10,-10
2579,9697,Science,Community > Learned societies,Learned societies,3,What are scientific societies and why do they exist?,6.83859,4.917161,11.520489,-0.610178,0.0,0.0,0,0,0.0,0.0,0.0,7.019386,5.0184,-10,-10
2580,9697,Science,Community > Awards,Awards,3,What are the most prestigious awards in science?,8.792338,7.657918,12.524448,1.362803,1.72122,6.852294,11,51,5.131074,0.017148,0.092996,6.9773164,5.0111866,1,41
2581,9697,Science,Society > Funding and policies,Funding and policies,3,How is scientific research funded?,5.798563,6.796592,11.644208,0.116911,0.0,0.0,0,0,0.0,0.0,0.0,7.355887,5.019108,-10,-10
2582,9697,Science,Society > Education and awareness,Education and awareness,3,How do we teach science to the public?,-0.334757,6.612953,5.075304,1.48188,34.937968,3.309538,254,29,-31.628431,0.34808,0.044915,9.017076,3.3189456,244,19
2583,9697,Science,Society > Anti-science attitudes,Anti-science attitudes,3,Why do some people distrust or reject science?,7.901206,7.332691,12.358932,2.452389,1.152823,1.126253,3,3,-0.02657,0.011485,0.015285,8.0497675,5.0521073,-7,-7
2584,9697,Science,Society > Politics,Politics,3,How does politics influence scientific research and policy?,1.492258,10.235719,6.549267,-0.89759,2.465283,1.052519,16,2,-1.412763,0.024561,0.014284,7.7638245,5.021778,6,-8
2585,9752,Society,Introduction,Introduction,0,What is society?,6.940787,6.098357,12.059712,0.016172,0.0,0.0,0,0,0.0,0.0,0.0,9.151913,-0.5805864,-10,-10
2586,9752,Society,Etymology and usage,Etymology and usage,2,Where does the word society come from?,2.527492,7.772024,11.489979,-0.682701,1.14722,1.114071,4,3,-0.033149,0.01143,0.01512,8.999486,-0.6175498,-6,-7
2587,9752,Society,Conceptions > In biology,In biology,3,How do biologists define society?,8.118669,6.950821,12.761099,2.064768,5.087008,1.326986,31,5,-3.760022,0.050681,0.018009,8.785526,-0.4481063,21,-5
2588,9752,Society,Conceptions > In sociology,In sociology,3,How do sociologists understand society?,8.237349,7.41201,5.785594,0.272892,0.0,0.0,0,0,0.0,0.0,0.0,8.882398,-0.8540284,-10,-10
2589,9752,Society,Conceptions > In sociology > Functionalism,Functionalism,4,What is functionalism in sociology?,2.231938,8.832191,5.844559,0.947439,1.514091,3.843351,8,26,2.32926,0.015085,0.05216,8.971512,-0.7637877,-2,16
2590,9752,Society,Conceptions > In sociology > Conflict theory,Conflict theory,4,What is conflict theory?,8.252153,6.722253,12.746527,2.161359,3.362143,3.72239,25,18,0.360247,0.033496,0.050518,8.614846,-0.9556071,15,8
2591,9752,Society,Conceptions > In sociology > Symbolic interactionism,Symbolic interactionism,4,What is symbolic interactionism?,8.174995,5.706253,12.709622,2.121972,3.42562,4.609964,26,24,1.184344,0.034129,0.062564,9.001723,-0.64461744,16,14
2592,9752,Society,Conceptions > In sociology > Non-Western views,Non-Western views,4,How do non-Western cultures view society?,8.175483,8.386371,10.410439,2.973632,1.696232,1.169121,8,3,-0.527111,0.016899,0.015867,8.890745,-0.86142355,-2,-7
2593,9752,Society,Types,Types,2,What are the different types of societies?,7.456373,4.935877,11.56992,-0.137854,0.0,0.0,0,0,0.0,0.0,0.0,8.663354,-0.047013514,-10,-10
2594,9752,Society,Types > Pre-industrial,Pre-industrial,3,What were pre-industrial societies like?,3.203049,7.566537,7.940137,2.547276,1.398141,2.46337,6,19,1.06523,0.013929,0.033432,8.505563,-0.11866344,-4,9
2595,9752,Society,Types > Pre-industrial > Hunting and gathering,Hunting and gathering,4,How did hunting and gathering societies work?,7.70929,7.079162,12.012788,2.231021,1.568644,3.619112,8,24,2.050468,0.015628,0.049117,8.512587,-0.20404392,-2,14
2596,9752,Society,Types > Pre-industrial > Pastoral,Pastoral,4,What are pastoral societies?,8.616314,7.559971,12.673831,2.480422,6.092806,2.002022,36,9,-4.090783,0.060701,0.02717,8.488618,-0.25993714,26,-1
2597,9752,Society,Types > Pre-industrial > Horticultural,Horticultural,4,What is a horticultural society?,7.163269,8.376712,9.5632,2.582146,1.076197,1.982776,3,12,0.906578,0.010722,0.026909,8.471094,-0.16426885,-7,2
2598,9752,Society,Types > Pre-industrial > Agrarian,Agrarian,4,What are agrarian societies?,7.865418,6.86744,12.609096,2.065246,41.289287,21.829794,201,123,-19.459494,0.411357,0.296262,8.488716,-0.10462391,191,113
2599,9752,Society,Types > Industrial,Industrial,3,What defines an industrial society?,7.994602,8.636956,12.15308,2.016534,23.41801,1.690428,117,8,-21.727582,0.233309,0.022942,8.453926,-0.03636704,107,-2
2600,9752,Society,Types > Post-industrial,Post-industrial,3,What is a post-industrial society?,8.692049,7.813322,12.838482,2.600971,2.182856,2.543184,13,16,0.360328,0.021747,0.034515,8.719745,-0.044416618,3,6
2601,9752,Society,Types > Post-industrial > Information,Information,4,What is an information society?,7.427455,6.048325,12.836708,1.408724,2.166195,1.162738,13,4,-1.003457,0.021581,0.01578,8.934573,-0.1465323,3,-6
2602,9752,Society,Types > Post-industrial > Knowledge,Knowledge,4,What is a knowledge society?,8.693563,7.700447,12.700239,2.310687,2.146947,3.123003,10,16,0.976056,0.02139,0.042384,8.833119,-0.04471462,0,6
2603,9752,Society,Characteristics > Norms and roles,Norms and roles,3,What are social norms and roles?,7.812409,7.092079,12.653347,2.124257,2.376544,1.762442,10,6,-0.614102,0.023677,0.023919,9.173092,-0.67934734,0,-4
2604,9752,Society,Characteristics > Gender and kinship,Gender and kinship,3,How do gender and kinship shape society?,-0.718881,6.894179,6.335751,2.105024,0.0,0.0,0,0,0.0,0.0,0.0,9.73483,-1.1903592,-10,-10
2605,9752,Society,Characteristics > Ethnicity,Ethnicity,3,What role does ethnicity play in society?,1.777498,9.649921,6.053194,0.305372,6.410121,2.88419,36,15,-3.525931,0.063863,0.039143,9.102123,-0.6729245,26,5
2606,9752,Society,Characteristics > Government and politics,Government and politics,3,How do government and politics organize society?,3.928064,7.489629,11.003084,0.025504,1.469358,2.210761,8,15,0.741403,0.014639,0.030003,8.149494,-1.7354902,-2,5
2607,9752,Society,Characteristics > Trade and economics,Trade and economics,3,How do trade and economics work in society?,6.610308,6.811496,11.265854,0.410186,17.447644,18.587068,101,121,1.139424,0.173828,0.252253,7.0060782,-0.13397391,91,111
2608,9752,Society,Characteristics > Conflict,Conflict,3,Why do conflicts occur in societies?,5.866777,9.025788,12.008402,2.165638,1.461969,2.060507,7,12,0.598538,0.014565,0.027964,7.9166512,-0.626145,-3,2
2609,9861,The arts,Introduction,Introduction,0,What are the arts?,6.621696,8.648489,6.142901,0.195634,0.0,0.0,0,0,0.0,0.0,0.0,10.846576,0.8009195,-10,-10
2610,9861,The arts,Definition,Definition,2,How do we define art?,7.282845,5.644925,12.608587,3.554412,2.226641,1.764792,13,10,-0.461849,0.022184,0.023951,10.847844,0.7118544,3,0
2611,9861,The arts,History and classifications,History and classifications,2,How have the arts been categorized throughout history?,6.785075,4.987187,11.454191,-0.369607,0.0,0.0,0,0,0.0,0.0,0.0,10.626685,0.52228713,-10,-10
2612,9861,The arts,History and classifications > Classifications,Classifications,3,What are the main types of art forms?,6.970376,5.421766,11.719606,1.025083,1.701786,2.831029,14,16,1.129242,0.016955,0.038421,10.879489,0.8967344,4,6
2613,9861,The arts,Visual arts,Visual arts,2,What are visual arts?,2.543757,7.849459,6.113067,1.127319,0.120823,0.0,1,0,-0.120823,0.001204,0.0,10.874435,0.59760225,-9,-10
2614,9861,The arts,Visual arts > Architecture,Architecture,3,Is architecture considered an art form?,7.05716,9.063674,4.844434,0.820398,0.976053,0.0,1,0,-0.976053,0.009724,0.0,10.61361,-0.030242994,-9,-10
2615,9861,The arts,Visual arts > Ceramic art,Ceramic art,3,What is ceramic art?,6.795855,5.264279,11.5072,-0.45337,0.0,0.0,0,0,0.0,0.0,0.0,10.848806,0.57279426,-10,-10
2616,9861,The arts,Visual arts > Conceptual art,Conceptual art,3,What is conceptual art?,5.455585,6.085607,6.26265,1.139004,0.0,0.0,0,0,0.0,0.0,0.0,10.79938,0.6179113,-10,-10
2617,9861,The arts,Visual arts > Drawing,Drawing,3,How is drawing used as an artistic medium?,-0.11408,7.231744,5.965387,0.972516,0.0,0.0,0,0,0.0,0.0,0.0,10.774009,0.6797953,-10,-10
2618,9861,The arts,Visual arts > Painting,Painting,3,What makes painting a distinct art form?,-0.999817,6.696181,12.632978,-0.232766,0.0,0.0,0,0,0.0,0.0,0.0,10.81127,0.60946393,-10,-10
2619,9861,The arts,Visual arts > Photography,Photography,3,Can photography be considered fine art?,1.772037,8.773724,6.04452,0.868971,1.22448,0.956418,3,1,-0.268062,0.012199,0.01298,10.845684,0.69891435,-7,-9
2620,9861,The arts,Visual arts > Sculpture,Sculpture,3,What techniques do sculptors use to create three-dimensional art?,6.697405,4.967352,11.498994,-0.468199,0.0,0.0,0,0,0.0,0.0,0.0,10.85115,0.54569805,-10,-10
2621,9861,The arts,Visual arts > Applied arts,Applied arts,3,What are applied arts and how do they differ from fine arts?,1.753725,8.901138,6.090629,0.702853,1.738169,0.974516,7,1,-0.763653,0.017317,0.013226,10.877927,0.4153118,-3,-9
2622,9861,The arts,Literary arts,Literary arts,2,What are the literary arts?,1.089058,8.230602,6.334061,2.1298,1.595616,0.0,10,0,-1.595616,0.015897,0.0,10.409774,1.3192745,0,-10
2623,9861,The arts,Performing arts,Performing arts,2,What are performing arts?,3.893136,9.430643,6.128246,0.556134,0.0,0.0,0,0,0.0,0.0,0.0,11.145249,1.0186003,-10,-10
2624,9861,The arts,Performing arts > Dance,Dance,3,How is dance considered a form of artistic expression?,6.756587,4.983874,11.497042,-0.520873,0.0,0.0,0,0,0.0,0.0,0.0,11.099159,0.98137915,-10,-10
2625,9861,The arts,Performing arts > Music,Music,3,Why is music considered an art form?,6.697558,6.464133,11.752756,1.053912,3.59525,1.337905,17,5,-2.257345,0.035819,0.018157,11.748181,1.6237271,7,-5
2626,9861,The arts,Performing arts > Theatre,Theatre,3,What makes theatre a performing art?,1.659582,8.30422,8.20402,2.635233,0.0,0.0,0,0,0.0,0.0,0.0,10.9870615,1.0392423,-10,-10
2627,9861,The arts,Multidisciplinary artistic works,Multidisciplinary artistic works,2,What are multidisciplinary artistic works?,6.39685,7.791155,7.316572,0.414928,1.070962,1.192829,3,4,0.121867,0.01067,0.016188,11.112264,0.9611518,-7,-6
2628,9861,The arts,Multidisciplinary artistic works > Video games,Video games,3,Can video games be considered art?,7.904819,7.937849,8.734941,2.909772,1.494647,1.472301,6,7,-0.022346,0.014891,0.019981,12.344091,0.16835688,-4,-3
2629,9861,The arts,Criticism,Criticism,2,How do critics evaluate and interpret art?,1.500943,10.16956,6.611119,-0.301795,0.0,0.0,0,0,0.0,0.0,0.0,10.7912445,0.7965682,-10,-10
2630,9861,The arts,Education,Education,2,How are the arts taught in schools and universities?,4.844203,7.022295,12.615123,3.94975,1.56862,1.492461,7,7,-0.076159,0.015628,0.020255,10.880641,0.8392234,-3,-3
2631,9861,The arts,Political and moral issues,Political and moral issues,2,What political and moral controversies surround the arts?,7.979813,8.577392,11.671865,2.86934,2.105088,1.97193,11,13,-0.133158,0.020973,0.026762,8.6235075,-1.4010377,1,3
2632,9964,War,Introduction,Introduction,0,What is war?,6.547156,7.184087,9.564212,2.888658,0.0,0.0,0,0,0.0,0.0,0.0,7.687219,-0.568187,-10,-10
2633,9964,War,Etymology,Etymology,2,Where does the word war come from?,5.726346,6.368143,6.752618,2.821284,0.0,0.0,0,0,0.0,0.0,0.0,5.8864417,3.6715653,-10,-10
2634,9964,War,History,History,2,How has warfare evolved throughout human history?,7.529607,6.835368,12.674455,1.264591,33.694326,25.935718,158,135,-7.758608,0.33569,0.351985,7.868739,-0.52043194,148,125
2635,9964,War,Types of warfare,Types of warfare,2,What are the different types of warfare?,-1.025748,7.094509,4.072816,0.398122,1.149581,0.975517,2,1,-0.174063,0.011453,0.013239,7.6149063,-0.50945705,-8,-9
2636,9964,War,Aims > Classification,Classification,3,How are wars classified based on their objectives?,8.915484,7.33215,12.374044,3.80828,1.181628,1.516484,3,7,0.334856,0.011772,0.020581,7.754817,-0.61961365,-7,-3
2637,9964,War,Effects > Conflict zones,Conflict zones,3,Where are the major conflict zones in the world?,8.906797,7.29636,11.798891,4.049178,1.266386,1.313235,5,5,0.046849,0.012617,0.017823,7.6704135,-0.5374991,-5,-5
2638,9964,War,Effects > Casualties,Casualties,3,How many people die in wars?,8.158261,7.645991,12.224265,3.017132,2.528889,5.584668,13,40,3.055779,0.025195,0.075792,7.7117696,-0.5269712,3,30
2639,9964,War,Effects > Largest wars by death toll,Largest wars by death toll,3,What were the deadliest wars in history?,-0.62853,6.881113,3.8598,1.761455,0.174988,0.0,1,0,-0.174988,0.001743,0.0,7.5366983,-0.4574259,-9,-10
2640,9964,War,Effects > On military personnel,On military personnel,3,How does war affect soldiers and military personnel?,5.879611,5.090475,13.073571,0.783976,3.451978,2.011665,27,13,-1.440313,0.034391,0.027301,7.539468,-0.43716064,17,3
2641,9964,War,Effects > On civilians,On civilians,3,What impact does war have on civilian populations?,7.199921,8.666604,12.019472,2.172527,1.628824,1.372878,7,5,-0.255945,0.016228,0.018632,7.5538316,-0.45234513,-3,-5
2642,9964,War,Effects > Economic,Economic,3,What are the economic consequences of war?,7.937641,7.533612,11.144317,2.045321,4.325916,1.190681,20,4,-3.135235,0.043098,0.016159,7.4974947,-0.52134395,10,-6
2643,9964,War,Effects > Economic > World War II,World War II,4,How did World War II affect the global economy?,4.616936,8.091727,9.576878,3.745801,0.0,0.0,0,0,0.0,0.0,0.0,7.5117993,-0.46940666,-10,-10
2644,9964,War,Theories of motivation,Theories of motivation,2,Why do wars happen?,3.560901,7.479193,8.39155,2.667302,1.506504,0.961387,8,1,-0.545117,0.015009,0.013047,8.092669,-0.7763291,-2,-9
2645,9964,War,Theories of motivation > Psychoanalytic,Psychoanalytic,3,What do psychologists say about why humans go to war?,6.876327,9.258927,9.811293,2.157376,1.048685,1.044671,2,2,-0.004015,0.010448,0.014178,8.019785,-0.67193925,-8,-8
2646,9964,War,Theories of motivation > Evolutionary,Evolutionary,3,Is warfare a product of human evolution?,6.787457,9.287358,8.970076,1.832781,1.18893,0.967494,4,1,-0.221435,0.011845,0.01313,8.061003,-0.67683727,-6,-9
2647,9964,War,Theories of motivation > Economic,Economic,3,Do economic factors cause wars?,7.096663,8.333959,10.967164,2.722493,1.128285,1.165769,3,4,0.037484,0.011241,0.015821,7.865865,-0.85616225,-7,-6
2648,9964,War,Theories of motivation > Marxist,Marxist,3,What is the Marxist explanation for why wars occur?,7.900843,7.567054,12.198732,2.641618,1.1888,1.227728,4,4,0.038927,0.011844,0.016662,7.8616886,-0.9515785,-6,-6
2649,9964,War,Theories of motivation > Demographic > Malthusian,Malthusian,4,How does population pressure lead to conflict?,3.025625,7.61121,9.060555,3.295247,0.0,0.0,0,0,0.0,0.0,0.0,7.9472055,-0.7019197,-10,-10
2650,9964,War,Theories of motivation > Demographic > Youth bulge,Youth bulge,4,Can an excess of young men trigger wars?,1.836553,9.882987,12.347776,3.784106,1.492704,1.568222,8,10,0.075519,0.014872,0.021283,7.8572836,-0.573807,-2,0
2651,9964,War,Theories of motivation > Cultural,Cultural,3,How does culture influence the outbreak of war?,7.763334,7.550205,6.312855,1.178829,1.183349,1.133825,4,4,-0.049524,0.011789,0.015388,8.068231,-0.5854401,-6,-6
2652,9964,War,Theories of motivation > Rationalist,Rationalist,3,What is the rational choice theory of war?,0.745815,9.263146,7.687377,1.223435,1.443386,1.159868,7,3,-0.283518,0.01438,0.015741,8.150408,-0.8642767,-3,-7
2653,9964,War,Theories of motivation > Political science,Political science,3,How do political scientists explain the causes of war?,3.596008,9.101119,8.005131,1.513579,2.173617,1.495375,16,8,-0.678242,0.021655,0.020294,8.047543,-0.77511036,6,-2
2654,9964,War,Theories of motivation > Political science > System-level,System-level,4,How does the international system contribute to war?,7.486336,8.675974,11.4146,2.863001,1.642339,1.340442,7,5,-0.301897,0.016362,0.018192,8.19929,-0.86959517,-3,-5
2655,9964,War,Theories of motivation > Political science > Societal-level,Societal-level,4,What societal factors make countries more likely to fight?,7.257237,7.526224,12.007903,3.157607,2.075053,1.904474,10,10,-0.170579,0.020673,0.025846,8.07253,-0.75241375,0,0
2656,9964,War,Theories of motivation > Political science > Individual-level,Individual-level,4,How do individual leaders influence decisions to go to war?,3.888561,7.858254,11.967986,4.043282,3.295967,2.418887,28,17,-0.87708,0.032837,0.032828,8.126939,-0.76922774,18,7
2657,9964,War,Ethics,Ethics,2,Is war ever morally justified?,5.317848,8.993188,4.965278,0.503017,0.972959,0.966896,1,1,-0.006063,0.009693,0.013122,7.997873,3.540568,-9,-9
2658,9964,War,Limiting and stopping,Limiting and stopping,2,How can wars be prevented or ended?,5.412161,6.540819,12.764018,1.168072,0.0,0.0,0,0,0.0,0.0,0.0,7.6759095,-0.5152644,-10,-10
2659,9964,War,Pauses,Pauses,2,Why do wars sometimes pause or have temporary ceasefires?,7.612369,7.660966,12.00218,1.644778,0.972734,0.971744,1,1,-0.000991,0.009691,0.013188,7.6226974,-0.5484327,-9,-9
