id,title,url,d1,d2,uniq_z,u01,text,QuestionExists
33233942,NASCAR Race Hub,https://en.wikipedia.org/wiki/NASCAR%20Race%20Hub,-5.1436367,-3.1657264,-0.2334486783110366,0.4261747108255231,"NASCAR Race Hub is a daily NASCAR news program broadcast on Fox Sports 1 Monday through Thursday. Originally broadcast on Speed, the show replaced NASCAR Nation and This Week in NASCAR. NASCAR Race Hub premiered on October 12, 2009, as a 30-minute show, but was extended to 60 minutes in the following years. The show was again shortened to 30 minutes after moving to Fox Sports 1 from Speed in August 2013, only to be returned to 60 minutes starting on September 23.

History
",0
7945256,Alabama Highway Patrol,https://en.wikipedia.org/wiki/Alabama%20Highway%20Patrol,-3.101784,4.3056602,1.5386575551218893,0.8026192379951853,"The Alabama Highway Patrol is the de facto highway patrol organization for the U.S. state of Alabama, and which has full jurisdiction anywhere in the State. The Alabama Highway Patrol was created in 1936. Since its establishment, 29 officers have died while on duty. It is subordinate to the Alabama Department of Public Safety, which is itself subordinate to the Alabama Law Enforcement Agency.

History
",0
6008849,Dario Vidošić,https://en.wikipedia.org/wiki/Dario%20Vido%C5%A1i%C4%87,-1.9179951,-1.1277368,-0.5587217633692855,0.3570776835730628,"Dario Vidošić ( ; ; (born 8 April 1987) is a former Australian footballer and current coach who is the interim manager of A-League Women club Melbourne City FC Women.

Club career
",0
25676767,Juan C. Bonilla (municipality),https://en.wikipedia.org/wiki/Juan%20C.%20Bonilla%20%28municipality%29,3.4478416,2.411766,0.8038918470833181,0.646534617149834,"Juan C. Bonilla Municipality is a municipality in Puebla in south-eastern Mexico. It is named after Juan Crisóstomo Bonilla.

References
",0
70701296,Philip Carr (linguist),https://en.wikipedia.org/wiki/Philip%20Carr%20%28linguist%29,1.8376107,3.396878,-0.1151875034604367,0.4512966652598919,"Philip Carr (25 September 1953 – 30 March 2020) was a British linguist and Emeritus Professor in the English Department of the University of Montpellier. He is best known for his works on  phonology and philosophy of linguistics.
His book Phonology is a coursebook taught across the world in phonology courses.
He was the father of three children and enjoyed raising his son and daughter in the sunny South of France.
",0
23736226,Dulong–Petit law,https://en.wikipedia.org/wiki/Dulong%E2%80%93Petit%20law,1.9325126,7.0989313,1.11573997098656,0.7127798102069608,"The Dulong–Petit law, a thermodynamic law proposed  by French physicists Pierre Louis Dulong and Alexis Thérèse Petit, states that the classical expression for the molar specific heat capacity of certain chemical elements is constant for temperatures far from the absolute zero. 

In modern terms, Dulong and Petit found that the heat capacity of a mole of many solid elements is about 3R, where R is the universal gas constant. The modern theory of the heat capacity of solids states that it is due to lattice vibrations in the solid.
",0
55066,Nanjing Massacre,https://en.wikipedia.org/wiki/Nanjing%20Massacre,0.8486082,3.6132147,-0.6007000792922013,0.3481603246750197,"The Nanjing Massacre (, ) or the Rape of Nanjing (formerly romanized as Nanking) was the mass murder of Chinese civilians in Nanjing, the capital of the Republic of China, immediately after the Battle of Nanking in the Second Sino-Japanese War, by the Imperial Japanese Army. Beginning on December 13, 1937, the massacre lasted six weeks. The perpetrators also committed other war crimes such as mass rape, looting, and arson. The massacre was one of the worst atrocities committed during World War II.

The Japanese Army had pushed quickly through China after capturing Shanghai in November 1937. By…",0
71502727,Ayn al-Tamr Stadium,https://en.wikipedia.org/wiki/Ayn%20al-Tamr%20Stadium,-1.9262208,-2.0278282,1.0458598664852703,0.6979353373411357,"Ayn al-Tamr Stadium () is a multi-purpose stadium in Ayn al-Tamr, 86 km west of Karbala, Iraq. It is currently used mostly for football matches and serves as the home stadium of Ayn al-Tamr SC. The stadium holds 2,000 people.

See also 
List of football stadiums in Iraq",0
24965271,Shel Dorf,https://en.wikipedia.org/wiki/Shel%20Dorf,-1.0438931,7.2451777,-0.0139658808835469,0.4727989460664368,"Sheldon ""Shel"" Dorf (July 5, 1933 – November 3, 2009) was an American comic book enthusiast and the founder of San Diego Comic-Con International. Dorf was also a freelance artist and graphic designer, who lettered the Steve Canyon comic strip for the last 12 to 14 years of the strip's run.

Early life
Born in Detroit, Michigan, Dorf was a fan of comic books and comic strips, particularly Chester Gould's work on the daily strip Dick Tracy.",0
9437701,Dalerveen,https://en.wikipedia.org/wiki/Dalerveen,4.3308744,1.9616541,1.032563244244337,0.6951107658916322,"Dalerveen is a village in the Netherlands and it is part of the Coevorden municipality in Drenthe.

Dalerveen started during the peat excavation from Dalen. There were originally two villages: De Haar and Dalerveen. It was first mentioned in 1597 as ""uth Daler venne"" and means ""the bog near Dalen"". In 1840, it was home to 275 people. In the 1940, De Haar and Dalerveen merged into a single village.
",0
28094851,Hubert Beckers,https://en.wikipedia.org/wiki/Hubert%20Beckers,-0.30426696,5.303846,-0.712919872385415,0.3243217273307646,"Hubert Beckers (4 November 1806 – 10 March 1889) was a German philosopher known chiefly as an expositor of the philosophy of Schelling.

Biography
He was born at Munich, and studied at the university there. In 1832 he was appointed professor of philosophy at the Lyceum at Dillingen, and in 1847 professor of philosophy at the University of Munich. In 1853 he became a member of the Bavarian Academy of Sciences.",0
50977211,Jürgen Pauritsch,https://en.wikipedia.org/wiki/J%C3%BCrgen%20Pauritsch,-4.625009,-2.7471876,-0.1208329169826495,0.4500974228081966,"Jürgen Pauritsch (2 May 1977) is an Austrian former cyclist. He won the Austrian National Road Race Championships in 2001.

References
",0
684315,Arthur Nebe,https://en.wikipedia.org/wiki/Arthur%20Nebe,-0.46324104,4.448972,-0.9903419615577476,0.2653895791250732,"Arthur Nebe (; 13 November 1894 – 21 March 1945) was a German SS functionary who was key in the security and police apparatus of Nazi Germany and from 1941, a major perpetrator of the Holocaust.

Nebe rose through the ranks of the Prussian police force to become head of Nazi Germany's Criminal Police (Kriminalpolizei; Kripo) in 1936, which was amalgamated into the Reich Security Main Office (RSHA) in 1939. Before the 1941 German invasion of the Soviet Union, Nebe volunteered to serve as the commanding officer of Einsatzgruppe B, one of the four mobile death squads of the SS. The unit was deplo…",0
37206178,Jesús Centeno,https://en.wikipedia.org/wiki/Jes%C3%BAs%20Centeno,-3.88114,-1.9569751,1.2538182897961798,0.7421114758012833,"Jesús Centeno (born 27 April 1967) is a Spanish modern pentathlete. He competed at the 1992 Summer Olympics.

References
",0
1191414,Packard's Corner,https://en.wikipedia.org/wiki/Packard%27s%20Corner,3.9630203,4.597929,1.2537599067959062,0.7420990736323174,"Packard's Corner is located in Boston, Massachusetts at the intersection of Commonwealth Avenue and Brighton Avenue.  Packard's Corner is serviced by the Packards Corner stop on the B branch of the MBTA's Green Line, a light rail line that runs mostly above ground. According to the Brighton Allston Historical Society, the name comes from Packard's Sales Stable and Riding School which existed in the area from 1885 through 1920, and was perpetuated by the Packard automobile dealership that was built in 1910. The corner is also the former home of Maverick Designs, a longtime supplier of unfinishe…",0
21568674,Steve Baumgartner,https://en.wikipedia.org/wiki/Steve%20Baumgartner,-0.86329967,-3.8568208,0.1664035430609844,0.5111144156650789,"Steven John Baumgartner (born March 26, 1951) is a former professional American football player who played defensive end for seven seasons for the New Orleans Saints and the Houston Oilers.

1951 births
Living people",0
26458062,Negele,https://en.wikipedia.org/wiki/Negele,2.8745983,1.444486,1.96835023929146,0.8938978849909267,"Negele is the name of two towns in the Oromia Region of Ethiopia:

 Negele Arsi (or Arsi Negele), in Mirab Arsi Zone
 Negele Boran, in Guji Zone",0
60588662,Taylor Emery,https://en.wikipedia.org/wiki/Taylor%20Emery,-1.7104087,-3.4728165,-0.5139148145751748,0.3665959225671432,"Taylor Emery (born August 26, 1997) is an American professional basketball player.

Early years
Born in Bremerton, Washington, the daughter of Emmett Emery and Michelle Griffin, Emery has three siblings and attended Freedom High School in Tampa, Florida. She was a member of the National Honors Society, the National Science Honors Society, and Mu Alpha Theta for honors in mathematics.",0
63260876,Bidrohini,https://en.wikipedia.org/wiki/Bidrohini,-2.628816,9.778738,-1.3496595572278702,0.1890605533286077,"Bidhrohini is a 2020 Bengali action drama film directed and produced by Sandip Chowdhury. This film was released on 14 February 2020 under the banner of Mirage movies. This is the debut direction of Sandip Choodhury, son of director Anjan Choudhury.

Plot
Arunima, the daughter of Pranab and Radha of a middle-class family, live happily. One day Arunima was raped. Her elder sister Kiran is an IPS officer who fights alone for justice. She faced a serious problem while come to know that her husband's family is involved with the crime.",0
58066407,Artistic swimming at the 2019 Pan American Games,https://en.wikipedia.org/wiki/Artistic%20swimming%20at%20the%202019%20Pan%20American%20Games,-3.6089435,-2.8299928,-1.106713632474235,0.2406690077464394,"Artistic swimming competitions at the 2019 Pan American Games in Lima, Peru are scheduled were held between July 29 and 31, 2019 at the Aquatics Centre in the Villa Deportiva Nacional Videna cluster.

The sport was renamed from synchronized swimming to artistic swimming in 2017, making this the first edition of the Pan American Games to have the new title. The competition was open to only women, and two competitions were held: duet and team.
",0
54581307,Paramesotriton yunwuensis,https://en.wikipedia.org/wiki/Paramesotriton%20yunwuensis,10.273009,5.0260077,0.767754302346294,0.63885800009102,"Paramesotriton yunwuensis is a species of salamander in the family Salamandridae. It is endemic to the Yunwu Mountains in Guangdong, southern China. Its type locality is near Nanchong village, Fuhe, Luoding City. Common name Yunwu warty newt has been coined for it.

References
",0
3626817,Uneasy Money (novel),https://en.wikipedia.org/wiki/Uneasy%20Money%20%28novel%29,-1.6656735,7.4981184,-0.1835961245127578,0.4367647763016985,"Uneasy Money is a novel by P. G. Wodehouse, first published in the United States on 17 March 1916 by D. Appleton & Company, New York, and in the United Kingdom on 4 October 1917 by Methuen & Co., London. The story had earlier been serialised in the U.S in the Saturday Evening Post from December 1915, and in the UK in the Strand Magazine starting December 1916.

Taking place primarily in New York City and then-rural Long Island, the story tells of amiable but hard-up ""Bill"", Lord Dawlish, who inherits a fortune from a rich American he once helped in golf. When Bill learns that the rich man left…",0
61531228,Anatetarte,https://en.wikipedia.org/wiki/Anatetarte,2.0392916,3.3919263,1.0956303641264962,0.7085079718130854,"Anatetarte () or Anotetarte (Ἀνωτετάρτη) was a town of ancient Caria. It became a bishopric; no longer the seat of a residential bishop, it remains a titular see of the Roman Catholic Church.

Its site is unlocated.
",0
63572555,"Live Twice, Love Once",https://en.wikipedia.org/wiki/Live%20Twice%2C%20Love%20Once,-2.529089,9.069033,-0.9699637584958628,0.269718474803826,"Live Twice, Love Once () is a 2019 Spanish tragic comedy film directed by María Ripoll.

A poignant tragic comedy about family, love, ageing, Alzheimer's and dementia. A successful Spanish mathematics professor faces the awful reality of Alzheimer's and increasingly reverts to earlier memories of a lost love. With hesitant but increasing support from his somewhat dysfunctional family, the professor pursues a childhood dream before losing all his memory, forging stronger family ties long the way.
",0
47314235,Lungotevere Vittorio Gassman,https://en.wikipedia.org/wiki/Lungotevere%20Vittorio%20Gassman,0.24458767,4.4564004,1.5565256000161043,0.8064149064403093,"Lungotevere Vittorio Gassman, previously named Lungotevere Papareschi, is the stretch of lungotevere that connects via Antonio Pacinotti to via Pietro Blaserna, in Rome's Portuense district.

The lungotevere is dedicated to the Genoese actor and director Vittorio Gassman, born in 1922, who moved as a young man in Rome and died there in 2000; it was established and named by resolution of the City Council of 29 December 2006.  Previously the Lungotevere took its name from the noble Papareschi (also de Papa or Paparoni) Roman medieval family.
",0
61592979,Karen Hanrahan,https://en.wikipedia.org/wiki/Karen%20Hanrahan,0.016078409,4.332883,0.1438675169753955,0.5063271385120391,"Karen Hanrahan is the president and CEO of the Glide Foundation, a social justice organization based in San Francisco, California. From 2009 to 2015, she served as a Barack Obama appointee in the State Department, where she was the US Coordinator for International Assistance to Afghanistan and Pakistan and later the Deputy Assistant Secretary for Democracy, Human Rights, and Labor. She was appointed CEO of the Glide Foundation in 2017.

Early life and education
Hanrahan is a native of Indianapolis and received her Political Science and Journalism degree at Indiana University in 1992. Hanrahan …",0
53578013,Guadua paniculata,https://en.wikipedia.org/wiki/Guadua%20paniculata,9.164674,5.472552,1.2869354154382489,0.7491464720494464,"Guadua paniculata is a species of clumping bamboo found in Mexico, Panama and the tropical and sub-tropical parts of Northern South America.

This bamboo is used for rustic construction, roofing and musical instruments.
",0
18715152,Ikechukwu Ezenwa,https://en.wikipedia.org/wiki/Ikechukwu%20Ezenwa,-2.081718,-1.307395,-1.4510656178132255,0.1675190927722381,"Ikechukwu Vincent Ezenwa (born 16 October 1988) is a Nigerian professional footballer who currently plays as a goalkeeper for Katsina United F.C.

Club career
Ezenwa began his football professional career with Ocean Boys before moved to Heartland FC in July 2008.",0
20977587,1980 Tulane Green Wave football team,https://en.wikipedia.org/wiki/1980%20Tulane%20Green%20Wave%20football%20team,-1.16931,-4.305729,0.4532779537356907,0.5720544991917377,"The 1980 Tulane Green Wave football team represented Tulane University in the 1980 NCAA Division I-A football season. The team was led by first-year coach Vince Gibson.  The Green Wave played home games in the Louisiana Superdome and finished with a 7–5 record, losing to Arkansas 15–34 in the Hall of Fame Classic.  In the 78th edition of the Battle for the Flag, Tulane lost 7–24 to LSU.  Throughout the season the offense scored 279 points, while the defense allowed 243 points. Two members of the Green Wave team were drafted into the National Football League (NFL).

Schedule
",0
39082268,Pig melon,https://en.wikipedia.org/wiki/Pig%20melon,9.266898,5.567996,1.6975714805689623,0.8363769644773671,"Pig melon is a common name for two species of plants in the melon family which are invasive in Australia:

Citrullus lanatus, a weedy form of the cultivated watermelon
Citrullus colocynthis",0
53033043,2017 Sydney Women's Sevens,https://en.wikipedia.org/wiki/2017%20Sydney%20Women%27s%20Sevens,-1.7313517,-2.3681796,-1.5990344401292993,0.1360864098428857,"The 2017 Sydney Women's Sevens was the second tournament of the 2016–17 World Rugby Women's Sevens Series. It was the inaugural edition of the Australian Women's Sevens and part of the World Rugby Women's Sevens Series.

The tournament was played on 3–4 February 2017 at Allianz Stadium and Kippax Field in Sydney, and won by Canada 21–17 over the United States in the final.
",0
10407071,"Shaws Point Township, Macoupin County, Illinois",https://en.wikipedia.org/wiki/Shaws%20Point%20Township%2C%20Macoupin%20County%2C%20Illinois,5.111959,4.865409,0.3468762105465819,0.5494518170561082,"Shaws Point Township (T10N R6W) is located in Macoupin County, Illinois, United States. As of the 2010 census, its population was 532 and it contained 233 housing units.

Geography
According to the 2010 census, the township has a total area of , of which  (or 99.74%) is land and  (or 0.23%) is water.",0
55509,920s BC,https://en.wikipedia.org/wiki/920s%20BC,0.87487864,3.9720645,0.9904210173899424,0.6861585877643949,"The 920s BC is a decade which lasted from 929 BC to 920 BC.

Events and trends
 928 BC—On the death of King Solomon, his son Rehoboam is unable to hold the tribes of Israel together, and the northern part secedes to become the kingdom of Israel, making Jeroboam its king. Rehoboam was left to rule the kingdom of Judah. ",0
43358455,Sternacutus cribripennis,https://en.wikipedia.org/wiki/Sternacutus%20cribripennis,11.244169,4.314812,-0.7896312251909205,0.3080261078071697,"Sternacutus cribripennis is a species of beetle in the family Cerambycidae. It was described by Bates in 1885.

References
",0
47682901,Quercus acherdophylla,https://en.wikipedia.org/wiki/Quercus%20acherdophylla,9.176011,5.50817,0.0251677761090539,0.4811120204888777,"Quercus acherdophylla is a species of oak native to Mexico.

Description
Quercus acherdophylla is typically a medium-sized evergreen tree, up to 25 meters tall. Its appearance is similar to Quercus laurina, particularly its leaf size. The acorns of Q. acherdophylla mature annually, in contrast to the biennial acorn maturation of Q. laurina.",0
64179948,1946 Maine Black Bears football team,https://en.wikipedia.org/wiki/1946%20Maine%20Black%20Bears%20football%20team,-1.2745847,-4.3168807,0.041032043169625,0.4844820309317285,"The 1946 Maine Black Bears football team was an American football team that represented the University of Maine as a member of the Maine Intercollegiate Athletic Conference (MIAC) and the Yankee Conference during the 1946 college football season. In its second season under head coach George E. Allen, the team compiled a 2–5 record (2–1 against MIAC opponents, 0–3 against Yankee Conference opponents) and finished in second place in the MIAC and last place in the Yankee Conference. Richard Burrill was the team captain. The team played its home games at Alumni Field in Orono, Maine.

Schedule
",0
46303648,Days N' Daze,https://en.wikipedia.org/wiki/Days%20N%27%20Daze,-0.93854517,11.788757,-0.9823935607766427,0.2670780399618717,"Days N' Daze is an American band formed in Houston, Texas performing a type of folk punk they have called 'H-Town Thrashgrass'. Promoting a strong DIY ethic, Days N' Daze independently records, produces, and promotes all their own music. Song themes range from anarchism and environmental issues to anxiety, alcoholism, and parties.
They are known for their energetic live shows. Days N' Daze has toured extensively in the US, Canada, and Europe, playing anything from house shows to festivals.
Days N' Daze has opened for several national acts, including The Infamous Stringdusters, M.D.C., New Zeal…",0
32314193,Daniel Frederik Petersen,https://en.wikipedia.org/wiki/Daniel%20Frederik%20Petersen,-0.85342765,4.479263,-0.697511238103598,0.3275949487308789,"Daniel Frederik Petersen (21 December 1757 – 24 September 1816) was a Norwegian military officer.

Johan Daniel Frederik Petersen was born at  Drammen in Buskerud, Norway. 
",0
60830386,Antonela Đinđić,https://en.wikipedia.org/wiki/Antonela%20%C4%90in%C4%91i%C4%87,-1.3507615,11.087202,0.0364350418472002,0.4835055003171579,"Antonela Đinđić, known professionally as Nela, is a Croatian singer and songwriter. She rose to fame by participating in the first season of The Voice – Najljepši glas Hrvatske. Đinđić is most known for her collaboration with Marko Kutlić on the song ""U zagrljaju spašeni"".

Life and career
In late 2017 Đinđić released her first single titled ""Netko kao ti"". ""Vrijeme je"" was released as her second single and became her first song to chart in the Croatian HR Top 40 chart.",0
37167826,1974 Championship of Australia,https://en.wikipedia.org/wiki/1974%20Championship%20of%20Australia,-1.3939898,-2.3604715,0.0338380454985807,0.4829538262447613,"The 1974 Championship of Australia was the 18th edition of the Championship of Australia, an ANFC-organised national club Australian rules football tournament between the champion clubs from the VFL, the SANFL, the WANFL and a Tasmanian League side that contain players drawn from the premier clubs of the NTFA, NWFU and TANFL.

Qualified Teams
",0
64210917,Union of Brewery and Mill Workers,https://en.wikipedia.org/wiki/Union%20of%20Brewery%20and%20Mill%20Workers,1.3747654,4.840298,-0.5029678042211053,0.3689213712670646,"The Union of Brewery and Mill Workers and Kindred Trades () was a trade union representing workers in the food and drink processing industry in Germany.

The union was founded on 1 October 1910, when the Central Union of Brewery Workers merged with the German Mill Workers' Union.  The brewers dominated the new union, which adopted its constitution and structure.  Like its predecessors, the union affiliated to the General Commission of German Trade Unions, and it was also a leading member of the International Secretariat of Brewery Workers.  In 1919, the union was a founding affiliate of the Ge…",0
20571391,Geographical distance,https://en.wikipedia.org/wiki/Geographical%20distance,1.7195215,7.2998776,1.1478790669916847,0.7196070458269563,"Geographical distance or geodetic distance is the distance measured along the surface of the earth. The formulae in this article calculate distances between points which are defined by geographical coordinates in terms of latitude and longitude. This distance is an element in solving the second (inverse) geodetic problem.

Introduction
Calculating the distance between geographical coordinates is based on some level of abstraction; it does not provide an exact distance, which is unattainable if one attempted to account for every irregularity in the surface of the earth. Common abstractions for …",0
27388514,Arthur Arntzen (humorist),https://en.wikipedia.org/wiki/Arthur%20Arntzen%20%28humorist%29,-0.69435376,5.1954145,-0.2282165615337504,0.4272861575825872,"Arthur Andreas Arntzen (born 10 May 1937) is a Norwegian journalist, humorist, actor and writer.

He was discovered by Håkon Karlsen and is particularly known for his character ""Oluf Rallkattli"". In 1994 he was appointed professor II in humour at the University of Tromsø. He was awarded the Leonard Statuette for 1999 and was decorated Knight, First Order of the Royal Norwegian Order of St. Olav in 2000.
",0
804909,"List of mayors of Saint Paul, Minnesota",https://en.wikipedia.org/wiki/List%20of%20mayors%20of%20Saint%20Paul%2C%20Minnesota,-2.257052,3.2551525,0.7061243504373982,0.6257660885181513,"This is a list of people who have served as mayor of Saint Paul, Minnesota.

Parties
",0
53925189,Troy Van Voorhis,https://en.wikipedia.org/wiki/Troy%20Van%20Voorhis,0.51739794,6.223211,0.1645095146057139,0.5107120714755271,"Troy A. Van Voorhis (born 1976) is an American chemist. He is currently the Haslam and Dewey Professor of Chemistry at Massachusetts Institute of Technology.

Early life and education
Troy Van Voorhis graduated from North Central High School, Indianapolis, Indiana, in 1994. He graduated with a B.A. from Rice University in 1997. ",0
24886057,Lebanese Turkmen,https://en.wikipedia.org/wiki/Lebanese%20Turkmen,0.82815653,3.2218163,-0.4237090273459232,0.3857581343357347,"Lebanese Turkmen (; , Atrāk Lubnān), also known as the Lebanese Turks, are people of Turkish ancestry that live in Lebanon. The historic rule of several Turkic dynasties in the region saw continuous Turkish migration waves to Lebanon during the Tulunid rule (868–905),  Ikhshidid rule (935–969), Seljuk rule (1037–1194), Mamluk rule (1291–1515), and Ottoman rule (1516–1918).

Today, many of the Turkish Lebanese community are the descendants of the Ottoman Turkish settlers to Lebanon from Anatolia. However, with the declining territories of the Ottoman Empire in the 19th century, ethnic Turkish m…",0
16166136,David Schweikert,https://en.wikipedia.org/wiki/David%20Schweikert,-2.2210307,3.1524544,0.2994044190840791,0.5393674915490646,"David S. Schweikert (; born March 3, 1962) is an American politician and businessman serving as the U.S. representative for  since 2013. A member of the Republican Party, he first entered Congress in 2011, representing  until redistricting. His district includes most of northern Phoenix as well as Scottsdale, Paradise Valley, and Cave Creek.

Schweikert served two terms in the Arizona State House of Representatives (1991–1994), chaired the state Board of Equalization (1995–2004), and was the elected Maricopa County Treasurer (2004–2007). He ran for the U.S. House of Representatives twice (losi…",0
33888089,The Woman's Signal,https://en.wikipedia.org/wiki/The%20Woman%27s%20Signal,-0.7828383,5.726168,0.3944289420843517,0.559553336480643,"The Woman's Signal was a weekly British feminist magazine published by Marshall & Son, London, from 4 January 1894 to 23 March 1899. It was edited by Lady Henry Somerset, Annie Holdsworth and Florence Fenwick-Miller.  Although primarily a temperance paper, it dealt with several feminist issues including fair wages. It began life as The Women's Penny Paper (27 October 1888 – 27 December 1890), edited by Helena B Temple (Henrietta Müller), later becoming The Woman’s Herald (3 January 1891 – 28 December 1893). In 1892, Mrs Frank Morrison became editor, followed by Christina Bremner, then by Lady …",0
2851818,César De Paepe,https://en.wikipedia.org/wiki/C%C3%A9sar%20De%20Paepe,-0.38795704,4.945851,0.0663037491339981,0.4898504423864411,"César De Paepe (12 July 1841 in Ostend, Belgium – 1890 in Cannes, France) was a Belgian medical doctor, socialist activist and a prominent proponent of syndicalism whose work strongly influenced the Industrial Workers of the World and the syndicalist movement in general. Anticipating modern political philosophy, democracy according to de Paepe would inevitably spread to the economic segments of society and economic organizations: workplace democracy was inevitable. He graduated in medicine at the Universite Libre de Bruxelles.

De Paepe was a leading member of the First International and was t…",0
26530047,Baduarius (curator),https://en.wikipedia.org/wiki/Baduarius%20%28curator%29,1.1035831,4.130299,0.2005338678655085,0.5183646435243289,"Baduarius () is a figure of 6th century Constantinople, known only from a single inscription in an epitaph.

The inscription is written in the Greek language, mentioning the glorious memory of Baduarius and Theodora. His title is rendered in Latin as ""curator domus rerum Areobindi"" (caretaker of the house of Areobindus). The wording suggests that said house was no longer owned by anyone called Areobindus. It was probably an estate having passed to ""imperial ownership"". Baduarius either being a caretaker in imperial service or someone granted ownership at some point.
",0
66633844,Cecilia Chongo,https://en.wikipedia.org/wiki/Cecilia%20Chongo,-0.06464472,3.0470238,0.0755158539592884,0.491807349020913,"Cecilia Miranda Chongo was a Mozambican politician. In 1977 she was one of the first group of women elected to the People's Assembly.

Biography
Chongo was a FRELIMO candidate in the 1977 parliamentary elections, in which she was one of the first group of 27 women elected to the People's Assembly. She was re-elected in 1986 from Gaza Province.",0
10141605,Egloffstein,https://en.wikipedia.org/wiki/Egloffstein,4.529848,1.9890951,0.0736460044222361,0.4914101411043817,"Egloffstein is a municipality in the district of Forchheim in Bavaria in Germany.

Geography
",0
66544990,Stenoptinea cyaneimarmorella,https://en.wikipedia.org/wiki/Stenoptinea%20cyaneimarmorella,11.710705,5.24703,-0.8447352401382537,0.2963204862926997,"Stenoptinea cyaneimarmorella is a moth belonging to the family Tineidae. The species was first described by Pierre Millière in 1854.

It is native to Europe.
",0
50186710,Matidia (spider),https://en.wikipedia.org/wiki/Matidia%20%28spider%29,10.726418,5.2698603,-0.6391743459563259,0.339987323051681,"Matidia is a genus of southeast Asian sac spiders first described by Tamerlan Thorell in 1878.

Species
 it contains seventeen species:",0
24914158,1995 Toray Pan Pacific Open – Singles,https://en.wikipedia.org/wiki/1995%20Toray%20Pan%20Pacific%20Open%20%E2%80%93%20Singles,-3.312452,-3.8098278,-1.8705924698951757,0.078399950540552,"Steffi Graf was the defending champion but did not compete that year.

Kimiko Date won in the final 6–1, 6–2 against Lindsay Davenport.
",0
59753887,Celaenus (mythology),https://en.wikipedia.org/wiki/Celaenus%20%28mythology%29,1.1492269,4.155311,-2.4829666491730533,0.0,"In Greek mythology, Celaenus (Ancient Greek: Κελαινός Kelainos) may refer to the following figures:

 Celaenus, son of Poseidon and the Danaid Celaeno.
Celaenus, son of the autochthon Phlyus and father of Caucon.",0
26944070,Leonardus Nardus,https://en.wikipedia.org/wiki/Leonardus%20Nardus,-0.33248836,6.107843,-0.0280593913053558,0.469805093459406,"Leonardus Nardus (5 May 1868 – 12 June 1955) was a Dutch fencer, impressionist painter and art collector of Jewish origin whose considerable collection was looted by the Nazis. He won a bronze medal in the team épée event at the 1912 Summer Olympics. Nardus had connections to the chess world as well.

During the 1890s and early 1900s Nardus gained an alarming reputation for his work as an art dealer in the United States, operating primarily out of New York and Philadelphia. Nardus swindled American millionaires such as Peter Arrell Brown Widener by selling for extraordinarily high prices relat…",0
13772581,Paul Cheesley,https://en.wikipedia.org/wiki/Paul%20Cheesley,-0.6441338,-2.4157975,-0.6750184960372548,0.332373031157411,"Paul Martyn Cheesley (born 20 October 1953 in Bristol) is an English former professional footballer.

Career
A striker, Cheesley began his career with Norwich City, for whom he made his debut as a substitute on 17 November 1971 against Chelsea in a League Cup tie at Carrow Road. His league debut did not come until 2 December 1972, a game which his side lost 2-0 at home to Manchester United. ",0
29611792,Serre laws,https://en.wikipedia.org/wiki/Serre%20laws,-0.67676365,5.587602,1.5623379619648494,0.8076496133694169,"The Serre laws governed press freedom in France for much of the nineteenth century after being enacted in May 1819.

References
",0
48290167,Rachel and Jun,https://en.wikipedia.org/wiki/Rachel%20and%20Jun,-1.2710756,8.548211,0.6722328639701876,0.6185665965477909,"Rachel and Jun are an American/Japanese married couple of YouTube personalities who make online videos about Japanese culture and society (sometimes called J-vlog(ger)s), and reciprocal perceptions between Japanese and Westerners.

YouTube channel
The videos on the Rachel and Jun and Rachel & Jun's Adventures! channels consist of vlogs on various topics related to Japanese culture and society, personal experiences and daily life, and also interactions with other Japan-related vloggers. The initial name of the Rachel and Jun channel, ""MyHusbandisJapanese"", was created by Jun as a reference to J…",0
37385205,Royal Mid-Surrey Golf Club,https://en.wikipedia.org/wiki/Royal%20Mid-Surrey%20Golf%20Club,-2.7090487,-3.3550067,-0.269835362475977,0.4184451696403946,"The Royal Mid-Surrey Golf Club is a private golf club and golf course comprising two 18-hole courses located in Old Deer Park in Richmond, south west London.

Location
",0
68561557,Abel Kitchin,https://en.wikipedia.org/wiki/Abel%20Kitchin,-1.5371736,5.2200475,1.1249638156074753,0.714739210699718,"Abel Kitchin or ""Kitchen"" (died 1639) was an English merchant and Mayor of Bristol.

He lived in Broad Street. Kitchin was Mayor of Bristol from 1612 to 1613.
",0
28920090,Shinjuku Face,https://en.wikipedia.org/wiki/Shinjuku%20Face,2.2726276,3.069981,0.4387638212105836,0.5689712947807316,"is an event hall located on the 7th floor of the Humax Pavilion Shinjuku complex, 1-20-1 Kabukicho, Tokyo, Japan. It mainly hosts mixed martial arts, boxing and professional wrestling events. Shinjuku Face has a capacity of approximately 600 people.

History
From 1994 to 2004, the place was used as a live venue known at the time as Liquid Room. In 2004, Liquid Room moved out of Humax Pavilion Shinjuku. The place was renovated as an event hall for sports and re-opened on .",0
8697311,Rosa Pastel,https://en.wikipedia.org/wiki/Rosa%20Pastel,-1.5360699,11.288735,0.0254927673105167,0.4811810576362342,"Rosa Pastel (English: Pastel Pink) is the third single from Belanova's album Dulce Beat. After the success from Por Ti, Belanova made a re-release of Dulce Beat album named Dulce Beat 2.0, and Universal Records agreed with Belanova, to choose Rosa Pastel to be the single and promotional song from the new edition album.

Track list
Digital Download",0
42774727,Archips mimicus,https://en.wikipedia.org/wiki/Archips%20mimicus,11.764501,5.2692547,-0.9779715841423268,0.2680173904770131,"Archips mimicus is a species of moth of the family Tortricidae first described by Lord Walsingham in 1900. It is found in India, Sri Lanka and Malaysia. In the Catalogue of Life, the species is considered as a synonym of Archips dispilana.

Biology
It is superficially similar to Archips eupatris, but can be differentiated by having dull fuscous head, palpi, forelegs and midlegs.",0
43160358,Yasmani,https://en.wikipedia.org/wiki/Yasmani,-0.93137294,1.5569794,1.5197967854738157,0.7986126872713774,"Yasmani (also Yasmany) is a masculine given name of Cuban origin that may refer to:

Yasmani Copello (born 1987), Cuban-Turkish hurdler
Yasmani Duk (born 1988), Bolivian footballer",0
1659142,Larbaâ Nath Irathen,https://en.wikipedia.org/wiki/Larba%C3%A2%20Nath%20Irathen,1.9738343,2.2848926,0.5900387147057785,0.6011062789482002,"Larbaâ Nath Irathen (Kabyle: Larebɛa n at Yiraten, or  in Tifinagh, Arabic: الأربعاء ناث اراتين) is a town in Tizi Ouzou Province, in the central part of northern Algeria. It was formerly known as Fort National. The population in 2001 was 28,000. The area is renowned for its majestic scenery.

Etymology
 Larbaa means ""Wednesday"" in Arabic, the town's traditional souk day, or ""four""/""fourth"" in Kabyle",0
47993123,2015 Coppa Ugo Agostoni,https://en.wikipedia.org/wiki/2015%20Coppa%20Ugo%20Agostoni,-4.72575,-2.9224303,-0.8635492789601898,0.2923238624928075,"The 2015 Ugo Agostoni was a one-day cycling semi-classic that took place on 16 September 2015, starting in Monza and finishing in Lissone in northern Italy. It was the first leg of the 2015 Trittico Lombardo and the 69th edition of the Coppa Ugo Agostoni. The race was won by Davide Rebellin (), who sprinted to the race victory ahead of his breakaway companion Vincenzo Nibali (). Niccolò Bonifazio ( won the sprint for third. Nibali went on to win the Coppa Bernocchi and the Tre Valli Varesine to win the Trittico Lombardo competition.

Results
",0
53561739,Acanthinozodium,https://en.wikipedia.org/wiki/Acanthinozodium,10.566835,5.34552,0.1944730692443438,0.5170771617536706,"Acanthinozodium is a genus of spiders in the family Zodariidae. It was described in 1966 by .

Species
 it contains twenty-three species and one subspecies:",0
47653750,Jess Glynne discography,https://en.wikipedia.org/wiki/Jess%20Glynne%20discography,-1.2419955,12.171342,-0.3893355935376733,0.3930600052919005,"English singer Jess Glynne has released two studio albums, 18 singles (including six as a featured artist) and 17 music videos.

Glynne made her debut on Clean Bandit's single ""Rather Be"" in January 2014, which peaked at number one on the UK Singles Chart. The following month, she was featured on Route 94's single ""My Love"", which also topped the charts in the UK. Her debut solo single ""Right Here"" was released in July 2014 as the lead single from her debut album I Cry When I Laugh. The song peaked at number six in the UK. She again collaborated with Clean Bandit later that year on ""Real Love""…",0
68730344,2021–22 Women's FIH Pro League squads,https://en.wikipedia.org/wiki/2021%E2%80%9322%20Women%27s%20FIH%20Pro%20League%20squads,-2.0384972,-1.9897342,0.3446121169807134,0.5489708607704232,"This article lists the squads of all participating teams in the 2021–22 FIH Pro League. The nine national teams involved in the tournament were required to register a squad of up to 32 players.

Argentina
The following is the Argentina squad for the 2021–22 FIH Pro League.",0
55769514,Anton Ivanov (badminton),https://en.wikipedia.org/wiki/Anton%20Ivanov%20%28badminton%29,-3.2436535,-3.2479727,-0.7975448989236286,0.3063450239588762,"Anton Aleksandrovich Ivanov (; born 19 November 1987) is a Russian badminton player. Partnered with Ivan Sozonov in the men's doubles event, they reach the semifinals round at the 2006 Latvia Riga International, and the runner-up at the 2007 Slovak International. He also the semifinalist at the 2008 Bulgarian International, and the runner-up at the 2009 Estonian International with Andrey Ashmarin. He also competed in the men's singles event, and his best result in the international tournament was the semifinalist at the 2012 Polish Open and 2013 White Nights. In 2014, he represented Russian te…",0
43566417,2014–15 British Basketball League season,https://en.wikipedia.org/wiki/2014%E2%80%9315%20British%20Basketball%20League%20season,-1.4531311,-2.4573336,-0.5993783408229036,0.3484410985946243,"The 2014–15 BBL season was the 28th campaign of the British Basketball League since the league's establishment in 1987. The season featured 13 teams from across England and Scotland, including new entrants, Bristol Flyers and Leeds Force. The season started on 26 September 2014 and ended on 10 May 2015 with the Play-off Final at The O2 Arena.

As they did in 2005–06 and 2011–12, Newcastle Eagles completed a clean sweep of honours available during the season. After a 31–5 regular season campaign – which ensured the Championship and top seeding for the play-offs – the Eagles then defeated Bristo…",0
27828258,Richard Dunn (actor),https://en.wikipedia.org/wiki/Richard%20Dunn%20%28actor%29,-2.0784166,8.227663,0.969337949892954,0.6816799593247131,"Richard Dunn (December 18, 1935 – June 4, 2010) was an American character actor popularized by Tim Heidecker and Eric Wareheim. Dunn was best known to audiences for his appearances on Tim and Eric Awesome Show, Great Job!, a sketch comedy television series.

Dunn portrayed many different characters (often bizarre versions of himself) in many episodes of Tim and Eric Awesome Show, Great Job! from 2007 until 2010. In addition, Dunn had small roles in House, Parks and Recreation, Weeds and Nip/Tuck. He also appeared in the 1998 film The Wedding Singer and the music video for Diddy's 2000 single ""…",0
32234213,Mastamind,https://en.wikipedia.org/wiki/Mastamind,-1.1435783,11.940403,0.2486124089579896,0.5285778594857135,"Gary Reed (born December 28, 1972), also known as Mastamind, is an American rapper from Detroit best known as a representative of the hip hop subgenre horrorcore. A founding member of Natas, he was formerly signed with Reel Life Productions before forming his own label, Toxsic Records.

Biography
",0
27014356,Gatangara,https://en.wikipedia.org/wiki/Gatangara,2.5012774,1.9043907,1.2278382230419926,0.7365925888629025,"Gatangara is a settlement in Kenya's Central Province.

Climate
The climate of Central Province is generally cooler than that of the rest of Kenya, due to the region's higher altitude. Rainfall is fairly reliable, falling in two seasons, one from early March to May (the long rains) and a second during October and November (the short rains).",0
2920690,Axel Gustaf Gyllenkrok,https://en.wikipedia.org/wiki/Axel%20Gustaf%20Gyllenkrok,-0.58833236,4.7131042,-0.1822118965583818,0.437058824721567,"Axel Gustaf Gyllenkrok (July 14, 1783, in Gödelöv parish, Malmöhus County, southern Sweden – May 18, 1865, in Lund) was a baron, zoology collector and philanthropist.

He was the great-grandson (paternal) of military general Axel Gyllenkrok (1665–1730) and the son of Charlotta Cederström.
",0
69746193,Joduboyra Union,https://en.wikipedia.org/wiki/Joduboyra%20Union,2.0872066,1.7462713,-0.2124166414668151,0.430642498938824,"Joduboyra Union () is a union parishad situated at Kumarkhali Upazila,  in Kushtia District, Khulna Division of Bangladesh. The union has an area of  and as of 2001 had a population of 40,108. There are 20 villages and 19 mouzas in the union.

References
",0
21887132,"Karkowo, Kołobrzeg County",https://en.wikipedia.org/wiki/Karkowo%2C%20Ko%C5%82obrzeg%20County,4.0872183,0.7742793,-0.7877181559792339,0.3084324967816282,"Karkowo  () is a village in the administrative district of Gmina Gościno, within Kołobrzeg County, West Pomeranian Voivodeship, in north-western Poland. It lies approximately  south of Kołobrzeg and  north-east of the regional capital Szczecin.

References
",0
39640992,Silicon Snake Oil,https://en.wikipedia.org/wiki/Silicon%20Snake%20Oil,0.8292177,6.1573687,0.3004059014242241,0.5395802341820356,"Silicon Snake Oil: Second Thoughts on the Information Highway is a 1995 book written by Clifford Stoll where he discusses his ambivalence regarding the future of how the internet will be used. He wrote the book at a time when he felt the promise of the internet was being over-hyped: ""I'm mainly speaking to people who feel mystically lured to the Internet: lotus-eaters, beware.  Life in the real world is far more interesting, far more important, far richer, than anything you'll ever find on a computer screen."" Stoll later acknowledged that the book was a mistake.

Summary 
",0
28826687,"Minotaur, the Wild Beast of Crete",https://en.wikipedia.org/wiki/Minotaur%2C%20the%20Wild%20Beast%20of%20Crete,1.1987752,4.163956,-0.0886447266599994,0.4569350874232484,"Minotaur, the Wild Beast of Crete () is a 1960 film based on the Greek legend of Theseus, the Athenian hero who is said to have slain a minotaur on Minoan Crete around 1500 or 1450 BC. The film was directed by Silvio Amadio and starred Bob Mathias.

Plot
The island of Crete lives in fear of the Minotaur, a dreadful beast trapped inside a labyrinth under the royal palace. The monster is venerated as a god, and to appease it, the Cretians regularly sacrifice a maiden to it.",0
826241,Michael Allmand,https://en.wikipedia.org/wiki/Michael%20Allmand,-2.47385,4.455105,-0.1168051323735091,0.4509530360012002,"Michael Allmand VC (22 August 1923 – 24 June 1944) was an English Second World War recipient of the Victoria Cross, the highest and most prestigious award for gallantry in the face of the enemy that can be awarded to British and Commonwealth forces.

Born into a Catholic family in London in 1923, Allmand attended Ampleforth College before studying history at Oxford University in 1941. He joined the British Indian Army in 1942 and was commissioned into the Indian Armoured Corps for service in the Far East.
",0
22266412,Reggie Pinkney,https://en.wikipedia.org/wiki/Reggie%20Pinkney,-0.8744479,-3.8706186,0.4267792864181482,0.5664254471062685,"Vernon Reginald Pinkney (born May 27, 1955) is a former American football defensive back. He played five seasons in the National Football League, two with the Detroit Lions and three with the Baltimore Colts. Pickney was drafted 166th overall in the 1977 NFL Draft after an All-Conference career at East Carolina University.

Pinkney was born St. Louis, Missouri, but grew up in Fort Bragg, North Carolina. He is the father of Patrick Pinkney, former quarterback at East Carolina, and Aaron Curry, former linebacker of the Oakland Raiders.
",0
14008076,1459 in England,https://en.wikipedia.org/wiki/1459%20in%20England,-1.6705498,4.716448,-1.0288197396686198,0.257215831573028,"Events from the year 1459 in England.

Incumbents
 Monarch – Henry VI",0
31182705,Shargleam Blackcap,https://en.wikipedia.org/wiki/Shargleam%20Blackcap,9.46289,4.602247,1.2258049196480578,0.7361606588125017,"Ch. Shargleam Blackcap, (born 26 June 1977) – also known as Brett – was a Flat-Coated Retriever show dog bred.  Handled by Mrs Pat Chapman he won Best in Show at Crufts in 1980. He is a direct ancestor of both Sh Ch. Vbos The Kentuckian and Ch. Almanza Backseat Driver, who won best in show at Crufts in 2011 and 2022 respectively.

Show history
In 1980, Brett became the first Flat-Coated Retriever to win Best in Show at Crufts. Reserve Best in Show went to the previous year's winner, the Kerry Blue Terrier Ch. Callaghan of Leander. He was the most successful showdog of his breed in his era, and…",0
43250490,Ramodatodes sericeum,https://en.wikipedia.org/wiki/Ramodatodes%20sericeum,11.264741,4.283674,-0.883915576000256,0.2879974959833954,"Ramodatodes sericeum is a species of beetle in the family Cerambycidae. It was described by Villiers in 1982.

References
",0
18481374,John Taverner (disambiguation),https://en.wikipedia.org/wiki/John%20Taverner%20%28disambiguation%29,-1.5798309,4.57864,1.2168622528664,0.7342609882934631,"John Taverner may refer to:

John Taverner (1490-1545), English composer
John Taverner (priest), (1584-1638)",0
25596903,Jiang Rong Qiao,https://en.wikipedia.org/wiki/Jiang%20Rong%20Qiao,1.5003573,3.6798868,-0.6757462736274111,0.3322184310066738,"Jiang Rong-qiao 姜容樵, 1891-1974 was a famous martial artist from Hebei. His specialized focus in the internal arts led him to develop his own system of Bagua which became recognized and known as Jiang Style Baguazhang.

Biography
In 1926, Jiang Rong-qiao began teaching kung fu in Nanjing. Jiang was instrumental in developing sets that combined Bagua, Xingyi, and Taijiquan. This includes a Tajiquan set known as Taiji Zhang Quan (or Tai Chi Palm and Fist), which is based on sequences from Jiang’s Bagua and Xingyi, as well as the Old Chen-style t'ai chi ch'uan. Some students of Jiang point to thes…",0
32692587,James S. Denton,https://en.wikipedia.org/wiki/James%20S.%20Denton,-0.4506557,5.171458,-0.0838332843055028,0.4579571712622256,"James Steele Denton (July 5, 1951 – June 22, 2018) was the publisher and editor of World Affairs and the director of the World Affairs Institute in Washington, D.C. Previously Denton was the executive director of Heldref Publications, founded by Jeane J. Kirkpatrick and her husband Evron.

Early life
Denton was the son of Jeremiah Denton, a United States Navy Rear Admiral and U.S. Senator from Alabama, and Jane Maury. James Denton grew up on military bases and finished high school in Virginia Beach. He graduated from Elon College in 1973.  He went to Officer Candidate School and served in the …",0
40905419,Chesterville Plantation Site,https://en.wikipedia.org/wiki/Chesterville%20Plantation%20Site,4.412357,4.894267,-0.6142557762148126,0.3452807185756708,"Chesterville Plantation Site is a historic archaeological site located on the grounds of NASA Langley Research Center in Hampton, Virginia. The main house was built about 1771, and was a two-story brick house set on a high basement, with a three-bay gable end front, and stuccoed brick walls.  The site includes the remains of the house, the ruins of a building with a ballast stone foundation, the foundation of a brick kiln, a cemetery, and scattered evidence of 17th century occupation.  In 1755 George Wythe (1726-1806) inherited the property believed to have been his birthplace, and built the C…",0
12203196,Vassilis Vassili,https://en.wikipedia.org/wiki/Vassilis%20Vassili,-0.23008311,6.2695646,-0.6227010714684021,0.3434867035676727,"Vassilis Vassili (Greek: Βασίλης Βασίλη; born 1964) is a Greek contemporary visual artist working primarily in sculpture.

In Greek Cyprus he worked with several other sculptors to create public art for the Cypriot community, most notably his stone display in Limassol.
",0
972585,Fen Radio 107.5,https://en.wikipedia.org/wiki/Fen%20Radio%20107.5,0.22890672,8.758095,0.2477497349421323,0.5283946035917528,"Fen Radio 107.5 was a United Kingdom radio station broadcasting from Church Mews, Wisbech in Cambridgeshire. While broadcasting as 'Star Fens' the station also covered the Ely and Littleport areas as well, until the 107.1 frequency was taken over by Star 107.9 (Cambridge) – their sister station.

The transmission mast was on an old water tower at Friday Bridge near the B1101,  south of Wisbech.
",0
42709819,Marine Air Control Squadron 6,https://en.wikipedia.org/wiki/Marine%20Air%20Control%20Squadron%206,-3.2351277,4.410343,-1.7065255195460431,0.1132523224712697,"Marine Air Control Squadron 6 (MACS-6) was a United States Marine Corps aviation command and control squadron. The squadron provided aerial surveillance and early warning while operational from 1944 through 1998.  They were last based at Marine Corps Air Station Cherry Point, North Carolina and fell under the command of Marine Air Control Group 28 (MACG-28) and the 2nd Marine Aircraft Wing (2nd MAW).

History
Air Warning Squadron 17 was commissioned August 10, 1944 at MCAS Cherry Point, North Carolina.  On September 11, 1944 a majority of the squadron moved to Marine Corps Outlying Field Oak G…",0
45240255,Health Republic Insurance of New York,https://en.wikipedia.org/wiki/Health%20Republic%20Insurance%20of%20New%20York,1.5407323,5.510765,0.9948152182289882,0.6870920379300425,"Health Republic Insurance of New York was a not-for-profit health insurance cooperative in New York State.

Health Republic was created as one of 23 Consumer Operated and Oriented Plans, known as CO-OPs, established under the Affordable Care Act to increase competition in the marketplace and give consumers a voice in their healthcare. Health Republic began selling insurance plans to individuals and small groups, both on and off the NY State of Health marketplace, in October 2013.
",0
57688631,Chapel of Saint Pavel of Taganrog,https://en.wikipedia.org/wiki/Chapel%20of%20Saint%20Pavel%20of%20Taganrog,2.8800051,4.0603566,-0.3597638339820672,0.3993418674249172,"The Chapel of Saint Pavel of Taganrog () is a place of worship, which is located at Street Lagerny, 2, in Taganrog, Rostov Region. The chapel was first erected in 1905 at the burial place of Pavel Pavlovich Stozhkov. The religious denomination of the chapel is orthodox.

History 
At the old cemetery of Taganrog there is a place where Pavel Taganrogskiy is buried. His funeral ceremony has taken place in March 1879, and the place was fenced by front garden. For the protection and preservation of his grave, in 1905 was built a wooden chapel. It was in size of 7x10 meters. In the chapel there were…",0
39857930,Sammarinese Americans,https://en.wikipedia.org/wiki/Sammarinese%20Americans,0.42647573,4.3176336,2.107486616322548,0.9234543115049866,"Sammarinese Americans are Americans of Sammarinese descent.

The largest Sammarinese-American communities are in Michigan, mostly in the cities of Troy and Detroit. Sammarinese immigrants in Troy established institutions such as the San Marino Club and Re Monti Stentorian.
",0
21423243,Michael Gould,https://en.wikipedia.org/wiki/Michael%20Gould,-1.7685144,2.7505631,2.018892252392744,0.9046344107505918,"Michael Gould may refer to:
Michael Gould (actor) (born 1961), English actor
Michael Gould (chief executive), American businessman
Michael C. Gould (born 1953), Superintendent of the United States Air Force Academy",0
36251271,Bebê a Bordo,https://en.wikipedia.org/wiki/Beb%C3%AA%20a%20Bordo,-2.395734,9.006706,-2.329792181568041,0.0,"Bebê a Bordo (Baby on Board in English) is a Brazilian telenovela produced and broadcast on TV Globo at a timeslot of 7:00pm, from June 13, 1988 to February 11, 1989, consisting of 209 episodes.

Plot 
Ana (Isabela Garcia) ends up repeating the actions of her mother, who abandoned her at birth. But fate is lending a helping hand as Ana unknowingly drops off her baby girl, Helena (Beatriz Bertu/Adriana Valbon), at the house of Laura (Dina Sfat), her mother. Meanwhile, Tonico Ladeira (Tony Ramos), Zezinho (Léo Jaime), Antonio Antonucci (Rodolfo Bottino), and the brothers Tonhão (José de Abreu), …",0
38949442,Chetan Shashital,https://en.wikipedia.org/wiki/Chetan%20Shashital,-2.4771173,9.783173,-0.5618276147441613,0.3564179145760262,"Chetan Shashital (Konkani: चेतन शाशितल Cētana Śāśitala), born 1968 in Mumbai, India, also known as Chetan Sashital or The Big C for his expertise in the voice-acting industry) is an Indian actor, voice actor and singer, who is mostly recognized for working in the dubbing industry.

Dubbing career
He has been giving voices to animation, for local Indian productions. He has also performed Hindi-dubbing for foreign productions, such as Baloo the Bear from Talespin and The Jungle Book 2 and also for Genie from Disney's Aladdin, that was dubbed and aired on Disney Channel India in 2005.",0
23606632,Commissions of the Danube River,https://en.wikipedia.org/wiki/Commissions%20of%20the%20Danube%20River,0.27993938,4.1196284,0.1342646158966865,0.504287215911559,"The Commissions of the Danube River were authorized by the Treaty of Paris (1856) after the close of the Crimean War. One of these international commissions, the most successful, was the European Commission of the Danube, or, in French, Commission Européenne du Danube, the CED, which had authority over the three mouths of the river — the Chilia in the north, the Sulina in the middle, and the St. George in the south and which was originally designed to last for only two years. Instead, it lasted eighty-two years. A separate commission, the International Danube Commission, or IDC, was authorized…",0
12113134,Aasha (1957 film),https://en.wikipedia.org/wiki/Aasha%20%281957%20film%29,-2.7263012,9.882776,-1.3300964092806022,0.193216308689105,"Aasha () is a 1957 Indian Hindi-language romantic comedy film directed by M. V. Raman. It stars Kishore Kumar and Vyjayanthimala. The film was a critical and commercial success. This film was partly coloured by both Gevacolor and Technicolor. The film was remade in Tamil as Athisaya Penn. Asha Parekh appears in the song 'Chal Chal Re Kanhai' and one scene after it with Vyjayanthimala.

Plot 
The story is about Kishore who is a good-hearted person and always helps poor people even though he is from a rich Zamindar (property owner) family. One day, he travels to Bombay to stay with his cousin Ra…",0
19720714,Wissgandstöckli,https://en.wikipedia.org/wiki/Wissgandst%C3%B6ckli,4.5606647,2.3370543,0.3983387985764748,0.560383898469936,"The Wissgandstöckli is a mountain of the Glarus Alps, located on the border between the Swiss cantons of Glarus and St. Gallen. It lies approximately halfway between Matt and Weisstannen.

The Riseten Pass lies to the south of the Wissgandstöckli, and carries a hiking trail between Weisstannen, in the canton of St. Gallen, and Matt, in the canton of Glarus.
",0
24239445,1949–50 Northern Rugby Football League season,https://en.wikipedia.org/wiki/1949%E2%80%9350%20Northern%20Rugby%20Football%20League%20season,-1.2450275,-2.482917,-1.0120886136496654,0.260769986907734,"The 1949–50 Rugby Football League season was the 55th season of rugby league football. First placed Wigan successfully defended a challenge from second placed Huddersfield in the play-off final to claim the Rugby Football League Championship. The Challenge Cup winners were Warrington who beat Widnes 19-0 in the final. Wigan won the Lancashire League, and Huddersfield won the Yorkshire League. Wigan beat Leigh 20–7 to win the Lancashire Cup, and Bradford beat Huddersfield 11–4 to win the Yorkshire Cup. Crowds peaked in 1949-50 with a record 69.8 million paying to watch rugby league matches.

Ch…",0
43772867,Zoran Krstanović,https://en.wikipedia.org/wiki/Zoran%20Krstanovi%C4%87,-2.65098,-1.4831667,-1.6696212043596876,0.1210918228458806,"Zoran Krstanovic (born July 18, 1982) is a Serbian professional basketball player for Joker Sombor. Standing at 6 ft 9 in (2.06 m), he usually plays as power forward or center. He spent most of his career in Romania with U BT Cluj-Napoca, as he played 5 seasons for the team from Cluj-Napoca.

Professional career
In 2013–14 he played for Oberwart Gunners in the Austrian ÖBL. With 20.6 points per game he was the leading scorer in Austria, he was also the fourth-best rebounder with 7.7 a game.",0
45602902,Kyriakou,https://en.wikipedia.org/wiki/Kyriakou,-1.3308829,1.474411,0.0639424660330105,0.489348840347187,"Kyriakou (), sometimes transliterated as Kiriakou or Kyriacou, is a Greek Cypriot surname. Notable individuals with this surname include:

 Andreas Kyriakou, Cypriot association football player (born 1994)
 Andi Kyriacou, Irish rugby player (born 1983)",0
1253443,List of tallest buildings in Poland,https://en.wikipedia.org/wiki/List%20of%20tallest%20buildings%20in%20Poland,3.3034315,4.427755,-0.33584595517525,0.4044226884324092,"Poland has 56 high-rise buildings that stand at least  tall, being also one of 17 countries in the world to have a supertall skyscraper (building that rises at least ).

Historically, the title of the tallest building in Poland since the Middle Ages up until the 18th century was held by the more than 100-metre (330 ft) tall Mary Magdalene Collegiate Church, in Poznań, which collapsed in 1780 as a result of a fire. The oldest building in Poland exceeding 100 metres is the St. Stanislaus and St. Wenceslaus Cathedral, in Świdnica, built in 1565. The tallest sacral building in the country is the B…",0
24125078,Radim Řezník,https://en.wikipedia.org/wiki/Radim%20%C5%98ezn%C3%ADk,-2.6245644,-1.2955352,-1.5859245530749202,0.1388713135582081,"Radim Řezník (born 20 January 1989) is a Czech footballer who plays for Viktoria Plzeň.

Řezník started his league career at FC Baník Ostrava, where he played until 2011, when he moved to FC Viktoria Plzeň.
",0
26409316,Bihsud District,https://en.wikipedia.org/wiki/Bihsud%20District,2.2443414,1.6902368,-0.8560329509214982,0.2939205390922098,"Bihsud District (Pashto: بهسود, formerly Jalalabad District) () is a district of Nangarhar Province, Afghanistan.  The district, which contains 40 main villages, is located around the city Jalalabad, spanning both sides of the Kabul River.  The district was previously a unit which contained the city of Jalalabad, but in 2004 the city became independently administered under the municipality system, and the portions of the district not contained within the city became Bihsud District.  Oranges, rice, and sugarcane grow in the fertile district, and the capital city has cane-processing and sugar-r…",0
43280574,Davide Cinaglia,https://en.wikipedia.org/wiki/Davide%20Cinaglia,-2.060826,-0.9921862,-1.892433381208035,0.07376033504967,"Davide Cinaglia (born 10 April 1994) is an Italian professional footballer who plays as a centre back for  club Juve Stabia.

Club career
",0
14872563,"Luis Páez (footballer, born 1989)",https://en.wikipedia.org/wiki/Luis%20P%C3%A1ez%20%28footballer%2C%20born%201989%29,-1.789493,-0.9895432,-0.8007652182655419,0.305660938789979,"Luis Fernando Páez González (19 December 1989 – 7 April 2019) was a Paraguayan footballer who played as a forward for Independiente CG in the División Intermedia.

Páez represented the Paraguay national under-20 football team at the 2009 South American U-20 Championship, finishing runners-up, and also at the 2009 FIFA U-20 World Cup. He died on 7 April 2019, after a car crash.
",0
44236778,Mannan Magal (TV series),https://en.wikipedia.org/wiki/Mannan%20Magal%20%28TV%20series%29,-2.6705642,9.815542,-0.9736245200019176,0.2689408275001663,"Mannan Magal () is an Indian Tamil-language thriller soap opera aired on Jaya TV. The show premiered on 17 February 2014 and aired Monday through Friday at 8:30 pm IST. A new show named Akka replaced this show at 8:30PM and pushed this serial to 9:30PM IST instead since 15 September 2014. The show stars Madhumitha, Chitra, Sarath Babu and Yuvarani. The show was ended on 17 February 2015 and with 253 episodes.

Plot
This is a story of Vishali (Madhumitha), a Chennai girl, and the problems she faces in her family and office. Her boss believes that Vishali is in disguise and is not just a working…",0
5116772,Vincent Cronin,https://en.wikipedia.org/wiki/Vincent%20Cronin,-0.9079387,5.610906,-1.015783715561432,0.2599850447492021,"Vincent Archibald Patrick Cronin FRSL (24 May 1924 – 25 January 2011) was a British historical, cultural, and biographical writer, best known for his biographies of Louis XIV, Louis XVI and Marie Antoinette, Catherine the Great, and Napoleon, as well as for his books on the Renaissance.

Cronin was born in Tredegar, Monmouthshire, to Scottish doctor and novelist, A. J. Cronin, and May Gibson, but moved to London at the age of two. He was educated at Ampleforth College, Harvard University, the Sorbonne, and Trinity College, Oxford, from which he graduated with honours in 1947, earning a degree …",0
21687560,SM UC-106,https://en.wikipedia.org/wiki/SM%20UC-106,-3.7059865,4.929206,-1.9923133757725864,0.0525430532534632,"SM UC-106 was a German Type UC III minelaying submarine or U-boat built for the German Imperial Navy () during World War I.

Design
A German Type UC III submarine, UC-106 had a displacement of  when at the surface and  while submerged. She had a length overall of , a beam of , and a draught of . The submarine was powered by two six-cylinder four-stroke diesel engines each producing  (a total of ), two electric motors producing , and two propeller shafts. She had a dive time of 15 seconds and was capable of operating at a depth of .",0
626213,List of colonial governors in 1822,https://en.wikipedia.org/wiki/List%20of%20colonial%20governors%20in%201822,-0.70898783,3.628883,0.0682669321065568,0.4902674769140049,"

British Empire
India – Francis Rawdon-Hastings, 1st Marquess of Hastings, Governor-General of India (1813–1823)",0
4501819,Staphylea,https://en.wikipedia.org/wiki/Staphylea,9.331058,5.5780716,-0.382336673781249,0.3945467700177948,"Staphylea, called bladdernuts, is a small genus of 10 or 11 species of flowering plants in the family Staphyleaceae, native to temperate regions of the Northern Hemisphere. The highest species diversity is in China, where four species occur.

They are large shrubs, occasionally small trees, growing to 2–5 m tall. The leaves are deciduous, arranged in opposite pairs, and pinnate, usually with three leaflets, but  S. pinnata and  S. colchica. The flowers are produced in drooping terminal panicles 5–10 cm long, with 5–15 flowers on each panicle; the individual flowers are about 1 cm long, with th…",0
33559251,Babenhausener Bach,https://en.wikipedia.org/wiki/Babenhausener%20Bach,4.66094,2.0319476,-0.1666894582423083,0.4403562212558001,"Babenhausener Bach is a river of North Rhine-Westphalia, Germany. It flows into the Schloßhofbach in Bielefeld.

See also
List of rivers of North Rhine-Westphalia",0
54113957,"Antonio Di Nardo (footballer, born 1998)",https://en.wikipedia.org/wiki/Antonio%20Di%20Nardo%20%28footballer%2C%20born%201998%29,-2.0012057,-0.9398858,-1.169787676389804,0.2272703309681979,"Antonio Di Nardo (born 30 September 1998) is an Italian footballer who plays as a forward for Sona Calcio.

Club career
Di Nardo started his career at Latina. In 2015 he was signed by Sampdoria for €1 million fee (net of VAT), on a 3-year contract. On the same day, Marco Marchionni moved in the opposite direction on a free transfer.",0
315575,FGM-148 Javelin,https://en.wikipedia.org/wiki/FGM-148%20Javelin,-3.7501435,4.456416,-1.1032513352557596,0.2414044957294623,"The FGM-148 Javelin, or Advanced Anti-Tank Weapon System-Medium (AAWS-M), is an American-made portable anti-tank missile system in service since 1996, and continuously upgraded. It replaced the M47 Dragon anti-tank missile in US service. Its fire-and-forget design uses automatic infrared guidance that allows the user to seek cover immediately after launch, in contrast to wire-guided systems, like the system used by the Dragon, which require a user to guide the weapon throughout the engagement. The Javelin's high-explosive anti-tank (HEAT) warhead can defeat modern tanks by top attack, hitting …",1
56204011,Kin Sang,https://en.wikipedia.org/wiki/Kin%20Sang,-0.9799669,11.633993,2.3527158030057467,0.9755477941007362,"Kin Sang may refer to:

Places 
",0
23701486,Johann Anetseder,https://en.wikipedia.org/wiki/Johann%20Anetseder,-0.45902422,4.5748568,-0.0942967553313983,0.4557344397303433,"Johann Anetseder (7 October 1898 - 12 December 1948) was a German politician, representative of the Christian Social Union of Bavaria. He was a member of the Landtag of Bavaria from December 1946 - December 1948.
He was born in Aichet (Thyrnau) and died in Kellberg near Thyrnau.

See also",0
71312306,2022–23 Anaheim Ducks season,https://en.wikipedia.org/wiki/2022%E2%80%9323%20Anaheim%20Ducks%20season,-1.7549516,-3.2632465,-0.023011767888758,0.4708773487082974,"The 2022–23 Anaheim Ducks season is the 30th season for the National Hockey League (NHL) franchise that was established on June 15, 1993.

The Ducks will attempt to improve on a disappointing 2021–22 campaign (a 31–37–14 record; 76 points) and return to the playoffs for the first time since 2018, when they were swept in the first round by the San Jose Sharks. This is also the first season without longtime captain Ryan Getzlaf as he retired at the end of the 2021–22 season. This is the first season the Ducks have entered without a captain.
",0
20329001,Rickettsiella,https://en.wikipedia.org/wiki/Rickettsiella,10.165316,5.764459,0.3166441719051532,0.5430296933272725,"Rickettsiella is a genus of the family Coxiellaceae. It should not be confused with Rickettsia.  It is currently considered of the Gammaproteobacteria. However, its placement under Coxiellaceae instead of Legionellaceae has been challenged.

Molecular Signatures and Taxonomy 
Members of the genera Rickettsiella and Diplorickettsia are observed to form a reliable clade in phylogenetic trees constructed from various datasets of concatenated protein sequences and 16S rRNA sequences, suggesting that they might belong to a single genus. Genomic analyses identified 12 conserved signature indels (CSI…",0
57228603,Altica rosae,https://en.wikipedia.org/wiki/Altica%20rosae,11.174753,4.471941,0.2678066307424541,0.5326552446941866,"Altica rosae is a species of flea beetle in the family Chrysomelidae. It is found in North America.

References
",0
42458176,Disappeared (Northern Ireland),https://en.wikipedia.org/wiki/Disappeared%20%28Northern%20Ireland%29,-1.0990053,3.9990928,-0.773095475164126,0.3115387598608639,"The Disappeared are people believed to have been abducted, murdered and secretly buried in Northern Ireland, the large majority of which occurred during the Troubles. The Independent Commission for the Location of Victims' Remains (ICLVR) is in charge of locating the remaining bodies, and was led by forensic archaeologist John McIlwaine.

Background
",0
30689800,Mi corazón insiste en Lola Volcán,https://en.wikipedia.org/wiki/Mi%20coraz%C3%B3n%20insiste%20en%20Lola%20Volc%C3%A1n,-2.353734,9.040639,-1.9247343341916172,0.0668987165170842,"Mi corazón insiste en Lola Volcán (My Heart Beats for Lola Volcan) is a Spanish-language telenovela produced by the United States-based television network Telemundo.

Telemundo aired the serial from May 23 to November 28, 2011, at 8pm central. As with most of its other telenovelas, the network broadcasts English subtitles as closed captions on CC3. It is a remake of Colombian telenovela of 1998-1999 Yo amo a Paquita Gallego by Julio Jimenez.
",0
26064594,Nadia Meiher,https://en.wikipedia.org/wiki/Nadia%20Meiher,-1.4430585,10.9284115,-0.1196729319109865,0.4503438358186515,"Nadiya Oleksandrivna Urzhumtseva (born 10 April 1982), better known by her stage name Nadia Meiher, is a Ukrainian singer-songwriter, actress, poet, television host and fashion designer.

Nadia Meiher came to regional media attention as a member of the girl group Nu Virgos (VIA Gra), being a member on three occasions, including in its ""golden era"" period from 2003 and 2004. Following her departure from the group in 2006, Nadia Meiher began working as a television host on STB. In 2014, she participated in the Russian version of Your Face Sounds Familiar, and launched her solo musical career rel…",0
26871136,Punctoterebra teramachii,https://en.wikipedia.org/wiki/Punctoterebra%20teramachii,10.569622,6.102549,-1.1756453575956678,0.2260259969715952,"Punctoterebra teramachii is a species of sea snail, a marine gastropod mollusk in the family Terebridae, the auger snails.

Description
",0
18772159,Grabie,https://en.wikipedia.org/wiki/Grabie,4.202256,0.76794606,0.1336852969175132,0.504164152488452,"Grabie may refer to the following places:
Grabie, Kuyavian-Pomeranian Voivodeship (north-central Poland)
Grabie, Wieliczka County in Lesser Poland Voivodeship (south Poland)
Grabie, Łódź Voivodeship (central Poland)",0
42807732,The Great and the Little Love,https://en.wikipedia.org/wiki/The%20Great%20and%20the%20Little%20Love,-2.648978,8.479039,-0.4695049505683671,0.3760298097361567,"The Great and the Little Love () is a 1938 German comedy film directed by Josef von Báky and starring Jenny Jugo, Gustav Fröhlich, Rudi Godden. Jugo plays a stewardess working for Lufthansa. It was shot at the Johannisthal Studios in Berlin with sets designed by the art directors Karl Weber and Erich Zander. It was filmed partly on location around Genoa in Italy.

Plot 
During a stopover in Zurich, the stewardess Erika Berghoff spends some time with the passenger Dr. Bordam. She already liked him on the flight, but now she has fallen in love with him. What she doesn't know is that Bordam is ac…",0
39411713,Entryism,https://en.wikipedia.org/wiki/Entryism,-0.65871245,3.4250035,-0.6547297252203346,0.3366829289462324,"Entryism (also called entrism, enterism, or infiltration) is a political strategy in which an organisation or state encourages its members or supporters to join another, usually larger, organization in an attempt to expand influence and expand their ideas and program. If the organization being ""entered"" is hostile to entrism, the entrists may engage in a degree of subterfuge and subversion to hide the fact that they are an organization in their own right.

Definitions
Horton (2014) gives the ""example of entryism – the infiltration of a self-proclaimed human rights activist into an institution …",0
15911951,Angel's Feather,https://en.wikipedia.org/wiki/Angel%27s%20Feather,-1.0256197,8.136217,-1.0334331797337444,0.2562358089134513,"is a Japanese boys' love visual novel game created by BlueImpact, which was originally released on April 25, 2003, for Windows, and later ported to the PlayStation 2 by HuneX as Angel's Feather: Kuro no Zanei. In 2006, it was adapted into an OVA, which was animated by Studio Venet. The game's character designer is Yamamoto Kazue. In 2007, Media Blasters licensed the anime for Region 1 release.

Story 
It begins when Hamura Shou comes to Yuusei Academy, from there it branches out into the truth behind his past, and his twin brother, Kai's as well (though they both have the same name, they are r…",0
21075432,Todi Castle,https://en.wikipedia.org/wiki/Todi%20Castle,3.4966972,2.773044,-0.6444128627247024,0.3388745167589558,"The Todi Castle is a former medieval Castle located 15 km south of the town of Todi, to the east side of the town of , which is part of the Municipality of Baschi, near Terni, in Umbria, Italy.

The Castle of Capecchio
The Castle of Capecchio was built during Roman times, in order to protect the Colonia Julia Fida Tuder (Todi Roman name) for the southern boundary line. Torre d'Orlando (former name of the watch tower) was built in a strategic position, to look over the area bounded by the river Tiber, the river Arnata and a famous Roman road, the Via Amerina, which linked Todi to Lazio. Its str…",0
67722706,Pablo Calucho,https://en.wikipedia.org/wiki/Pablo%20Calucho,-0.537519,3.5485694,0.0416115073940838,0.4846051252089635,"Juan Pablo Calucho Vargas (2 February 1980 – 19 May 2021) was a Bolivian journalist, often known as the ""people's journalist"" for making daily and constant coverage of the citizen in the streets.

Biography
",0
45240404,Aferim!,https://en.wikipedia.org/wiki/Aferim%21,-2.4426634,8.998086,-0.4041285711189703,0.3899175664550171,"Aferim! () is a 2015 Romanian drama film directed by Radu Jude and produced by Ada Solomon. It was screened in the main competition section of the 65th Berlin International Film Festival where Radu Jude won the Silver Bear for Best Director. It was selected as the Romanian entry for the Best Foreign Language Film at the 88th Academy Awards.

Plot
The film is set in Wallachia in the early 19th century, when a local policeman, Costandin played by Teodor Corban, is hired by Iordache, a boyar, to find Carfin played by Toma Cuzin, a Gypsy slave who had run away from the boyar's estate after having …",0
371147,"Five Points (Columbia, South Carolina)",https://en.wikipedia.org/wiki/Five%20Points%20%28Columbia%2C%20South%20Carolina%29,3.8991992,4.845518,1.7102578667927026,0.8390719048671632,"Five Points in Columbia, South Carolina is a shopping, restaurant, and nightlife area that attracts customers from the nearby University of South Carolina and throughout the Columbia metropolitan area.  It is the center for the city's annual St. Patrick’s Day Festival.

It was Columbia's first neighborhood shopping district, named for the intersection of Harden Street, Devine Street and Santee Avenue.  It was home to Columbia's first supermarket (an A & P), first Chinese restaurant (Kester’s Bamboo House), and the first bar in South Carolina to serve a cocktail (the Stage Door, which claimed t…",0
184601,Landscape architect,https://en.wikipedia.org/wiki/Landscape%20architect,2.9649324,4.824925,-0.024810193628833,0.4704953131877402,"A landscape architect is a person who is educated in the field of landscape architecture. The practice of landscape architecture includes: site analysis, site inventory, site planning, land planning, planting design, grading, storm water management, sustainable design, construction specification, and ensuring that all plans meet the current building codes and local and federal ordinances. 

The practice of landscape architecture dates to some of the earliest of human cultures and just as much as the practice of medicine has been inimical to the species and ubiquitous worldwide for several mill…",0
10296386,Tunisia Davis Cup team,https://en.wikipedia.org/wiki/Tunisia%20Davis%20Cup%20team,-2.204846,-2.3975258,-0.1478566308490736,0.4443568362694838,"The Tunisia Davis Cup team represents Tunisia in Davis Cup tennis competition and are governed by the Fédération Tunisienne de Tennis.

Tunisia currently competes in Africa Zone Group III.
",0
21133263,Cecil Grigg,https://en.wikipedia.org/wiki/Cecil%20Grigg,-1.0632603,-4.1257157,-1.5714800587083049,0.141939724892393,"Cecil Burkett ""Tex"" Grigg (February 15, 1891 – September 5, 1968) was an American football player and coach. He played running back for eight seasons in the National Football League (NFL) for the Canton Bulldogs, the Rochester Jeffersons, the New York Giants, and the Frankford Yellow Jackets. He made his professional debut in 1919 with the Bulldogs who were still members of the Ohio League, the direct predecessor to the NFL.  Grigg then went on to coach for many years as Jess Neely's backfield coach at Rice.

Head coaching record
",0
9143337,Esfandiar Baharmast,https://en.wikipedia.org/wiki/Esfandiar%20Baharmast,-2.1057694,-1.4711668,-0.5371348452441267,0.3616633438643949,"Esfandiar ""Esse"" Baharmast (born March 11, 1954) is a retired Iranian-American football referee best known for supervising two matches during the 1998 FIFA World Cup held in France.

Career
At that tournament, he was briefly vilified for giving a late penalty to Norway in the dying minutes of their first-round game with Brazil, only to be vindicated the following day when a Swedish TV station released previously unseen TV footage from a new camera angle indisputably showing that he made the right call; Norway striker Tore André Flo did indeed have his jersey pulled by Brazil defender Júnior Ba…",0
35435798,Stein Castle,https://en.wikipedia.org/wiki/Stein%20Castle,4.4879975,2.1046107,0.7359858684345169,0.6321095033828557,"Stein Castle ( or Burg Stein) may refer to:

Stein Castle, Aargau, Switzerland
Stein Castle (Bavaria), Germany",0
43484640,Charltona atrifascialis,https://en.wikipedia.org/wiki/Charltona%20atrifascialis,11.822701,5.258463,-0.2255260118428589,0.427857704980314,"Charltona atrifascialis is a moth in the family Crambidae. It was described by George Hampson in 1919. It is found in Malawi.

References
",0
55057927,Kwon Hyeok-ung,https://en.wikipedia.org/wiki/Kwon%20Hyeok-ung,1.103663,3.8264427,-0.7984651295915538,0.3061495414352337,"Kwon Hyeok-ung (Hangul 권혁웅; born 1967) is a South Korean poet, literary critic, and professor. He was born in Chungju, South Korea and studied Korean literature at Korea University, where he also received his doctoral degree. He has been teaching creative writing at Hanyang Women's University since 2003.

Life 
Kwon Hyeok-ung was born in Chungju, South Korea. He began his literary career when he won the Joongang Ilbo New Writer's Contest in 1996 for criticism and the Munye Joongang Literary Award in 1997 for poetry. As a critic, he was closely involved in a heated controversy over South Korean…",0
25219286,Lalit Thapa,https://en.wikipedia.org/wiki/Lalit%20Thapa,-1.8124095,-1.4847258,-0.1266184161959145,0.4488684222693525,"Lalit Thapa is an Indian professional footballer who plays as a goalkeeper for I-League side Gokulam Kerala.

Club career
Thapa joined Churchill Brothers in 2010. Thapa was critical in Churchill Brothers 2013-14 season, especially in a game against S.C. Goa and the 3-1 win in the Federation's final also against Goa.",0
22302395,Claytonia umbellata,https://en.wikipedia.org/wiki/Claytonia%20umbellata,9.289867,5.61907,-0.7526491219553452,0.3158821325214932,"Claytonia umbellata is a species of wildflower in the purslane family known by the common name Great Basin springbeauty. It is native to the Great Basin of the United States, where it grows mainly in subalpine coniferous forests, often on north-facing exposed slopes in the talus. It is a perennial herb growing from a tuberous root up to 5 centimeters wide and a thin taproot. Most of the stem develops underground, as do the petioles of the most basal leaves. Above the ground appear a few oval-shaped fleshy red to green leaves and an inflorescence of up to 12 flowers. Each flower has five magent…",0
2309073,Tanikaze Kajinosuke,https://en.wikipedia.org/wiki/Tanikaze%20Kajinosuke,-4.2811775,-1.2763474,-1.4273812646334043,0.1725503064579014,"was a Japanese sumo wrestler from the Tokugawa era, who is officially recognized as the fourth yokozuna, and the first to be awarded the title of yokozuna within his own lifetime. He achieved great fame and though championships were not awarded in his era, he achieved the mathematical equivalent of 21 tournament championships. He was also the coach of Raiden Tameemon.

Early career 
Tanikaze was born  in Miyagi District, Mutsu Province (now part of Wakabayashi-ku, Sendai). He made his debut in sumo in 1769 when he was 19. With a height of 189 cm and a weight of 169 kg, he was extremely large i…",0
4180235,Municipality of Hajdina,https://en.wikipedia.org/wiki/Municipality%20of%20Hajdina,3.8497546,1.1321151,0.3714548568100788,0.5546730034029383,"The Municipality of Hajdina (; ) is a small municipality on the right bank of the Drava River near Ptuj in northeastern Slovenia. Its administrative seat is the village of Zgornja Hajdina. The area is part of the traditional region of Styria. The municipality is now included in the Drava Statistical Region. Sights include relics of the Roman settlement of Poetovio and the parish church of Saint Martin in Zgornja Hajdina.

Settlements
In addition to the municipal seat of Zgornja Hajdina, the municipality also includes the following settlements:",0
23182717,Dabinderjit Singh,https://en.wikipedia.org/wiki/Dabinderjit%20Singh,0.8541814,2.3794255,0.1115627765887139,0.4994647154299619,"Dabinderjit Singh Sidhu (Punjabi: ਦਬਿੰਦਰਜੀਤ ਸਿੰਘ ਸਿੱਧੂ) was a Director at the National Audit Office (United Kingdom) who retired early in May 2022 after more than 33 years.  He is an internationally known and well respected Sikh activist and spokesman for Sikh rights and interests.
He was awarded an OBE in 2000 for his work on equal opportunities.

Protection of Sikh rights and interests",0
20554507,David Yaari,https://en.wikipedia.org/wiki/David%20Yaari,0.34211487,4.0994387,-0.4749145238192921,0.3748806663009524,"David Yaari (born David Borowich in 1969) is an American - Israeli entrepreneur, philanthropist, community organizer and activist.  He is the Founding Director General of the Arizona-Israel Trade and Investment Office. He is also the chairman of the World Confederation of United Zionists and sits on the board of Keren Kayemet LeYisrael (KKL) - Jewish National Fund (JNF). He currently serves on the Board of Directors of StellarNova, an education technology company focused on STEM and on numerous philanthropic boards. In 2008, The Jewish Daily Forward included him in the ""Forward 50"", a list of …",0
53792829,"Raja Muda Nala Bridge, Klang",https://en.wikipedia.org/wiki/Raja%20Muda%20Nala%20Bridge%2C%20Klang,4.3796654,3.6135294,-0.0035246007134649,0.4750169636449079,"The Jambatan Raja Muda Nala, also known as Klang Third Bridge (Jambatan Ke-3 Klang) is a modern engineering infrastructure in the international port city of Klang in the state of Selangor, Malaysia. Built at a cost of RM230 million, the Klang Third Bridge complements the two existing bridges in Klang, namely the Kota Bridge and the Musaeddin (Tengku Kelana) Bridge. All three bridges cut across the Klang River, connecting the northern and southern parts of Klang. 

On 24 May 2017, the Klang Third Bridge was opened for traffic. 
",0
53876589,Canton of Le Havre-4,https://en.wikipedia.org/wiki/Canton%20of%20Le%20Havre-4,5.3756394,1.9408423,0.7144957026203224,0.6275443959665523,"The canton of Le Havre-4 is an administrative division of the Seine-Maritime department, in northern France. Its borders were modified at the French canton reorganisation which came into effect in March 2015. Its seat is in Le Havre.

It consists of the following communes:
Le Havre (partly)",0
8753957,HŽRK Zrinjski Mostar,https://en.wikipedia.org/wiki/H%C5%BDRK%20Zrinjski%20Mostar,-2.707578,-1.6702809,-1.0428001234595048,0.254246010200855,"HŽRK Zrinjski Mostar (, ) is a Croat-founded women's handball team from the city of Mostar, Bosnia and Herzegovina.

The club plays in the Handball Championship of Bosnia and Herzegovina. It is part of the Zrinjski Mostar sport society. It has been one of the most successful women's handball clubs in the country since the formation of the national league in 2001.
",0
50732681,Jamboo,https://en.wikipedia.org/wiki/Jamboo,-2.731062,9.888945,-0.2540116423156543,0.4218065667967481,"Jamboo is 1980 Indian Tamil-language action adventure film, co-written, directed and produced by M. Karnan from a story by Maa. Ra. The film stars Jaishankar, leading an ensemble cast that includes Major Sundarrajan, S. A. Ashokan, Thengai Srinivasan, M. R. R. Vasu, Manorama and Jayamala. It was released on 15 January 1980.

Plot 
",0
7367402,The Congress Building,https://en.wikipedia.org/wiki/The%20Congress%20Building,3.9228604,4.8893633,-0.0374239163599705,0.4678158085396618,"The Congress Building, or simply the Congress Building, is a historic skyscraper in Downtown Miami, Florida, United States. It is located at the address of 111 Northeast 2nd Avenue. The Congress Building was added to the National Register of Historic Places on March 14, 1985, and is locally identified a historic site in the Downtown Miami Development of Regional Impact (DRI). The Congress Building was formerly office space until 1999, when it was restored and converted to apartments. At street level, the building contains retail space which is leased to a number of stores and services includin…",0
1174751,Dilley sextuplets,https://en.wikipedia.org/wiki/Dilley%20sextuplets,-2.09176,7.8397813,2.1106764415973465,0.924131918888038,"The Dilley sextuplets (born May 25, 1993) are the United States' first set of surviving sextuplets, born to Becki and Keith Dilley in Indianapolis, Indiana, United States. They are, in birth order:

Biography
The siblings were the first surviving sextuplets to be born in the USA.",0
29262312,Lower Daggons,https://en.wikipedia.org/wiki/Lower%20Daggons,4.218134,4.177107,1.4670311382692336,0.787403799938336,"Lower Daggons is a hamlet in the New Forest district of Hampshire, England.  At the 2011 Census the Post Office affirmed the population was included in the civil parish of Damerham.   The hamlet lies close to the Hampshire-Dorset border. It is about 3.5 miles (6 km) from the New Forest National Park.

Notes
",0
1330296,Mushtaq Kak,https://en.wikipedia.org/wiki/Mushtaq%20Kak,-2.4966116,9.752382,-1.696549566584685,0.1153714916411283,"Mushtaq Kak (Dogri/Kashmiri: मुश्ताक़ काक (Devanagari), مُشتاق کاک (Nastaleeq); b. 1961 in Jammu & Kashmir, India) is an Indian actor and director. Kak's parents are from Jammu & Kashmir,his father is a Kashmiri, of the Kak caste, while his mother is a Dogra.

Early life 
Earlier, he was associated with Shri Ram Centre, New Delhi as the artistic director. He has also received the best director award for Andha Yug, Malika, and Pratibimb. Of his plays, Maha Brahmin and Alladad were adjudged best plays for the years 1999 and 2000, respectively. His production ""Andorra"" with Kartik Chaudhry as Pyd…",0
13742917,Amer Delić,https://en.wikipedia.org/wiki/Amer%20Deli%C4%87,-3.2567215,-3.467308,-0.3478408722995249,0.4018746352626285,"Amer Delić (; born June 30, 1982) is a Bosnian American former professional tennis player. He is a former captain and member of the Bosnia and Herzegovina Davis Cup team.

Delić was born in Tuzla, then in Yugoslavia, now in the northeastern part of Bosnia and Herzegovina. In 1996, his family emigrated to Jacksonville, Florida where he attended Samuel W. Wolfson High School, a public high school with the largest Bosnian population in Florida.
",0
43432698,Doris Arnold,https://en.wikipedia.org/wiki/Doris%20Arnold,-0.77468216,10.89361,-0.0085661120837119,0.4739460067642267,"Doris Grace Arnold (4 November 1904 – 5 October 1969) was a BBC Radio presenter and producer, and a pianist.

Born in Wimbledon, Surrey, in 1904, Arnold joined the BBC in 1929, as a typist. She first appeared on air as a stand-in for a pianist who was unwell. She married fellow pianist, BBC producer and songwriter Harry S. Pepper, and the two would perform piano duets together on air.
",0
49166678,Duncan Jarman,https://en.wikipedia.org/wiki/Duncan%20Jarman,-2.0393312,8.693434,1.2102069059948417,0.732847207979988,"Duncan Jarman is a British make-up artist. He received Emmy awards for his work on Alice in Wonderland (1999) and Arabian Nights (2000). In 2016, he received his first Oscar nomination at 88th Academy Awards in the category of Best Makeup and Hairstyling for his work on the film The Revenant. His nomination was shared with Siân Grigg and Robert Pandini.

References
",0
38146736,"Marian Cripps, Baroness Parmoor",https://en.wikipedia.org/wiki/Marian%20Cripps%2C%20Baroness%20Parmoor,-1.0662698,5.138175,-0.0799423637850826,0.4587837107257921,"Marian Emily Cripps, Baroness Parmoor (née Ellis; 6 January 1878 – 6 July 1952) was a British anti-war activist.

Early life and wartime activities
Marian Ellis was born in Nottingham, one of twin daughters of Quaker and radical parents, the colliery owner and Liberal MP John Ellis and his philanthropist wife Maria (née Rowntree). Her twin sister was named Edith. She received a home education and learned to play the cello.",0
60403029,Jonathan Bagger,https://en.wikipedia.org/wiki/Jonathan%20Bagger,0.5985918,6.3663516,-0.4493332009698149,0.3803148489717005,"Jonathan Anders Bagger (born August 7, 1955) is an American theoretical physicist, specializing in high energy physics and string theory. He is known for the Bagger–Lambert–Gustavsson action.

Biography 
Bagger received his bachelor's degree in 1977 from Dartmouth College. He spent the academic year 1977–1978 at the University of Cambridge as a Churchill Scholar. In 1978 he became a graduate student in physics at Princeton University, where he received his PhD in 1983. His doctoral thesis Matter Couplings in Supergravity Theories was supervised by Edward Witten. Bagger was a postdoc from 1983 …",0
43673413,Samir Dash,https://en.wikipedia.org/wiki/Samir%20Dash,1.230582,6.4105334,1.5719040189196964,0.8096817092558296,"Samir Dash is a techie and an entrepreneur from Rourkela, Orissa.

In 2007, Samir hosted ""MobileWish"" — a unique software application that can be used to send and receive animated and customised e-greetings on GPRS-enabled mobile phones with Internet connection.
",0
67441639,Corazon de Trinidad,https://en.wikipedia.org/wiki/Corazon%20de%20Trinidad,4.154654,4.7810125,0.2362812043257928,0.5259583695196931,"The Corazon de Trinidad is a historic district in Trinidad, Colorado which was listed on the National Register of Historic Places in 1973.

The district is a  area roughly bounded by the Purgatoire River on the north and west, Walnut St. on the east, and 3rd, W. 1st and Animas Sts. on the south.
",0
155256,Cleansing (album),https://en.wikipedia.org/wiki/Cleansing%20%28album%29,-0.95227355,11.958891,-0.966596994099936,0.2704336689649915,"Cleansing is the fourth album by the American heavy metal band Prong, released on January 25, 1994 by Epic Records. It was produced by Terry Date, whereas Prong's previous two albums had been produced by Mark Dodson. The album features ex-Killing Joke members Paul Raven on bass guitar and John Bechdel on keyboards and programming. Featuring an industrial-influenced sound, the record received moderate commercial success.

The single ""Snap Your Fingers, Snap Your Neck"" received a commercial interest; its music video received heavy rotation on MTV and was featured on an episode of Beavis and Butt…",0
8257022,1989 Green Bay Packers season,https://en.wikipedia.org/wiki/1989%20Green%20Bay%20Packers%20season,-1.033558,-4.0802917,-1.3022911972234872,0.1991229071244685,"The 1989 Green Bay Packers season was their 71st overall and their 69th in the National Football League. The Packers finished with a 10–6 record, their best since 1972, but failed to make the playoffs. The team was often referred to as ""The Cardiac Pack"" due to several close-game wins. The 1989 Packers hold the NFL record for most one-point victories in a season with four. The team was coached by Lindy Infante and led by quarterback Don Majkowski, who attained his nickname ""The Majik Man.""

Offseason 
The Green Bay Packers selected Tony Mandarich with their first pick of the 1989 NFL draft, pa…",0
56749666,Gino de Pellegrín,https://en.wikipedia.org/wiki/Gino%20de%20Pellegr%C3%ADn,-3.9317658,-2.0409622,-0.0524040640947494,0.4646336095695547,"Gino de Pellegrín (7 September 1926 – 26 May 2004) was an Argentine alpine skier. He competed at the 1948 Winter Olympics and the 1952 Winter Olympics.

References
",0
17933317,Liu Yongzhi,https://en.wikipedia.org/wiki/Liu%20Yongzhi,1.3725674,3.7645864,-1.4167241531839505,0.1748141725878751,"Liu Yongzhi (; born November 1944) is a general in the People's Liberation Army (PLA) of the People's Republic of China. He served as vice director of the PLA General Political Department.

Biography
",0
49022386,Timeline of Santiago de Cuba,https://en.wikipedia.org/wiki/Timeline%20of%20Santiago%20de%20Cuba,-0.22656195,3.448211,-0.3285688485514539,0.4059685477666159,"The following is a timeline of the history of the city of Santiago, Cuba.

Prior to 20th century
",0
15742247,Lavazan,https://en.wikipedia.org/wiki/Lavazan,5.3951707,1.9340296,1.138860626523046,0.7176912788746288,"Lavazan (; ) is a commune in the Gironde department in Nouvelle-Aquitaine in southwestern France.

Population
",0
19957005,Zimnice,https://en.wikipedia.org/wiki/Zimnice,4.1743464,0.71374077,-0.6135762374355823,0.3454250714646876,"Zimnice  is a village in the administrative district of Gmina Mszczonów, within Żyrardów County, Masovian Voivodeship, in east-central Poland. It lies approximately  south of Mszczonów,  south-east of Żyrardów, and  south-west of Warsaw.

References
",0
12809046,Eva R. Finstad,https://en.wikipedia.org/wiki/Eva%20R.%20Finstad,-0.7399272,4.191361,-1.102747350497272,0.2415115560741133,"Eva Rolstad Finstad (6 August 1933 – 8 June 1998) was a Norwegian politician for the Conservative Party.

She was born in Nes.
",0
3982263,John Salako,https://en.wikipedia.org/wiki/John%20Salako,-0.72050494,-2.3773425,-1.0902505065718655,0.2441662324213091,"John Akin Salako (born 11 February 1969) is an English football coach, former professional player, and sports television pundit.

Born in Nigeria, Salako played as a midfielder from 1986 until 2005. He played in the Premier League for Crystal Palace, Coventry City, Bolton Wanderers and Charlton Athletic, and in the Football League for Swansea City, Fulham, Reading and Brentford. He represented England at senior level, earning five caps, all during 1991 while he was a Crystal Palace player.
",0
62921372,Quaker (1793 ship),https://en.wikipedia.org/wiki/Quaker%20%281793%20ship%29,-3.2330902,5.1010265,-1.069030863353125,0.2486738733332839,"Quaker was launched at Tynemouth in 1793 as a West Indiaman. The French captured her in 1795 but in a process that is currently obscure she returned to British ownership. In 1797 she became a slave ship, sailing out of Liverpool. On her first slave voyage the French captured after she had gathered her slaves, but the British Royal Navy recaptured her. She resumed her voyage but before she could deliver her slaves the French captured her again. She returned to British ownership in 1805, but wrecked in December 1806.

Career
Quaker first entered Lloyd's Register (LR) in 1794.",0
27231483,Jersey Couture,https://en.wikipedia.org/wiki/Jersey%20Couture,-1.9462535,7.7303553,1.1557104957407307,0.7212706585590138,"Jersey Couture is an American reality documentary series that premiered June 1, 2010 on Oxygen. The series follows the Scali family as they run their dress boutique, Diane & Co., located in Freehold, New Jersey and the personal lives of the owners along with the staff.

On February 7, 2012, the second season of Jersey Couture premiered.
",0
67869148,Clement Twizere Buhake,https://en.wikipedia.org/wiki/Clement%20Twizere%20Buhake,-2.184338,-1.2694436,-0.27980715172623,0.4163268849582878,"Clement Twizere Buhake (born 9 July 1996) is a Rwandan footballer who plays as a goalkeeper for Strømmen. He has been capped for the Rwanda national team.

Professional career
Twizere Buhake made his senior debut with Strømmen in a 3–1 Norwegian First Division win over Ullensaker/Kisa IL on 21 November 2020. He became their first-choice goalkeeper in 2022.",0
64649848,Trevett,https://en.wikipedia.org/wiki/Trevett,-1.5749998,1.9657553,1.1030058272620695,0.7100747247990786,"Trevett is both a given name and a surname. Notable people with the name include:

Trevett Read (1893–1976), British footballer
John Trevett (1942–2019), British cricketer",0
64215248,Bernardo Silva (sailor),https://en.wikipedia.org/wiki/Bernardo%20Silva%20%28sailor%29,-4.0564675,-2.0005028,0.0814578259108749,0.4930695887103685,"Bernardo Silva (26 September 1935 – 1997) was a Portuguese sailor. He competed in the Finn event at the 1968 Summer Olympics.

References
",0
1869876,Glénan Islands,https://en.wikipedia.org/wiki/Gl%C3%A9nan%20Islands,4.7542367,3.0269003,-0.1908066500868825,0.4352330606295868,"The Glénan islands ( or , ) are an archipelago located off the coast of France. They are located in the south of Finistère, near Concarneau and Fouesnant, and comprise nine major islands: Saint-Nicolas, the Loc'h, Penfret, Cigogne, Drenec, Bananec, Brunec, Guiriden and Guéotec. In addition, there are over a dozen smaller islets as Quignénec, Brilimec or Kastell Bargain. Île aux Moutons, halfway to the continent, is considered to be a part of the archipelago. Administratively, the islands belong to the commune of Fouesnant.

The Glénan islands have been home to the Glénans sailing school since …",0
27150868,2010–11 in Welsh football,https://en.wikipedia.org/wiki/2010%E2%80%9311%20in%20Welsh%20football,-1.2560585,-2.4521663,-0.4506069250004642,0.3800442746509198,"The 2010–11 season was the 136th season of competitive football in Wales.

Overview
",0
3781973,1985 NFL Draft,https://en.wikipedia.org/wiki/1985%20NFL%20Draft,-0.99352545,-3.9963694,-0.4776613066768861,0.3742971734185524,"The 1985 NFL draft was the procedure by which National Football League teams selected amateur college football players. The draft was held April 30 and May 1, 1985, at the Omni Park Central Hotel in New York City, New York. The league also held a supplemental draft after the regular draft and before the regular season.

The first six selections of the draft made at least one Pro Bowl, and three of the first 16 picks — Bruce Smith, Chris Doleman, and Jerry Rice — have been inducted into the Pro Football Hall of Fame.
",0
72602853,Sarbendra Nath Shukla,https://en.wikipedia.org/wiki/Sarbendra%20Nath%20Shukla,0.60947275,2.19552,-0.9963243070483035,0.2641187629758657,"Sarbendra Nath Shukla is a Nepalese politician, belonging to the Loktantrik Samajwadi Party currently serving as the member of the 2nd Federal Parliament of Nepal. In the 2022 Nepalese general election, he won the election from Rupandehi 4 (constituency).

References
",0
61202983,Rasmus Prehn,https://en.wikipedia.org/wiki/Rasmus%20Prehn,-0.7416139,4.1233454,-0.245186129424085,0.4236813505793549,"Rasmus Prehn (born 18 June 1973 in Høje-Taastrup) is a Danish politician who is currently serving as the Minister for Food, Agriculture and Fisheries. He previously served as Minister for Development Cooperation from 2019 to 2020. He has been a member of the Folketing since the 2005 Danish general election.

Background
Prehn was born in Høje-Taastrup to Flemming Prehn and Birte Hanne Prehn, and is married to Heidi Linnemann Prehn. He studied at Aalborg University and the University of Leeds, graduating with a Master's degree in social science.",0
3998285,Fanfare (decoy),https://en.wikipedia.org/wiki/Fanfare%20%28decoy%29,-3.6566331,4.8099427,1.4518415471459936,0.7841771093819737,"The T-Mk 6 Fanfare is a towed sonar decoy developed after the Second World War by the United States Navy.  It replaced the Foxer noisemaker.  It was more effective than the Foxer, producing a sound similar to a ship's propeller, rather than wideband noise.

External links
 https://web.archive.org/web/20060222070937/http://www.de220.com/Armament/Decoys/Decoys.htm ",0
46503547,Antaeotricha albulella,https://en.wikipedia.org/wiki/Antaeotricha%20albulella,11.763976,5.298262,-1.5083556972785883,0.1553490905065883,"Antaeotricha albulella, the vestal moth, is a moth in the family Depressariidae. It was described by Francis Walker in 1864. It is found in the United States where it has been recorded from Alabama, Florida, Georgia, Louisiana, Maryland, Mississippi, New Jersey, North Carolina, Oklahoma, South Carolina, Texas and West Virginia.

The wingspan is about 15 mm. Adults are white with a minute, indistinct ochreous spot at the end of the disc. There are also some scattered dark brown scales.
",0
9041293,Joost (name),https://en.wikipedia.org/wiki/Joost%20%28name%29,-1.4551367,1.7889359,0.4429439894744741,0.5698592784895533,"Joost is a male Dutch first name. It derives from the name Jodocus, which can ultimately be traced back to St. Judoc, a Breton saint of the 7th century: Jodocus → Josse → Joos → Joost (the addition of an end-t is a peculiarity of the Dutch language, especially some local dialects). 

Sometimes the (originally Ancient Roman) name Justus was used to represent Joost. This may have led to confusion between Justus and Jodocus as the origin of Joost. In Dutch proper it is pronounced . In Afrikaans it is pronounced .
",0
51334132,Chelsea Purcell,https://en.wikipedia.org/wiki/Chelsea%20Purcell,-1.9023992,-3.229134,-0.6722133136449879,0.3329689297211421,"Chelsea Purcell (born May 24, 1987) is a former women's ice hockey player. Among her career accomplishments, she was the first captain in the history of the CWHL's Team Alberta franchise. In addition, she was the captain of the Canada women's national ball hockey team that won a gold medal at the 2015 ISBHF World Championships in Zug, Switzerland.

Playing career
",0
41470750,Ruth A. Parmelee,https://en.wikipedia.org/wiki/Ruth%20A.%20Parmelee,-0.14737168,4.027193,-0.0552264361472973,0.4640340594450907,"Ruth Azneve Parmelee (3 April 1885 – 15 December 1973) was a Christian missionary and a witness to the Armenian genocide. She served as a nurse of the American Women's Hospitals Service to a local hospital in Kharpert. She was also instrumental in the founding in 1922 of the hospital of the American Women's Hospitals Service in Salonika, Greece.

Early life
",0
5043391,Gerry Mullins,https://en.wikipedia.org/wiki/Gerry%20Mullins,-0.8816103,-3.9304066,0.4664581370755443,0.5748543357883106,"Gerry Blaine Mullins (born August 14, 1949) is a former American football player who played as a guard for nine seasons for the Pittsburgh Steelers of the National Football League (NFL). He played college football at University of Southern California.

High school and college
Gerry Blaine Mullins was raised in Anaheim, California where he began his football career at Fremont Junior High School, and was mentored at Anaheim High School by the head football coach Clare Van Hoorebeke (1950–1972).. After graduating, Mullins played for coach John McKay, at the University of Southern California along…",0
39590404,Femininism,https://en.wikipedia.org/wiki/Femininism,0.23784968,5.2132187,-0.0969163548883718,0.4551779641094159,"Femininism is the promotion or appreciation of femininity or ""womanliness"", and is the direct counterpart to masculinism. The concept originates as far back as the 19th century. It is a philosophy of elevating and attempting to live by traits or virtues that accentuate the femininity of women, while still supporting intellectual equality between the sexes. It is acceptance of womanhood as strength.

Femininism is influenced by queer theory and disassociates female qualities from sex. It is a celebration of qualities typically considered female and supports the adoption of these qualities by bo…",0
15740929,Cadillac-en-Fronsadais,https://en.wikipedia.org/wiki/Cadillac-en-Fronsadais,5.3807626,1.9597208,1.5564524494590943,0.8063993672325991,"Cadillac-en-Fronsadais is a commune in the Gironde department in Nouvelle-Aquitaine in southwestern France.

Population
",0
40100620,Kanji Morarji Rathor,https://en.wikipedia.org/wiki/Kanji%20Morarji%20Rathor,0.9402499,2.427284,0.274652277994122,0.5341094500878623,"Kanji Morarji Rathor / Kanzi Morarji Rathore (1913–1989) was a Kutchi industrialist from Raipur, India. He is noted for founding first steel plant of Chhattisgarh.

Birth
He was born to Morarji Karsan Rathor and Mithi Bai on 15 November 1913 at village Khedoi in Princely State of Cutch in small but enterprising Mestri community.  His father, who initially worked as a railway contractor and later settled in Raipur and founded Mahakaushal Flour Mills and Raipur Electrical Engineering Co.",0
42402613,Mauro Caballero (Honduran footballer),https://en.wikipedia.org/wiki/Mauro%20Caballero%20%28Honduran%20footballer%29,-1.7659248,-0.8155379,-0.4749103204731532,0.3748815592082848,"Mauro Irinardo Caballero, known as Nayo, is a Honduran retired football forward who played for C.D. Marathón.

Club career
Nicknamed Nayo, Caballero played his entire career for Marathón. He was member of La Trinca Infernal (The Infernal Lashing) along with his brother Mario Caballero and Julio César Fonseca.",0
46247090,Battle of Raigarh (1689),https://en.wikipedia.org/wiki/Battle%20of%20Raigarh%20%281689%29,1.2631013,2.4308705,-0.5763526804691048,0.3533323876500573,"The Battle of Raigarh occurred between the Mughal Empire and Maratha Empire in 1689.Aurangzeb ordered his General Zulfiqar Khan to capture the Maratha king, Rajaram. Mughal forces attacked Raigad (Raigarh) and the fortress fell, however Rajaram escaped before that happened.

Aftermath
The mothers, wives, daughters and sons of Sambhaji and Rajaram were taken as prisoners by Zulfiqar Khan Nusrat Jung The captured members were treated graciously. Aurangzeb ordered a tent to be set-up for them in Gulbarga. And they were alrighted with all respect and privacy. Annual pensions were fixed on all of t…",0
45499401,Maine State Route 152,https://en.wikipedia.org/wiki/Maine%20State%20Route%20152,4.182493,3.4432008,0.7747163316831,0.6403369282683439,"State Route 152 (SR 152) is part of Maine's system of numbered state highways, located in Somerset County. It runs from SR 11 and SR 100 in Pittsfield to SR 150 in Cambridge. The route is  long. It was first established in 1925 and the route has not changed since.

Junction list
",0
2214547,FC Torpedo Kutaisi,https://en.wikipedia.org/wiki/FC%20Torpedo%20Kutaisi,-2.452681,-1.655148,-0.9321798914907048,0.2777448163859806,"FC Torpedo Kutaisi is a Georgian professional football club based in Kutaisi, Georgia's third largest city. 'Torpedo Kutaisi' was founded in 1946 and in just three years the club became the winner of the Football Championship of that time. Torpedo's home ground is Ramaz Shengelia Stadium.

History
",0
56718422,Genea (fly),https://en.wikipedia.org/wiki/Genea%20%28fly%29,11.162743,5.036487,-0.2144141022514628,0.43021818285301,"Genea is a genus of bristle flies in the family Tachinidae. There are about 16 described species in Genea.

Species
",0
62707241,Blanche Hinman Dow,https://en.wikipedia.org/wiki/Blanche%20Hinman%20Dow,-0.84092176,5.4054523,0.7004785742066874,0.6245667690171085,"Blanche Hinman Dow (February 9, 1894, Louisiana, Missouri-May 25, 1973) was President of the American Association of University Women (1963-1967) and was President of Cottey College, retiring in 1965 after serving for 16 years.

Dow graduated from Smith College in 1913, continuing her education at Columbia University earning a master's degree and doctorate in French. She went on to serve on the White House Commission on International Cooperation, the National Citizens Committee on Community Relations, and the President's Committee on Employment of the Handicapped.
",0
66373543,On Thin Ice (1966 film),https://en.wikipedia.org/wiki/On%20Thin%20Ice%20%281966%20film%29,-2.4621835,8.882591,0.0470651323541374,0.4857636264493045,"On Thin Ice () is a 1966 Soviet spy film directed by Damir Vyatich-Berezhnykh, based on Georgiy Bryantsev's 1961 book, which provided the first authoritative public description of counterintelligence group GUKR (SMERSH).

Plot
Two NKVD agents fight foreign spies in the Oryol Oblast before and during the Second World War.",0
60916983,Damian Kennedy,https://en.wikipedia.org/wiki/Damian%20Kennedy,-0.71802443,-2.1059773,0.1907964322784359,0.5162961420619083,"Damian Kennedy is an Australian former professional rugby league footballer who played in the 1990s and 2000s. He played for the Western Suburbs Magpies and the Canberra Raiders

Playing career
Kennedy made his first grade debut for Western Suburbs against the Brisbane Broncos in Round 2 1995.  In 1996, Kennedy played 22 times for Wests as the club finished in 8th position on the table and qualified for the finals.  Western Suburbs were eliminated in week one of the 1996 finals series losing to Cronulla 20-12 at Parramatta Stadium with Kennedy playing at second-row.  This would be the last tim…",0
58000934,Harpal Singh Cheema,https://en.wikipedia.org/wiki/Harpal%20Singh%20Cheema,0.5913144,2.3438194,-1.7070907081022166,0.1131322607420255,"Harpal Singh Cheema (born 10 February 1974) is an Aam Aadmi Party MLA from Dirba Assembly constituency located in Sangrur District, Punjab. In March 2022, he became first dalit to be a finance minister of Punjab. 
He joined the Aam Aadmi Party just before the 2017 Punjab Legislative Assembly election. He contested and won the election from Dirba Assembly constituency against a popular Punjabi Kabbadi player Gulzar Singh Moonak from Shiromani Akali Dal and Ajaib Singh Ratolan from Indian National Congress. In July 2018 he was appointed leader of opposition of Punjab Legislative Assembly. He is …",0
44529567,2006 in Shooto,https://en.wikipedia.org/wiki/2006%20in%20Shooto,-3.7429945,-1.7935984,0.75799303640696,0.6367844364006585,"The year 2006 is the 18th year in the history of Shooto, a mixed martial arts promotion based in Japan. In 2006 Shooto held 26 events beginning with, Shooto: The Victory of the Truth.

Title fights
",0
48094591,"Campton, South Carolina",https://en.wikipedia.org/wiki/Campton%2C%20South%20Carolina,4.7227545,4.449804,1.180256058457181,0.7264848170426211,"Campton is an unincorporated community in Spartanburg County, in the U.S. state of South Carolina.

History
A post office called Campton was established in 1875, and remained in operation until 1902. The community was named for Squire ""Billy"" Camp, an early settler.",0
34689787,Imerina mabillalis,https://en.wikipedia.org/wiki/Imerina%20mabillalis,11.731864,5.3043694,0.2198359627990921,0.5224649439823781,"Imerina mabillalis is a species of snout moth in the genus Imerina. It was described by Ragonot in 1891. It is found on Madagascar.

References
",0
35051182,African Pygmies,https://en.wikipedia.org/wiki/African%20Pygmies,2.0052607,2.7236493,0.6436846047909932,0.6125021542894902,"The African Pygmies (or Congo Pygmies, variously also Central African foragers, ""African rainforest hunter-gatherers"" (RHG) or ""Forest People of Central Africa"") are a group of ethnicities native to Central Africa, mostly the Congo Basin, traditionally subsisting on a forager and hunter-gatherer lifestyle. They are divided into three roughly geographic groups:

the western Bambenga, or Mbenga (Cameroon, Gabon, Republic of the Congo, Central African Republic),
the eastern Bambuti, or Mbuti, of the Congo basin (DRC)",1
58869261,"Julián López (footballer, born 2000)",https://en.wikipedia.org/wiki/Juli%C3%A1n%20L%C3%B3pez%20%28footballer%2C%20born%202000%29,-1.7030699,-0.86454666,-1.635650626388032,0.128308116046005,"Julián Alejo López (born 8 January 2000) is an Argentine professional footballer who plays as a midfielder for Defensa y Justicia, on loan from Racing Club.

Career
",0
104667,"Lakeview, Alabama",https://en.wikipedia.org/wiki/Lakeview%2C%20Alabama,5.6209426,4.8679914,-2.956448660407227,0.0,"Lakeview is a town in DeKalb County, Alabama, United States. At the 2020 census, the population was 161. Lakeview is located atop Sand Mountain.

Geography
Lakeview is located in western DeKalb County at  (34.392298, -85.973244), along Alabama State Route 75, which leads northeast  to Rainsville and southwest  to Geraldine.",0
18166987,Colonial Pemaquid State Historic Site,https://en.wikipedia.org/wiki/Colonial%20Pemaquid%20State%20Historic%20Site,3.576366,3.9126914,0.0106342226760992,0.4780246905382544,"Colonial Pemaquid State Historic Site is a publicly owned historic property operated by the state of Maine near Pemaquid Beach in Bristol, Maine. The site includes the reconstructed Fort William Henry, archaeological remains of 17th- and 18th-century village buildings and fortifications, and a museum with artifacts found on the site including musket balls, coins, pottery, and early hardware.

Pemaquid was a major regional flashpoint in the late 17th-century and early 18th-century conflicts between English and French settlers, and between English settlers and the local Native population. The si…",0
48844865,Indira Gandhi University,https://en.wikipedia.org/wiki/Indira%20Gandhi%20University,2.3398144,5.4905295,-0.1336186976786823,0.4473813682750048,"Indira Gandhi University may refer to one of several universities in India:
 Indira Gandhi National Open University (IGNOU), in New Delhi
 Indira Gandhi National Tribal University, in Madhya Pradesh
 Indira Gandhi University, Rewari, in Haryana",0
67005389,Tessaracoccus terricola,https://en.wikipedia.org/wiki/Tessaracoccus%20terricola,9.747332,6.3601108,0.7925945742421339,0.6441347629803874,"Tessaracoccus terricola is a Gram-positive, rod-shaped and non-motile bacterium from the genus of Tessaracoccus which has been isolated from soil which was contaminated with oil.

References 
",0
29065615,Marguerite Bériza,https://en.wikipedia.org/wiki/Marguerite%20B%C3%A9riza,-1.1461747,10.357481,-1.4278783156457902,0.1724447190332839,"Marguerite Bériza (1880 – 1970) was a French opera singer who had an active international career during the first half of the 20th century. She began her career as a mezzo-soprano at the Opéra-Comique in 1900; ultimately transitioning into the leading soprano repertoire at that theatre in 1912. She performed extensively in the United States from 1914–1917 and was also heard as a guest artist at theatres in the French provinces, Monaco, Portugal, and Switzerland during her career. In 1924 she founded her own opera company in Paris with whom she actively performed up until 1930.

During her earl…",0
36813213,"Paisley, Edmonton",https://en.wikipedia.org/wiki/Paisley%2C%20Edmonton,4.40189,4.2201095,0.3897757097667793,0.5585648608426979,"Paisley is a future neighbourhood in southwest Edmonton, Alberta, Canada. Subdivision and development of the neighbourhood will be guided by the Heritage Valley Neighbourhood 12 Neighbourhood Area Structure Plan (NASP) adopted by Edmonton City Council on August 29, 2011. The neighbourhood was officially named in 2012 after Brian Paisley, founder of the Edmonton International Fringe Festival.

Paisely is located within the Heritage Valley area and was the original Heritage Valley Neighbourhood 12 within Heritage Valley Servicing Concept Design Brief (SCDB).
",0
57266334,Ikot Nkang,https://en.wikipedia.org/wiki/Ikot%20Nkang,2.404225,2.0451126,0.3789282845909722,0.5562605667974111,"Ikot Nkang is a village in Etinan local government area of Akwa Ibom State.

References 
",0
6108493,Cronulla District LifeSaver Rescue Service,https://en.wikipedia.org/wiki/Cronulla%20District%20LifeSaver%20Rescue%20Service,-3.3351874,4.911294,0.6047844452069011,0.6042386811944883,"The Cronulla District LifeSaver Rescue Service works with the Water Police, NSW Police, NSW Maritime, Coast Guard, PolAir Helicopters, Westpac Life Saver Rescue Helicopters, Bate Bay Surf Life Saving Clubs as well as clubs in the Royal National Park, and CareFlight helicopters in providing rescue and emergency medical care to the people on Sydney's waterways.

Specialising in ocean rescues, it assists surf life saving clubs and organisations including the water police, from Botany Bay to the southern end of the Royal National Park.
",0
45125605,Telos (album),https://en.wikipedia.org/wiki/Telos%20%28album%29,-1.0913132,12.091387,0.7387583473937134,0.6326984548301179,"Telos marks the third full-length album from Forevermore. Solid State Records released the project on July 22, 2014. Forevermore worked with Jordan Furr on the production of this album.

Reception
",0
58447800,Violeta Zareva,https://en.wikipedia.org/wiki/Violeta%20Zareva,-3.915683,-2.2069051,-0.4884376970363647,0.3720079691389585,"Violeta Ivanova Zareva (; born 29 May 1968) is a Bulgarian rower. She competed at the 1988 Summer Olympics and the 1992 Summer Olympics.

References
",0
48602115,XHRD-FM,https://en.wikipedia.org/wiki/XHRD-FM,0.5499123,8.749954,-1.292781763524415,0.201142974660467,"XHRD-FM 104.5/XERD-AM 1240 is a combo radio station in Pachuca, Hidalgo in Mexico. It is owned by Grupo ACIR and carries its La Comadre grupera format.

History
XERD received its first concession on October 4, 1945 as XEPK-AM, initially on 1420. The station came to air on December 1 of that year as the first radio station in Hidalgo; Governor Vicente Aguirre del Castillo was present at its inauguration. It was owned by Red Central Radiofónica. Soon after, XEPK moved down the dial to 1190 and became a daytimer. In the 1980s, its callsign became XEFIE-AM and gave birth to an FM station XHFIE-FM …",0
2058101,List of parliamentary constituencies in Gwynedd,https://en.wikipedia.org/wiki/List%20of%20parliamentary%20constituencies%20in%20Gwynedd,-1.1809239,3.10768,-0.3983918496816717,0.3911362052410139,"Three constituencies cover the preserved county of Gwynedd for the House of Commons of the UK Parliament (Westminster), and are used also for elections to the Senedd. 
The current boundaries have been effective since the 2007 National Assembly for Wales election and the 2010 United Kingdom general election..

The preserved county of Gwynedd shares its name with the southern bulk, the principal area, Gwynedd, Anglesey (Welsh: Ynys Môn), forms a second principal area, i.e. has its own local government council.",0
36707720,Tally of the Yes Men,https://en.wikipedia.org/wiki/Tally%20of%20the%20Yes%20Men,-1.0669166,12.097618,0.4064133015537668,0.5620991469116325,"Tally of the Yes Men is the debut album by the indie rock band Goldspot, released in 2005.

Critical reception
PopMatters called the record ""a solid album of slightly melancholic pop songs built around a solid core of vocal melodies and compelling instrumentation."" The Los Angeles Times wrote that the album ""washes down its classic pop songwriting with Cure Light (and other Britpop flavors), plus subtle Indian influences."" LA Weekly wrote: ""A triumph of quality over fashion, Goldspot are a collage of Radiohead’s acoustic yearnings, the Smiths’ smarty-pop, clean ’n’ cultured arrangements and ma…",0
15928812,"Pouilly, Oise",https://en.wikipedia.org/wiki/Pouilly%2C%20Oise,5.401964,1.9410847,0.1908391422233727,0.5163052148391064,"Pouilly () is a commune in the Oise department in northern France.

See also
 Communes of the Oise department",0
25664983,Mir EO-4,https://en.wikipedia.org/wiki/Mir%20EO-4,0.7504323,7.4026937,-1.0161854667571764,0.259899701649523,"Mir EO-4 (also called Principal Expedition 4) was the fourth long-duration expedition to the Soviet space station Mir. The expedition began in November 1988, when crew members Commander Aleksandr Volkov and Flight Engineer Sergei Krikalev arrived at the station via the spacecraft Soyuz TM-7. The third crew member of EO-4, Valeri Polyakov, was already aboard Mir, having arrived in August 1988 part way through the previous expedition, Mir EO-3.

The expedition lasted for five months, and at its conclusion Mir was left unmanned until the launch of Mir EO-5 in September 1989. This ended a continuo…",0
413204,Storm drain,https://en.wikipedia.org/wiki/Storm%20drain,2.4365475,5.84165,0.6932605992111821,0.6230334708812277,"A storm drain, storm sewer (United Kingdom, U.S. and Canada), surface water drain/sewer (United Kingdom), or stormwater drain (Australia and New Zealand) is infrastructure designed to drain excess rain and ground water from impervious surfaces such as paved streets, car parks, parking lots, footpaths, sidewalks, and roofs. Storm drains vary in design from small residential dry wells to large municipal systems.

Drains receive water from street gutters on most motorways, freeways and other busy roads, as well as towns in areas with heavy rainfall that leads to flooding, and coastal towns with r…",0
5809526,Siana,https://en.wikipedia.org/wiki/Siana,2.418814,1.6365764,0.1273132424103301,0.5028105513324936,"Siana is a city and a municipal board with 26 wards, situated in Siana tehsil in the district of Bulandshahr in the Indian state of Uttar Pradesh.

Demographics
As of 2011 Indian Census, Siana NPP had a total population of 44,415, of which 23,221 were males and 21,194 were females. Population within the age group of 0 to 6 years was 6,463. The total number of literates in Siana was 26,014, which constituted 58.6% of the population with male literacy of 66.2% and female literacy of 50.2%. The effective literacy rate of 7+ population of Siana was 68.5%, of which male literacy rate was 77.6% and …",0
4239054,Kirkenær,https://en.wikipedia.org/wiki/Kirken%C3%A6r,4.3573427,2.2705116,0.3038786674111122,0.5403179460219022,"Kirkenær is the administrative centre of Grue Municipality in Innlandet county, Norway. The village is located on the eastern shore of the river Glomma. The village of Namnå lies about  to the north and the village of Grinder lies about  to the south. 

Grue Church is located on the south side of the village. The Norwegian National Road 2 and the Solørbanen railway line both run through the village.
",0
481509,Mul of Kent,https://en.wikipedia.org/wiki/Mul%20of%20Kent,-1.4447026,4.7956324,0.5296714027666065,0.5882825871340688,"Mul (, literally ""mule"") (died 687) was an Anglo-Saxon ruler of the Kingdom of Kent in England.

Biography
",0
35440786,Mohamed Salah,https://en.wikipedia.org/wiki/Mohamed%20Salah,-1.2258029,-2.2875345,-0.7641809369606453,0.3134324550895322,"Mohamed Salah Hamed Mahrous Ghaly (, ; born 15 June 1992), also known as Mo Salah, is an Egyptian professional footballer who plays as a forward for  club Liverpool and captains the Egypt national team. Considered one of the best players in the world and amongst the greatest African players of all time, he is known for his finishing, dribbling, and speed. 
Salah started his senior career in 2010 playing for Al Mokawloon, departing in 2012 to join Basel, where he won two Swiss Super League titles. In 2014, Salah joined Chelsea for a reported fee of £11 million, but limited gametime led to succe…",0
10973926,Safevote,https://en.wikipedia.org/wiki/Safevote,-0.6047044,2.9428678,0.5459465787099438,0.591739886023382,"Safevote Inc. is a U.S. company with proprietary voting technology and global internet election experience. Safevote is privately held, with the majority of capital in the U.S. Safevote's voting technology has been used with the internet, offline, and in combination, in the private and public sectors. The technology has been used in legally binding elections in Africa, Brazil, France, Germany, Holland, Sweden, United Kingdom, and United States for hundreds of thousands of voters, and an official public-voting  shadow election test in the United States 2000 election (in Contra Costa County, Cal…",0
45150753,Phrase (software),https://en.wikipedia.org/wiki/Phrase%20%28software%29,1.2652929,6.486958,1.4372907879801966,0.7810861244563596,"Phrase (also known as Phrase Localization Suite) is a software as a service platform designed to automate and streamline translating and localizing digital products, such as web or mobile apps, websites, marketing content, etc. for international markets. In January 2021, Phrase was acquired by Memsource. In September 2022, both brands announced a joint identity and formed the Phrase Localization Suite.

History
Phrase started out as an in-place editor for translations using the Ruby i18n localization library and JQuery. It was presented as a techdemo at the Euruco 2012 in Amsterdam. The idea w…",0
31358175,Statutes concerning forcible entries and riots confirmed,https://en.wikipedia.org/wiki/Statutes%20concerning%20forcible%20entries%20and%20riots%20confirmed,1.0226927,5.000033,0.0674402297265007,0.4900918623934424,"Statutes concerning forcible entries and riots confirmed or the Forcible Entry Act 1391 (15 Ric 2 c 2) (1391) was an Act of the Parliament of the Kingdom of England. It provided that the Forcible Entry Act 1381 and one or more other pieces of legislation were to be held and kept and fully executed. It also authorised any justice of the peace, who had received a complaint that such a forcible entry had been committed, to take the power of the county to arrest any person found committing forcible detainer after that forcible entry.

The whole Chapter was repealed for England and Wales on 1 Decem…",0
55769688,Sminthurinus elegans,https://en.wikipedia.org/wiki/Sminthurinus%20elegans,10.79108,5.17501,0.7051091486561631,0.6255504314952772,"Sminthurinus elegans is a species of springtails in the family Katiannidae. It is found in Europe.

References
",0
37270550,Dynamic aperture (accelerator physics),https://en.wikipedia.org/wiki/Dynamic%20aperture%20%28accelerator%20physics%29,1.7507806,7.303978,2.336662178041106,0.9721375587857424,"The dynamic aperture is the stability region of phase space in a circular accelerator.

For hadrons
In the case of protons or heavy ion accelerators, (or synchrotrons, or storage rings), there is minimal radiation, and hence the dynamics is symplectic.",0
24033780,"Wendel, Illinois",https://en.wikipedia.org/wiki/Wendel%2C%20Illinois,5.122943,4.917658,1.1716421345252683,0.7246549806251155,"Wendel is an unincorporated community in Bureau County, Illinois, United States, located along U.S. Route 34, west of Mendota. Wendel is home to the Zion Evangelical Lutheran Church of Clarion, pastored by Kevin Weeks. It is the location of the Clarion Township building, as well as a handful of houses.

References
",0
20721986,Felix Batista,https://en.wikipedia.org/wiki/Felix%20Batista,-0.5024376,3.6411457,1.2837795313255231,0.7484760747108422,"Felix I. Batista (disappeared 10 December 2008) is a Cuban-American anti-kidnapping expert and former U.S. Army major who has negotiated resolution to nearly 100 kidnapping and ransom cases, dozens of them in Mexico. Batista was a consultant for Houston, Texas-based security firm ASI Global. In December 2008, he was kidnapped in Mexico.

Kidnapping
On 10 December 2008, Batista was kidnapped outside a restaurant in Saltillo, Coahuila, Mexico by unknown assailants while there to speak and give anti-kidnapping advice.",0
33986281,Alfred McAlpine (disambiguation),https://en.wikipedia.org/wiki/Alfred%20McAlpine%20%28disambiguation%29,-1.5708424,2.1149237,1.7686552379335734,0.851477126604062,"Alfred McAlpine is a company. 

Alfred McAlpine may also refer to: 
",0
42079678,Bobby Genge,https://en.wikipedia.org/wiki/Bobby%20Genge,-1.775642,-3.1425395,-1.1161774282985346,0.238658634961165,"Robert Allan Genge (December 20, 1889 – September 20, 1937) was a Canadian professional ice hockey player. As a defenceman, he played with the Victoria Aristocrats and briefly the Spokane Canaries of the Pacific Coast Hockey Association from 1912 to 1921. Large in stature, Genge was known as a ""dominating two-way player"". He died from sepsis at Vancouver in 1937, aged 47.

References
",0
43326609,Jewish Motifs International Film Festival,https://en.wikipedia.org/wiki/Jewish%20Motifs%20International%20Film%20Festival,-1.8072349,9.14429,-0.8648400050919888,0.2920496764540568,"Jewish Motifs International Film Festival () is a major Jewish-themed film festival held annually in Warsaw, Poland. The festival has been held every year since 2004.

""The biggest European festival focused on Jewish themes in contemporary cinematography""—according to the Polish Embassy in Bern.
",0
21062353,1951 Kentucky Wildcats football team,https://en.wikipedia.org/wiki/1951%20Kentucky%20Wildcats%20football%20team,-1.2526772,-4.319778,0.0135256747149496,0.4786389151682814,"The 1951 Kentucky Wildcats football team represented the University of Kentucky during the 1951 college football season. The Wildcats scored 314 points while allowing 121 points.  Ranked #6 in the AP Poll at the beginning of the season, the team finished the season with a victory in the 1952 Cotton Bowl Classic and a #15 AP ranking.

Schedule
",0
4967190,Fujine Station,https://en.wikipedia.org/wiki/Fujine%20Station,2.8788352,3.00739,-0.5981906049412483,0.3486934066470067,"Fujine Station is the name of multiple train stations in Japan.

 Fujine Station (Iwate) - (藤根駅) in Iwate Prefecture
 Fujine Station (Shizuoka) - (富士根駅) in Shizuoka Prefecture",0
53323510,"Remember Me: Essential, Vol. 1",https://en.wikipedia.org/wiki/Remember%20Me%3A%20Essential%2C%20Vol.%201,-1.1722153,12.078614,0.3070914304632583,0.5410004260252202,"Remember Me: Essential, Vol. 1 is a remix album and greatest hits album by American singer and drag queen RuPaul, released on February 3, 2017. It features remixed versions of some of his older songs as well as new ones that were recorded for previous albums but never released.

Background and composition
When asked whether Remember Me is a remix album or a greatest hits compilation, RuPaul said, ""It's all of the above. These are songs that I've revisited from my early career, and re-imagined them and re-performed them. Yeah, that's really what it is. I don't know if there's even a genre for t…",0
30547851,Simone (surname),https://en.wikipedia.org/wiki/Simone%20%28surname%29,-1.508506,1.4104975,-0.3267788826106186,0.4063487861911161,"Simone is an Italian surname. The surname was first recorded in the year 1346, and is believed to be the Italian equivalent of Simon

Origins and etymology 
The name Simone ultimately originates as a variant of Shimeon which is Hebrew for ""one who harkens"".",0
32467537,Samsung S5560i,https://en.wikipedia.org/wiki/Samsung%20S5560i,1.1895998,7.2613206,1.1595073781283471,0.7220772217142917,"Samsung S5560i is an improved version of S5560 (Marvel). It has a 3.0 inches capacitive touchscreen and 16M colors.
The phone is available in black and pearl white versions. It has an improved camera and lens, an improved screen, battery and  improved interface than previous model S5560 (Marvel).

S5560i",0
68615419,Inga densiflora,https://en.wikipedia.org/wiki/Inga%20densiflora,9.325699,5.5960436,0.5440626792674941,0.5913396935171606,"Inga densiflora is a species of Fabaceae described by botanist George Bentham. The native range extends from South-East Mexico to Bolivia. It is the most common species of Inga utilized for its fruits in the highlands of Colombia. The common name is Guamo Salado in Central America and Pacay del Monte (mountain ice-cream-bean) in Bolivia.

References
",0
6843641,Miller's long-tongued bat,https://en.wikipedia.org/wiki/Miller%27s%20long-tongued%20bat,10.242183,5.0939946,0.2902938035069972,0.5374321440465082,"Miller's long-tongued bat (Glossophaga longirostris) is a bat species found in northern Brazil, Venezuela, Colombia, Guyana, Trinidad and Tobago, Grenada, the Netherlands Antilles and the U.S. Virgin Islands.

References
",0
70220212,Kolmasug,https://en.wikipedia.org/wiki/Kolmasug,2.8748634,1.5813318,0.8995689425631499,0.6668590865802582,"Kolmasug is a rural community located in the Worikambo electoral area in the Garu district in the Upper East region of Ghana.

Facilities 
",0
16091542,List of human microbiota,https://en.wikipedia.org/wiki/List%20of%20human%20microbiota,9.722742,6.350635,0.4414332923946377,0.5695383645188294,"This article lists some of the species recognized as belonging to the human microbiome.

Whole-body distributed 
Acinetobacter calcoaceticus",0
16598887,"Fall River Township, Greenwood County, Kansas",https://en.wikipedia.org/wiki/Fall%20River%20Township%2C%20Greenwood%20County%2C%20Kansas,5.132538,4.935427,-0.8729675427307573,0.2903231619789325,"Fall River Township is a township in Greenwood County, Kansas, USA.  As of the 2010 census, its population was 206.

Geography
Fall River Township covers an area of  and contains one incorporated settlement, Climax.",0
49042049,Channing of the Northwest,https://en.wikipedia.org/wiki/Channing%20of%20the%20Northwest,-2.2164612,8.012427,-0.2345007433977954,0.4259512230138644,"Channing of the Northwest is a 1922 American silent drama film directed by Ralph Ince and starring Eugene O'Brien, Gladden James and Norma Shearer.

Plot
As described in a film magazine, Channing (O'Brien), a member of the Northwest Mounted Police and known to his fellows as ""the Duke,"" is sent to a town to watch a gang of outlaws that have crossed the border from the United States and are suspected in the shooting of a Northwest Mounted Policeman. He meets Cicily Varden (Naldi) who is engaged to a youth living with the family. This young man has fallen in with the gang at McCook's saloon, and…",0
45196729,Biathlon at the 2015 Winter Universiade – Men's 20 km individual,https://en.wikipedia.org/wiki/Biathlon%20at%20the%202015%20Winter%20Universiade%20%E2%80%93%20Men%27s%2020%20km%20individual,-3.9291234,-2.8093748,-0.4365182889136111,0.3830370918139781,"The men's 20 km individual competition of the 2015 Winter Universiade was held at the National Biathlon Centre in Osrblie on January 25.

Results
",0
33681731,Gomphodontosuchinae,https://en.wikipedia.org/wiki/Gomphodontosuchinae,10.107374,5.358322,-0.0870990971512668,0.4572634220109933,"Gomphodontosuchinae is a subfamily of Triassic traversodontid cynodonts. It includes the genera Gomphodontosuchus (the type genus), Exaeretodon, Menadon, Protuberum, Ruberodon, Scalenodontoides and Siriusgnathus.

Below is a cladogram showing the phylogenetic relationships of gomphodontosuchines from Kammerer et al. (2008):
",0
12989055,Herschweiler-Pettersheim,https://en.wikipedia.org/wiki/Herschweiler-Pettersheim,4.4506354,1.9524878,-1.560883441849639,0.1441907402929941,"Herschweiler-Pettersheim is an Ortsgemeinde – a municipality belonging to a Verbandsgemeinde, a kind of collective municipality – in the Kusel district in Rhineland-Palatinate, Germany. It belongs to the Verbandsgemeinde of Oberes Glantal.

Geography
",0
24264621,"Luna Park, Chicago",https://en.wikipedia.org/wiki/Luna%20Park%2C%20Chicago,3.9136438,4.3248925,-0.0762337997663231,0.4595715126093258,"Luna Park was an amusement park that was in operation in Chicago, Illinois, from 1907 to 1911. Located on the plot of a former picnic grove at the corner of 51st and Halsted Streets, it was owned by an investment group led by boxing promoter James ""Big Jim"" O'Leary (son of Mrs. O'Leary of Great Chicago Fire fame). A trolley park occupying only ten acres, Luna Park was smaller than most of the other Chicago amusement parks of the era (most notably Riverview Park and White City; in fact, Riverview Park was the largest amusement park in existence at that time). O'Leary became the park's manager i…",0
43078510,1989 in Romania,https://en.wikipedia.org/wiki/1989%20in%20Romania,-0.2480417,4.0660033,-1.0722703080105016,0.2479857254167924,"This is a list of 1989 events that occurred in Romania.

Incumbents
President: Nicolae Ceaușescu (until 22 December), Ion Iliescu (starting 26 December)",0
29469373,"Ören, Mersin",https://en.wikipedia.org/wiki/%C3%96ren%2C%20Mersin,3.145501,1.3525472,1.2888359019515936,0.7495501881096978,"Ören is a town in Mersin Province, Turkey.

Geography 
Ören at  is a part of Anamur district of Mersin Province. It is one of the southernmost settlements of Anatolia. It is close to Anamur  i.e., only  south west of Anamur. Distance to Mersin is  The population was 4108  as of 2011.",0
36524242,Bambai Ki Sair,https://en.wikipedia.org/wiki/Bambai%20Ki%20Sair,-2.6439903,9.848052,-0.6989300573633861,0.3272935521580813,"Bambai Ki Sair also known as Holiday in Bombay is a Bollywood social comedy film. It was released in 1941 and directed by Sarvottam Badami for Sudama Productions. The music direction was by Khemchand Prakash with lyrics by D. N. Madhok, Munshi Dil, B.R. Sharma and Pandit Indra. The film starred Shobhna Samarth, Sabita Devi, E. Billimoria, Jal Merchant, Arun, Vatsala Kumtekar and Ghory.

Cast
 Shobhana Samarth",0
33782749,Kent Durden,https://en.wikipedia.org/wiki/Kent%20Durden,-0.6707319,6.37905,1.0274417493313373,0.6940228182875028,"Kent Durden (1937–2007) was an American wildlife photographer, documentary producer and writer. He is widely known for the non-fiction book Gifts of an Eagle, published by Simon and Schuster in 1971. He followed this book with the fictional Flight to Freedom (1974) and the memoir A Fine and Peaceful Kingdom (1975).

Kent worked with his father Ed Durden while they raised, studied and filmed a golden eagle named Lady. When they first got Lady Kent was 16 years old. Lady appeared in a number of TV and films during the 16 years she was with the Durdens. Most notably Disney's Grand Canyon, The Leg…",0
45683726,Exterminators of the Year 3000,https://en.wikipedia.org/wiki/Exterminators%20of%20the%20Year%203000,-2.1304905,8.356944,-0.084442931750484,0.4578276652315846,"Exterminators of the Year 3000 () is a 1983 Italian-Spanish science fiction action film directed by Giuliano Carmineo. The film is set in a post-apocalyptic future where water is considered a precious substance. A group of people turn towards a stranger to battle a motorcycle gang over an outpost where water is located.

The film has received poor reviews, with TV Guide and The Dissolve describing the film as a Mad Max 2 derivative.
",0
46904192,Lee Keshav,https://en.wikipedia.org/wiki/Lee%20Keshav,-5.0577145,-3.106694,0.2127941965898141,0.5209690774812171,"Lee Keshav (born 27 December 1992) is an Indian Racing Driver, Entrepreneur and Creative Head of Hike.

Racing career 
From a very young age Keshav showed interest in automobiles, technology and speed. He soon discovered Formula 1 on TV and was inspired to pursue motor racing.",0
865241,Crocodile Hunter,https://en.wikipedia.org/wiki/Crocodile%20Hunter,-2.1053815,8.290152,2.089223881843584,0.9195748000422675,"Crocodile Hunter may refer to:

Steve Irwin (1962–2006), star of The Crocodile Hunter
Malcolm Douglas (documentary maker) (1941–2010), Australian wildlife documentary film maker and crocodile hunter",0
24602994,Root (disambiguation),https://en.wikipedia.org/wiki/Root%20%28disambiguation%29,-1.0649362,12.110041,3.0497839455608404,1.0,"A root is the part of a plant, generally underground, that anchors the plant body, and absorbs and stores water and nutrients.

Root or roots may also refer to:
",0
38068498,"Dianbu, Shandong",https://en.wikipedia.org/wiki/Dianbu%2C%20Shandong,2.454291,2.6204503,0.953039545258682,0.6782177260170166,"Dianbu () is a town under the administration of Laixi City in eastern Shandong province, China, located about  southwest of downtown Laixi. , it has 66 villages under its administration.

See also 
 List of township-level divisions of Shandong",0
59119340,Daily Inqilab (Lahore),https://en.wikipedia.org/wiki/Daily%20Inqilab%20%28Lahore%29,0.75345427,2.8083365,0.4077476313403836,0.5623825955763542,"Daily Inqilab was pre-Partition Lahore based newspaper. The newspaper was founded by Maulana Ghulam Rasool Mehr and Abdul Majeed Salik. Daily Inqilab started in 4 April 1927, newspaper was actually published and distributed on 2 April 1927, however, all newspapers printed with date two days ahead. The first newspaper was published with 10 thousand copies. The newspaper was published till 1949.

References
",0
55453948,2017–18 Tahiti Ligue 1,https://en.wikipedia.org/wiki/2017%E2%80%9318%20Tahiti%20Ligue%201,-1.9028082,-1.8838222,1.0096757711876148,0.6902488316518008,"The 2017–18 Tahiti Ligue 1 is the 71st season of top-flight football in Tahiti. Tefana are the defending champions having won their fifth title last season. The season started on 15 September 2017 and finished on 19 May 2018.

Standings
",0
69804571,Mykhaylo Hotra,https://en.wikipedia.org/wiki/Mykhaylo%20Hotra,-2.690791,-1.1552352,-1.450063725197586,0.1677319225591062,"Mykhaylo Ivanovych Hotra (; born 20 April 2000) is a Ukrainian professional footballer who plays as a goalkeeper for Hungarian club Kisvárda.

References
",0
13283244,The Natural Four,https://en.wikipedia.org/wiki/The%20Natural%20Four,-0.9722172,11.915223,-0.4448731524011756,0.3812622870219141,"The Natural Four was an American R&B group from Oakland, California that played from 1967-1976.

History
Formed in 1967, the Natural Four approached Fred Ivey about becoming their manager. Ivey owned a local record store called Tape Town and eventually made a deal with a local Oakland label, Boola Boola Records. Their first release, ""I Thought You Were Mine"" sold 30,000 copies locally, after being regularly played on San Francisco soul/R&B radio station KSOL and on Oakland's KDIA where it rose to #7 on the chart. ",0
59200461,Howard Carter (businessman),https://en.wikipedia.org/wiki/Howard%20Carter%20%28businessman%29,0.7172983,5.7033896,1.727491530025893,0.8427328130479621,"Howard Carter is a British inventor and businessman. He foundered  Incognito in 2007. He is an expert in the field of insects and specifically as a mosquito bite prevention expert. After contracting two life-threatening diseases from mosquito bites, despite using a high-percentage DEET-based repellent, he was motivated to invent a totally natural, equally effective mosquito repellent, incognito anti-mosquito. This was, in part, because statistics were suggesting more mosquitoes were becoming resistant to synthetic repellents that contained controversial pesticides such as DDT and DEET.

Carter…",0
25398117,Eric Charles Milner,https://en.wikipedia.org/wiki/Eric%20Charles%20Milner,0.34869882,6.163231,-0.0824855609479855,0.4582434650929817,"Eric Charles Milner, FRSC (May 17, 1928 – July 20, 1997) was a mathematician who worked mainly in combinatorial set theory.

Biography
Born into a South East London working-class family, Milner was sent to a Reading boarding school for the war but, hating it, ran away and roamed the streets of London. Eventually, another school was found for him; Milner attended King's College London starting in 1946, where he competed as a featherweight boxer. He graduated in 1949 as the best mathematics student in his year, and received a master's degree in 1950 under the supervision of Richard Rado and Char…",0
3019857,Grand'Anse Mahé,https://en.wikipedia.org/wiki/Grand%27Anse%20Mah%C3%A9,2.4888842,2.1886103,1.829069736057345,0.8643108420728794,"Grand'Anse Mahé () is an administrative district of Seychelles located on the island of Mahé.

References
",0
16920623,New York State Route 185 (1930s–1980),https://en.wikipedia.org/wiki/New%20York%20State%20Route%20185%20%281930s%E2%80%931980%29,4.2271476,3.5683544,-0.8914736569991409,0.2863919498969041,"New York State Route 185 (NY 185) was a  state highway located within St. Lawrence County in the North Country of New York in the United States. Although the route followed a mostly north–south alignment, it was considered an east–west highway by the New York State Department of Transportation (NYSDOT). The western terminus of NY 185 was at an intersection with NY 37 in the town of Hammond. The eastern terminus was at a junction with Brasie Corners–Rossie Road in the hamlet of Rossie, located within the town of Rossie.

NY 185 was assigned in the early 1930s as a spur leading northeast from Ro…",0
20124954,Lexington Challenger,https://en.wikipedia.org/wiki/Lexington%20Challenger,-3.23817,-3.6122422,-1.2777765408634905,0.2043305002405361,"The Lexington Challenger (previously known as the Kentucky Bank Tennis Championships and the Fifth Third Bank Tennis Championships) is a professional tennis tournament played on outdoor hardcourts. It is currently part of the ATP Challenger Tour and the ITF Women's World Tennis Tour, and has been held annually at the Hilary J. Boone Tennis Complex in Lexington, Kentucky, since 1995 for men and since 1997 for women.

The prize money offered at the tournament is $50,000 for men and $60,000 for women (although in 1997–98 it was $25,000 for women).
",0
26841753,Isodaphne perfragilis,https://en.wikipedia.org/wiki/Isodaphne%20perfragilis,10.382461,5.997259,-2.2760617012403133,0.0,"Isodaphne perfragilis is a species of sea snail, a marine gastropod mollusk in the family Raphitomidae.

Description
The length of the shell attains 18.5 mm, its diameter 7.5 mm.",0
1031851,Helike,https://en.wikipedia.org/wiki/Helike,1.8786479,3.6051586,-0.6441808955109549,0.3389237930305757,"Helike (; , pronounced , modern ) was an ancient Greek polis (city-state) that was submerged by a tsunami in the winter of 373 BC. It was located in the regional unit of Achaea, northern Peloponnesos, two kilometres (12 stadia) from the Corinthian Gulf and near the city of Boura, which, like Helike, was a member of the Achaean League. Modern research attributes the catastrophe to an earthquake and accompanying tsunami which destroyed and submerged the city. In an effort to protect the site from destruction, the World Monuments Fund included Helike in its 2004 and 2006 List of 100 Most Endanger…",0
45016635,Salem Creek (Pennsylvania),https://en.wikipedia.org/wiki/Salem%20Creek%20%28Pennsylvania%29,5.06924,3.9401631,-0.1899485280511111,0.4354153495566925,"Salem Creek (also known as Stone Church Hollow Creek, Seyberts Creek, or Varners Creek) is a tributary of the Susquehanna River in Luzerne County, Pennsylvania, in the United States. It is approximately  long and flows through Salem Township. The watershed of the creek has an area of . It has no named tributaries, but one unnamed tributary. Lee Mountain and Summer Hill are both in the vicinity of the creek. It flows through a gorge at one point. The creek is in the ridge and valley region and is near the southern terminus of the Wisconsinan glaciation. It served as a sluiceway for glacial melt…",0
28416982,Nicholas Anthony Ascioti,https://en.wikipedia.org/wiki/Nicholas%20Anthony%20Ascioti,-0.88505393,10.792445,-1.191930619933076,0.2225665554523565,"Nicholas Anthony Ascioti (born May 30, 1974) is an American composer.

Biography 
Nicholas Anthony Ascioti was born in Syracuse, New York, on May 30, 1974. He attended the College of St. Rose in Albany, New York, where he graduated in Composition and Conducting. Since then, the College of Saint Rose has performed his music and sponsored an entire evening of his works. He earned his Master of Fine Arts degree in Composition, from Bennington College in Vermont. Many of his works, such as Credo (song cycle for voice and guitar), Four Memories (for piano and chamber orchestra) and String Quartet n…",0
46202426,"So Long, Au Revoir",https://en.wikipedia.org/wiki/So%20Long%2C%20Au%20Revoir,-1.1474386,11.947523,2.029267092757757,0.90683831467124,"So Long, au Revoir is the first Japanese language studio album by South Korean rock band F.T. Island, released on 16 December 2009 by indie label AI Entertainment. The first single, The One, released much earlier, debuted at 9th place on the Oricon daily chart. This was the last album recorded with Oh Won-bin, who shortly thereafter left the band.

Track list
",0
48710686,John Richards (British politician),https://en.wikipedia.org/wiki/John%20Richards%20%28British%20politician%29,-1.7902046,4.4192104,-0.9933286298945916,0.2647551279117858,"John Richards (2 April 1780 – 9 June 1847) was an English politician who sat in the House of Commons between 1832 and 1837.

Life
Richards was from Wassell Grove in the parish of Hagley, Worcestershire. He served as  MP for Knaresborough in Yorkshire  between  December 1832 and 1837, and became High Sheriff of Worcestershire in 1844.",0
36498755,Collier Bay (horse),https://en.wikipedia.org/wiki/Collier%20Bay%20%28horse%29,-5.076336,-3.6476336,0.1234623848616179,0.5019925223555771,"Collier Bay (21 January 1990 – 10 December 2017) was a British Thoroughbred racehorse. He was a moderate performer on the flat, winning one minor race from fourteen attempts. He showed considerable improvement when switched to hurdling winning several important races including the Irish Champion Hurdle at Leopardstown and the Champion Hurdle at Cheltenham. He later had some success as a steeplechaser, but was increasingly affected by respiratory problems and was retired from racing in 2001.

Background
Collier Bay was a dark-coated bay horse with a small white star, bred by his owner, Lord Der…",0
6886,Chicago,https://en.wikipedia.org/wiki/Chicago,4.081937,4.7074056,0.0484279600090227,0.486053128851857,"Chicago ( ,   ) is the most populous city in the U.S. state of Illinois and the third-most populous in the United States, after New York City and Los Angeles. With a population of 2,746,388 in the 2020 census, it is also the most populous city in the Midwest. As the seat of Cook County (the second-most populous U.S. county), the city is the center of the Chicago metropolitan area, one of the largest in the world.

On the shore of Lake Michigan, Chicago was incorporated as a city in 1837 near a portage between the Great Lakes and the Mississippi River watershed. It grew rapidly in the mid-19th …",0
20075366,Giver,https://en.wikipedia.org/wiki/Giver,-2.1071646,8.443899,3.205036349690845,1.0,"Giver may refer to:

The Giver, a 1993 novel by Lois Lowry
The Giver (film), a 2014 American social science fiction film",0
19240437,The Bloody Sun,https://en.wikipedia.org/wiki/The%20Bloody%20Sun,-1.3343841,7.347864,0.3211653936240152,0.5439901262517078,"The Bloody Sun is a science fantasy novel by American writer Marion Zimmer Bradley, part of her Darkover series.  It was first published by Ace Books in 1964.  The novel was substantially rewritten, expanded, and republished under the same title in 1979; Bradley's short story ""To Keep the Oath"" was included in this edition and all subsequent reprintings.

The expanded rewrite retains the basic plot structure but is more closely connected to several other Darkover books, especially The Forbidden Tower. It also changes the identity of one of Kerwin's parents, although the later book Exile's Song…",0
40463599,Maqsudlu,https://en.wikipedia.org/wiki/Maqsudlu,2.4626186,1.275767,1.063425779779827,0.7016668246525158,"Maqsudlu () may refer to:
Maqsudlu, Azerbaijan
Maqsudlu, Iran
Maqsudlu-ye Olya, Iran",0
612177,Neidpath Castle,https://en.wikipedia.org/wiki/Neidpath%20Castle,4.2795706,3.1284153,-0.5199806016960091,0.3653073811007601,"Neidpath Castle is an L-plan rubble-built tower house, overlooking the River Tweed about  west of Peebles in the Borders of Scotland. The castle is both a wedding venue and filming location and can be viewed by appointment.

History
An early castle was probably built here by Simon Fraser of Oliver Castle between 1263 and 1266, while he held the office of High Sheriff of Tweeddale. The barony of Neidpath was acquired by the Hay family, through marriage to the Fraser heiress in the early 14th century. Sir William de Haya (d.c.1390) probably built the present castle in the late 14th century. It w…",0
23263632,Tot System,https://en.wikipedia.org/wiki/Tot%20System,2.7467823,6.327096,1.6399060248154294,0.8241272218741208,"The Tot System, also known as the Dop System (after the Afrikaans word 'dop' meaning an alcoholic drink), is a notorious truck system which was used in South African wine farms particularly in the Western Cape. Farm workers would receive payment in the form of money with a daily measure of cheap wine as a fringe benefit.  This practice increased and exacerbated alcoholism among farm workers, which resulted in widespread social damage among communities, particularly the Cape Coloured community.

The practice goes back to the European settlers of the seventeenth century. It was outlawed in 1960,…",0
31443464,David Schuman,https://en.wikipedia.org/wiki/David%20Schuman,-1.8969291,3.7248197,-0.3734032552017753,0.3964444759621185,"David Schuman (May 8, 1944 – October 8, 2019) was an American attorney, who served as a judge of the Oregon Court of Appeals from 2001 to 2014.

Early life and education
Born in the Chicago suburb of Glencoe, Illinois, Schuman came in second in the North American speed skating finals in the 220 yard competition at the age of 17.  He graduated from New Trier High School in 1962, and received a Bachelor of Arts degree in psychology from Stanford University in 1966.  He entered the University of California, Hastings College of the Law but dropped out after six weeks, instead enrolling in San Fran…",0
39113397,John C. Sharp House,https://en.wikipedia.org/wiki/John%20C.%20Sharp%20House,4.219313,4.8526745,-0.3396384890378918,0.4036170490244763,"The John C. Sharp House, located off Utah 36 in Vernon, Utah, is an Italianate house that was built in 1888.

It is significant for association with John C. Sharp, bishop of the Vernon Ward of the Church of Jesus Christ of Latter-day Saints (LDS Church), and also for being the only surviving house ""which represents the financial success of many of the early
ranchers and farmers, most of whom left the area as soon as they could afford to.""  Further it is one of relatively few surviving houses of a certain type: Italianate box with a side passage plan;  it is one of just 11 known in the state, n…",0
49215989,VisualSim Architect,https://en.wikipedia.org/wiki/VisualSim%20Architect,1.3690157,6.9331117,-0.0741411663879383,0.4600160459944036,"VisualSim Architect is an electronic system-level software for modeling and simulation of electronic systems, embedded software and semiconductors. VisualSim Architect is a commercial version of the Ptolemy II research project at University of California Berkeley. The product was first released in 2003.  VisualSim is a graphical tool that can be used for performance trade-off analyses using such metrics as bandwidth utilization, application response time and buffer requirements. It can be used for architectural analysis of algorithms, components, software instructions and hardware/ software pa…",0
44270646,Injra railway station,https://en.wikipedia.org/wiki/Injra%20railway%20station,2.8576033,2.4631727,-0.0301881010067708,0.4693528964624583,"Injra railway station () is  located in union council of Tarap nearMakhad. It has a police station. Injra is located in Jand Tehsil of District Attock, Punjab, Pakistan.

See also
 List of railway stations in Pakistan",0
59594325,I've Been Killing Slimes for 300 Years and Maxed Out My Level,https://en.wikipedia.org/wiki/I%27ve%20Been%20Killing%20Slimes%20for%20300%20Years%20and%20Maxed%20Out%20My%20Level,-1.1022748,7.8723307,-0.8309819044774754,0.2992420763430872,"is a Japanese light novel series written by Kisetsu Morita and illustrated by Benio. It was serialized online since 2016 on the user-generated novel publishing website Shōsetsuka ni Narō and, in the following year, it was acquired by SB Creative, who published the first light novel volume in 2017. The light novel has been licensed in North America by Yen Press, who published the first volume in April 2018. It has received a manga adaptation by Yūsuke Shiba in the same year as its debut of the light novel in Square Enix's Gangan Online website, also licensed by Yen Press. An anime television se…",0
33995390,John Dainton,https://en.wikipedia.org/wiki/John%20Dainton,0.47969165,6.1218576,0.3900262322590507,0.5586180787702516,"John Bourke Dainton FRS is a British physicist, and Sir James Chadwick Professor of Physics, at University of Liverpool. Dainton was awarded the Max Born Prize in 1999.

His father was Frederick Dainton, Baron Dainton.
He was founding director of the Cockcroft Institute.",0
62678961,Italian destroyer Vincenzo Gioberti,https://en.wikipedia.org/wiki/Italian%20destroyer%20Vincenzo%20Gioberti,-3.6513457,4.9592648,-0.999105345664926,0.2635279932198974,"Vincenzo Gioberti was one of four s built for the  (Royal Italian Navy) in the mid-1930s and early 1940s. Completed in 1937, she served in World War II.

Design and description
The Oriani-class destroyers were slightly improved versions of the preceding . They had a length between perpendiculars of  and an overall length of . The ships had a beam of  and a mean draft of  and  at deep load. They displaced  at normal load, and  at deep load. Their complement during wartime was 206 officers and enlisted men.",0
4618698,Paweł Mykietyn,https://en.wikipedia.org/wiki/Pawe%C5%82%20Mykietyn,-1.0066075,10.581529,-1.4315283547713014,0.1716693494607205,"Paweł Mykietyn (born 20 May 1971) is a Polish Fryderyk winning composer and clarinetist. 

By the year 2012, Mykietyn had written two symphonies, cello, piano and violin concertos, St. Marc Passions for soprano, narrator, choir and orchestra, some chamber music and musical King Lear. As a film composer he collaborated with Andrzej Wajda in Sweet Rush (2009), Jerzy Skolimowski in Essential Killing, and Małgorzata Szumowska in It.
",0
19855197,Wygnanki,https://en.wikipedia.org/wiki/Wygnanki,4.1911464,0.7147368,-0.961909122479116,0.2714295029519377,"Wygnanki  is a village in the administrative district of Gmina Stara Kornica, within Łosice County, Masovian Voivodeship, in east-central Poland. It lies approximately  south-east of Łosice and  east of Warsaw.

The village has a population of 200.
",0
67114450,Wausaukee River,https://en.wikipedia.org/wiki/Wausaukee%20River,5.0266953,4.070805,0.7355576616597899,0.6320185403842489,"The Wausaukee River is a river that flows through Marinette County, Wisconsin. The source of the river is in the Town of Athelstane. The river then flows through the Town of Athelstane and into the Town of Wausaukee. The Wausaukee River continues through the village of Wausaukee before flowing into the Menominee River.

See also
 List of rivers of Wisconsin",0
21650347,Belle Alliance Plantation,https://en.wikipedia.org/wiki/Belle%20Alliance%20Plantation,4.4778543,4.80437,0.8105863074404549,0.6479567062527635,"Belle Alliance is an Italianate and Greek Revival plantation house in Assumption Parish, Louisiana, U.S.A. It is the namesake of the unincorporated community of Belle Alliance.

The town and the plantation are located on the east bank of Bayou Lafourche, about  southwest of Donaldsonville and about  northeast of Belle Rose.
",0
614368,Wanda Sykes,https://en.wikipedia.org/wiki/Wanda%20Sykes,-2.1151261,7.7325344,-0.0246682222764351,0.4705254718416723,"Wanda Yvette Sykes (born March 7, 1964) is an American stand-up comedian, actress, and writer. She was first recognized for her work as a writer on The Chris Rock Show, for which she won a Primetime Emmy Award in 1999. In 2004, Entertainment Weekly named Sykes as one of the 25 funniest people in America. She is also known for her roles on CBS' The New Adventures of Old Christine (2006–10), HBO's Curb Your Enthusiasm (2001–present), and ABC's Black-ish (2015–present). She currently stars in the Netflix original series The Upshaws which premiered on May 12, 2021, with Kim Fields and Mike Epps, a…",0
59711414,Mayestik Market,https://en.wikipedia.org/wiki/Mayestik%20Market,2.3828003,2.4417834,0.2891763756441954,0.5371947713678716,"Mayestik Market () is a modern traditional market at Kebayoran Baru, in Jakarta, Indonesia.
Drugs and cosmetics, jewelry, clothing and tailors, vegetables and fruits, meat and fish, book store, sports equipment, almost everything needed for daily life are available in this market.

History",0
1902905,Murad Bakhsh,https://en.wikipedia.org/wiki/Murad%20Bakhsh,1.112033,2.5875483,-1.0982616070027824,0.2424644524394267,"Muhammad Murad Bakhsh (), 
(9 October 1624 – 14 December 1661) was a Mughal prince and the youngest surviving son of Mughal Emperor Shah Jahan and Empress Mumtaz Mahal. He was the Subedar of Balkh, till he was replaced by his elder brother Aurangzeb in the year 1647.

Family",0
35032884,List of peers 1240–1249,https://en.wikipedia.org/wiki/List%20of%20peers%201240%E2%80%931249,-1.7201476,4.7055674,-1.2581410348156994,0.2085016264690007,"

Peerage of England
",0
41163867,Marriage and health,https://en.wikipedia.org/wiki/Marriage%20and%20health,0.9009086,5.8673973,1.0988050261910314,0.7091823581096068,"Marriage and health are closely related. Married people experience lower morbidity and mortality across such diverse health threats as cancer, heart attacks, and surgery. There are gender differences in these effects which may be partially due to men's and women's relative status. Most research on marriage and health has focused on heterosexual couples, and more work is needed to clarify the health effects on same-sex marriage. Simply being married, as well as the quality of one's marriage, has been linked to diverse measures of health. Research has examined the social-cognitive, emotional, be…",0
71980183,Marie Bleck,https://en.wikipedia.org/wiki/Marie%20Bleck,-0.44840246,6.494891,0.1506151027488429,0.5077605129272408,"Marie Bleck  (1911–1949) was an American printmaker known for her work with the Works Progress Administration (WPA). She attended Oshkosh State Teachers College and Milwaukee State Teachers College. She went on to teach art in the Wisconsin public school system, becoming head of the art department of Oshkosh High School in 1938. In the late 1930s and early 1940s Bleck created prints for the Federal Art Project of the WPA.  During World War II Bleck served in the WAVES (Women Accepted for Volunteer Emergency Service). After her service she settled in Alaska, where she taught art in Palmer. Blec…",0
5009753,Johann Karl Burckhardt,https://en.wikipedia.org/wiki/Johann%20Karl%20Burckhardt,0.4162889,6.2132063,-0.0314443509232756,0.4690860341283027,"Johann Karl Burckhardt (30 April 1773 – 22 June 1825) was a German-born astronomer and mathematician. He later became a naturalized French citizen and became known as Jean Charles Burckhardt. He is remembered in particular for his work in fundamental astronomy, and for his lunar theory, which was in widespread use for the construction of navigational ephemerides of the Moon for much of the first half of the nineteenth century.

Life and career
",0
2870756,Edison High School (New Jersey),https://en.wikipedia.org/wiki/Edison%20High%20School%20%28New%20Jersey%29,3.2825832,5.813179,-1.2665951536584876,0.2067057370858657,"{{Infobox school 
| name        = Edison High School
| native_name = 
| logo        =",0
50287882,Henry W. Smith House,https://en.wikipedia.org/wiki/Henry%20W.%20Smith%20House,4.637142,5.0085893,-0.7533164739771884,0.3157403684378402,"Henry W. Smith House is a historic home located in Clay Township, Indiana.  It was built in 1859, and is a two-story, brick dwelling on a fieldstone foundation.  While primarily Italianate in style, the house incorporates elements of Federal, Gothic Revival, and Greek Revival styles.  It has a steep cross-gable and features a front porch with Tuscan order columns.

It was listed on the National Register of Historic Places in 1979.
",0
15868585,"Betsy Zane, the Rose of Fort Henry",https://en.wikipedia.org/wiki/Betsy%20Zane%2C%20the%20Rose%20of%20Fort%20Henry,-1.4498887,6.655622,0.4401363738018468,0.5692628630295676,"Betsy Zane, the Rose of Fort Henry is a historical fiction book, written by award-winning author Lynda Durrant in 2000. The book is also referred to as simply Betsy Zane.

Awards
Betsy Zane has received the following awards:",0
25242718,Al Posen,https://en.wikipedia.org/wiki/Al%20Posen,-1.0856718,7.2739663,1.074738026869355,0.7040698597677382,"Alvah Posen (October 2, 1894 - June 10, 1960) was an American cartoonist on several comic strips, but he is best known for his 1933-1960 comic strip Sweeney & Son and as co-producer of the now-lost Marx Brothers film, Humor Risk (1921).

Early life
Born in New York City, Posen served in the Army during World War I and worked for a film advertising agency when the war ended. He then travelled in the Orient as a member of a geological and mining expedition, spending a year in Siam and Yunan.",0
33039538,Congregation of the Sisters of Misericorde,https://en.wikipedia.org/wiki/Congregation%20of%20the%20Sisters%20of%20Misericorde,-0.4542918,4.884122,-0.4945324188341399,0.3707132811444643,"The Sisters of Misericorde were a religious congregation founded by Marie-Rosalie Cadron-Jetté (1794 - 1864) in Montreal, Quebec, in 1848 and was dedicated to nursing the poor and unwed mothers.

History
",0
70946544,Allan L. Edmunds,https://en.wikipedia.org/wiki/Allan%20L.%20Edmunds,-0.43163502,6.482488,-0.4513588445804744,0.3798845460717712,"Allan L. Edmunds (born 1949, Philadelphia, Pennsylvania ) is an American artist. He attended the Tyler School of Art and Architecture, receiving a master's degree in Fine Art. In 1972 Edmunds founded the Brandywine Graphic Workshop (now the Brandywine Workshop and Archives (BWA)) in Philadelphia.

His work is in the collections of the National Gallery of Art, the Philadelphia Museum of Art, the Smithsonian American Art Museum, and the Woodmere Art Museum.
",0
55802952,Cnuibacter physcomitrellae,https://en.wikipedia.org/wiki/Cnuibacter%20physcomitrellae,9.741373,6.3518314,0.7101175097692626,0.6266143463416594,"Cnuibacter physcomitrellae is a species of bacteria. Cells are Gram-positive rods, strictly aerobic, non-sporeforming, and non-motile. C. physcomitrellae, was isolated from Physcomitrella patens, or spreading earthmoss. The genus is named after Capital Normal University (CNU) in Beijing, China.

References
",0
62131020,Halothrips,https://en.wikipedia.org/wiki/Halothrips,10.759377,5.207432,-0.2713044147635886,0.4181331021788824,"Halothrips is a genus of thrips in the family Phlaeothripidae.

Species
 Halothrips salicorniae",0
5042018,Max Havoc: Curse of the Dragon,https://en.wikipedia.org/wiki/Max%20Havoc%3A%20Curse%20of%20the%20Dragon,-1.6799532,8.686323,0.4598505712139653,0.5734507054869342,"Max Havoc: Curse of the Dragon is a straight-to-DVD action film directed by Albert Pyun and Isaac Florentine on the island of Guam in 2004. Swiss actor Mickey Hardt plays Max Havoc, an ex-kickboxer turned sports photographer. Max has to help an art dealer and her sister, played by Joanna Krupa and Tawney Sabley, flee from a yakuza clan trying to retrieve a valuable jade dragon statue. Aimed at the European market, the film was planned to kickstart a franchise, which would have included a sequel and a syndicated television series in the United States, but these plans did not materialize. A sequ…",0
53221253,List of number-one hits of 1985 (Mexico),https://en.wikipedia.org/wiki/List%20of%20number-one%20hits%20of%201985%20%28Mexico%29,-1.5714487,11.237896,-0.3181198647139751,0.4081882018177634,"This is a list of the songs that reached number one in Mexico in 1985, according to the Notitas Musicales magazine with data provided by Radio Mil(which also provided charts for Billboard's ""Hits of the World"" between 1969 and 1981).

Notitas Musicales was a bi-weekly magazine that published two record charts:
",0
46608510,Sheila Krumholz,https://en.wikipedia.org/wiki/Sheila%20Krumholz,-0.25335628,5.3115916,0.7674456910034148,0.6387924424800498,"Sheila Krumholz (born 20th century) is an American nonprofit executive.

She serves as the executive director of OpenSecrets, a research group based in Washington, D.C.
",0
8510042,Sarkis Ordyan,https://en.wikipedia.org/wiki/Sarkis%20Ordyan,-0.01660389,4.959249,0.1321959005101698,0.5038477633715059,"Sarkis Ordyan (; December 20, 1918 – 2003) was a Ukrainian-Armenian painter.

Biography 
He was born to unknown parents in the village of Aigedzor, in the Shamshadin region of Armenia (now part of the Tavush province).  Ordyan was married to Arevhat Grigoryan and had two children, Rafik Ordyan and Anahit Ordyan.",0
15133458,Gmina Świdwin,https://en.wikipedia.org/wiki/Gmina%20%C5%9Awidwin,4.156794,0.7885581,-1.1120308873013338,0.2395394753056273,"

Gmina Świdwin is a rural gmina (administrative district) in Świdwin County, West Pomeranian Voivodeship, in north-western Poland. Its seat is the town of Świdwin, although the town is not part of the territory of the gmina.
",0
24594146,Darshana Sandakalum,https://en.wikipedia.org/wiki/Darshana%20Sandakalum,-1.0672064,-1.5283377,-0.6777405030408514,0.3317948013537516,"Darshana Sandakalum (full name Gardhi Hettiarachchige Darshana Sandakalum Hettiarachchi; born 1 August 1986) is a Sri Lankan cricketer. He is a right-handed batsman who plays for Badureliya Sports Club. He was born in Colombo.

Sandakalum, who played at Under-23 level for Chilaw Marians Cricket Club between 2008 and 2009, made his List A debut for Badureliya in the 2009–10 season, against Nondescripts. He is an upper-order batsman.
",0
6482989,Wales in the Late Middle Ages,https://en.wikipedia.org/wiki/Wales%20in%20the%20Late%20Middle%20Ages,-1.5586989,4.840555,-1.092425809827838,0.2437041376607378,"Wales in the Late Middle Ages spanned the years 1250-1500, those years covered the period involving the closure of Welsh medieval royal houses during the late 13th century, and Wales' final ruler of the House of Aberffraw, the Welsh Prince Llywelyn II, also the era of the House of Plantagenet from England, specifically the male line descendants of Geoffrey Plantagenet, Count of Anjou as an ancestor of one of the Angevin kings of England who would go on to form the House of Tudor from England and Wales. 

The House of Tudor would go on to create new borders by incorporating Wales into the Kingd…",0
21189069,List of zoology journals,https://en.wikipedia.org/wiki/List%20of%20zoology%20journals,0.787743,5.879022,-0.3794626257406654,0.3951572975557543,"This is a list of scientific journals which cover the field of zoology.

A
 Acta Entomologica Musei Nationalis Pragae",0
40628852,Samarsky (rural locality),https://en.wikipedia.org/wiki/Samarsky%20%28rural%20locality%29,3.470378,0.8644371,-1.2633848264493397,0.2073876996485539,"Samarsky (; masculine), Samarskaya (; feminine), or Samarskoye (; neuter) is the name of several rural localities in Russia:
Samarsky, Altai Krai, a settlement in Rybinsky Selsoviet of Kamensky District of Altai Krai; 
Samarsky, Chelyabinsk Oblast, a settlement in Forshtadtsky Selsoviet of Verkhneuralsky District of Chelyabinsk Oblast
Samarsky, Novosibirsk Oblast, a settlement in Toguchinsky District of Novosibirsk Oblast",0
65841861,Luzūmiyyāt,https://en.wikipedia.org/wiki/Luz%C5%ABmiyy%C4%81t,0.90733874,3.1356401,-0.779151182158336,0.3102523596930267,"The Luzūmiyyāt (full title: ""Luzūm mā lā yalzam"") () is the second collection of poetry by Al-Ma'arri, comprising nearly 1600 short poems organised in alphabetical order and observing a novel double-consonant rhyme scheme devised by the poet himself.

The title has been variously translated into English as Unnecessary Necessity, The Self-Imposed Compulsion or Committing oneself to what is not obligatory. This is a reference to the difficult, 'unnecessary' rhyme scheme which Al-Ma'arri applied to his work. This self-imposed technical challenge was a parallel to other constraints he adopted in h…",0
49038092,William Farre,https://en.wikipedia.org/wiki/William%20Farre,-0.94988763,10.833211,0.2719906859518542,0.5335440540980693,"William Andrew Farre (born William Johnsen, 1 August 1874 – April 5, 1950) was a Norwegian musician, conductor, and composer. 

Farre was born in Trondheim. He directed a Salvation Army orchestra in Stavanger in 1895 and also played in a Salvation Army brass band. In 1901 he established the Møllergata School Band, the oldest school band in Norway. Later he established the company ""William Johnsens musikkforlag og utsalg"" (William Johnsen Music Publishing and Sales) in Kristiania (now Oslo). The company printed sheet music for school bands. Farre himself composed some of the music, including th…",0
2257219,List of SAS operations,https://en.wikipedia.org/wiki/List%20of%20SAS%20operations,-2.9043381,4.2711244,-1.1393218539018848,0.2337421168718468,"The following is a list of known Special Air Service (SAS) operations.

Second World War Operations
The Special Air Service began life in July 1941, the brainchild of Lieutenant David Stirling of No. 8 (Guards) Commando. His idea was for small teams of parachute trained soldiers to operate behind enemy lines to gain intelligence, destroy enemy aircraft and attack their supply and reinforcement routes. The SAS carried out this role until the end of the war serving in a number of theatres and campaigns.",0
46342017,Tillman Shaw House,https://en.wikipedia.org/wiki/Tillman%20Shaw%20House,4.3334184,4.942206,0.3169275570876296,0.5430898922019287,"The Tillman Shaw House is a historic house at 500 South 19th Street in Fort Smith, Arkansas.  The house is an architecturally eclectic two-story brick structure, set on an artificially raised plot in a neighborhood of predominantly smaller houses.  It has a basic American Foursquare structure, with stylistic embellishments borrowed from a number of styles, including the Mission Revival, Prairie School, and Colonial Revival.  It was built in 1909 by Tillman Shaw, a prosperous saloon owner in the then-frontier town.  Shaw's fortunes were ruined by the advent of Prohibition, and he was forced to …",0
15730437,Idaho caucus,https://en.wikipedia.org/wiki/Idaho%20caucus,-2.2670698,3.042804,2.11959287646401,0.9260260170205848,"Idaho caucus could refer to:
 Idaho Democratic caucuses, 2008
 Idaho Republican primary, 2008
 Idaho Republican caucuses, 2012",0
23000714,Bill McCafferty,https://en.wikipedia.org/wiki/Bill%20McCafferty,-0.55036694,-2.4426003,-1.3172879291234776,0.1959371852175793,"William McCafferty (9 December 1882 – 17 April 1929) was a Scottish professional footballer who played in the Scottish Football League for Celtic and in the Football League for Bolton Wanderers and Birmingham. He played as a forward.

Career
McCafferty was born in Rutherglen, which was then in Lanarkshire. He played for junior club Rutherglen Glencairn before signing for Celtic in March 1902. He made his first team debut on the losing side in the 1902 Scottish Cup Final, and played once in the Scottish League, in October 1902 in a 1–1 home draw with Rangers, before joining English club Bolton …",0
17252089,Bob Davie (ice hockey),https://en.wikipedia.org/wiki/Bob%20Davie%20%28ice%20hockey%29,-1.7464863,-3.1927357,-1.1436262502292698,0.2328277436759045,"Robert Howard ""Pinkie"" Davie (September 12, 1912 in Beausejour, Manitoba – October 27, 1990) was a Canadian professional ice hockey defenceman who played 41 games in the National Hockey League with the Boston Bruins in the mid 1930s.

Career statistics
",0
45348076,Mocis propugnata,https://en.wikipedia.org/wiki/Mocis%20propugnata,11.838857,5.276635,-0.4244553065859481,0.3855996039212778,"Mocis propugnata is a species of moth of the family Erebidae. It is found in China.

References
",0
20051115,"Magnus Andersson (footballer, born 1981)",https://en.wikipedia.org/wiki/Magnus%20Andersson%20%28footballer%2C%20born%201981%29,-2.6360888,-1.5275869,-1.4146623653962895,0.1752521535137402,"Magnus Andersson (born 27 April 1981) is a retired Swedish footballer who played as a defender and current assistant manager of Trelleborgs FF.

Career
Andersson started his career in Hillerstorps GoIF alongside Patrik Ingelsten. In 2001, he moved to IFK Värnamo, but only stayed for 1 season before following manager Jonas Thern to Halmstads BK. Andersson was mainly used as a substitute until the 2005 season, however an ACL injury destroyed his season, and he returned only to obtain the same injury during the 2006 season. ",0
1478153,Wiedergutmachung,https://en.wikipedia.org/wiki/Wiedergutmachung,-0.24951525,4.5122113,-0.2767914730652473,0.41696749876925,"The German word Wiedergutmachung after World War II refers to the reparations that the German government agreed to pay in 1953 to the direct survivors of the Holocaust, and to those who were made to work at forced labour camps or who otherwise became victims of the Nazis. The sum would amount, through the years, to over 100 billion Deutsche Mark. Historian Tony Judt writes about Wiedergutmachung:
In making this agreement Konrad Adenauer ran some domestic political risk: in December 1951, just 5 percent of West Germans surveyed admitted feeling ‘guilty’ towards Jews. A further 29 percent acknow…",0
15451048,Henry Lemaître Auger,https://en.wikipedia.org/wiki/Henry%20Lema%C3%AEtre%20Auger,-1.5160849,3.3711474,-0.684172678317592,0.3304284288784208,"Henry Lemaître Auger (1873–1948) was a Canadian politician and a two-term Member of the Legislative Assembly of Quebec.

Background
",0
18624868,Mythunga,https://en.wikipedia.org/wiki/Mythunga,10.1131935,5.330937,-1.300021183886374,0.1996051209337969,"Mythunga is a genus of anhanguerid pterosaur from the late Early Cretaceous of Australia. Fossil remains of Mythunga dated back to the Albian stage of the Early Cretaceous, and the animal itself was found to be a close relative of another Australian anhanguerid called Ferrodraco.

Discovery and naming
Mythunga is known from a partial skull, holotype QM F18896 found in April 1991 by Philip Gilmore in marine rocks of the late Albian-age Toolebuc Formation at Dunluce Station west of Hughenden, Queensland. Only the middle snout and corresponding parts of the lower jaws are known, including the rea…",0
42517407,Bangladesh–Mexico relations,https://en.wikipedia.org/wiki/Bangladesh%E2%80%93Mexico%20relations,0.32917884,3.4387224,0.2875380489685197,0.5368467453301891,"Bangladesh–Mexico relations are the bilateral relations between Bangladesh and Mexico. Both nations are members of the United Nations and the World Trade Organization.

History 
",0
13007512,KFUO (AM),https://en.wikipedia.org/wiki/KFUO%20%28AM%29,0.49022403,8.943373,-0.7517885249560939,0.3160649471995044,"KFUO (850 kHz) is a non-commercial AM radio station licensed to Clayton, Missouri and serving Greater St. Louis. It has a Christian talk and teaching radio format. KFUO is one of the oldest continuous operating Christian radio stations in the United States, with its first broadcast on . Owned and operated by The Lutheran Church–Missouri Synod (LCMS), its radio studios and offices are in the LCMS headquarters in Kirkwood, Missouri.

KFUO is a daytimer station. By day, it is powered at 5,000 watts, using a non-directional antenna. But KFUO operates on the same frequency as Class A KOA (AM) Denve…",0
10311940,George Woodward,https://en.wikipedia.org/wiki/George%20Woodward,-1.7302808,3.9078562,1.465061403915301,0.7869853737156147,"George Woodward may refer to:
 George Woodward (diplomat) (died 1735), 18th century British diplomat in Poland
 George Washington Woodward (1809–1875), American politician
 George Ratcliffe Woodward (1848–1934), British composer",0
510266,AgustaWestland AW109,https://en.wikipedia.org/wiki/AgustaWestland%20AW109,-3.7723968,4.2220793,0.1816030605774803,0.5143432148627546,"The AgustaWestland AW109, originally the Agusta A109, is a lightweight, twin-engine, eight-seat multi-purpose helicopter designed and initially produced by the Italian rotorcraft manufacturer Agusta. It was the first all-Italian helicopter to be mass-produced. Its production has been continued by Agusta's successor companies, presently Leonardo S.p.A. (formerly AgustaWestland, merged into the new Finmeccanica since 2016).

Development of the A109 commenced during the late 1960s as an indigenous rotorcraft suited to commercial operations. A twin-engine arrangement was pursued in response to mar…",0
12444263,Madagascar cisticola,https://en.wikipedia.org/wiki/Madagascar%20cisticola,10.1171465,4.9577904,-0.0258350571320607,0.4702776037470716,"The Madagascar cisticola (Cisticola cherina) is a species of bird in the cisticola family (Cisticolidae). It inhabits areas to the west of the ˞Indian Ocean. It forms a superspecies with the closely related zitting cisticola and the Socotra cisticola.

Description
Madagascar cisticolas are small cisticolas, 11 cm long and weighing 8-11 g. Overall they have brownish streaked backs, wings and heads and pale undersides. There are different colour variants, one more brownish, the other paler grey. Its call is described as a loud explosive ticking.",0
42096996,Muhammed Ali Doğan,https://en.wikipedia.org/wiki/Muhammed%20Ali%20Do%C4%9Fan,-2.3627367,-1.2602763,-0.7790223640898523,0.3102797242245466,"Muhammed Ali Doğan (born 10 August 1995) is a footballer who plays as a midfielder for Vanspor. He made his Süper Lig debut on 2 March 2014. Born in Germany, he represented Turkey at under-19 international level.

References
",0
36329575,Imaginator,https://en.wikipedia.org/wiki/Imaginator,-0.9618809,11.918183,-0.3632300118898494,0.3986055550758244,"Imaginator is the third album from American rock group Nelson. It was released in Japan through Victor Entertainment in 1996, and later in the US through Fuel 2000 in 1998.

The album is notable for being the second album recorded by the band, after the success of their debut album, After the Rain. The album was planned to be released around 1993. However, the album was rejected by  producer John Kalodner and the executives at Geffen Records for being too heavy and dark. They gave the band the choice to either record another album, or they would be released from their contract. The band decide…",0
2045754,Synovial,https://en.wikipedia.org/wiki/Synovial,2.6761339,7.748857,2.483016507593463,1.0,"Synovial () may refer to:

 Synovial fluid
 Synovial joint",0
19188931,Net material product,https://en.wikipedia.org/wiki/Net%20material%20product,1.4423164,5.3121724,1.6172548657821946,0.8193154872888907,"Net Material Product (NMP) was the main macroeconomic indicator used for monitoring growth in national accounts of socialist countries during the Soviet era. These countries included the USSR and all the Comecon members. NMP is the conceptual equivalent of Gross Domestic Product (GDP) in the United Nations System of National Accounts, although numerically the two measures are calculated differently.

NMP is calculated for the material production sectors only, and excludes most of the service sectors, which are part of GDP. The material production sectors include manufacturing industries,  agri…",0
32194858,Looney Tunes Super Stars' Bugs Bunny: Wascally Wabbit,https://en.wikipedia.org/wiki/Looney%20Tunes%20Super%20Stars%27%20Bugs%20Bunny%3A%20Wascally%20Wabbit,-1.4379802,8.136125,0.6641139509586043,0.616841914182752,"Looney Tunes Super Stars' Bugs Bunny: Wascally Wabbit is a DVD of 15 Bugs Bunny cartoons that was released on May 4, 2011 (in Region 2 and 4). Like the Sylvester & Tweety: Feline Fwenzy disc, this disc features 15 cartoons that were previously on the Golden Collection sets as the new plan for the Super Stars volumes is one with new-to-DVD cartoons and one with previously-on-DVD cartoons. The reason for the double-dip release in each wave is so the Warner Home Video department can pay back for the remastering of other restorations. Also, unlike the previous Super Stars discs, the cartoons are p…",0
6861626,Alice Wolfson,https://en.wikipedia.org/wiki/Alice%20Wolfson,-0.14623488,5.5125356,-0.0286046832121615,0.4696892583304762,"Alice Wolfson is an American activist. A Barnard College graduate and former Fulbright Scholar, she is a veteran political activist in women's reproductive health issues, a lawyer, and a co-founder of the National Women's Health Network.

She played an important role at the Nelson Pill Hearings on Capitol Hill, where she and other soon-to-be prominent health feminists were galvanized by their success at warning women of the Pill's dangerous side effects.
",0
68362247,Giddey,https://en.wikipedia.org/wiki/Giddey,-1.5294272,1.897213,1.1543498243013337,0.7209816141964506,"Giddey is a surname. Notable people with the surname include:

Josh Giddey (born 2002), Australian basketball player
Warrick Giddey (born 1967), Australian basketball coach and former player",0
26552245,Digital Performance Right in Sound Recordings Act,https://en.wikipedia.org/wiki/Digital%20Performance%20Right%20in%20Sound%20Recordings%20Act,1.1955031,6.6322117,1.410108380701865,0.775311827034358,"The Digital Performance Right in Sound Recordings Act of 1995 (DPRA) is a United States Copyright law that grants owners of a copyright in sound recordings an exclusive right “to perform the copyrighted work publicly by means of a digital audio transmission.”  The DPRA was enacted in response to the absence of a performance right for sound recordings in the Copyright Act of 1976 and a fear that digital technology would stand in for sales of physical records.   The performance right for sound recordings under the DPRA is limited to transmissions over a digital transmission, so it is not as expa…",0
14839064,Boxing at the 2007 Southeast Asian Games,https://en.wikipedia.org/wiki/Boxing%20at%20the%202007%20Southeast%20Asian%20Games,-3.2239723,-2.5712488,-0.3514810883556771,0.4011013523825164,"Boxing at the 2007 Southeast Asian Games were held in the Gymnasium in Municipality of Tambon Mueang Pak, Amphoe Pak Thong Chai, Nakhon Ratchasima Province, Thailand. The boxing schedule began on December 7 to December 13.

Medal tally
",0
34856617,Rajeev Madhavan,https://en.wikipedia.org/wiki/Rajeev%20Madhavan,1.3911619,6.1669836,0.8419551778525284,0.6546203245885804,"Rajeev Madhavan is a serial entrepreneur and investor, and a founder and General Partner of Clear Ventures. He is perhaps best known as the founder of software company Magma Design Automation, where he served as chairman and chief executive officer from its founding in 1997 through its acquisition by Synopsys in 2012. He also co-founded software companies LogicVision (acquired by Mentor Graphics) and Ambit Design Systems (acquired by Cadence Design Systems). Red Herring magazine named Madhavan to its ""Top Innovators"" list in 2002.

Early life and education
",0
22567412,Eumictoxenus,https://en.wikipedia.org/wiki/Eumictoxenus,11.191519,5.051757,-0.4947977751264732,0.3706569121062462,"Eumictoxenus is a genus of Tephritid or fruit flies in the family Tephritidae.

Species
Eumictoxenus leleupi",0
19832569,Maziarze,https://en.wikipedia.org/wiki/Maziarze,4.2110467,0.7144337,-0.2494866460329547,0.4227678015432596,"Maziarze  is a village in the administrative district of Gmina Lipsko, within Lipsko County, Masovian Voivodeship, in east-central Poland.

References
",0
51206298,DSN-2,https://en.wikipedia.org/wiki/DSN-2,0.9834934,7.457911,1.0694399865713355,0.7029444090259674,"DSN-2, also known as Kirameki-2, is a geostationary communications satellite to be operated by DSN Corporation, a subsidiary of SKY Perfect JSAT Group. Its payload is a pure X-band and will be used for military communications by the Japanese military. It was launched and successfully deployed on 24 January 2017 using a H-IIA rocket flying in its heaviest configuration, the H-IIA 204. It is Japan's first dedicated military communication satellite and is designed for at least fifteen years of service.

History 
JSAT along NEC, NTT Communications and Maeda Corporation formed a joint venture calle…",0
42055903,Shalabh Kumar,https://en.wikipedia.org/wiki/Shalabh%20Kumar,0.68965733,2.3317544,-0.181035117383063,0.4373088052655539,"Shalabh ""Shalli"" Kumar ( Hindi: शलभ कुमार; born 24 December 1948) is a Chicago-based Indian-American industrialist.

Early and personal life 
Kumar was born in Ambala, in the state of Haryana, India, and graduated from Punjab Engineering College, Chandigarh with a BS in electronics engineering in 1969. He came to the United States as a foreign student when he was 20, to attend Illinois Institute of Technology for his master's degree.",0
40052138,Sargar Kuh-e Panbeh,https://en.wikipedia.org/wiki/Sargar%20Kuh-e%20Panbeh,2.6825278,0.6488641,-0.7145398346911568,0.323977602394735,"Sargar Kuh-e Panbeh (, also Romanized as Sargar Kūh-e Panbeh) is a village in Tayebi-ye Sarhadi-ye Sharqi Rural District, Charusa District, Kohgiluyeh County, Kohgiluyeh and Boyer-Ahmad Province, Iran. At the 2006 census, its population was 59, in 9 families.

References 
",0
36515572,Elisabeth of Brunswick,https://en.wikipedia.org/wiki/Elisabeth%20of%20Brunswick,-0.76981735,4.600487,-0.7953988133873736,0.3068009120651983,"Elisabeth of Brunswick may refer to:
 Catherine Elisabeth of Brunswick-Lüneburg (1385–after 1423), daughter of Magnus II, Duke of Brunswick-Lüneburg, wife of Gerhard VI, Count of Holstein
 Elisabeth of Brunswick-Wolfenbüttel (1593–1650), daughter of Henry Julius, Duke of Brunswick-Lüneburg; wife and duchess of August of Saxony and later John Philip, Duke of Saxe-Altenburg
 Elisabeth of Brunswick-Lüneburg, Duchess of Guelders (1494–1572), daughter of Henry the Middle, Duke of Brunswick-Lüneburg, wife of Charles II, Duke of Guelders",0
22351724,Keep the Dogs Away,https://en.wikipedia.org/wiki/Keep%20the%20Dogs%20Away,-0.85389555,12.041783,-0.8141466175352453,0.3028183583476126,"Keep the Dogs Away is the first studio album by the heavy metal band Thor, released in 1977. The album went gold shortly after it was released, selling 50,000 copies in Canada. In 2009 it was reissued on CD for the first time in a special 30th Anniversary Edition; It included a 16-page booklet and a few unreleased bonus tracks. In 2016 it was reissued once again with even more bonus content under Deadline Music in a deluxe 6-panel digipak CD with alternate cover art, liner notes from a longtime fan, author/producer Brian Kehew, 22 rare and unreleased bonus cuts on a separate disc, and a vintag…",0
69842354,2022 FIL European Luge Championships – Women's singles,https://en.wikipedia.org/wiki/2022%20FIL%20European%20Luge%20Championships%20%E2%80%93%20Women%27s%20singles,-3.628166,-2.73498,-0.3485135882931751,0.401731731722552,"The women's singles competition at the 2022 FIL European Luge Championships was held on 23 January 2022.

Results
The first run was held at 09:43 and the second run at 11:10.",0
11345049,Wallens Ridge State Prison,https://en.wikipedia.org/wiki/Wallens%20Ridge%20State%20Prison,-0.44954285,3.9680312,1.3088785444589384,0.7538078014172769,"Wallens Ridge State Prison is a level 5 state prison located in Big Stone Gap, Virginia, housing approximately 700 inmates. Since opening in April 1999, it has been a part of the Virginia Department of Corrections, and is identical to the Red Onion State Prison near Pound. The prison was built for over $70 million. As of 1999 the prison employs almost 800 people.

See also
",0
35034054,Plaza San Francisco,https://en.wikipedia.org/wiki/Plaza%20San%20Francisco,3.4184968,2.7818043,0.3461961672466525,0.5493073569928981,"Plaza San Francisco a major urban plaza in the city of La Paz, Bolivia, and a frequent location for political gatherings and protests. It is located in front of the San Francisco Cathedral (from which it takes its name) as well as the Lanza Market and the headquarters of the La Paz Factory Worker's Departmental Union Federation. The plaza was enlarged to 6,163 square meters in 2011. It was designated the city's Plaza Mayor, although this title had been used in the past for the Plaza Murillo. Together with 1,140 m2 Plaza Fabril constructed at the same time in front of the Factory Worker's Feder…",0
66429572,2006 March on Madrid Hockey Tournament,https://en.wikipedia.org/wiki/2006%20March%20on%20Madrid%20Hockey%20Tournament,-2.36088,-2.616473,-1.1847777402026036,0.2240860255480194,"The 2006 March on Madrid Hockey Tournament was a women's field hockey tournament, consisting of a series of test matches. It was held in Baltimore and Virginia Beach, from 17 to 27 August 2006.

The Netherlands won the tournament, defeating Argentina 4–2 in the final. Australia finished in third place after defeating the United States 4–2 in the third place match.
",0
1560289,Edéa,https://en.wikipedia.org/wiki/Ed%C3%A9a,2.731508,1.8939594,1.1115873454016605,0.7118976773272677,"Edéa is a city located along the Sanaga River in Cameroon's Littoral Region. It lies on the Douala–Yaoundé railway line. Its population was estimated at 122,300 in 2001.  There are bauxite facilities, aluminium processing facility, steel processing facility, timber facilities, paper facilities. These are primarily powered by the  Edea Hydroelectric Power Station. Bananas, oil palm, and cacao are farmed nearby.

Notable residents
Basketball player Ruben Boumtje-Boumtje was born here in 1978 and peace activist Maximilienne Ngo Mbe went to school here.",0
35612707,Ouzinii,https://en.wikipedia.org/wiki/Ouzinii,3.0619342,1.7486072,1.1039144097232558,0.710267732920456,"Ouzinii is a village on the island of Anjouan in the Comoros. According to the 1991 census the village had a population of 1173.

References
",0
70133628,Andaman and Nicobar Football Association,https://en.wikipedia.org/wiki/Andaman%20and%20Nicobar%20Football%20Association,-1.7750801,-1.82833,0.6512922217784011,0.6141182231942108,"Andaman and Nicobar Football Association (ANFA) is the state governing body of football in Andaman and Nicobar Islands. It is affiliated with the All India Football Federation, the national governing body.

Controversies
On 18th December 2022 two football players associated with ANFA came up with an allegation that the Sudeep Rai Sharma (President, ANFA) & Sanjay Meshack (Secretary, ANFA) corruptly selected the players to represent Andaman & Nicobar Islands in National Level Santosh Trophy Championship. The Players alleged the above mentioned office bearers of ANFA have ignored the eligible pl…",0
43652683,Satyagrah Express,https://en.wikipedia.org/wiki/Satyagrah%20Express,2.8911393,2.5383902,-0.6770268747670806,0.3319463957971469,"The 15273 / 74 Raxaul–Anand Vihar Terminal Satyagrah Express is an Express train belonging to Indian Railways - East Central Railway zone and is one of two trains that run between Raxaul Junction & Anand Vihar Terminal in India. The other train is the Sadbhawna Express.

It operates as train number 15273 from Raxaul Junction to Anand Vihar Terminal and as train number 15274 in the reverse direction serving the states of Delhi, Uttar Pradesh & Bihar.
",0
43415518,Freilingen Formation,https://en.wikipedia.org/wiki/Freilingen%20Formation,5.7548184,3.5343318,0.1029971226482042,0.497645132897775,"The Freilingen Formation is a geologic formation in Germany. It preserves fossils dating back to the Devonian period.

See also
",0
67252657,Neomelicharia,https://en.wikipedia.org/wiki/Neomelicharia,10.7228,5.3678417,0.3985427942555588,0.5604272328115847,"Neomelicharia is a genus of planthoppers belonging to the family Flatidae.

The species of this genus are found in Indonesia.
",0
10386732,Alfa Romeo Tipo 308,https://en.wikipedia.org/wiki/Alfa%20Romeo%20Tipo%20308,-5.0582786,-3.0933852,-1.0328013964093468,0.2563700172189917,"The Alfa Romeo Tipo 308 or 8C-308 is a Grand Prix racing car made for the 3 litre class in 1938. Only four cars were produced, actually modified from Tipo C with the engine mounted lower into the chassis and a slimmer body. The chassis was derived from the Tipo C and the engine from the  8C 2900. The 308 was engineered by Gioacchino Colombo under the control of Enzo Ferrari who was then in charge of Alfa's racing team, Alfa Corse. The car debuted at the Pau Grand Prix in 1938, where two cars were entered to race, one for Tazio Nuvolari and the other for Luigi Villoresi. Both drivers had to wit…",0
11381731,Hawkwood,https://en.wikipedia.org/wiki/Hawkwood,4.7984214,4.2481227,2.6185175490016066,1.0,"Hawkwood may refer to:

Places
Hawkwood, Calgary, a neighbourhood in Calgary, Alberta, Canada",0
69553808,Société de Charité Maternelle,https://en.wikipedia.org/wiki/Soci%C3%A9t%C3%A9%20de%20Charit%C3%A9%20Maternelle,-0.6670986,4.8363113,0.1711048913321332,0.5121131124664349,"Société de Charité Maternelle or Société maternelle was a French charity organization, founded in 1788.

Life
",0
12613108,Diplotaxodon greenwoodi,https://en.wikipedia.org/wiki/Diplotaxodon%20greenwoodi,10.404693,5.6529303,-0.4515190346803944,0.3798505172504263,"Diplotaxodon greenwoodi is a species of haplochromine cichlid which is endemic to Lake Malawi.  It occurs in the reef and shelf zones of the lake where it preys on small cichlids. The specific name honours the English ichthyologist Peter Humphry Greenwood (1927-1995).

References
",0
60878790,Shankar Lalwani,https://en.wikipedia.org/wiki/Shankar%20Lalwani,0.6326062,2.1653264,-1.3140348287587584,0.1966282339851579,"Shankar Lalwani (born 16 October 1961) is an Indian politician. A member of the Bharatiya Janata Party (BJP), Lalwani has served as a Member of Parliament in the 17th Lok Sabha from Indore since 2019. He also held previously the position of chairman in Indore Development Authority.

Personal life
Lalwani was born on 16 October 1961 to Jamnadas Lalwani and Gouridevi Lalwani in Indore, Madhya Pradesh. He is a Sindhi whose family migrated from Pakistan after the Partition of India. Lalwani completed his Higher Secondary from Madhya Pradesh Board in 1978. He graduated with a B. Tech degree from Ve…",0
14770528,William Bertrand Busnach,https://en.wikipedia.org/wiki/William%20Bertrand%20Busnach,-0.75659716,5.7048874,-1.850737871870335,0.0826176179831669,"William Bertrand Busnach (7 March 1832, Paris – 20 January 1907, Paris) was a French dramatist.

Biography
Busnach was a nephew of the composer Fromental Halévy. His father was associated with David Ben Joseph Coen Bakri, to whom France was indebted to the amount of some twenty-odd million francs for provisions furnished to Napoleon Bonaparte in Egypt. The lawsuit lasted for more than fifty years, and Busnach and his partner were not paid in full at the end. The elder Busnach, an Algerian Jew, became a naturalised Italian in the time of the Deys, and was the first interpreter of the French arm…",0
51705196,Aquastax,https://en.wikipedia.org/wiki/Aquastax,-0.15146212,7.84658,-0.2679347681230097,0.4188489086087735,"Aquastax is a J2ME mobile game developed by Infospac (formerly iomo). 

The game was well-received and often mentioned as a cross between Tetris and Lemmings.
",0
1371461,Alfred Loewenstein,https://en.wikipedia.org/wiki/Alfred%20Loewenstein,-0.879905,4.1059384,0.7907411230506135,0.643741038527383,"Alfred Léonard Loewenstein  (11 March 1877 – 4 July 1928) was a Belgian financier. At his peak in the 1920s, Loewenstein was worth around £12 million in the currency of the time (equivalent to £ million in ), making him the third-richest person in the world at the time. His wealth came from investments in electric power and artificial silk businesses when those industries were in their infancy. Loewenstein is remembered today for his mysterious disappearance and death in 1928.

Early life and business career
Alfred Loewenstein was born to Bernard Loewenstein, a German-Jewish banker in Brussels…",0
34881724,Scott Dobson,https://en.wikipedia.org/wiki/Scott%20Dobson,-0.81653184,6.2204614,-0.0776867572018487,0.4592628641409129,"Scott Dobson (26 December 1918 – 22 January 1986) was an English art teacher, art critic and writer.   His works were influential in North East England

Life 
He was born Edward Scott Dobson on 26 December 1918 in Blyth, Northumberland, the only child of a local government officer and a teacher. Very soon after his birth, the family moved to Newcastle upon Tyne where Scott attended Rutherford School. He excelled in art and won junior competitions. He studied art at King Edward VII College in Newcastle, at Freckleton and at Leeds College of Art.",0
38510175,Gram Power,https://en.wikipedia.org/wiki/Gram%20Power,2.2739713,5.0422063,0.8284896047733956,0.6517598632938741,"Gram Power is an energy technology company founded in 2010 out of University of California Berkeley. The company provides cutting-edge Smart Grid technologies to address the electrification challenges in developing nations. Its founders are Yashraj Khaitan (an Indian), and Jacob Dickinson (an American), engineering graduates of the University of California, Berkeley, who are being mentored by Eric Brewer, a vice-president of infrastructure at Google and a professor at Berkeley. They set up India's first Solar Powered Smart Microgrid in the Rajasthan hamlet of Khareda Lakshmipura in March 2012,…",0
16037318,Flumet,https://en.wikipedia.org/wiki/Flumet,5.3996444,1.9389966,1.286297257083348,0.7490109095105659,"Flumet () is a commune in the Savoie department in the Auvergne-Rhône-Alpes region in south-eastern France.

See also
",0
30775,Thomas Nast,https://en.wikipedia.org/wiki/Thomas%20Nast,-0.87257373,6.3194413,0.9970999081788046,0.6875773694590794,"Thomas Nast (; ; September 26, 1840December 7, 1902) was a German-born American caricaturist and editorial cartoonist often considered to be the ""Father of the American Cartoon"".

He was a critic of Democratic Representative ""Boss"" Tweed and the Tammany Hall Democratic party political machine. He created a modern version of Santa Claus (based on the traditional German figures of Sankt Nikolaus and Weihnachtsmann) and the political symbol of the elephant for the Republican Party (GOP). Contrary to popular belief, Nast did not create Uncle Sam (the male personification of the United States Feder…",1
64633115,Art Dorfman,https://en.wikipedia.org/wiki/Art%20Dorfman,-1.0946537,-3.9864376,0.3845195695888684,0.5574483108488647,"Arthur Dorfman (May 9, 1908 – September 23, 1997) was an American football player.

A native of Odessa, Ukraine, he attended Dorchester High School where he competed in baseball, football, and ice hockey.
",0
48911192,Valentine Wheels,https://en.wikipedia.org/wiki/Valentine%20Wheels,-0.87624425,11.974378,0.7581669222823267,0.6368213745846674,"Valentine Wheels is the sixty-fourth release and ninth live album by Tangerine Dream. The album was recorded in 1997 from the first half of the Shepherds Bush concert. The album was initially available only through the internet. The next year, the album was officially released at retail. This is the final album to feature guitarist Zlatko Perica as a member.

Track listing
",0
30885369,Arab world protests,https://en.wikipedia.org/wiki/Arab%20world%20protests,0.65330696,3.213918,1.75234796353677,0.8480130091127317,"The Arab world protests may refer to the: 
Arab Spring
Arab World protests (2018–19), also known as ""Arab Spring 2.0"", ""Arab Spring 2"", ""Arab Spring II"", ""Second Arab Spring"", ""2nd Arab Spring"", and ""New Arab Spring""",0
26860462,2006–07 Duke Blue Devils men's basketball team,https://en.wikipedia.org/wiki/2006%E2%80%9307%20Duke%20Blue%20Devils%20men%27s%20basketball%20team,-1.2968168,-4.3224697,0.7328767842034901,0.6314490476374842,"The 2006–07 Duke Blue Devils men's basketball team represented Duke University. The head coach was Mike Krzyzewski, serving for his 27th year. The team played its home games in Cameron Indoor Stadium in Durham, North Carolina.

Recruiting
",0
28244548,Civil defence in Finland,https://en.wikipedia.org/wiki/Civil%20defence%20in%20Finland,1.1722693,4.9700627,1.2137501527218049,0.7335998918843798,"Civil defence in Finland is the responsibility of the Ministry of Interior under the Civil Defence Act of 1958. It is directed to provide civil defence to protect persons and property in wartime as well as in peacetime. The act stipulates that the ministry is responsible for providing shelters in high-risk areas, for evacuating civilian population from threatened areas, and for limiting damage from natural disasters. In emergency situations, firefighting, rescue, ambulance, and first-aid services are coordinated with the civil defence effort. Civil defence operations are entirely a civilian re…",0
47466566,Tirumeeyachur Mehanadhar Temple,https://en.wikipedia.org/wiki/Tirumeeyachur%20Mehanadhar%20Temple,1.8590688,2.2157261,-1.0205877171951014,0.258964541525755,"Tirumeeyachur Mehanadhar Temple
(திருமீயச்சூர் மேகநாதர் கோயில்) is a Hindu temple located at Thirumeeyachur in Tiruvarur district, Tamil Nadu, India. The presiding deity is Shiva. He is called as Meganathaswami. His consort is known as Lalithambika.

Significance ",0
507051,Baron Swaythling,https://en.wikipedia.org/wiki/Baron%20Swaythling,-1.7805983,4.6239386,-0.6969627328164043,0.3277114664709513,"Baron Swaythling, of Swaythling in the County of Southampton, is a title in the Peerage of the United Kingdom. It was created in 1907 for the British Jewish  Liberal politician, banker and  philanthropist, Sir Samuel Montagu, 1st Baronet. He had already been created a Baronet, of South Stoneham House in the County of Southampton and of Kensington Palace Gardens in the County of London, in 1894. , the titles are held by his great-great-grandson, the fifth Baron, who succeeded his father in 1998.

Several other members of the family may also be mentioned. The Hon. Edwin Samuel Montagu, second so…",0
3165923,Thirteen:13,https://en.wikipedia.org/wiki/Thirteen%3A13,-0.9638844,11.807127,-1.523232423876696,0.1521888610551021,"Thirteen:13 were a British alternative rock band formed in 1999 from the ashes of Catch.

Quickly signed to Polydor, the band's original line-up consisted of songwriters Wayne Murray (vocals and guitar) and Toby MacFarlaine (bass and vocals) with Ben Etchells (lead guitar) and Martin Carling (drums). Carling was later replaced by ex-Kula Shaker drummer Paul Winterhart.
",0
3731820,Sugar Magnolia,https://en.wikipedia.org/wiki/Sugar%20Magnolia,-0.71507597,12.245485,-0.2647626066909303,0.4195227637015868,"""Sugar Magnolia"" is a song by the Grateful Dead. Written by Robert Hunter and Bob Weir, it is one of the most well-known songs by the band, alongside such hits as ""Truckin'"", ""Casey Jones"", ""Uncle John's Band"", ""Touch of Grey"", and fellow sugar-adjacent tune ""Sugaree"".

First released on the 1970 album American Beauty, ""Sugar Magnolia"" made its live debut on June 7, 1970 at the Fillmore West in San Francisco. When performed live, the song was often divided into two different entities: ""Sugar Magnolia"" proper and the ""Sunshine Daydream"" coda. The break between the two could be a few beats, a se…",0
9766776,A Woman Killed with Kindness,https://en.wikipedia.org/wiki/A%20Woman%20Killed%20with%20Kindness,-1.6126467,7.2045383,-0.3022788045068853,0.4115532824811116,"A Woman Killed with Kindness is an early seventeenth-century stage play, a tragedy written by Thomas Heywood. Acted in 1603 and first published in 1607, the play has generally been considered Heywood's masterpiece, and has received the most critical attention among Heywood's works. Along with the anonymous Arden of Faversham, Heywood's play has been regarded as the apex of Renaissance drama's achievement in the subgenre of bourgeois or domestic tragedy.

The play was originally performed by Worcester's Men, the company for which Heywood acted and wrote in the early Jacobean era. The records of…",0
31242839,Santa Quitéria Futebol Clube,https://en.wikipedia.org/wiki/Santa%20Quit%C3%A9ria%20Futebol%20Clube,-1.7251863,-1.3411343,-0.2327083812822368,0.4263319704523525,"Santa Quitéria Futebol Clube, commonly known as Santa Quitéria, is a Brazilian football club based in Santa Quitéria do Maranhão, Maranhão state. They competed in the Copa do Brasil once.

History 
The club was founded on March 16, 2003. Santa Quitéria won the Campeonato Maranhense Second Level in 2005, and in 2009. Santa Quitéria was runners-up in the 2010 Campeonato Maranhense, losing the competition to Sampaio Corrêa.",0
17629158,Elisabete Matos,https://en.wikipedia.org/wiki/Elisabete%20Matos,-1.18764,10.444999,-1.4931449583834715,0.1585802734363955,"Maria Elisabete da Silva Duarte Matos GOIH OIH (born 6 September 1964) is a Portuguese soprano and politician. In January 2022 she was elected to the Portuguese Assembly of the Republic as a member of the Socialist Party, representing the Braga constituency.

Biography 
Elisabete Matos was born in 1964 in Caldas das Taipas, Guimarães, Portugal and she began her first musical studies in at the Conservatório de Música Calouste Gulbenkian de Braga. ",0
1405985,Queen's Own Royal West Kent Regiment,https://en.wikipedia.org/wiki/Queen%27s%20Own%20Royal%20West%20Kent%20Regiment,-2.876101,4.2941813,-2.579494750707603,0.0,"The Queen's Own Royal West Kent Regiment was a line infantry regiment of the British Army based in the county of Kent in existence from 1881 to 1961. The regiment was created on 1 July 1881 as part of the Childers Reforms, originally as the Queen's Own (Royal West Kent Regiment), by the amalgamation of the 50th (Queen's Own) Regiment of Foot and the 97th (The Earl of Ulster's) Regiment of Foot. In January 1921, the regiment was renamed the Royal West Kent Regiment (Queen's Own) and, in April of the same year, was again renamed, this time as the Queen's Own Royal West Kent Regiment.

After dist…",0
37326833,Trống chầu,https://en.wikipedia.org/wiki/Tr%E1%BB%91ng%20ch%E1%BA%A7u,-0.69665354,10.617515,1.164086187058211,0.7230498877599744,"A trống đế or trống chầu is a traditional Vietnamese musical instrument also known as ""praise drums"". It is a small double-headed drum, beaten with a long wooden stick on the top side, causing a loud snapping sound.

Description
The two sides of the trống chầu where they are beaten, are made with buffalo hide. The main portion of the drum is carved from jack fruit wood",0
15173486,"Tampico, Indiana",https://en.wikipedia.org/wiki/Tampico%2C%20Indiana,5.0795336,4.9384356,0.8717000684875262,0.6609389645660009,"Tampico is an unincorporated community in Grassy Fork Township, Jackson County, Indiana.

History
Tampico first grew around a blacksmith shop established in about 1840. The community was likely named after Tampico, in Mexico. A post office was established at Tampico in 1852, and remained in operation until it was discontinued in 1909.",0
35562101,Sacred natural site,https://en.wikipedia.org/wiki/Sacred%20natural%20site,1.7784686,3.2857926,0.7141276934022329,0.627466220599024,"A sacred natural site is a natural feature or a large area of land or water having special spiritual significance to peoples and communities. Sacred natural sites consist of all types of natural features including mountains, hills, forests, groves, trees, rivers, lakes, lagoons, caves, islands and springs.

Overview 
Sacred natural sites are natural features in or areas of land or water having special spiritual significance to peoples and communities. This working definition is broad and can be used as a basis for more specific articulations. Whilst “sacred natural sites” is the main term used…",0
70550327,William Martin (painter),https://en.wikipedia.org/wiki/William%20Martin%20%28painter%29,-0.57784045,6.3040333,-1.2291474255332455,0.2146606734444925,"William Martin (1753–; ) was an English history painter.

Life 
William Martin was a pupil and assistant to G. B. Cipriani, , and appears to have resided for about twenty years or more in Cipriani's house. In 1766 he was awarded a gold palette for an historical painting by the Society of Arts. In 1775 he exhibited at the Royal Academy a portrait and Antiochus and Stratonice. In the next nine years he contributed portraits, scenes from Shakespeare, or classical subjects. In 1791 he sent Lady Macduff surprised in her Castle of Fife, and in 1797 and 1798 portraits. About 1800 he was engaged on de…",0
35195602,John Mahon (baseball),https://en.wikipedia.org/wiki/John%20Mahon%20%28baseball%29,-2.0395107,-4.2803197,-0.1463031673333605,0.4446868350176485,"John J. ""Sonny"" Mahon (August 1851 – June 19, 1928) was an American politician and professional baseball executive. He served as president and principal owner of the Baltimore Orioles of the American League in 1902. He was also a notable political boss in Baltimore, affiliated with the Democratic Party.

Biography
Mahon was born in Baltimore in 1851; his parents had emigrated to the United States from Ireland. He became a political boss associated with the Democratic Party, serving 14 years as a member of the Baltimore City Council. He was considered a Democratic political leader of Baltimore …",0
32366207,Thomas Aston Blakelock,https://en.wikipedia.org/wiki/Thomas%20Aston%20Blakelock,-1.5876164,3.4006753,-0.8452387847845683,0.2962135194400842,"Thomas Aston Blakelock (August 10, 1883 – 1974) was an English-born merchant, building contractor and political figure in Ontario, Canada. He represented Halton in the Legislative Assembly of Ontario from 1929 to 1943 as a Liberal-Progressive member.

Born in Pickering, Yorkshire, the son of James Blakelock and Mary Bulman, he came to Canada in 1906, establishing a lumber company with his brother James Bulman Blakelock. Blakelock served on the town council for Oakville, also serving as deputy reeve, reeve and mayor, as well as warden of Halton County. In 1909, he married Isabel Parnaby. Blakel…",0
67348996,Lou Hutt,https://en.wikipedia.org/wiki/Lou%20Hutt,-0.98219645,-2.1714737,-0.8878068702097942,0.2871708771378932,"Lou Hutt was a representative rugby league player who played in the Waikato, Auckland, and in England. He played for New Zealand in 8 tests from 1928 to 1935 and was Kiwi #193.

Early life
Louis Stanley George Hutt was born in Auckland on July 8, 1904. He was the son of Clara Hannah Hutt and Frederick Stanley John Hutt, while he had a brother named Victor Walter Carder Hutt who was born in 1898.",0
2703283,Everything Is (album),https://en.wikipedia.org/wiki/Everything%20Is%20%28album%29,-0.9068146,12.075624,-0.2323268904459917,0.4264130096895949,"Everything Is is the debut album by English rock band Nine Black Alps released on 13 June 2005 under Island Records.
The album generally received favourable reviews among critics, and heralded acclaim from portions of the British music press, earning the band a loyal fanbase following in the United Kingdom.

Five singles were released from the album; ""Cosmopolitan,"" ""Shot Down,"" ""Not Everyone,"" ""Unsatisfied"" and ""Just Friends"".",0
72380638,2016 Hisense 4K TV 300,https://en.wikipedia.org/wiki/2016%20Hisense%204K%20TV%20300,-5.1375537,-3.1904786,-2.115533377165509,0.026367706489773,"The 2016 Hisense 4K TV 300 was the 11th stock car race of the 2016 NASCAR Xfinity Series and the 35th running of the event. The race was held on Saturday, in Fontana, California, at Charlotte Motor Speedway, a  permanent quad-shaped oval racetrack. The race took 206 laps to complete, including six overtime laps. NASCAR Cup Series driver Denny Hamlin took home the win, his first of the season and 15th all-time in the Xfinity Series. Richard Childress Racing's Austin Dillon and Team Penske's Joey Logano finished second and third, respectively.

Report
",0
3049078,Power Team,https://en.wikipedia.org/wiki/Power%20Team,-1.5292622,8.307273,1.5913463882668262,0.813811807890921,"The Power Team is a group of Christian evangelists, based in Dallas, Texas. They incorporate their preaching with displays of strength and martial arts skills. They were founded in the late 1970s by John Jacobs. Their performances, usually taped at large megachurches, were broadcast on TBN (and other Christian television stations in the United States) in the late 1980s.

History 
The Power Team often conducts performances in churches and venues, such as schools, to encourage audiences from outside church communities. When performing in public schools, they are not permitted to discuss religion…",0
52867349,White-barred,https://en.wikipedia.org/wiki/White-barred,10.229859,4.9997897,1.733026316935679,0.8439085553380861,"White-barred can refer to:

 White-barred wrasse
 White-barred piculet",0
52093854,Paul Daly (bowls),https://en.wikipedia.org/wiki/Paul%20Daly%20%28bowls%29,-2.9399605,-2.7174888,-0.4019971740950014,0.3903703343138291,"Paul Daly (born 28 March 1972) is a Northern Irish international lawn bowler.

Bowls career
",0
5843427,Ptarmigan Traverse,https://en.wikipedia.org/wiki/Ptarmigan%20Traverse,5.103942,3.6438498,-0.3011595670666681,0.4117910395641941,"Ptarmigan Traverse is an alpine climbing route in the  North Cascades of Washington state. The route, from Cascade Pass to Dome Peak, is generally remote, unmarked, and challenging, traversing rugged terrain and several glaciers.

History
",0
60952418,Zsolt Kovács,https://en.wikipedia.org/wiki/Zsolt%20Kov%C3%A1cs,-2.8911278,-1.3777088,0.6055781619772481,0.6044072886564354,"Zsolt Kovács may refer to:

 Zsolt Kovács (biathlete) (born 1962), Hungarian Olympic biathlete
 Zsolt Kovács (footballer) (born 1986), Hungarian footballer",0
36873736,Fenske–Hall method,https://en.wikipedia.org/wiki/Fenske%E2%80%93Hall%20method,1.7530762,7.0903597,2.0860125514329915,0.9188926243717612,"The Fenske–Hall method is a molecular orbital method in computational chemistry, usually applied to inorganic compounds. This method was developed in Richard F. Fenske's research group at the University of Wisconsin. The method is named after Fenske and Michael B. Hall, who co-authored the last paper in its development.

The Fenske–Hall method is derived from Roothaan equations. It is ab initio in the sense that it does not make use of parameters from experimental data (see semi-empirical quantum chemistry method). Electronic exchange is considered, but electron correlation is not. It is able …",0
58440208,Clyde C. Miller Career Academy,https://en.wikipedia.org/wiki/Clyde%20C.%20Miller%20Career%20Academy,3.3192317,5.7397676,0.0565606017863135,0.4877807275876064,"Clyde C. Miller Career Academy is a public high school located in St. Louis, Missouri in the Grand Central Arts District of Midtown

Overview
97% of Clyde C Miller's student body is African-American. The student to teacher ratio is 14:1. 100% of the student body is eligible for Free Lunch ",0
32343215,Viña,https://en.wikipedia.org/wiki/Vi%C3%B1a,2.419322,4.3601346,1.0076975548982876,0.6898286036306892,"Viña (vineyard in Spanish and Galician) or La Viña may refer to:

Places 
 La Viña Department, Salta, Argentina",0
20997727,Fiery Furnace (Arches National Park),https://en.wikipedia.org/wiki/Fiery%20Furnace%20%28Arches%20National%20Park%29,5.0423613,3.6844912,0.6387905913253764,0.6114625300557572,"The Fiery Furnace is a collection of narrow sandstone canyons, fins and natural arches located near the center of Arches National Park in Utah, United States. The area is a popular hiking destination that was named for the reddish hue it exhibits in sunset light.

The Fiery Furnace contains a variety of plant species, including one of the largest known concentrations of Canyonlands biscuitroot. Fragile ecological features such as biological soil crust and ephemeral pools are also found within the Fiery Furnace, and are vulnerable to visitor impact. Arches National Park has more than 2,000 cata…",0
19830691,"Strumiany, Masovian Voivodeship",https://en.wikipedia.org/wiki/Strumiany%2C%20Masovian%20Voivodeship,4.1371446,0.8216948,0.0553590637660762,0.4875254875780792,"Strumiany  is a village in the administrative district of Gmina Baranów, within Grodzisk Mazowiecki County, Masovian Voivodeship, in east-central Poland. It lies approximately  north-west of Baranów,  north-west of Grodzisk Mazowiecki, and  west of Warsaw.

References
",0
51182272,Weet-Bix cards,https://en.wikipedia.org/wiki/Weet-Bix%20cards,-0.76045734,7.2079616,3.13443737010519,1.0,"Weet-Bix cards were series of collectors' cards issued in cereal boxes by the Sanitarium Health and Wellbeing Company in Australia and New Zealand.

Sanitarium started the Weet-Bix cards in 1942 in Australia to market their Weet-Bix cereal.  The company later expanded the cards to its Granose, Bixies, Cerix and later Puffed Wheat, Puffed Rice, Weeta Puffs, Weeta Flakes and Corn Flakes brands. 
",0
25323565,"Karvir, Kolhapur",https://en.wikipedia.org/wiki/Karvir%2C%20Kolhapur,2.3284736,1.5683823,1.1262028680761662,0.7150024198188527,"Karvir is a tehsil in Kolhapur district in the Indian state of Maharashtra.

See also
Sangrul",0
8625910,Biomarker (disambiguation),https://en.wikipedia.org/wiki/Biomarker%20%28disambiguation%29,0.9935828,6.1010704,2.540106037461422,1.0,"Biomarker may refer to:
 Biomarker (biomedical research), a measurable indicator of some biological state or condition
 Biomarker (organic geochemistry), a fossil organic molecule that provides evidence of past or present life
 Biomarker (cell), a cellular, biochemical or molecular alteration than can be used as a biomarker",0
6941632,Talang,https://en.wikipedia.org/wiki/Talang,2.6584008,1.9648165,1.283731978935856,0.7484659732640405,"Talang may refer to:

The word Talang means ""talent"" in Swedish.
Mount Talang, an active volcano in West Sumatra, Indonesia",0
7061296,Francis Guinan,https://en.wikipedia.org/wiki/Francis%20Guinan,-2.0600538,8.301099,-0.729187888780552,0.3208659493281151,"Francis V. Guinan Jr. (born November 17, 1951) is an American film, television and stage actor who is perhaps best known for his role as Edgar Teller the patriarch in the short-lived series Eerie, Indiana.

The Council Bluffs, Iowa-born actor has made guest appearances in many notable television series including Grey's Anatomy, CSI: Miami, Law & Order, CSI: NY, Without a Trace, The Practice, Crossing Jordan, Star Trek: Enterprise, Star Trek: Voyager, That '70s Show, Nash Bridges, Sliders, Murder, She Wrote, Frasier, Mike & Molly and other series.
",0
62592683,Ex Machina (album),https://en.wikipedia.org/wiki/Ex%20Machina%20%28album%29,-1.0503395,12.027162,-0.761806695191162,0.3139368099094846,"Ex Machina (stylised as EX_MACHINA) is the fourth studio album by Japanese metalcore band Crossfaith. It was released on 1 August 2018 in Japan through Sony Music, and later released on 3 August 2018 worldwide. It was produced by Drew Fulk.

Background and promotion
In an interview with Dead Press! in April 2017, the band confirmed that they had two new singles ready for release for the summer and that they planned to release the fifth studio album on 1 August 2018.",0
39313776,1989 Australia rugby union tour,https://en.wikipedia.org/wiki/1989%20Australia%20rugby%20union%20tour,-1.4007708,-2.261858,0.2769841485049605,0.5346048040769811,"The 1989 Australia rugby union tour was a series of rugby union matches played on tour by the Australia national rugby union team in Canada and France between October and November 1989.

Results 
Scores and results list Australia's points tally first.",0
5452832,East Orange School District,https://en.wikipedia.org/wiki/East%20Orange%20School%20District,3.3472776,5.7574253,-2.2623018328392352,0.0,"East Orange School District is a comprehensive community public school district serving students in pre-Kindergarten through twelfth grade from the city of East Orange, in Essex County, New Jersey, United States. The district is one of 31 former Abbott districts statewide that were established pursuant to the decision by the New Jersey Supreme Court in Abbott v. Burke which are now referred to as ""SDA Districts"" based on the requirement for the state to cover all costs for school building and renovation projects in these districts under the supervision of the New Jersey Schools Development Aut…",0
2228634,Independent Social Alliance,https://en.wikipedia.org/wiki/Independent%20Social%20Alliance,-0.4149374,3.1551957,-0.2045450994925047,0.4323146328327808,"The Independent Social Alliance (), known as the Indigenous Social Alliance () until 2011, is a progressive indigenist party in Colombia. At the last legislative elections, 10 March 2002, the party won parliamentary representation, one of many smaller parties.

History
The movement emerged in 1991 after the guarantees provided by the new National Constitution, it was made up of indigenous people, peasants, community leaders from popular neighborhoods of Popayán, a women's organization and the amnestied indigenous people of the Quintín Lame Armed Movement, who aspired to become a new political …",0
52245688,List of digital therapeutics companies,https://en.wikipedia.org/wiki/List%20of%20digital%20therapeutics%20companies,1.3891472,5.739699,0.4279166343530274,0.566667051360853,"This is a list of companies in digital therapeutics, a healthcare discipline that utilizes digital and Internet-based health technologies to make behavioral and lifestyle changes in patients. Digital therapeutics is a relatively new discipline that uses digital implements like mobile devices, apps, sensors, the Internet of Things, and others to spur behavioral changes in patients. The methodology operates as both a preventative technique for at-risk patients and a treatment for patients with existing conditions. The companies in this list are organized by the health conditions or functions on …",0
67049333,1946 CCUNC Owls football team,https://en.wikipedia.org/wiki/1946%20CCUNC%20Owls%20football%20team,-1.2639737,-4.3363395,0.4776026658490395,0.577221742880232,"The 1946 CCUNC Owls football team was an American football team that represented the Charlotte Center of the University of North Carolina or CCUNC (now known as the University of North Carolina at Charlotte) as an independent during the 1946 college football season. In their first season under head coach Arthur Deremer, the team compiled a 2–4 record. The Owls moniker was chosen by the players from the inaugural squad.

Schedule
",0
62488003,Paul Perry (cinematographer),https://en.wikipedia.org/wiki/Paul%20Perry%20%28cinematographer%29,-2.4924388,8.2095175,-1.5457863868506707,0.1473977736093497,"Paul Perry (1891 – 1963) was an American cinematographer who worked in Hollywood from the silent era through the 1940s. He was the brother of fellow cameraman Harry Perry.

Biography
Paul was born in Colorado to Frank Perry and Fanny Teeter. He worked at Pickford-Fairbanks Studios on films like 1923's Rosita and was also noted for being one of Mack Sennett's cameraman. He was a founding member of the American Society of Cinematographers, and served on its board of governors early on.",0
14824108,Stylebase for Eclipse,https://en.wikipedia.org/wiki/Stylebase%20for%20Eclipse,1.3501501,6.801098,1.9745871423162664,0.8952227762225478,"Stylebase for Eclipse is a free and open-source tool for software architects and designers. The tool is an extension to Eclipse, the most widely used open source integrated development environment. Stylebase is a knowledge base of architectural models, e.g. architectural patterns, design patterns, reference architectures, macro- and microarchitectures. Stylebase for Eclipse is a tool for browsing and maintaining the stylebase.

Stylebase for Eclipse assist in quality- and model-driven architecture design.  Quality-driven architecture design relies on the assumption that architectural patterns …",0
53474627,Carnival in Goa,https://en.wikipedia.org/wiki/Carnival%20in%20Goa,2.1311336,3.4680266,1.105338108897379,0.7105701661224408,"Carnival in Goa, also called ""Carnaval"", ""Intruz"", ""Entrado"", or (colloquially) ""Viva Carnival""  refers to the festival of carnival, or Mardi Gras, in the Indian state of Goa.  Though significantly smaller than the well-known Rio Carnival or the Portuguese Carnival of Madeira, the Goa Carnival is the largest in India and one of the few traditional celebrations of the Western Christian holiday in Asia. The current version of the Goa Carnival was modelled after the Rio Carnival by a local musician named Timoteo Fernandes and imposed in 1965 to attract tourists. It has since turned into a major t…",0
41335505,Battle of Fuentes de Oñoro order of battle,https://en.wikipedia.org/wiki/Battle%20of%20Fuentes%20de%20O%C3%B1oro%20order%20of%20battle,-2.6439912,4.1642823,0.0497945975329359,0.4863434405762873,"This is the order of battle for the Battle of Fuentes de Oñoro, which took place on 3–6 May 1811.

French Army of Portugal
Commander-in-Chief: Marshal André Masséna",0
54852648,2017 UCI Road World Championships – Men's road race,https://en.wikipedia.org/wiki/2017%20UCI%20Road%20World%20Championships%20%E2%80%93%20Men%27s%20road%20race,-4.5849504,-2.9152486,-1.1206056116277838,0.2377179659718288,"The Men's road race of the 2017 UCI Road World Championships was a cycling event that took place on 24 September 2017 in Bergen, Norway. It was the 84th edition of the championship, and Slovakia's Peter Sagan was the two times defending champion.

After a late move from France's Julian Alaphilippe was brought back within the final kilometres, Sagan outsprinted his rivals to win a third consecutive world title, the first male rider to do so. As well as this, he became the fifth man – after Alfredo Binda, Rik Van Steenbergen, Eddy Merckx and Óscar Freire – to win three elite road world champions…",0
39978825,Thomas Jones (died 1558 or 1559),https://en.wikipedia.org/wiki/Thomas%20Jones%20%28died%201558%20or%201559%29,-1.8236294,4.600839,-0.3363280033203999,0.4043202880330142,"Thomas Jones (by 1492 – 1558/59) was a Welsh politician.

He was a Member (MP) of the Parliament of England for Pembrokeshire in 1542 and 1547 and for Carmarthenshire in 1558.
",0
38864432,Enyalioides azulae,https://en.wikipedia.org/wiki/Enyalioides%20azulae,10.315528,5.0547514,-0.0127468164679173,0.4730579091685766,"Enyalioides azulae is a species of lizards in the family Hoplocercidae. It is known from only its type locality in the Cordillera Azul National Park in Peru.

The specific name ""azulae"" is derived from the Spanish word azul, ""blue"". It refers to the type locality, making the species the ""Enyalioides of the [Cordillera] Azul"".
",0
720678,York River,https://en.wikipedia.org/wiki/York%20River,5.0608444,3.7585356,0.8877110528204705,0.6643401418278516,"York River can refer to:

Canada
York River (Ontario)",0
4116074,Lars Frederiksen and the Bastards (album),https://en.wikipedia.org/wiki/Lars%20Frederiksen%20and%20the%20Bastards%20%28album%29,-0.90366334,11.863761,-0.5606037105673858,0.3566779057777019,"Lars Frederiksen and the Bastards is the eponymous debut studio album by the American punk rock band Lars Frederiksen and the Bastards. It was released on March 20, 2001 via Hellcat Records. The album peaked at #26 on the Independent Albums and #49 on the Heatseekers Albums.

All of the songs were written by lead singer/guitarist Lars Frederiksen and his Rancid bandmate Tim Armstrong, with the exception of two covers, Billy Bragg's ""To Have and to Have Not"" and Eddie Holland's ""Leavin Here"". ""Campbell, CA"" borrows the melody from white power skinhead band Skrewdriver's version of ""Tomorrow Bel…",0
52006330,Colin Peake,https://en.wikipedia.org/wiki/Colin%20Peake,-1.0847236,-1.5217974,-0.6297562120559951,0.3419879959775149,"Colin Peake is a Namibian cricketer. He made his first-class cricket debut for Namibia against Western Province. on 6 October 2016. He made his Twenty20 (T20) debut for Namibia in the 2017 Desert T20 Challenge against the United Arab Emirates on 15 January 2017.

In August 2018, he was named in Namibia's squad for the 2018 Africa T20 Cup. In October 2018, he was named in Namibia's squad in the Southern sub region group for the 2018–19 ICC World Twenty20 Africa Qualifier tournament in Botswana.
",0
1099150,Mehmed Said Pasha,https://en.wikipedia.org/wiki/Mehmed%20Said%20Pasha,0.37139392,3.5857475,-0.5118926935495339,0.3670254771722882,"Mehmed Said Pasha (‎; 1838–1914), also known as Küçük Said Pasha (""Said Pasha the Younger"") or Şapur Çelebi or in his youth as Mabeyn Başkatibi Said Bey, was an Ottoman monarchist, senator, statesman and editor of the Turkish newspaper Jerid-i-Havadis. He was among the statesmen who were disliked by the CUP, the political party which came to power after the Ottoman coup d'état of 1913.

Biography 
",0
185146,African thrush,https://en.wikipedia.org/wiki/African%20thrush,10.0917015,4.902319,0.0497293369528176,0.4863295774185591,"The African thrush or West African thrush (Turdus pelios) is a passerine bird in the thrush family Turdidae. It is common in well-wooded areas over much of the western part of sub-Saharan Africa, it was once considered to be conspecific with the olive thrush but that species has now been split further. Populations are resident (non-migratory).

Description
The African Thrush has dark olive-grey upperparts. The underparts show a whitish evenly brown- streaked side throat, the breast is greyish brown and the flanks are pale buff-orange with this colour not extending on to the lower breast, the b…",0
52339051,Jean-Baptiste de Bouge,https://en.wikipedia.org/wiki/Jean-Baptiste%20de%20Bouge,-0.5829356,5.4332232,-0.6543762438918534,0.3367580181869635,"Jean-Baptiste de Bouge (1757–1833) was a Belgian cartographer whose career spanned decades of major political upheaval, his country in turn being (part of) the Austrian Netherlands, the United Belgian States, the French First Republic, the Napoleonic Empire, and the United Kingdom of the Netherlands, before becoming the Kingdom of Belgium. He often worked with the cartographic engraver Philippe Joseph Maillart.

Life
De Bouge was born in Ixelles on 5 January 1757 to Joseph-Ernst de Bouge and Marie-Anne Brems. His first official position, in 1782, was as surveyor and cartographer to the Duchy o…",0
24539576,Nordhausen University of Applied Sciences,https://en.wikipedia.org/wiki/Nordhausen%20University%20of%20Applied%20Sciences,4.5842395,1.9121255,0.9481828788940904,0.6771860353436544,"The Nordhausen University of Applied Sciences () is located in Nordhausen, Thuringia, Germany. Established in 1997 after reunification of Germany, as of 2012 the Fachhochschule has 2,461 students enrolled and 45 professors. It offers Bachelor's and Master's degrees in business administration, public management, and business engineering, among others.

External links
",0
33929883,Cacaopera (disambiguation),https://en.wikipedia.org/wiki/Cacaopera%20%28disambiguation%29,3.5044477,2.3485446,0.9061283243358416,0.6682524812443934,"Cacaopera is a municipality in the Morazán department of El Salvador.

Cacaopera may also refer to:
",0
14863241,Marcus Caecilius Metellus,https://en.wikipedia.org/wiki/Marcus%20Caecilius%20Metellus,0.9323865,4.127472,0.3599301760805614,0.5522248414890784,"Marcus Caecilius Metellus may refer to:

 Marcus Caecilius Metellus (praetor 206 BC)
 Marcus Caecilius Metellus (consul 115 BC)",0
270279,BN,https://en.wikipedia.org/wiki/BN,1.6252679,5.895001,1.0364543701954123,0.6959373489943689,"BN, Bn or bn may refer to:

Businesses and organizations
 RTV BN, a Bosnian Serb TV network",0
67598127,Dimitrios Talaganis,https://en.wikipedia.org/wiki/Dimitrios%20Talaganis,-0.18330643,6.028523,-0.7552873287198398,0.3153217042134724,"Dimitrios Talaganis (; 1945 – 15 April 2021) was a Greek artist, architect, poet and urban planner.

Biography
He was born in Tripoli, Greece in 1945 and lived in Arcadia during his childhood; he then moved to Athens, where he lived until 1964. He studied on a scholarship at the Moscow Architectural Institute and in 1971 received a diploma and a master's degree in architecture. He also received the first prize for the design of the New Lenin Museum. This design was exhibited for a year at the Exhibition of Achievements of Soviet Technology and Science, where it won the gold medal. In 1970 he w…",0
2336528,David Lucas (footballer),https://en.wikipedia.org/wiki/David%20Lucas%20%28footballer%29,-0.63197416,-2.4088664,-0.91270962212663,0.2818808417586957,"David Anthony Lucas (born 23 November 1977) is an English football coach and former professional footballer who is a professional goalkeeping coach

Between 1994 and 2015, Lucas made over 300 appearances in the Football League, including 123 for Preston North End.
",0
11151103,Benton County School District,https://en.wikipedia.org/wiki/Benton%20County%20School%20District,3.4161303,5.7724967,-0.288122614151561,0.4145604500449379,"The Benton County School District is a public school district based in Ashland, Mississippi (USA). The district's boundaries parallel that of Benton County.

History
Ashland Academy was established in Ashland in 1882. Reverend Enoch Wines was the school's first principal. W. P. Gunn also served as principal of the school.",0
13199242,Lansen-Schönau,https://en.wikipedia.org/wiki/Lansen-Sch%C3%B6nau,4.5899787,1.7804229,1.9520165076853728,0.8904281472543473,"Lansen-Schönau is a village and a former municipality in the Mecklenburgische Seenplatte district, in Mecklenburg-Vorpommern, Germany. Since 1 January 2012, it is part of the municipality Peenehagen.

References
",0
43418571,Oreodera tuberculifera,https://en.wikipedia.org/wiki/Oreodera%20tuberculifera,11.223884,4.3338437,-0.3261268601047365,0.4064872938602953,"Oreodera tuberculifera is a species of beetle in the family Cerambycidae. It was described by Galileo and Martins in 2007.

References
",0
65423025,Friedrich Salzer,https://en.wikipedia.org/wiki/Friedrich%20Salzer,-0.35703915,5.960357,-1.6258609673206768,0.1303877112244631,"Friedrich Salzer (1 June 1827, Heilbronn - 14 May 1876, Heilbronn) was a German landscape painter. He specialized in winter scenes and forest views.

Biography 
His father, Johann Jakob Salzer (1798–1879) came from Dettingen an der Erms to open a paint store, which eventually became a paint factory. He was born to his father's first wife, Elisabeth. After becoming a widower in 1860, his father married again, to the much younger Caroline Haas, who gave birth to his half-brother, , a publisher of evangelical literature.",0
70340098,Ali Mekawir,https://en.wikipedia.org/wiki/Ali%20Mekawir,-2.179837,-1.4419343,-0.3884323768450171,0.3932518735751806,"Ali Mekawir (born 27 July 2000) is a Solomon Islands footballer who currently plays for Adelaide City and the Solomon Islands national team.

Club career 
In his early career Mekawir played with Hana and Marist. In 2019 he joined Western United. Later that year he was one of three Solomon Islands footballers to join a club in England after attending the local Stars Football Academy. With Langney Wanderers of the Southern Combination Football League Premier Division, Mekawir scored against Tower Hamlets in the 2020–21 FA Cup to become the first-ever Solomon Islands player to score in the tourna…",0
3409174,Disposal tax effect,https://en.wikipedia.org/wiki/Disposal%20tax%20effect,1.3395046,5.441402,1.1233265562913588,0.7143914113988175,"The situation of additional taxes or tax savings resulting from selling the last item of its class in an inventory due to difference between its undepreciated capital cost (UCC) and its salvage value (SV).

Overview
",0
62898626,Sec-Butylbenzene,https://en.wikipedia.org/wiki/Sec-Butylbenzene,3.1214106,7.4274926,1.9507593983257625,0.8901611023506327,"sec-Butylbenzene is an organic compound classified as an aromatic hydrocarbon. Its structure consists of a benzene ring substituted with a sec-butyl group. It is a flammable colorless liquid which is nearly insoluble in water but miscible with organic solvents.

Production 
sec-Butylbenzene can be produced by the reaction of benzene with either n-butyl alcohol or sec-butyl alcohol in presence of anhydrous aluminium chloride and hydrochloric acid.",0
61501476,Rebekah Neumann,https://en.wikipedia.org/wiki/Rebekah%20Neumann,0.64081013,5.9351163,1.3881361624445223,0.7706443183056456,"Rebekah Victoria Neumann (née Paltrow; born February 26, 1978) is an American businesswoman. Until September 22, 2019, she served as chief brand and impact officer at WeWork, a company founded by her husband, Adam Neumann, and oversaw its education program WeGrow.

Early life and education 
Neumann, the daughter of Evelyn and Bob Paltrow, grew up in Bedford, New York, and attended the Horace Mann School. Her father had a direct mail business and spent a number of years in prison for tax evasion.",0
1775160,Juan Zanotto,https://en.wikipedia.org/wiki/Juan%20Zanotto,-0.42977422,5.6568155,-0.991604541281994,0.2651213721641468,"Juan Zanotto (Giovanni Zanotto, September 26, 1935 – April 13, 2005) was an Italian-born Argentine comic book artist who worked both in Europe and Argentina.

Biography
",0
9572745,Hanscarl Leuner,https://en.wikipedia.org/wiki/Hanscarl%20Leuner,0.61456007,5.8599234,0.3275262560340241,0.5453413498957262,"Hanscarl Leuner (born 1919 in Bautzen; died 1996 in Göttingen) was a German  psychiatrist.

His father was a leatherware factory owner. His study of medicine at Frankfurt University and Marburg University (1939–1946) was interrupted by his military service in World War II.
",0
68048851,Jerry D. Harris,https://en.wikipedia.org/wiki/Jerry%20D.%20Harris,-2.586232,4.493663,0.8517853679477665,0.6567085296818052,"Jerry D. Harris Jr. is a retired United States Air Force lieutenant general who last served as the Deputy Chief of Staff for Plans and Programs of the United States Air Force. Prior to that, he was the Deputy Chief of Staff for Strategic Plans, Programs, and Requirements of the United States Air Force.

References
",0
9723939,Ella Armitage Building,https://en.wikipedia.org/wiki/Ella%20Armitage%20Building,1.6746429,5.6831517,0.8410069057475569,0.6544188852857614,"The Ella Armitage Building, formerly known as the Sheffield Bioincubator is a former innovation centre in Sheffield, England. It contained offices and laboratories for small and medium enterprises in emerging technology and related areas and with links to the University of Sheffield.  The building is owned, managed and run by the University of Sheffield.  The building was closed to commercial activity in 2017 and was incorporated into the University of Sheffield's teaching and research space and renamed the Ella Armitage Building. The building houses the modern languages teaching centre, Grant…",0
46252635,Tom Hickey (politician),https://en.wikipedia.org/wiki/Tom%20Hickey%20%28politician%29,-1.5645097,3.4230378,0.0240234267240514,0.4808689289320472,"Thomas Valentine Hickey (14 February 1933 – 2 January 2020) was a Canadian politician. He represented the electoral district of Cape St. Francis in the Newfoundland and Labrador House of Assembly from 1966 to 1986 as a member of the Progressive Conservative Party of Newfoundland and Labrador.

The son of Thomas and Mary Hickey, he was born at Outer Cove and was educated there and at Memorial University. Hickey married Dorothy Grace Wall; the couple had one daughter; SuzAnne Valentina. He worked for the Department of Social Services, was a sales representative for British American Oil and then …",0
998150,Porky,https://en.wikipedia.org/wiki/Porky,-1.5749618,8.000399,1.576535120342298,0.81066548367771,"Porky may refer to:

As a nickname
 Frank Biscan (1920-1959), Major League Baseball pitcher",0
64184869,George H. Bush,https://en.wikipedia.org/wiki/George%20H.%20Bush,-2.1612103,3.6169612,0.2393333715179377,0.526606734506968,"George H. Bush (February 18, 1857 – July 1, 1898) was an American lawyer politician from New York.

Life 
Bush was born in Greenfield Park, New York on February 18, 1857. He was of Irish and German parentage.",0
23532782,Suchiapa River,https://en.wikipedia.org/wiki/Suchiapa%20River,3.8681862,2.46535,0.5778427815707868,0.5985155244009963,"The Suchiapa River is a river in the state of Chiapas, Mexico.

See also
List of rivers of Mexico",0
18705437,Ixia viridiflora,https://en.wikipedia.org/wiki/Ixia%20viridiflora,9.309146,5.616877,0.5355627046461071,0.5895340630944836,"Ixia viridiflora, also known as turquoise ixia, is a tall member of the genus Ixia. It comes from around the Tulbagh in South Africa, Cape Province. It has small corms under the ground.

This corn lily is a very rare plant. Its habitats are often destroyed by human influence so the conservation status of this interesting flower is vulnerable and is tending to worsen.
",0
57624516,Samuel Richardson (High Sheriff),https://en.wikipedia.org/wiki/Samuel%20Richardson%20%28High%20Sheriff%29,-1.8236785,4.448194,0.2310096405543528,0.5248385431267008,"Samuel Richardson (born 1738) was a justice of the peace and High Sheriff of Gloucestershire in 1787 and Glamorganshire in 1798. He resided at Hensol Castle.

References 
",0
53084689,Andráshida SC,https://en.wikipedia.org/wiki/Andr%C3%A1shida%20SC,-2.5211287,-1.6967716,-0.2523554910101918,0.4221583792803025,"Andráshida Sport Club is a professional football club based in Andráshida, Zalaegerszeg, Hungary, that competes in the Nemzeti Bajnokság III, the third tier of Hungarian football.

History
Andráshida were eliminated from the round of 16 of the 2018–19 Magyar Kupa by Soroksár on 2–4 aggregate.",0
15443469,Ouvrage Saint Ours Haut,https://en.wikipedia.org/wiki/Ouvrage%20Saint%20Ours%20Haut,4.5119543,2.4056149,0.3171903600271556,0.5431457188371734,"Ouvrage Saint Ours Haut is a work (gros ouvrage) of the Maginot Line's Alpine extension, the Alpine Line, also known as the Little Maginot Line.  The ouvrage consists of one infantry block, one artillery block, two observation blocks and one combination block in the vicinity of the Col de Larche. It is located on the territory of the commune of Meyronnes. Construction began in March 1931, at a cost of 15.1 million francs.

The bulk of the subterranean galleries lie between Blocks 1 and 2, with branches running out to 3, 4 and 5.
",0
34605905,Ib Spang Olsen,https://en.wikipedia.org/wiki/Ib%20Spang%20Olsen,-0.47676083,5.7686324,-0.6450419347885342,0.3387408844003776,"Ib Spang Olsen (11 June 1921 – 15 January 2012) was a Danish writer and illustrator best known to generations of Danes for cartoons and illustrations, many of which appeared in children's publications. Those include a series of nursery rhyme books written by Halfdan Rasmussen, including ""Halfdans ABC"". He also wrote his own children's books, such as the whimsical tale of the seasons, The Marsh Crone's Brew. Olsen drew for newspapers, magazines, books, posters, television, and comics.
For his lasting contribution as a children's illustrator Olsen received the international Hans Christian Anders…",0
12495891,Footsbarn Theatre,https://en.wikipedia.org/wiki/Footsbarn%20Theatre,-1.5701803,8.880588,1.281863207249855,0.7480689943129751,"Footsbarn Theatre is a touring theatre company established in 1971.

History
",0
62862776,Michelangelo and the Pope's Ceiling,https://en.wikipedia.org/wiki/Michelangelo%20and%20the%20Pope%27s%20Ceiling,-0.22338636,6.016729,0.5231166214363142,0.5868901697315284,"Michelangelo and the Pope's Ceiling is a 2002 book written by Ross King, a Canadian novelist and non-fiction writer. It won nominations in 2003 for the Governor-General's Literary Award (Canada) and the National Book Critics Circle Award.

Overview
Pope Julius II commissioned Michelangelo Buonarroti to paint the ceiling of the newly restored Sistine Chapel in Rome. Michelangelo had little experience as a frescoist. Despite his initial reluctance and subsequent disagreements with Julius, Michelangelo perseveres. King addresses a number of myths generated over the years (many of which were propa…",0
50338771,Live Well Financial,https://en.wikipedia.org/wiki/Live%20Well%20Financial,1.5749962,5.6288996,0.913721822112026,0.6698655508369439,"Live Well Financial, Inc. (""LWF"") was a privately owned mortgage originator, servicer and investor, licensed in the United States to operate in 46 states. The company offered government-insured Home Equity Conversion Mortgage loans (HECM, commonly known as reverse mortgages), FHA single family mortgage loans, and Fannie Mae conforming loans. LWF is headquartered in Richmond, Virginia and has 3 retail origination branches, 2 in Richmond, Virginia and 1 in San Diego, California, with origination capabilities throughout the United States.  The company and its principals are now the focus of crimi…",0
28507051,Alan Tudge,https://en.wikipedia.org/wiki/Alan%20Tudge,-1.2924618,3.6211412,0.0233870341434154,0.4807337414926081,"Alan Tudge (born 24 February 1971) is an Australian politician. He is a member of the Liberal Party and has been a member of the House of Representatives since the 2010 federal election. He was a cabinet minister in the Morrison government from 2019 to 2022.

Tudge grew up in Pakenham, Victoria. Before entering politics he was a management consultant with the Boston Consulting Group and deputy director of the Cape York Institute (2006–2009). He was elected to federal parliament in 2010, representing the Victorian seat of Aston. Tudge became a parliamentary secretary after the 2013 election. He…",0
15576822,William Leuchtenburg,https://en.wikipedia.org/wiki/William%20Leuchtenburg,-0.8040732,5.4461336,-0.4210247530318957,0.3863283486693191,"William Edward Leuchtenburg (born September 28, 1922) is an American historian. He is the William Rand Kenan Jr. Professor Emeritus of History at the University of North Carolina at Chapel Hill, and a leading scholar of the life and career of Franklin Delano Roosevelt.

Career
Leuchtenburg was born in New York City on September 28, 1922. On Ken Burns' documentary series Prohibition, he described, when he was a child, how his father was reported for operating an illegal distillery during the Prohibition Era. He received his BA degree in 1943 from Cornell University, where he was inducted into t…",0
2022363,Bellingham Theatre Guild,https://en.wikipedia.org/wiki/Bellingham%20Theatre%20Guild,-1.3359921,9.053475,0.4909656763676553,0.580060417041712,"The Bellingham Theatre Guild is a community theater located in Bellingham, Washington.  Founded in 1929, the guild has been housed in its current location - the old Congregational Church converted for live theater use - since 1944.

Academy Award-winner Hilary Swank spent some of her early years acting at the guild and in the surrounding community.
",0
17164817,Antioquia District,https://en.wikipedia.org/wiki/Antioquia%20District,3.5877798,2.2316432,-0.1386660680875615,0.4463091667719719,"Antioquia District is one of thirty-two districts of the province Huarochirí in Peru.

Demography
The population (2017 census) of the district is 1,225 people.",0
43802948,Radoje Vujošević,https://en.wikipedia.org/wiki/Radoje%20Vujo%C5%A1evi%C4%87,-2.7123582,-1.2566155,-0.1361936740520438,0.4468343718562487,"Radoje Vujoševic (born May 5, 1989) is a Montenegrin professional basketball player for Sutjeska of the Montenegrin Basketball League.

References
",0
60398314,Caleb Montgomery,https://en.wikipedia.org/wiki/Caleb%20Montgomery,-0.8711424,-2.333635,-0.686722373349472,0.3298868029179707,"Caleb Montgomery (born 19 June 1995) is an Irish rugby union player, currently playing for English Premiership and European Rugby Champions Cup side Worcester Warriors. He plays as a number 8 or flanker. Montgomery made his Premiership debut v Wasps coming off the bench.

Early life
Born in Portadown, Montgomery plays his club rugby for Banbridge in the All-Ireland League.",0
64328272,Nov Karaorman,https://en.wikipedia.org/wiki/Nov%20Karaorman,3.4781513,1.1713051,1.1548242563385127,0.7210823967232205,"Nov Karaorman () is a village in the municipality of Karbinci, North Macedonia.

Demographics
According to the 2002 census, the village had a total of 67 inhabitants. Ethnic groups in the village include:",0
41284710,New Zealand Fringe Festival,https://en.wikipedia.org/wiki/New%20Zealand%20Fringe%20Festival,-1.7187502,9.043256,1.1448550713965593,0.7189646652684473,"The New Zealand Fringe Festival is an open access arts festival in Wellington, New Zealand held over several weeks in February and March each year. The 2020 programme marked the festival's 30th anniversary.

Background 
The festival was established in 1990 and was the first fringe festival in New Zealand. It followed fringe festival models from Edinburgh and Adelaide. The first festival was held at BATS Theatre. Initially it ran as a biennial festival to coincide with the New Zealand Festival of the Arts and was also curated by them until the Fringe Arts Trust (FAT) was formed in 1994.",0
54500000,Rabin Day,https://en.wikipedia.org/wiki/Rabin%20Day,0.5225862,3.7290533,1.005474004916869,0.6893562599271338,"Yitzhak Rabin Memorial Day () is an Israeli day of remembrance observed annually on the twelfth of the Hebrew month of Cheshvan, to commemorate the life of Zionist leader and Israeli Prime Minister and Defense Minister, Yitzhak Rabin, and his assassination.

History
Yitzhak Rabin Memorial Day was created by the Israeli Knesset as part of the Yitzhak Rabin Memorial Law, passed in 1997, two years after his assassination. According to the law, Rabin Memorial Day shall be held annually on the twelfth day of Cheshvan, the day of Yitzhak Rabin's assassination, according to the Hebrew calendar (Novem…",0
37125492,Bradyporinae,https://en.wikipedia.org/wiki/Bradyporinae,10.538849,5.2696958,-1.1926231078146432,0.222419451814759,"The Bradyporinae are a subfamily in the family Tettigoniidae (bush crickets or katydids), based on the type genus Bradyporus. First described as a family, ""Bradyporidae"" (Burmeister, H., 1838), the first use as Bradyporinae was by Brunner von Wattenwyl in 1878.

Genera in this subfamily are mostly distributed in Europe, North Africa, through to temperate/subtropical Asia.
",0
15458123,Anastasia Davydova,https://en.wikipedia.org/wiki/Anastasia%20Davydova,-3.8552415,-2.3558562,-1.0263197712642147,0.2577468942182467,"Anastasia Semyonovna Davydova (; born 2 February 1983) is a Russian former synchronised swimmer and five-time Olympic gold medalist, and current coach.

Biography
Davydova won gold medals in the duet competition with Anastasiya Yermakova at the 2004 Summer Olympics in Athens, 2008 Summer Olympics in Beijing, and was part of the Russian gold medal team in the 2004, 2008 and 2012 Olympics. After the London Olympics, Anastasia announced that she would retire from competition and take up coaching.",0
6134,Charybdis,https://en.wikipedia.org/wiki/Charybdis,1.1525581,4.1508427,-0.5877768226332308,0.3509055829167077,"Charybdis (; , ; , ) is a sea monster in Greek mythology. She, with the sea monster Scylla, appears as a challenge to epic characters such as Odysseus, Jason, and Aeneas. Scholarship locates her in the Strait of Messina.

The idiom ""between Scylla and Charybdis"" has come to mean being forced to choose between two similarly dangerous situations.
",0
57276735,Thunderbolt (DC Comics),https://en.wikipedia.org/wiki/Thunderbolt%20%28DC%20Comics%29,-1.3256488,7.73844,0.8838975817424031,0.6635300547745052,"The Thunderbolt  (real name: Yz) is a fictional character appearing in comics published by DC Comics and the name of other fictional genie variants within the 5th Dimension as well. Yz was originally portrayed as a genie-like character who hosts Johnny Thunder and then later Jakeem Thunder. He also appeared as an original and ordinary member of the Justice Society of America.

Jim Gaffigan and Seth Green each voice the character in The CW television show Stargirl.
",0
20805428,Suzuki Magoroku,https://en.wikipedia.org/wiki/Suzuki%20Magoroku,1.5481324,3.169989,-0.0776898743584474,0.4592622019703727,"was a prominent and respected leader of the Saiga Ikki throughout the latter years of the Sengoku period of Feudal Japan. He is thought to be the younger brother of Suzuki Magoichi, possibly Shigehide.

He was also known as Saika Magoroku.
",0
30462449,Henke & Pillot,https://en.wikipedia.org/wiki/Henke%20%26%20Pillot,2.1804314,5.975531,0.9426840879573496,0.6760179395968345,"Henke & Pillot was a chain of supermarkets headquartered in Houston, Texas. The chain began in 1872. During its final years of existence, it was a subsidiary of Kroger, which acquired Henke's in 1955. In 1966, Kroger announced the retirement of the Henke & Pillot name.

History
In 1872, Henry Henke, a grocer from New Orleans, Louisiana, visited Houston to try to establish a new chain. In 1882, Henke asked Camille G. Pillot to become the company bookkeeper; a few years later, Pillot became a full partner in the firm. In 1925, the chain had two stores, one at 302 Milam in what is now Downtown Ho…",0
53735673,2017 Catalan motorcycle Grand Prix,https://en.wikipedia.org/wiki/2017%20Catalan%20motorcycle%20Grand%20Prix,-4.983325,-3.0512512,-0.5654383647259883,0.3556508911075721,"The 2017 Catalan motorcycle Grand Prix was the seventh round of the 2017 MotoGP season. It was held at the Circuit de Barcelona-Catalunya in Montmeló on June 11, 2017.

Classification
",0
22024999,John Kenneally (hurler),https://en.wikipedia.org/wiki/John%20Kenneally%20%28hurler%29,-0.57901,-2.8660352,-1.3059864099117704,0.1983379414339312,"John Kenneally was an Irish sportsperson.  He played hurling with his local club Redmonds and was a member of the Cork senior inter-county team for one season in 1892.

Playing career
",0
66287043,Johann Heinrich Wohlien,https://en.wikipedia.org/wiki/Johann%20Heinrich%20Wohlien,-0.41288057,5.4872575,0.6456547013931334,0.6129206574637803,"

Johann Heinrich Wohlien  also known as Johann Hinrich Wohlien, or Wohlin and Wollin (1779–1842) was a German master organ builder.
",0
33447760,1990–91 National Division One,https://en.wikipedia.org/wiki/1990%E2%80%9391%20National%20Division%20One,-1.3114419,-2.4785707,-0.6477962688586547,0.3381557874309452,"The 1990–91 National Division One (known as the Courage League for sponsorship reasons) was the fourth season of top flight rugby union in England. 

The league was expanded to thirteen teams, with promoted teams Northampton Saints and Liverpool St Helens replacing Bedford Blues. Each team played each other once. 
",0
43951770,Crail Castle,https://en.wikipedia.org/wiki/Crail%20Castle,4.307034,3.0564766,-1.2119398616122934,0.2183160374073041,"Crail Castle was a castle that was located in Crail, Fife, Scotland. Crail became a Royal Burgh in the 12th century.  The castle was frequented by King David I of Scotland during his reign in the early 12th century and a receipt for its repair survives dated 1264. Ada de Warenne obtained Crail as part of her marriage settlement with Prince Henry of Scotland. King Robert I of Scotland reconfirmed Crail's burgh status in 1306 and confirmed the constabulary of the castle to Lawrence de Weirmerstoun in 1310. Within the castle was a chapel dedicated to the Irish Saint Rufus.

A charter dated 1563 b…",0
56973826,Cho Cho,https://en.wikipedia.org/wiki/Cho%20Cho,1.0412123,3.0835712,0.2454178780601016,0.5278992524977708,"Cho Cho () is the wife of Win Myint, the 10th President of Myanmar. She served as the First Lady of Myanmar from 2018 to 2021, when her husband was removed from office in a coup d'état.

Biography 
Cho Cho was born in Danubyu, Ayeyarwady Region, Burma to parents Tun Min and Win Kyi. She is the third daughter of a prosperous business family of Danubyu. Her family was owns Zabu Tun Cinema and Thapyay Nyo traditional medicine production. She attended at Basic Education High School No.6 Pathein. She met with Win Myint in their childhood. They have a one son and one daughter. Her daughter, Phyu Phy…",0
60995133,2007 Terengganu riot,https://en.wikipedia.org/wiki/2007%20Terengganu%20riot,0.14748377,3.6969583,-0.6067138446212468,0.3468828340804427,"The 2007 Terengganu riot was an incident on 8 September 2007 in Terengganu, Malaysia where a peaceful rally became violent after intervention by the Malaysian police. The police fired water cannons, tear gas, and live ammunition at the rally participants, and two protestors were injured from the police's gunshots. Following the riot, the Human Rights Commission of Malaysia announced that they would open inquiries probing into the events of that night.

Background 
According to the Public Order Ordinance and the Police Act in the Constitution of Malaysia, a permit is required for any public ass…",0
29577046,Helm Point,https://en.wikipedia.org/wiki/Helm%20Point,5.252117,3.1407,-0.4309882785125502,0.3842118194411351,"Helm Point () is a point which marks the southeast tip of Honeycomb Ridge on the west side of Moubray Bay, Antarctica. It consists of brown granodiorite and supports a relatively luxuriant vegetation of lichens and mosses, along with nests of snow petrels and Wilson's petrels. Two Japanese whale-chasers, apparently familiar with the site, dropped anchor there for two nights early in February 1958. It was named by the New Zealand Geological Survey Antarctic Expedition, 1957–58, for Arthur S. Helm, secretary of the Ross Sea Committee, who gave much assistance to the expedition. Helm was also sec…",0
31570785,Auchenionchus crinitus,https://en.wikipedia.org/wiki/Auchenionchus%20crinitus,10.482484,5.603412,0.5070232709117818,0.5834714956055155,"Auchenionchus crinitus is a species of labrisomid blenny endemic to the Pacific waters off of Chile.

References
",0
3573614,Les Zapartistes,https://en.wikipedia.org/wiki/Les%20Zapartistes,-0.66619545,5.536342,1.206563092286947,0.732073160858837,"Les Zapartistes are a group of Quebecois comedians in Canada, founded in 2001 and specialising in political humour.  The group works live and for television, generally in the context of special events such as the annual Fête nationale du Québec as well as in various comedy programmes.

It won a Prix Gémeaux in 2004 (the francophone equivalent of Canada's Gemini awards) for best comedy, variety or talk-show performance.
",0
31895723,1972 FA Charity Shield,https://en.wikipedia.org/wiki/1972%20FA%20Charity%20Shield,-1.1200023,-2.5289085,0.1965330935305806,0.5175147680629087,"The 1972 FA Charity Shield was contested between Manchester City and Aston Villa.

Normally, the Charity Shield would have been contested by the First Division champions and FA Cup holders, who were Derby County and Leeds United respectively, but both declined the chance to play in the Charity Shield. Instead, Manchester City, who had finished in fourth place in the First Division; and Aston Villa, who finished as Third Division champions accepted the invitation to play.
",0
24329152,Weper,https://en.wikipedia.org/wiki/Weper,4.609115,2.190842,0.1430203861654607,0.5061471844262285,"The Weper is a long, high ridge of hills up to  located in the district of Northeim in the German state of Lower Saxony.

Part of the Weper is a nature reserve with the same name which, with an area of , is the large protected region of dry grassland in Lower Saxony.
",0
274747,Decimetre,https://en.wikipedia.org/wiki/Decimetre,1.9507227,6.951233,1.6929215942141356,0.8353891996147356,"The decimetre, or decimeter (American English), is a unit of length in the International System of Units, equal to one tenth of a metre, ten centimetres, 100 Millimetres, and 3.937 inches.

The common non-SI metric unit of volume, the litre, is defined as one cubic decimetre, although, from 1901 to 1964, there was a slight difference between the two due to the litre being defined using the kilogram rather than the metre.
",0
35080473,Illex illecebrosus,https://en.wikipedia.org/wiki/Illex%20illecebrosus,10.38131,5.722587,-0.6208933665346907,0.3438707102463891,"Illex illecebrosus, commonly known as the northern shortfin squid, is a species of neritic squids in the family Ommastrephidae. Squids of the genus Illex account for 65% of the world’s cephalopod captures. Illex is formed by four taxa distributed throughout the Atlantic Ocean (I. argentinus, I. coindetii, I. illecebrosus and I. oxygonius), whose identification and phylogenetic relationships based on morphological characters remain controversial.They are found in the northwest Atlantic Ocean, from off the coast of eastern North America to Greenland, Iceland, and west of Ireland and the United K…",0
18700738,Shanklin Chine,https://en.wikipedia.org/wiki/Shanklin%20Chine,4.4402313,3.5488048,0.8432476026514689,0.6548948714713579,"Shanklin Chine is a geological feature and tourist attraction in the town of Shanklin, on the Isle of Wight, England. A wooded coastal ravine, it contains waterfalls, trees and lush vegetation, with footpaths and walkways allowing paid access for visitors, and a heritage centre explaining its history.

Geology
",0
379331,List of cities and towns in Bangladesh,https://en.wikipedia.org/wiki/List%20of%20cities%20and%20towns%20in%20Bangladesh,1.9385167,2.070859,-0.2199146606771798,0.4290497116424964,"This article presents a list of cities and towns in Bangladesh. According to the Bangladesh Bureau of Statistics and the Ministry of Local Government, Rural Development and Co-operatives of Bangladesh, there are 532 urban centres in Bangladesh.

The bureau defines an urban centre with a population of 100,000 or more as a ""city"". Altogether, there are 42 such cities in Bangladesh. 11 of these cities can be considered major cities as these are governed by City Corporations. All of the City Corporation-governed cities currently have a population of more than 200,000 (which is not a criterion for …",0
10186213,Peter Murray (Harvard Law School),https://en.wikipedia.org/wiki/Peter%20Murray%20%28Harvard%20Law%20School%29,-1.4567642,3.9560459,0.4531073242165476,0.5720182527481311,"Peter Murray is the Robert Braucher Visiting Professor and Edward R. Johnston Lecturer on Law at Harvard Law School.  He is an authority in the fields of evidence, comparative law, trial advocacy, comparative civil procedure, and admiralty law.  Murray graduated from Harvard Law School (LL.B. magna cum laude, 1967).  He served as Secretary to the Maine Judicial Council from 1969 to 1978 and has been a consultant to the Maine Advisory Committee on Rules of Evidence since 1973.  Murray is a member of the American Law Institute and the American Board of Trial Advocacy.

Interesting facts
Peter Mu…",0
333711,Maze Hill railway station,https://en.wikipedia.org/wiki/Maze%20Hill%20railway%20station,3.6863942,3.565924,-1.2585820287522709,0.2084079471224664,"Maze Hill railway station is in Greenwich, London, and is situated on the Greenwich Line connecting suburbs (e.g.: Deptford, Greenwich, Charlton, Woolwich, to Dartford, Kent) along the south side of the River Thames with central London stations (London Bridge, Cannon Street and Charing Cross). The station is in the Maze Hill area of Greenwich, and is the closest station to Greenwich Park, being about 150m east of the north-east corner of the park. It is  down the line from London Bridge.

History
Maze Hill station opened in 1873 by the South Eastern Railway (SER) and for five years functioned …",0
37999399,Diplochorda,https://en.wikipedia.org/wiki/Diplochorda,11.134937,5.0584617,-0.4378670616982663,0.3827505750557841,"Diplochorda is a genus of tephritid or fruit flies in the family Tephritidae.

References
",0
24803678,Dimosthenis Kourtovik,https://en.wikipedia.org/wiki/Dimosthenis%20Kourtovik,-0.41635,5.326213,-1.2406633484028613,0.2122143719430431,"Dimosthenis Kourtovik (; born 1948) is a Greek writer, literary critic and anthropologist. He studied biology in Athens and West Germany and specialized later on physical anthropology. In 1986 he obtained a doctoral degree from the University of Wroclaw, Poland, with a thesis on the evolution of human sexuality.

He has plied several occupations, from night watchman to university teaching, from translator to film and literary critic. In the period 1973–75 he was co-founder, director and actor of the ""Greek Workers' Stage"" in Stuttgart, Germany. Between 1990 and 1995 he taught at the University…",0
64799388,Peebles Hoard,https://en.wikipedia.org/wiki/Peebles%20Hoard,2.6156182,4.0856185,-0.0907832148056315,0.4564808132134676,"The Peebles hoard is a Bronze Age hoard which was found near Peebles, Peeblesshire, Scotland in June 2020. It was discovered by Mariusz Stepien, a 44-year-old hobby metal detectorist, and the find was announced on 10 August 2020.

Discovery
",0
58386794,2019 North Queensland Cowboys season,https://en.wikipedia.org/wiki/2019%20North%20Queensland%20Cowboys%20season,-1.0689363,-2.258756,-1.266965460408493,0.2066270736588185,"The 2019 North Queensland Cowboys season was the 25th in the club's history. Coached by Paul Green and captained by Michael Morgan, they competed in the NRL's 2019 Telstra Premiership. Their first season since 2004 without club legend Johnathan Thurston, who retired at the end of 2018, the side finished 14th and missed the finals for the second straight year.

Season summary
",0
48729545,Harry Urwin,https://en.wikipedia.org/wiki/Harry%20Urwin,-1.6099943,4.031665,0.9231123712397868,0.6718603639918049,"Charles Henry Urwin (24 February 1915 – 10 February 1996) was a British trade unionist.

Born in Witton Gilbert, County Durham, Urwin began work at a local coal mine at the age of fourteen, but left three years later, moving to Coventry to become a welder.  He also joined the Transport and General Workers' Union (TGWU), and soon became a shop steward for his workplace.
",0
45833,Palatino,https://en.wikipedia.org/wiki/Palatino,0.2551517,6.200524,0.6230449705491488,0.608117723375281,"Palatino is the name of an old-style serif typeface designed by Hermann Zapf, initially released in 1949 by the Stempel foundry and later by other companies, most notably the Mergenthaler Linotype Company.

Named after the 16th-century Italian master of calligraphy Giambattista Palatino, Palatino is based on the humanist types of the Italian Renaissance, which mirror the letters formed by a broad nib pen reflecting Zapf's expertise as a calligrapher. Its capital 'Y' is in the unusual 'palm Y' style, inspired by the Greek letter upsilon, a trait found in some of the earliest versions of the let…",0
28205596,Cucoara,https://en.wikipedia.org/wiki/Cucoara,3.5158117,1.4090931,1.787374044347016,0.8554535203983766,"Cucoara is a commune in Cahul District, Moldova. It is composed of two villages, Chircani and Cucoara.

References
",0
48909703,Mélanie Lipinska,https://en.wikipedia.org/wiki/M%C3%A9lanie%20Lipinska,-0.10361022,5.400673,0.7883951377289612,0.6432426861608629,"Mélanie Lipinska (1865–1933) was a Polish-French physician and known as a historian of women in medicine. She received recognition for her thesis Histoire des femmes médecins, which she submitted to the Académie de médecine de Paris in 1900.

Mélanie Lipinska was born in Ostrołęka, Poland. Although she was born in Poland, she spent the later part of her life in France. Among other places, her training was in Parisian hospitals. During Lipinska's training, she worked closely with Joséphine Joteyko, a physician and physiologist, one of the first females to become a physician in Poland. She atten…",0
59109115,Razumnoye,https://en.wikipedia.org/wiki/Razumnoye,3.452988,0.813102,0.5392219878695882,0.5903113963699129,"Razumnoye () is an urban-type settlement in Belgorodsky District of Belgorod Oblast, Russia. Population:

References
",0
49026463,Jake Jabs College of Business and Entrepreneurship,https://en.wikipedia.org/wiki/Jake%20Jabs%20College%20of%20Business%20and%20Entrepreneurship,2.5443966,5.629452,-0.6704724119255673,0.333338745543835,"The Jake Jabs College of Business & Entrepreneurship (JJCBE), previously known as the MSU College of Business is the business school of Montana State University, a public land-grant university located in Bozeman, Montana. The college offers a Bachelor of Science in Business degree at the undergraduate level and a Master of Professional Accountancy (MPAc) degree as well as a Master of Science in Innovation and Management (MSIM) at the graduate level.  The college is named for MSU alumnus Jake Jabs, president and CEO of American Furniture Warehouse who donated $25 million in 2011 to the universi…",0
31501798,Borgo Storico Seghetti Panichi,https://en.wikipedia.org/wiki/Borgo%20Storico%20Seghetti%20Panichi,2.9499383,3.637178,-0.3885881241844734,0.3932187885194129,"The Borgo Storico Seghetti Panichi near Ascoli Piceno in Marche region of central Italy comprises a 13th to 18th-century villa, a 19th-century romantic landscape by Ludwig Winter (one of the Grandi Giardini Italiani), a 16th-century chapel to St. Pancras and a farmstead which has been converted into a hotel.

Villa Seghetti Panichi
There was originally a castle on the site of the villa, probably from the late 10th century, which was fortified in 1311 when it was known as ‘Castel della Lama’, now the name of the adjoining village Castel di Lama. The castle was then a Guelph outpost in the war a…",0
262758,UBL,https://en.wikipedia.org/wiki/UBL,1.7166057,5.7358055,2.1332603153775063,0.9289293602188332,"The acronym UBL can also mean:

Hubli Junction railway station, station code:UBL
Ulster Bank Limited, a retail banking subsidiary of NatWest Group",0
39939556,Texas Superior Service Medal,https://en.wikipedia.org/wiki/Texas%20Superior%20Service%20Medal,-2.492402,4.5504966,0.2053058952880418,0.5193783545382765,"The Texas Superior Service Medal is the fourth highest military decoration that can be conferred to a service member of the Texas Military Forces. It can also be conferred to civilians. No devices are authorized for this decoration.

Eligibility
The Texas Superior Service Medal may be conferred to: (A) a service member of the Texas Military Forces who has: (i) completed 30 or more years of honorable service or a combination of Texas and United States Armed Forces service; and (ii) continually demonstrated superior performance and service while assigned to key leadership positions demanding res…",0
44526774,Central Committee of the 19th Congress of the Communist Party of the Soviet Union,https://en.wikipedia.org/wiki/Central%20Committee%20of%20the%2019th%20Congress%20of%20the%20Communist%20Party%20of%20the%20Soviet%20Union,-0.017162602,3.8338606,0.1893102504726194,0.5159804358155086,"The Central Committee of the 19th Congress of the Communist Party of the Soviet Union (CPSU) was in session from 1952 until 1956. It elected, at its 1st Plenary Session, the Presidium, the Secretariat and the Party Control Committee.

Plenums
The CC was not a permanent institution. The CC was convened for 11 plenary sessions between the 19th Congress and the 20th Congress. When the CC was not in session, decision-making powers were transferred to inner bodies of the CC itself; the Politburo and Secretariat (none of these bodies were permanent either, but convened to decide on crucial matters).",0
34301706,List of cult films,https://en.wikipedia.org/wiki/List%20of%20cult%20films,-2.3560011,8.915503,1.0392690696367417,0.6965352692433505,"A cult film, also commonly referred to as a cult classic, is a film with a cult following, obscure or unpopular with mainstream audiences, and often revolutionary or ironically enjoyed. Sometimes, the definition is expanded to exclude films that have been released by major studios or have big budgets, try specifically to become cult films, or become accepted by mainstream audiences and critics. Cult films are defined as much by audience reaction as they are by content.

The following is a list of cult films organized alphabetically by title:
",0
33643978,Alessandro Borgese,https://en.wikipedia.org/wiki/Alessandro%20Borgese,-2.0587564,-1.0119591,-1.5664036390720384,0.1430180972572299,"Alessandro Borgese (born 9 May 1985) is an Italian footballer who plays for Castelfidardo Calcio.

Until 2014, Borgese spent most of his professional career in Italian Lega Pro, except in 2010–11 season .
",0
55968107,Tom W. Davis Tower,https://en.wikipedia.org/wiki/Tom%20W.%20Davis%20Tower,3.825732,4.935188,0.8642291443900276,0.6593519330233404,"The Tom W. Davis Tower is a clock tower at The Ohio State University in Columbus, Ohio. It is located near the North Recreation Center and features a 20x40 foot light-emitting diode display and a large clock. It was completed in autumn of 2017. The tower displays inscribed quotes from William McKinley and Roberto Clemente at its base.

History
The tower was named after Tom W. Davis, in honor of his gift of 1.4 million USD to The Ohio State University.",0
5862339,"Coledale, New South Wales",https://en.wikipedia.org/wiki/Coledale%2C%20New%20South%20Wales,4.3341327,4.127063,0.6981164158289346,0.6240649810447868,"Coledale is a small sea-side village approximately  north of Wollongong along the Princes Highway in New South Wales, Australia. It is part of the City of Wollongong and lies between Wombarra and Austinmer.

Coledale has several shops on the main road as well as a RSL club, public hall, fire station, public hospital with an aged care unit. Coledale's shops include a newsagent (that triple times as cafe & gift store), a more comprehensive gift store (sister to the cafe), selling furniture and homeware items can be found diagonally opposite on the main road. There is also a beauty salon,  hair d…",0
19053004,Joseph Solomito,https://en.wikipedia.org/wiki/Joseph%20Solomito,-1.8507057,8.861672,-0.0453193042486962,0.4661386091119307,"Joseph ""Joe"" Solomito is an American television director and Executive Producer.

Positions held
 First-assistant Director on The Toxic Avenger (1985)",0
46809481,2015 MLS Homegrown Game,https://en.wikipedia.org/wiki/2015%20MLS%20Homegrown%20Game,-1.7528008,-2.8903525,0.7055150861440205,0.6256366638795405,"The 2015 MLS Homegrown Game (also known as the 2015 Chipotle MLS Homegrown Game for sponsorship reasons) was the second version of the Major League Soccer Homegrown Game. The match took place between the best selected homegrown players from Major League Soccer at the Club América U-20 on July 28, a day before the 2015 MLS All-Star Game. The venue for the game was Dick's Sporting Goods Park in Commerce City, Colorado.

Landon Donovan served as coach of the MLS squad.
",0
1349727,HP16,https://en.wikipedia.org/wiki/HP16,1.4426292,7.0369506,2.892989035803475,1.0,"HP16 may refer to:

 AAA battery
 Calculator from the HP-10C series of calculators",0
851287,2929 Entertainment,https://en.wikipedia.org/wiki/2929%20Entertainment,-1.748552,8.5098295,-0.2195356669104489,0.4291302204328982,"2929 Entertainment, LLC. is an American integrated media and entertainment company co-founded by billionaire entrepreneurs Todd Wagner and Mark Cuban. 2929 maintains companies and interests across several industries including entertainment development and packaging, film and television production and distribution, digital and broadcast syndication, theatrical exhibition, and home entertainment.

2929 Entertainment has offices in Los Angeles, New York, and Dallas. Wagner and Cuban co-own 2929 with Sky Hansen serving as Managing Director.
",0
1018161,British Rail Class 205,https://en.wikipedia.org/wiki/British%20Rail%20Class%20205,3.3866336,3.4699905,-1.5201850372480477,0.1528362105180642,"The British Rail Class 205 (3H) diesel-electric multiple units were built by BR at Eastleigh from 1957 to 1962, and in service for 47 years from BR Southern Region to Connex South Central and finally to the Southern franchise. They were eventually replaced by Class 171 Turbostar units.

Description
This class of unit was built in four different batches for use on different lines.",0
15776336,"Bessières, Haute-Garonne",https://en.wikipedia.org/wiki/Bessi%C3%A8res%2C%20Haute-Garonne,5.4645543,1.8788044,0.3902249645994491,0.5586602950327437,"Bessières (; ) is a commune in the Haute-Garonne department in southwestern France.

Population
",0
40810498,Chant No. 1 (I Don't Need This Pressure On),https://en.wikipedia.org/wiki/Chant%20No.%201%20%28I%20Don%27t%20Need%20This%20Pressure%20On%29,-1.143998,12.278395,-1.0185421663596197,0.2593990732725187,"""Chant No. 1 (I Don't Need This Pressure On)"" is a song by the English new wave band Spandau Ballet, released on 10 July 1981 as the first single from their upcoming second album, Diamond. The band's guitarist/songwriter, Gary Kemp, wanted to pay homage to the latest London hotspot, Le Beat Route, by emulating the funk music that was popular there and even using the club as the location for the music video, all in order to show that the band was still part of the trendy Soho scene. Except for the remix of the song from the album's box set, ""Chant No. 1"" received good reviews, and the 7-inch si…",0
9578867,Beautheil,https://en.wikipedia.org/wiki/Beautheil,5.375944,1.9731809,-0.1554014481112183,0.4427541077686491,"Beautheil () is a former commune in the Seine-et-Marne department in the Île-de-France region in north-central France. On 1 January 2019, it was merged into the new commune Beautheil-Saints.

Geography
The river Aubetin flows westward through the southern part of the commune.",0
33414952,Modicella,https://en.wikipedia.org/wiki/Modicella,9.740555,5.6997066,0.3751135095346361,0.5554502027429045,"Modicella is a genus of fungi in the Mortierellaceae in the family of the Mucoromycota. It was formerly in the family Zygomycota. The genus contains two species found in North and South America and one in New Zealand.

References
",0
30981218,1971 Kuwaiti general election,https://en.wikipedia.org/wiki/1971%20Kuwaiti%20general%20election,-0.4295182,2.8944576,0.6733342597340124,0.6188005635638295,"General elections were held in Kuwait on 23 January 1971. A total of 183 candidates contested the election, which saw pro-government candidates remain the largest bloc in Parliament. Voter turnout was 51.6%.

Results
",0
55506686,Saski Baskonia B,https://en.wikipedia.org/wiki/Saski%20Baskonia%20B,-1.7520434,-1.4269828,-0.6195463292802867,0.3441568583298094,"Baskonia B is the reserve team of Baskonia. It currently plays in Liga EBA, the fourth tier of Spanish basketball.

History
In the 2000–01 season, it played in Liga EBA with Tiago Splitter as its most important player. In 2012, the team becomes to Fundación 5+11 from the agreement between the club and Deportivo Alavés, the main football club in Vitoria-Gasteiz. In 2016, the club requests to the FEB a place in the Spanish 2nd-tier level LEB Oro for the 2016–17 season. In 2017, the request of the club has been accepted by the FEB and the team will occupy a place in the Spanish 3rd-tier level LEB…",0
10257747,Uhabia,https://en.wikipedia.org/wiki/Uhabia,4.363657,2.2191923,0.5102777149031581,0.5841628297966721,"The Uhabia or Ouhabia is a coastal river of the French Basque Country, in Aquitaine, southwest France. It is  long.

Geography 
",0
57310776,Ramecia,https://en.wikipedia.org/wiki/Ramecia,11.183081,4.454281,-0.1170863362707036,0.4508933004920526,"Ramecia is a genus of ant-loving beetles in the family Staphylinidae. There are at least three described species in Ramecia.

Species
These three species belong to the genus Ramecia:",0
36336301,Gownjuk-e Olya,https://en.wikipedia.org/wiki/Gownjuk-e%20Olya,2.7262716,0.64510846,-0.5841703551456817,0.3516716966645687,"Gownjuk-e Olya (, also Romanized as Gownjūk-e ‘Olyā; also known as Gavanjūk-e Bālā) is a village in Piveh Zhan Rural District, Ahmadabad District, Mashhad County, Razavi Khorasan Province, Iran. At the 2006 census, its population was 586, in 147 families.

References 
",0
42860196,Abd al-Hamid Shirazi,https://en.wikipedia.org/wiki/Abd%20al-Hamid%20Shirazi,0.9360386,2.8422945,-0.9318048704503062,0.277824481259095,"Abd al-Hamid ibn Ahmad ibn Abd al-Samad Shirazi (), better known as Abd al-Hamid Shirazi (عبدالحمید شیرازی), was a Persian vizier of the Ghaznavid Sultan Ibrahim and the latter's son Mas'ud III.

Biography 
He was the son of the prominent Ghaznavid vizier Ahmad Shirazi, who was the son of Abu Tahir Shirazi, a secretary under the Samanids, whose family was originally from Shiraz in southern Iran. In 1077/8, Abd al-Hamid was appointed by Sultan Ibrahim as his vizier, and after the latter's death in 1099, continued to serve as vizier under his son Mas'ud III until 1114/5. After a brief dynastic s…",0
33435038,Ancylosis dryadella,https://en.wikipedia.org/wiki/Ancylosis%20dryadella,11.760842,5.286927,-0.7445937706121292,0.3175933126247922,"Ancylosis dryadella is a species of snout moth in the genus Ancylosis. It was described by Ragonot, in 1887, and is known from Russia and China.

References
",0
19050680,Biləcik,https://en.wikipedia.org/wiki/Bil%C9%99cik,2.9792032,1.0636448,0.8977333735652933,0.6664691608012902,"Biləcik or Biledzhik or Baledzhik or Bilyadzhik may refer to:
Birinci Biləcik, Azerbaijan
İkinci Biləcik, Azerbaijan
",0
27780994,Monique Gendron,https://en.wikipedia.org/wiki/Monique%20Gendron,-0.89461577,10.663119,-1.0160336590128112,0.259931949825998,"Monique Gendron is a Canadian organist of international renown. She won first prize at the St Albans International Organ Festival in England and at the Grand Prix of Chartes in France. She has recorded sonatas by Johann Sebastian Bach and George Frideric Handel with oboist Bernard Jean and has performed in concert series presented by Les Amis de l'orgue de Québec. She has performed in concerts and recitals throughout North America and Europe. She currently teaches on the faculties at the Conservatoire de musique du Québec à Hull and the Académie de musique du Québec.

Born in Montréal, Gendron…",0
54793577,Robert Grecu,https://en.wikipedia.org/wiki/Robert%20Grecu,-2.3657606,-1.0629523,-1.515881980282906,0.1537502991963084,"Robert Ionuț Grecu (born 2 June 1998) is a Romanian professional footballer who plays mainly as a right winger for Viitorul Dăești.

Club career
",0
44538221,Lillehammer Hospital,https://en.wikipedia.org/wiki/Lillehammer%20Hospital,4.3228774,2.2720733,1.8790200127123151,0.8749216665949217,"Lillehammer Hospital () is a general hospital situated in Lillehammer, Norway. It is part of Innlandet Hospital Trust, part of the Southern and Eastern Norway Regional Health Authority.

Lillehammer Heliport, Innlandet Hospital  is an asphalt, ground helipad with a diameter of . It is located  from the emergency department and features a fuel tank.
",0
5669653,CCMC,https://en.wikipedia.org/wiki/CCMC,1.6256863,5.642935,1.295345800556105,0.7509330711761099,"CCMC may refer to:
 Cataract-microcornea syndrome
 Cebu City Medical Center
 Central Crisis Management Cell, a secret security committee formed by the Syrian government to coordinate a crackdown on revolt during the Syrian civil war",0
20225357,Taunton Branch Railroad,https://en.wikipedia.org/wiki/Taunton%20Branch%20Railroad,3.6761444,3.627854,0.1754820656482875,0.5130429457262569,"The Taunton Branch Railroad was one of the earliest railroads to be established in Massachusetts, United States. It was chartered by the state in 1835 as a branch of the Boston and Providence Railroad (which opened in 1835) running between Mansfield and Taunton, Massachusetts. The railroad provided a rapid overland connection between the seat of Bristol County and Boston and Providence.

Origins
The Taunton Branch Railroad opened for business in 1836. The overall length of the railroad was about 11.5 miles. Thomas B. Wales served as the company's first president.",0
4044326,Concord Academy,https://en.wikipedia.org/wiki/Concord%20Academy,2.9284647,5.7270603,-0.0867446639935001,0.4573387134466711,"Concord Academy (also known as CA), established in 1922, is a coeducational, independent college preparatory school for boarding and day students in grades 9-12. The school is situated in Concord, Massachusetts. In 1971, Concord Academy became the first all-girls' boarding school in New England to shift to a coeducational model. The school enrolled 395 boarding and day students as of 2022.

For 2023, Concord Academy ranked as the 12th best boarding high school in America and 40th best private high school in America, according to Niche, a website that provides information on K-12 schools and co…",0
62810391,Mamá también,https://en.wikipedia.org/wiki/Mam%C3%A1%20tambi%C3%A9n,-2.3361948,9.041149,-1.6262638863808658,0.1303021200379761,"Mamá también is a Colombian telenovela produced by Teleset for RCN Televisión. The series was aired from 18 November 2013 to 28 April 2014. The plot revolves around teen pregnancy, bullying and drugs in young people, as well as their social life during their high school stage. It stars a youth cast made up of Ana María Estupiñán, Juanita Arias, Estefanía Piñeres, and Variel Sánchez.

It premiered with a total of 8.1 rating points, occupying fifth place as the least watched program during its premiere. It ended with a total of 3.6 rating points, being the least watched program in its last episo…",0
4219173,Chevrolet Corvette (C3),https://en.wikipedia.org/wiki/Chevrolet%20Corvette%20%28C3%29,-0.22020817,0.91030395,-1.6816714757026463,0.1185320109043704,"The Chevrolet Corvette (C3) is a sports car that was produced from 1967 until 1982 by Chevrolet for the 1968 to 1982 model years. Engines and chassis components were mostly carried over from the previous generation, but the body and interior were new. It set new sales records with 53,807 produced for the 1979 model year. The C3 is the third generation of the Chevrolet Corvette, and marks the second time the Corvette would carry the Stingray name, though only for the 1969 - 1976 model years. This time it was a single word as opposed to Sting Ray as used for the 1963 - 1967 C2 generation.  The n…",0
6462233,Housing First,https://en.wikipedia.org/wiki/Housing%20First,1.6168952,5.0791035,0.3443743062433504,0.5489203431722717,"Housing First is a policy that offers unconditional, permanent housing as quickly as possible to homeless people, and other supportive services afterward. It was first discussed in the 1990s, and in the following decades became government policy in certain locations within the Western world. There is a substantial base of evidence showing that Housing First is both an effective solution to homelessness and a form of cost savings, as it also reduces the use of public services like hospitals, jails, and emergency shelters. Cities like Helsinki and Vienna in Europe have seen dramatic reductions i…",0
3785357,So Damn Fine,https://en.wikipedia.org/wiki/So%20Damn%20Fine,-1.1746141,12.318964,1.2295533272761894,0.7369569245840394,"""So Damn Fine"" is a song by Joanne, the fifth single released from her first album, Do Not Disturb (2001). Released on 16 April 2001, it reached number 25 in Australia that July.

History
""So Damn Fine"" was released on 16 April 2001. It debuted and peaked at No. 25 on the Australian Singles Chart, becoming her second-highest-charting single. ""So Damn Fine"" is the first track on Do Not Disturb. The music video was filmed in Bali. In an interview with the radio hosts Kyle Sandilands and Jackie O, Sandilands was dared to go to Bali with Joanne and her crew and to be in the video wearing Speedos, …",0
65042798,Brennan Clost,https://en.wikipedia.org/wiki/Brennan%20Clost,-1.8877215,8.584863,0.9520633173046636,0.6780103481162862,"Brennan Clost (born October 20, 1994) is a Canadian actor and dancer, known for starring in the Family series The Next Step, and the Netflix dance drama series Tiny Pretty Things.

Early and personal life
Clost was born on October 20, 1994, in Burlington, Ontario. Whilst growing up, he was bullied by classmates, stating that they made ""very crass comments"", threw snowballs at him and he would ""get looks"" in the hallway. Clost studied dance at various dance studios across southern Ontario, including National Ballet School of Canada and Springboard Danse Montreal. Initially wanting to study medi…",0
29588719,Khorsandi,https://en.wikipedia.org/wiki/Khorsandi,-1.2128875,1.6195769,0.5606669565559129,0.5948669026623619,"Khorsandi is an Iranian surname. Notable people with the surname include:

 Ehsan Khorsandi (born 1985), Iranian footballer
 Hadi Khorsandi (born 1943), Iranian poet and satirist",0
37840,Magnetoplasmadynamic thruster,https://en.wikipedia.org/wiki/Magnetoplasmadynamic%20thruster,1.007388,7.2852015,1.027331418004379,0.693999380852757,"A magnetoplasmadynamic (MPD) thruster (MPDT) is a form of electrically powered spacecraft propulsion which uses the Lorentz force (the force on a charged particle by an electromagnetic field) to generate thrust. It is sometimes referred to as Lorentz Force Accelerator (LFA) or (mostly in Japan) MPD arcjet.

Generally, a gaseous material is ionized and fed into an acceleration chamber, where the magnetic and electric fields are created using a power source. The particles are then propelled by the Lorentz force resulting from the interaction between the current flowing through the plasma and the…",0
28886782,"Río, Guaynabo, Puerto Rico",https://en.wikipedia.org/wiki/R%C3%ADo%2C%20Guaynabo%2C%20Puerto%20Rico,3.4978719,2.4131804,-1.3649716081110432,0.1858078489218592,"Río is a barrio in the municipality of Guaynabo, Puerto Rico. Its population in 2010 was 2,791.

Sectors
Barrios (which are roughly comparable to minor civil divisions) in turn are further subdivided into smaller local populated place areas/units called sectores (sectors in English). The types of sectores may vary, from normally sector to urbanización to reparto to barriada to residencial, among others.",0
23779645,Archduchess Rosa of Austria,https://en.wikipedia.org/wiki/Archduchess%20Rosa%20of%20Austria,-0.7613431,4.606791,-1.0751542631291786,0.2473730933405958,"Archduchess Rosa Maria Antonie Roberta Josepha Anna Walburga Carmela Ignazia Rita de Cascia of Austria (German: Rosa Maria Antonie Roberta Josepha Anna Walburga Carmela Ignazia Rita de Cascia, Erzherzogin von Österreich; 22 September 1906 – 17 September 1983) was a member of the Tuscan branch of the House of Habsburg-Lorraine and an Archduchess of Austria and Princess of Bohemia, Hungary, and Tuscany by birth. Through her marriage to Philipp Albrecht, Duke of Württemberg, Rosa was also a member of the House of Württemberg and Duchess consort of Württemberg.

Early life
Rosa was the youngest ch…",0
15205815,Fouka District,https://en.wikipedia.org/wiki/Fouka%20District,2.970108,1.7145942,1.8412757299267084,0.8669037337991768,"Fouka is one of the biggest districts in Tipaza one of the 48 states of Algeria. Its original name is Fouka Marine because of its seaside location. Its neighbor districts are Bou Ismael from the west, Douawda from the east and Kolea from the south.
It has a rocky beach. Fouka has a population of about 50,000.
Houari Boumediene international airport is located 42.4 km east of Fouka.
",0
17443065,Rock Me,https://en.wikipedia.org/wiki/Rock%20Me,-1.0312853,12.334062,1.2515526788276914,0.7416301971771848,"Rock Me may refer to:

Albums 
 Rock Me (Great White album), a 1997 compilation album, or the 1987 title song (see below)",0
63934119,Shailaja Pujari,https://en.wikipedia.org/wiki/Shailaja%20Pujari,-3.7390296,-2.310603,-0.7104842013405096,0.3248391314330367,"Shailaja Pujari (born 12 June 1982) is a former Indian weightlifter.

Pujari competed at the 2002 Commonwealth Games where she won gold medals in the 75 kg snatch, 75 kg clean and jerk and 75 kg total events.
",0
38686004,John Augustus O'Shea,https://en.wikipedia.org/wiki/John%20Augustus%20O%27Shea,-1.0667753,5.5528936,-1.033534365915965,0.2562143141611597,"John Augustus O'Shea (24 June 1839 – 13 March 1905) was an Irish soldier, journalist and novelist.

Biography
Born at Nenagh, Ireland, the son of journalist John O'Shea, in 1856 he was sent to study medicine at the Catholic University of Ireland in Dublin. Two of his sisters, Elizabeth and Marion, were also writers. Another sister, Margaret (Mrs Kelly) (1854–1927) was noted as being fluent in a number of languages, and translated French works, and her brother Robert Gabriel (1854?–1882) was the London political correspondent for the Freeman's Journal. Later that year he journeyed to London whe…",0
39250480,Sep Ruf,https://en.wikipedia.org/wiki/Sep%20Ruf,2.6398635,4.4182363,-1.6909025644457667,0.1165710715590845,"Sep Ruf (full name Franz Joseph Ruf; 9 March 1908, in Munich – 29 July 1982, in Munich) was a German architect and designer strongly associated with the Bauhaus group. He was one of the representatives of modern architecture in Germany after World War II. His elegant buildings received high credits in Germany and Europe and his German pavilion of the Expo 58 in Brussels, built together with Egon Eiermann, achieved worldwide recognition. He attended the Interbau 1957 in Berlin-Hansaviertel and was one of the three architects who had the top secret order to create the governmental buildings in t…",0
1678438,Temperate forest,https://en.wikipedia.org/wiki/Temperate%20forest,4.4792237,3.061394,-0.8903741060440887,0.2866255250243792,"A temperate forest is a forest found between the tropical and boreal regions, located in the temperate zone. It is the second largest biome on our planet, covering 25% of the world's forest area, only behind the boreal forest, which covers about 33%. These forests cover both hemispheres at latitudes ranging from 25 to 50 degrees, wrapping the planet in a belt similar to that of the boreal forest. Due to its large size spanning several continents, there are several main types: deciduous, coniferous, mixed forest, and rainforest.

Climate
The climate of a temperate forest is highly variable depe…",0
38228660,Archeological Site No. AU-154,https://en.wikipedia.org/wiki/Archeological%20Site%20No.%20AU-154,4.1946483,4.1150303,-0.0793112616994789,0.458917774317313,"Site AU-154 (in full, 44-AU-154) is an archaeological site in Shenandoah National Park, in Augusta County, Virginia, United States.

The site was discovered during the early 1970s as part of a comprehensive survey of the national park.  It is one of fifteen sites that the survey found along Paine Run, a group that also includes the Paine Run Rockshelter and the Blackrock Springs Site.
",0
49541331,XGBoost,https://en.wikipedia.org/wiki/XGBoost,1.4297211,6.888822,1.4323482208465106,0.7800361860765141,"XGBoost (eXtreme Gradient Boosting) is an open-source software library which provides a regularizing gradient boosting framework for C++, Java, Python, R, Julia, Perl, and Scala. It works on Linux, Windows, and macOS. From the project description, it aims to provide a ""Scalable, Portable and Distributed Gradient Boosting (GBM, GBRT, GBDT) Library"". It runs on a single machine, as well as the distributed processing frameworks Apache Hadoop, Apache Spark, Apache Flink, and Dask.

It has gained much popularity and attention recently as the algorithm of choice for many winning teams of machine lea…",0
25746236,Church of Iulia Constantia Zilil,https://en.wikipedia.org/wiki/Church%20of%20Iulia%20Constantia%20Zilil,2.6548061,3.6558368,1.4380090259630158,0.781238698129843,"The Church of Iulia Constantia was an Early Christian church in Morocco, located in the Roman colony of Iulia Constantia Zilil.

Characteristics
It had three naves, was equipped with a baptistery and had various appendices, close to the western door.",0
24439120,Deportivo fronton,https://en.wikipedia.org/wiki/Deportivo%20fronton,-1.7362053,-1.553393,1.1942477453678175,0.7294570395110095,"The Deportivo fronton is a Basque pelota fronton, used mainly in the modalities of hand-pelota, short bat, long bat, pala and paleta. It is located in Bilbao and owned by the local municipality. The 52-metre-long facility closed to the public in 2011 (it is still used by the sports club based there, with reduced playing dimensions), with events in the city moving to the Bizkaia fronton in the Miribilla district.

The fronton was home to the 1944 and 1957 1st Hand-Pelota singles championship, and the 1958, 1959, 1960 and 1994 2nd Hand-Pelota singles championship.
",0
22917035,Marius Poškus,https://en.wikipedia.org/wiki/Marius%20Po%C5%A1kus,-2.6519833,-1.1772895,-1.02073531699922,0.2589331872325284,"Marius Poškus (born 7 July 1970) is a retired Lithuanian international football goalkeeper. He obtained a total number of sixteen caps for the Lithuania national football team. During his professional career he played for several clubs in his native country, including FK Sirijus Klaipėda and FK Inkaras Kaunas .

Honours
 Baltic Cup",0
12860971,Baccaurea polyneura,https://en.wikipedia.org/wiki/Baccaurea%20polyneura,9.257252,5.559664,-0.0983666275037611,0.4548698859712843,"Baccaurea polyneura is a species of plant in the family Phyllanthaceae. It is native to Peninsular Malaysia, and Sumatra island of Indonesia. The fruit, called jentik, is edible, if sour, and is locally harvested and sold.

Description 
It has a dense crown growing up to 5-30 meters tall. The plant's bole can be 10-90 cm in diameter and has small buttresses. Baccaurea polyneura grows to a mid-canopy of primary, secondary and swamp rain forests at elevations from 20 to 600 meters. As such, they are mainly found on hillsides and ridges, and sometimes on alluvial sites.",0
70560797,Pseudolaguvia inornata,https://en.wikipedia.org/wiki/Pseudolaguvia%20inornata,10.382764,5.622078,0.3327998333222415,0.5464616040155428,"Pseudolaguvia inornata is a species of sisorid catfish from the Feni River drainage in Bangladesh.  This species reaches a length of .

References
",0
38980239,"Church of Our Lady and St Peter, Aldeburgh",https://en.wikipedia.org/wiki/Church%20of%20Our%20Lady%20and%20St%20Peter%2C%20Aldeburgh,3.3313923,4.395933,-0.5548638619826427,0.3578972088565716,"The Church of Our Lady and St Peter is a Roman Catholic church in Aldeburgh, Suffolk. It is part of the Diocese of East Anglia. The church is still not complete. A wood-paneled north wall indicates uncompleted plans for further extension. The building is aligned north–south rather than east–west, and the porch faces east. But stepping into the nave, you may be momentarily disorientated. That 'apse' is to the right, which intuitively should be liturgically east, and contain the sanctuary; but it is screened off, for use as a sacristy. Instead, you turn left to face the altar. The reason is simp…",0
15742952,Porchères,https://en.wikipedia.org/wiki/Porch%C3%A8res,5.3998446,1.9382586,0.915831614716448,0.670313729317677,"Porchères () is a commune in the Gironde department in Nouvelle-Aquitaine in southwestern France.

Population
",0
24202646,Aberystwyth and Tregaron Bank,https://en.wikipedia.org/wiki/Aberystwyth%20and%20Tregaron%20Bank,1.462995,4.984282,0.3018862088366944,0.5398946925443164,"The bank officially known as the Aberystwith and Tregaron Bank was established at Aberystwyth, Cardiganshire in the beginning of the 19th century and was locally known as ‘Banc y Ddafad Ddu’, because the bank notes were imprinted with an engraving of a black sheep. The Bank later established a branch at Tregaron

In the 1960s and 1970s the Bank's notes inspired a Mr Richard Williams to imitate them.
",0
68291491,1857 Iowa Senate election,https://en.wikipedia.org/wiki/1857%20Iowa%20Senate%20election,-2.2266695,3.1280072,-0.5618720381598856,0.3564084778100964,"In the 1857 Iowa State Senate elections, Iowa voters elected state senators to serve in the seventh Iowa General Assembly. Elections were held for 15 of the state senate's 36 seats. State senators serve four-year terms in the Iowa State Senate.

The general election took place in 1857.
",0
18521972,Nowokajetanówka,https://en.wikipedia.org/wiki/Nowokajetan%C3%B3wka,4.24897,0.63311523,-0.0242523098451466,0.4706138231806533,"Nowokajetanówka  is a village in the administrative district of Gmina Dubienka, within Chełm County, Lublin Voivodeship, in eastern Poland, close to the border with Ukraine.

References
",0
34094803,Johannes de Imola,https://en.wikipedia.org/wiki/Johannes%20de%20Imola,0.10237945,4.4914727,-0.2864881551335381,0.4149076544848353,"Johannes de Imola (, ) (c. 1370 – 1436) was an Italian jurist, a student of Baldus de Ubaldis, Francesco Ramponi and Johannes of Lignano. He taught at Pavia, Siena and Bologna, and was one of the major commentators on the Decretals of Gregory IX

In the Western Schism, he supported the form of conciliarism that deemed the correct resolution of the schism would be for Pope Gregory XII to summon a general council.
",0
40963426,Chithirayil Nilachoru,https://en.wikipedia.org/wiki/Chithirayil%20Nilachoru,-2.6773264,9.845217,-2.2228120060371035,0.0035787495079197,"Chithirayil Nilachoru is a 2013 Indian Tamil-language drama film written and directed by R. Sundarrajan and produced by Murugesan. The film features Prakash Nath, Vasundhara Kashyap and Sara Arjun, with Ashok Sundarrajan and Ganja Karuppu playing other pivotal characters. The film opened to mixed reviews upon release on 18 October 2013.

Plot 
Gauri gets into a quarrel with an auto rickshaw driver for disrupting the purpose of her visit. She falls for him, just when she wants to wreck his life in return.",0
36910232,"Patrick Lindsay, 4th Lord Lindsay",https://en.wikipedia.org/wiki/Patrick%20Lindsay%2C%204th%20Lord%20Lindsay,-1.7242173,4.649213,-0.7123620324376905,0.3244402280117032,"Patrick Lindsay, 4th Lord Lindsay of the Byres (died 1526) was a reputed advisor of James IV of Scotland, and counsellor to Margaret Tudor.

Career
The 16th century writer Robert Lindsay of Pitscottie gave Patrick Lord Lindsay a number of speeches in his chronicle History of Scotland. Lindsay was said to have advised the nobles of Scotland to fight at Flodden on 9 September 1513 but send James IV of Scotland home. In Pitscottie's story, Lindsay compared the forthcoming encounter to a wager of a gold rose-noble against a bent halfpenny.",0
40009703,Open water swimming at the 2013 World Aquatics Championships – Women's 10 km,https://en.wikipedia.org/wiki/Open%20water%20swimming%20at%20the%202013%20World%20Aquatics%20Championships%20%E2%80%93%20Women%27s%2010%20km,-3.7261553,-2.850132,-0.898471593817837,0.2849053939742527,"The women's 10 km competition of the open water swimming events at the 2013 World Aquatics Championships was held on July 23.

Results
The race was started at 12:00.",0
1411049,Delfino Pescara 1936,https://en.wikipedia.org/wiki/Delfino%20Pescara%201936,-2.0040398,-1.1538247,-1.0556870695770462,0.2515084653255227,"Delfino Pescara 1936, commonly referred to as Pescara, is a professional Italian football club based in Pescara, Abruzzo.

The club was formed in 1936 and currently plays in Serie C. Pescara has competed in seven seasons in Serie A, 1977–78, 1979–80, 1987–88, 1988–89, 1992–93, 2012–13 and last participated in 2016–17. The team's official colors are white and light blue varied between either azure or sky blue, manifested in striped shirts with white socks and shorts.
",0
6309556,Tarhan Tower Airlines,https://en.wikipedia.org/wiki/Tarhan%20Tower%20Airlines,1.026225,0.93918735,0.6169395198931104,0.6068207562736431,"Tarhan Tower Airlines was a charter airline based in Istanbul, Turkey. Its main hub was Atatürk International Airport.
During December 2007 SHGM (Turkish Civil Aviation authority) suspended the licence allowing the airline to operate due to issues found within the airlines maintenance department.

Services",0
18695170,Song Xiaoyun,https://en.wikipedia.org/wiki/Song%20Xiaoyun,-3.359169,-2.36991,-1.5762225497094766,0.1409322882337656,"Song Xiaoyun (), born 11 December 1982 in Anshan, Liaoning) is a Chinese basketball player who was part of the teams that won gold medals at the 2002 and 2006 Asian Games. She was part of the Chinese squad at the 2004 Summer Olympics in Athens, the 2008 Summer Olympics in Beijing, and the 2012 Summer Olympics in London.

References
",0
19995382,Tegami (Haikei Jūgo no Kimi e),https://en.wikipedia.org/wiki/Tegami%20%28Haikei%20J%C5%ABgo%20no%20Kimi%20e%29,-1.6100243,11.695885,-0.7417045117899619,0.3182070713547497,"is the eighth Japanese single by Angela Aki and was released on September 17, 2008. It was broadcast in a music program Minna no Uta in August 2008 with some re-runs. The song reached number three on the Oricon Weekly Charts, selling more than 200,000 copies. It was certified Million for downloads in 2016 by the RIAJ. The song is performed in the anime movie Colorful.

The song was ranked at 25 on ""Billboard Japan Hot 100 Songs"" chart.
",0
1505000,On a New Organic Base in the Coca Leaves,https://en.wikipedia.org/wiki/On%20a%20New%20Organic%20Base%20in%20the%20Coca%20Leaves,3.0900304,7.5658474,1.861980850361316,0.871302075797499,"On a New Organic Base in the Coca Leaves is an 1860 dissertation written by Albert Niemann. Its title in German is Über eine neue organische Base in den Cocablättern. The piece describes, in detail, how Niemann isolated cocaine, a crystalline alkaloid.  It also earned Niemann his Ph.D. and is now in the British Library.  He wrote of the alkaloid's ""colourless transparent prisms"" and said that, ""Its solutions have an alkaline reaction, a bitter taste, promote the flow of saliva and leave a peculiar numbness, followed by a sense of cold when applied to the tongue."" Niemann named the alkaloid ""co…",0
343017,Diefenbaker (disambiguation),https://en.wikipedia.org/wiki/Diefenbaker%20%28disambiguation%29,-1.5131108,3.3488493,1.7579453625277583,0.8492020519459375,"John Diefenbaker (1895–1979) was the 13th prime minister of Canada, serving as such from 1957 to 1963.

Diefenbaker may also refer to the following namesakes of the prime minister:
 Diefenbaker the wolf, an animal character in the television series Due South",0
6555203,Entracque,https://en.wikipedia.org/wiki/Entracque,3.7289348,2.4217908,0.5851397184753312,0.6000655962369814,"Entracque is a small town in the Valle Gesso of the Maritime Alps of north-west Italy, about  southwest of Cuneo and close to the French border. It is the principal settlement and capoluogo of the comune or municipality of the same name (population 855) in the Piedmontese Province of Cuneo.

At the time of the 2001 census over 90 percent of the then 848 inhabitants of the comune were found in Entracque itself. The remaining 68 were dispersed among 11 hamlets, none of which had more than 13 inhabitants, or lived in isolated dwellings.
",0
6202428,"Emathla, Florida",https://en.wikipedia.org/wiki/Emathla%2C%20Florida,4.350938,4.753746,1.9032604986031056,0.8800710182970735,"Emathla is an unincorporated community in northwestern Marion County, Florida, United States. It is located at the intersection of State Road 326 and County Road 225. Named for the Seminole chieftain this community is part of the Ocala Metropolitan Statistical Area.

Geography
Emathla is located at .",0
56746806,2017–2018 South African listeriosis outbreak,https://en.wikipedia.org/wiki/2017%E2%80%932018%20South%20African%20listeriosis%20outbreak,1.5034525,5.572366,1.5077396939244847,0.7960514265288222,"The 2017–2018 South African listeriosis outbreak was a widespread outbreak of Listeria monocytogenes food poisoning that resulted from contaminated processed meats produced by Enterprise Foods, a subsidiary of Tiger Brands, in Polokwane. There were 1,060 confirmed cases of listeriosis during the outbreak, and about 216 deaths. It is the world's worst ever listeriosis outbreak.

Investigation of the origin 
Prior to 2017, an average of 60 to 80 listeriosis cases were confirmed in South Africa per year. The outbreak was first identified by doctors at Chris Hani and Steve Biko academic hospitals …",0
18499477,Subdialect,https://en.wikipedia.org/wiki/Subdialect,1.9680035,3.2463317,1.0847892711832747,0.7062050229096738,"Subdialect (from Latin , ""under"", and Ancient Greek , ""discourse"") is a linguistic term designating a dialectological category between the levels of dialect and idiolect. Subdialects are basic subdivisions of a dialect. Subdialects can be divided further, ultimately down to idiolects. Normally subdialects of one dialect are quite close to each other, differing mainly in pronunciation and certain local words.

See also 
",0
12426806,Phillipsburg Catholic High School,https://en.wikipedia.org/wiki/Phillipsburg%20Catholic%20High%20School,3.3013783,5.7469683,-0.5980730111032262,0.3487183868405849,"Phillipsburg Catholic High School was a parochial high school in Phillipsburg, New Jersey. It was operated by the Roman Catholic parish of Saints Philip and James Church in Phillipsburg.

History
The school originally opened in 1923 as Sts. Philip and James Parochial School and shared a building on South Main Street with Sts Philip and James Elementary School. As enrollment increased, by 1958 the need for a new high school location was evident. Twenty-one acres of land on Roseberry Street were purchased and after an ambitious campaign drive led by Reverend Joseph V. Kozak, the new high school …",0
2620444,Texas State Highway Loop 12,https://en.wikipedia.org/wiki/Texas%20State%20Highway%20Loop%2012,4.202864,3.489169,-0.610423788157644,0.346094739149091,"Loop 12 is a state highway that runs mostly within the city limits of Dallas, Texas. The western segment of the loop is named after General Walton Walker, who served and died in South Korea. During the 1950s and 1960s, Loop 12 was the outer beltway in the Dallas area, having since been supplanted by Interstate 635 (I-635), which is itself being supplanted by the President George Bush Turnpike (SH 190). Loop 12 is, however, the only state highway in Dallas that forms a complete loop (Belt Line Road is also a complete loop but is not a state road except for a stretch as part of Farm to Market Ro…",0
58909396,Mountains (LSD song),https://en.wikipedia.org/wiki/Mountains%20%28LSD%20song%29,-1.0864344,11.97425,-0.1200727032754478,0.4502589132900629,"""Mountains"" is a song by pop music group LSD. The song was released on 1 November 2018, and marks the group's fourth release, following ""Genius"", ""Audio"", and ""Thunderclouds"".

The song was used in musical film Music, co-written and directed by Sia. In the film, it is performed by Kate Hudson and Leslie Odom Jr.
",0
9610786,Zeppelin loop,https://en.wikipedia.org/wiki/Zeppelin%20loop,2.0756416,6.782212,1.2138932026814857,0.7336302796644223,"A zeppelin eye knot, is a secure, jam resistant fixed size loop knot based on the zeppelin bend.  It is one of the few eye knots suitable for bungee. It is also special in its ease of untying.

Tying
Virtually all bends (i.e. end-to-end joining knots) have a corresponding 'eye knot'. For example, the Sheet bend (ABoK #1431) has a corresponding eye knot which is none other than the common (#1010) Bowline. The Zeppelin bend is formed from 2 superposed loops of opposite chirality.",0
52825332,Haidar Mohammed Al-Asadi,https://en.wikipedia.org/wiki/Haidar%20Mohammed%20Al-Asadi,-4.03376,-1.1710486,-1.6908217627419326,0.1165882360826443,"Haidar Mohammed Alasadi (born November 18, 1986), is  an Iraqi kickboxer. He is the 2013 Asian Indoor and Martial Arts Games Champion, former Arabian Champion, former Asian Champion of 2012 in Kickboxing and qualified for the 2013 World Combat Games but lost at the quarter finals.

Titles and accomplishments
2017 Asian Indoor and Martial Arts Games (-69 kg) Silver medalist ",0
31299515,List of survivors of Sobibor,https://en.wikipedia.org/wiki/List%20of%20survivors%20of%20Sobibor,-0.40451553,4.319295,-0.3447216660220823,0.4025372412114727,"This is a list of survivors of the Sobibor extermination camp. The list is divided into two groups. The first comprises the 58 known survivors of those selected to perform forced labour for the camp's daily operation. The second comprises those deported to Sobibor but selected there for forced labor in other camps.

Survivors among Sobibor's forced labourers
This list is as complete as current records allow. There were 58 known Sobibor survivors: 48 male and 10 female. Except where noted, the survivors were , inmates who performed slave-labour for the daily operation of the camp, who escaped d…",0
6588595,The Time of Our Lives (Il Divo and Toni Braxton song),https://en.wikipedia.org/wiki/The%20Time%20of%20Our%20Lives%20%28Il%20Divo%20and%20Toni%20Braxton%20song%29,-1.1884638,11.956687,0.0792182910416859,0.4925938493731851,"{{Infobox song
| name       = The Time of Our Lives
| cover      = ttool.jpg
| alt        =",0
17387150,"Wyoming, Rhode Island",https://en.wikipedia.org/wiki/Wyoming%2C%20Rhode%20Island,4.4843464,4.577106,-0.2150023286389432,0.4300932272492623,"Wyoming is a village and census-designated place on the Wood River in southern Rhode Island, primarily in the town of Richmond, Rhode Island, but extending north across the river (which defines the town line) into the town of Hopkinton, Rhode Island. The population was 270 at the 2010 census. It is the site of the Wyoming Village Historic District and a post office assigned ZIP code 02898.

History 
The village was settled in 1757 and was the site of industrial activity early in its history due to the ready availability of hydropower from the river. Brand's Iron Works existed on the Hopkinton …",0
527353,Address munging,https://en.wikipedia.org/wiki/Address%20munging,1.3234165,6.582894,1.3655247980572067,0.7658410372072236,"Address munging is the practice of disguising
an e-mail address to prevent it from being automatically collected by  unsolicited bulk e-mail providers. 
Address munging is intended to disguise an e-mail address in a way that prevents computer software from seeing the real address, or even any address at all, but still allows a human reader to reconstruct the original and contact the author: an email address such as, ""no-one@example.com"", becomes ""no-one at example dot com"", for instance.
",0
46822666,"Listed buildings in Lancaster, Lancashire",https://en.wikipedia.org/wiki/Listed%20buildings%20in%20Lancaster%2C%20Lancashire,3.8597903,4.4170876,0.0702983659550271,0.4906990098210825,"The listed buildings in Lancaster, Lancashire (the unparished area within the wider City of Lancaster district), are divided into:

Listed buildings in Lancaster, Lancashire (central area)
Listed buildings in Lancaster, Lancashire (outer areas)",0
33238742,Alessandro Lupo,https://en.wikipedia.org/wiki/Alessandro%20Lupo,-0.19517149,6.0533595,-1.5564125669659288,0.145140478152881,"Alessandro Lupo (Turin, 1876 – 1953) was an Italian painter.

Biography
Lupo's family had intended for him a career in law, and he graduated in 1900.",0
1984444,Nineteen Day Feast,https://en.wikipedia.org/wiki/Nineteen%20Day%20Feast,0.71202445,4.3003716,0.9966152184896806,0.6874744079224605,"Nineteen Day Feasts are regular community gatherings, occurring on the first day of each month of the Baháʼí calendar (and are often nineteen days apart from each other).  Each gathering consists of a Devotional, Administrative, and Social part.  The devotional part of the Nineteen Day Feast can be compared to Sunday Services in Christianity, Friday Prayers in Islam, or Saturday Prayers in Judaism; however, the Baháʼí Faith has no clergy nor is congregational prayer performed at these meetings.

Purpose 
",0
1212252,Lucius Caecilius Iucundus,https://en.wikipedia.org/wiki/Lucius%20Caecilius%20Iucundus,1.0030924,4.1997848,-0.2953193385512327,0.4130316661251632,"Lucius Caecilius Iucundus (born c. 14 A.D., fl. 62 A.D.) was a banker who lived in the Roman town of Pompeii around 14 A.D.–62 A.D. His house still stands and can be seen in the ruins of the city of Pompeii which remain after being partially destroyed by the eruption of Vesuvius in 79 AD.  This house is known for its beauty, along with some material found about bank book-keeping and wax tablets, which were receipts. He is well known for being a central character in the Cambridge Latin Course series.

Life 
",0
50350231,XHIP-FM,https://en.wikipedia.org/wiki/XHIP-FM,0.5924477,8.739345,-0.7766749286868536,0.310778384628574,"XHIP-FM/XEIP-AM is a combo radio station on 89.7 FM and 1050 AM in Uruapan, Michoacán. It is owned by Radiorama and carries its La Poderosa grupera format.

History
XEIP-AM 750 received its concession on August 3, 1994, owned by Radiorama subsidiary Voz y Música, S.A. Just months later, on November 4, it became an AM-FM combo. The AM station later moved to 1050.",0
64482046,Salomo Abraham Taroç,https://en.wikipedia.org/wiki/Salomo%20Abraham%20Taro%C3%A7,0.012470085,4.8505425,0.339245613045796,0.5478308664528023,"Salomo Abraham Taroç (Hebrew: שלמה אברהם בן יצחק טארוש) was a 14th century Sephardic Jewish physician and money lender.

Biography 
He was born in early 1301 in Girona, Catalonia. His father, Isaac Taroç, was a wealthy landowner, a representative of Gironan Jewry and the son of Vidal Taroç. In his early years, Salomo studied medicine in Vic, later moving back to Girona, where he married Dolca Bonjuà, a member of the wealthy Bonjuà family of bailiffs and court officials. Her father Maimó ibn Mahir Bonjuà was a wealthy judge of Vic, with ancestral connections to Girona. The couple moved to Barce…",0
7429927,"My, Oh My (The Wreckers song)",https://en.wikipedia.org/wiki/My%2C%20Oh%20My%20%28The%20Wreckers%20song%29,-1.0532075,12.315842,0.2076707046216536,0.5198807056471677,"""My, Oh My"" is a song written by Wayne Kirkpatrick, Josh Leo, and co-written and recorded by American country music duo The Wreckers.  It was released in September 2006 as the second single from their debut album Stand Still, Look Pretty.

Content
""My, Oh My"" is a mid-tempo song with a traditional production featuring banjo, fiddle, and cowbell. The song's narrator notices how everything changes so rapidly, and remembers when there was empty land where there are now parking lots and stores.",0
63430195,Shahin Naghipour Jafari,https://en.wikipedia.org/wiki/Shahin%20Naghipour%20Jafari,-3.6342645,-2.045417,-0.4278913828712951,0.3848696859918936,"Shahin Naghipour Jafari (Persian: شاهین نقی پور جعفری, born December 3, 1993)  is a karate competitor for the Iran national team.

Honors 
 Gold medal at the 2013 Malesia International karate tournament  ",0
35860567,"George Square, Edinburgh",https://en.wikipedia.org/wiki/George%20Square%2C%20Edinburgh,3.7460346,4.5942883,-0.224588070144117,0.4280569498182556,"George Square () is a city square in Edinburgh, Scotland. It is in the south of the city centre, adjacent to the Meadows. It was laid out in 1766 outside the overcrowded Old Town, and was a popular residential area for Edinburgh's better-off citizens. In the 1960s, much of the square was redeveloped by the University of Edinburgh, although the Cockburn Association and the Georgian Group of Edinburgh protested. Most but not all buildings on the square now belong to the university (among the exceptions being the Dominican priory of St Albert the Great). Principal buildings include the Gordon Aik…",0
44620984,Roberto Gödeken,https://en.wikipedia.org/wiki/Roberto%20G%C3%B6deken,-1.8098967,-0.94815123,-0.0301111890913449,0.4693692346870466,"Roberto Gödeken is a Surinamese football manager.

Career
Since October 2013 he coached the Suriname national football team. He is also coaching  SV Nishan 42. In 2015, he got put aside as interim coach and was replaced by Dean Gorré. In February 2016 he became coach once again of Suriname.",0
930089,Auguste Michel-Lévy,https://en.wikipedia.org/wiki/Auguste%20Michel-L%C3%A9vy,-0.07039122,5.8203144,-0.3302959627535064,0.4056016607951164,"Auguste Michel-Lévy (7 August 184427 September 1911) was a French geologist. He was born in Paris.

Biography
He became inspector-general of mines, and director of the Geological Survey of France. He was distinguished for his researches on extrusive rocks and their microscopic structure and origins. He employed the polarizing microscope early on for the identification of minerals. In his many contributions to scientific journals he described the granulite group, and dealt with pegmatites, variolites, eurites, the ophites of the Pyrenees, the extinct volcanoes of Central France, gneisses, and c…",0
12843181,Alphonse Hörning,https://en.wikipedia.org/wiki/Alphonse%20H%C3%B6rning,-4.2760887,-1.9589,-0.5690622956296115,0.3548810676456529,"Alphonse Hörning was a Swiss bobsledder who competed from the late 1930s to the late 1940s. He won a gold medal in the four-man event at the FIBT World Championships, earning it in 1939.

References
Bobsleigh four-man world championship medalists since 1930",0
46603693,Derawal,https://en.wikipedia.org/wiki/Derawal,2.2360213,1.6933365,0.6321064493599746,0.6100426328654932,"The Derawal (Saraiki: ) are a community of people who originated from the Derajat region, Dera jat consists of area east of suleman ranges and west of River Indus and is inhabited by Saraiki speaking Baloch people. Famous dish of the Region is Sohbat and is native to Derajat.Derajat includes the districts of Dera Ismail Khan, Dera Ghazi Khan, Rajanpur, and Tank in the Khyber Pakhtunkhwa and Punjab provinces of Pakistan. The Baloch districts of Dera Bugti and Jafarabad (Dera Allah Yar) are adjacent to Derajat towards the southwest. The varieties of Saraiki the Derawal people speak are collectiv…",0
70657161,8th Rifle Division,https://en.wikipedia.org/wiki/8th%20Rifle%20Division,-2.9851995,4.208999,0.4912664682096515,0.5801243135737598,"8th Rifle Division can refer to:

 8th Guards Motor Rifle Division
 8th Motor Rifle Division NKVD",0
61160100,Brazil–Uruguay football rivalry,https://en.wikipedia.org/wiki/Brazil%E2%80%93Uruguay%20football%20rivalry,-1.8400583,-1.7078316,-1.0103677306294536,0.2611355502033401,"The Brazil–Uruguay football rivalry, also known as El Clásico del Río Negro, or Clássico do Rio Negro,  is a highly competitive sports rivalry between the Brazilian and Uruguayan national football teams, and their respective set of fans. Association football is the most popular sport in both countries and they have a combined 7 FIFA World Cups and 24 Copa Américas between them. Both countries also have a very close proximity and border each other, Uruguay only has a population of 3.5 million and has a size of 176,215 km2, while Brazil has a population of 210 million and a size of 8,515,767 km2…",0
18971524,Danielów,https://en.wikipedia.org/wiki/Daniel%C3%B3w,4.2259355,0.68793994,0.8130279237600307,0.6484753732963141,"Danielów  is a village in the administrative district of Gmina Kamieńsk, within Radomsko County, Łódź Voivodeship, in central Poland. It lies approximately  north of Kamieńsk,  north of Radomsko, and  south of the regional capital Łódź.

References
",0
64927811,1991 in Cyprus,https://en.wikipedia.org/wiki/1991%20in%20Cyprus,-0.20707129,3.2096608,0.8446286128026393,0.6551882363405548,"This is a list of events in the year 1991 in Cyprus.

Incumbents 
",0
14550814,Hypatopa,https://en.wikipedia.org/wiki/Hypatopa,10.627668,5.323456,-0.0227055202814897,0.4709424041962473,"Hypatopa is a genus of moths in the family Blastobasidae.

Species
",0
48476363,Trapani Cathedral,https://en.wikipedia.org/wiki/Trapani%20Cathedral,2.819827,3.8553917,-1.0409419079763518,0.2546407467215769,"Trapani Cathedral, otherwise the Basilica of St. Lawrence the Martyr () is the cathedral of the Roman Catholic Diocese of Trapani, dedicated to Saint Lawrence. It is located in Trapani, Sicily, Italy.

The church was built by order of Alfonso the Magnanimous in 1421 and was elevated to a parish in the second half of the fifteenth century. In 1844, when the Diocese of Trapani was created, the church was made its episcopal seat.
",0
26883795,Janet M. Suzuki,https://en.wikipedia.org/wiki/Janet%20M.%20Suzuki,1.1560657,4.2378073,0.791988070372333,0.6440059247323261,"Janet Suzuki (1943 – 1987) was a Japanese-American librarian. Feeling that the needs of Asian American librarians were unrepresented and underserved by the American Library Association, she co-founded the Asian American Librarians Caucus (AALC) in 1975, with Henry Chang and Yen-Tsai Feng. The AALC was a discussion group within the ALA Office for Library Outreach Services, and was the first Asian-American library organization that served the pan Asian American librarian community. It was the predecessor to the Asian/Pacific American Librarians Association.

Early life, education, and career
Suz…",0
48066314,Piri Halasz,https://en.wikipedia.org/wiki/Piri%20Halasz,-1.0926872,6.2805104,-1.1829495767924054,0.2244743781747171,"Piri Halasz is an American art critic, educator and writer.

Biography
The daughter of diet-book author Ruth West, she attended Barnard College, where she majored in English and served as the features editor of the Barnard Bulletin. She then went on to Time magazine where she was employed first as a researcher and next as a writer.  In 1966, she wrote the famous cover story for the aforementioned periodical Swinging London.  Subsequently, this led to her authoring a travel guide of the same name for Coward McCann first published in 1967 and reissued in 2010 under the iUniverse imprint as part …",0
2957741,Horse management,https://en.wikipedia.org/wiki/Horse%20management,9.478487,4.656293,0.7008640033444962,0.6246486448588626,"There are many aspects to horse management.  Horses, ponies, mules, donkeys and other domesticated equids require attention from humans for optimal health and long life.

Living environment
Horses require both shelter from natural elements like wind and precipitation, as well as room to exercise.  Worldwide, horses and other equids usually live outside with access to shelter for protection from the elements. In some cases, animals are kept in a barn or stable for ease of access by managers, or for protection from the weather for various reasons.  For horse owners who do not own their own land,…",1
38975716,Evidence (2012 film),https://en.wikipedia.org/wiki/Evidence%20%282012%20film%29,-1.9989141,8.106426,-0.6315110372356009,0.3416152224256029,"Evidence is a 2012 American found footage horror film directed and edited by Howie Askins and produced and written by Ryan McCoy, who also stars in the movie. The film also stars Brett Rosenberg, Abigail Richie, and Ashley Bracken.

Synopsis
",0
39480625,Sambolero,https://en.wikipedia.org/wiki/Sambolero,-1.5199242,11.081581,1.7546023988283217,0.8484919137130044,"Sambolero is a studio album by The João Donato Trio released by Universal Music Group on December 31, 2005. The album earned the Latin Grammy for Best Latin Jazz Album at the 11th Latin Grammy Awards.

Track listing
The track listing from Allmusic.",0
57887828,Owen Hills (rugby union),https://en.wikipedia.org/wiki/Owen%20Hills%20%28rugby%20union%29,-0.7384995,-2.1038551,-0.4654587428378643,0.3768893365112466,"Owen Hills (born 25 August 1996) is an English professional rugby union player, his principal position is prop.  He plays for Nottingham in the RFU Championship.

Career
Hills was a Leicester Tigers supporter and season ticket holder before joining the club's academy at the age of 15.  In 2015 Hills was named in England Under 20s squad for the 2015 World Rugby Under 20 Championship.",0
60808889,2009 FINA Women's Water Polo World League,https://en.wikipedia.org/wiki/2009%20FINA%20Women%27s%20Water%20Polo%20World%20League,-3.168869,-2.6061897,-0.6344893892679191,0.3409825378261142,"The 2009 FINA Women's Water Polo World League was the 6th edition of the event, organised by the world's governing body in aquatics, the International Swimming Federation (FINA). After playing in groups within the same continent, eight teams qualified to play in a final tournament, called the Super Final in Kirishi, Russia from 9 to 14 June 2009.

Super Final 
 June 9–14, 2009, Kirishi, Russia",0
37328307,Astictopterus anomoeus,https://en.wikipedia.org/wiki/Astictopterus%20anomoeus,11.347986,5.3351264,-0.8629114291568328,0.29245935948678,"Astictopterus anomoeus, the yellow hopper, is a butterfly in the family Hesperiidae. It is found in Guinea, Sierra Leone, Liberia, Ivory Coast, Ghana and Togo. The habitat consists of wetter forests, with a broken canopy, allowing the development of grassy areas.

Adults of both sexes are attracted to flowers.
",0
3996979,Roman Catholic Archdiocese of Miami,https://en.wikipedia.org/wiki/Roman%20Catholic%20Archdiocese%20of%20Miami,0.26954332,4.4996715,-0.6137239906885357,0.3453936845746714,"The Archdiocese of Miami (, , ) is a particular church of the Catholic Church in the United States of America. Its ecclesiastical territory consists of Broward, Miami-Dade and Monroe counties in the U.S. state of Florida. The archdiocese is the metropolitan see for the Ecclesiastical Province of Miami, which covers Florida. The archbishop is Thomas Wenski. As archbishop, he also serves as pastor of the Cathedral of Saint Mary, the mother church of the archdiocese. Also serving are 258 priests, 133 permanent deacons, 41 religious brothers and 204 religious sisters who are members of various rel…",0
44732992,Virginia Willis,https://en.wikipedia.org/wiki/Virginia%20Willis,2.4184847,6.288193,0.0039749752521348,0.4766100816392361,"Virginia Willis is a James Beard  award-winning cookbook author, Southern chef,  Food Network Kitchen talent and on-air personality, content creator, motivational speaker, and social media influencer. 

Willis is the author of. She is also the author of  Bon Appétit Y’all: Three Generations of Southern Cooking (2008); Basic to Brilliant, Y'all: 150 Basic Recipes and Ways to Dress Them Up for Company; Okra: A Savor the South Cookbook; Grits by Short Stack Editions; and Lighten Up, Y'all: Classic Southern Recipes Made Healthy and Wholesome (2015).
",0
5925896,The Sinner (novel),https://en.wikipedia.org/wiki/The%20Sinner%20%28novel%29,-1.4659793,7.0277715,0.4484935791700862,0.5710381653020574,"The Sinner is a 2003 mystery novel by Tess Gerritsen,  the third book of the Maura Isles/Jane Rizzoli series.

Plot
The Sinner involves Detective Jane Rizzoli and a main character new to the series, first seen in ""The Apprentice"" as a minor figure, medical examiner Dr. Maura Isles. When a young novice nun about to take vows is found murdered in the abbey's summer chapel, Isles and Rizzoli are immediately called to the scene. The elderly nuns are of little help to Isles and Rizzoli but when another body is found, mutilated beyond recognition (and testing reveals the body to be that of a fortyis…",0
25491365,Mark Jung,https://en.wikipedia.org/wiki/Mark%20Jung,0.98815197,5.9408793,0.4828101797937445,0.5783279633131043,"Mark A. Jung was the founder and former CEO of IGN Entertainment and the networks of Snowball.com, running the company from January 1999 to November 2006. Previously, he was CEO of Worldtalk Corporation and also served as VP and General Manager at Retix. He is the younger brother of Andrea Jung.

Jung graduated with a B.S.E. in electrical engineering from Princeton University in 1981 after completing a 51-page long senior thesis titled ""Measurement of the Contact Resistance of Screen-Printed Silver Metallization of N+ Silicon.""
",0
53471857,Raïes Roshanali,https://en.wikipedia.org/wiki/Ra%C3%AFes%20Roshanali,-2.4375033,-1.1954511,-0.1160534101211539,0.4511127226624804,"Raïes Roshanali (born 30 October 1995) is a Dutch football player who last played for FC Dordrecht.

Club career
He made his professional debut in the Eerste Divisie for FC Oss on 7 August 2015 in a game against FC Emmen.",0
4113,Bouldering,https://en.wikipedia.org/wiki/Bouldering,2.3666117,3.893853,1.017480570628196,0.6919067875799689,"Bouldering is a form of free climbing that is performed on small rock formations or artificial rock walls without the use of ropes or harnesses. While bouldering can be done without any equipment, most climbers use climbing shoes to help secure footholds, chalk to keep their hands dry and to provide a firmer grip, and bouldering mats to prevent injuries from falls. Unlike free solo climbing, which is also performed without ropes, bouldering problems (the sequence of moves that a climber performs to complete the climb) are usually less than  tall. Traverses, which are a form of boulder problem,…",0
13325488,Lake Crabtree,https://en.wikipedia.org/wiki/Lake%20Crabtree,4.7487783,4.607458,0.9335108326606452,0.674069285680029,"Lake Crabtree is a  reservoir in Cary, North Carolina.  In order to alleviate the possibility of flooding, it was constructed in 1989 by the Natural Resources Conservation Service via damming the Crabtree Creek.  It is currently within the Lake Crabtree County Park and provides sailing and recreation opportunities to nearby residents.

References 
",0
44621418,Turkey Shoot (2014 film),https://en.wikipedia.org/wiki/Turkey%20Shoot%20%282014%20film%29,-2.047889,8.340481,-0.5318686236984406,0.3627820354204289,"Turkey Shoot (released internationally as Elimination Game) is a 2014 Australian dystopian science fiction action film directed by Jon Hewitt and co-written by Hewitt and Belinda McClory. Shot in Australia, the film stars Dominic Purcell, Viva Bianca, Robert Taylor and McClory. Inspired by the 1982 film of the same name directed by Brian Trenchard-Smith (who served as an executive producer on this film), it features appearances by two cast members from the earlier film, Carmen Duncan and Roger Ward, as well as the voice of producer Antony I. Ginnane as television network head Charley Varrick.
…",0
67606502,2010 BOSS GP Series,https://en.wikipedia.org/wiki/2010%20BOSS%20GP%20Series,-5.0533786,-3.096222,0.6022541373019822,0.6037011735976578,"The 2010 BOSS GP Series was the 16th season of the BOSS GP series. The championship began on 17 April at the Hockenheimring and ended on 3 October at Dijon-Prenois.

Teams and Drivers
",0
41605019,"Hasanabad, Golpayegan",https://en.wikipedia.org/wiki/Hasanabad%2C%20Golpayegan,2.5213187,0.44687626,-2.358358175140206,0.0,"Hasanabad (, also Romanized as Ḩasanābād) is a village in Nivan Rural District, in the Central District of Golpayegan County, Isfahan Province, Iran. At the 2006 census, its population was 16, in 7 families.

References 
",0
20556653,Adrian Ianculescu,https://en.wikipedia.org/wiki/Adrian%20Ianculescu,-3.7685387,-1.9937059,0.7392806908476415,0.632809415071002,"Andrian Ianculescu (born 28 October 1973) is a retired  Romanian artistic gymnast. He is a bronze world medalist with the team and on vault.

References
",0
4503325,KV Racing Technology,https://en.wikipedia.org/wiki/KV%20Racing%20Technology,-5.0787196,-3.1173635,-1.4917187708163704,0.1588832352420839,"KV Racing Technology was an auto racing team that last competed in the IndyCar Series. The team was originally formed as PK Racing before the 2003 season by Australian businessman Kevin Kalkhoven and former Formula One team manager Craig Pollock from the remnants of the PacWest team.

The team has also sponsored drivers in the Atlantic Championship.
",0
13171747,Castejón de las Armas,https://en.wikipedia.org/wiki/Castej%C3%B3n%20de%20las%20Armas,3.4477553,2.3672802,0.956176347301982,0.6788840697946846,"Castejón de las Armas is a municipality located in the province of Zaragoza, Aragon, Spain. The River Piedra joins the Jalón here. According to the 2004 census (INE), the municipality has a population of 99 inhabitants.

References
",0
13411442,Clementa C. Pinckney,https://en.wikipedia.org/wiki/Clementa%20C.%20Pinckney,-2.1186626,3.6379468,0.5467345823011511,0.5919072798475804,"Clementa Carlos ""Clem"" Pinckney (July 30, 1973 – June 17, 2015) was an American politician and pastor who served as a Democratic member of the South Carolina Senate, representing the 45th District from 2000 until his death in 2015. He was previously a member of the South Carolina House of Representatives from 1997 through 2000.

Pinckney was born to a large family with six siblings in Beaufort, South Carolina. He began preaching at church at age thirteen and was appointed pastor at age eighteen. He graduated from several universities, including Allen University, and the University of South Car…",0
60119851,Horten H.XIII,https://en.wikipedia.org/wiki/Horten%20H.XIII,-3.808529,4.151534,-0.0890558833610054,0.4568477463333167,"The Horten H.XIII was an experimental flying wing aircraft designed by the Horten brothers during World War II.

Design
The H.XIIIa was an unpowered glider with wings swept backwards at 60°. It was a technology demonstrator to examine the low speed handling of highly swept wings, for the development of a jet fighter which was expected to exceed Mach 1, the H.XIIIb.",0
2259142,Moses Soave,https://en.wikipedia.org/wiki/Moses%20Soave,-0.1678946,5.1843953,-0.4481865495870132,0.3805584295367273,"Moses Soave was an Italian Hebraist; born in Venice 28 March 1820; died there 27 November 1882. He supported himself as a private tutor in Venetian Jewish families, and collected a library containing many rare and valuable works. Two years before his death he gave up teaching, and devoted himself entirely to study. In addition to numerous articles which appeared in Italian Jewish periodicals he wrote biographies of Sara Copia Sullam, Amatus Lusitanus, Abraham de Balmes, Shabbethai Donnolo and Leon de Modena. He was, besides, the editor of Isacco Israelita's Guida dei Medici (Manhig ha-Rofe'im)…",0
54349517,Concrete and Gold,https://en.wikipedia.org/wiki/Concrete%20and%20Gold,-0.9788402,12.052107,-1.2610311731199275,0.2078876809126541,"Concrete and Gold is the ninth studio album by American rock band Foo Fighters, released on September 15, 2017, through Roswell and RCA Records. It is the band's first album to be produced alongside Greg Kurstin. Described by the band as an album where ""hard rock extremes and pop sensibilities collide"", Concrete and Gold concerns the future of the United States from the viewpoint of the band's frontman and lead songwriter Dave Grohl, with the heated atmosphere of the 2016 elections and the presidency of Donald Trump cited as major influences by Grohl. Juxtapositions serve as a common motif in …",0
29007479,SS Gulfwave,https://en.wikipedia.org/wiki/SS%20Gulfwave,-3.4864037,5.0671163,-0.1406843276470319,0.4458804324493694,"SS Gulfwave was a Gulf Oil Corporation tanker that operated from 1937 to 1956. She was torpedoed during World War II. but returned to service after repairs. From 1956 to 1959 she operated as the Liberian Michael J.

Construction
Bethlehem Steel Company at Sparrows Point, Maryland. She was launched on 9 October 1937 as the third of four tankers built at Sparrows Point for Gulf Oil. The construction made greater use of welding than in the previous two tankers of the series. She was delivered to Gulf Oil on 1 December 1937.",0
12484435,List of monastic houses in South Yorkshire,https://en.wikipedia.org/wiki/List%20of%20monastic%20houses%20in%20South%20Yorkshire,3.8581216,4.3359294,0.297653330722064,0.5389955118008787,"The following is a list of the monastic houses in South Yorkshire, England.

See also
 List of monastic houses in England",0
3406068,List of extreme points of Croatia,https://en.wikipedia.org/wiki/List%20of%20extreme%20points%20of%20Croatia,3.8298514,1.2447827,0.5863722119808366,0.6003274120503714,"The geographical extreme points of Croatia are

 Northernmost point:
 Sveti Martin na Muri (administratively in the Međimurje County) - ",0
18764280,Bedford Center Historic District,https://en.wikipedia.org/wiki/Bedford%20Center%20Historic%20District,4.3546405,4.8238535,-0.5760712232928428,0.3533921769627055,"The Bedford Center Historic District encompasses the historic heart of the town of Bedford, Massachusetts.  It extends along Great Road between Bacon and Concord Roads, and includes primarily residential areas on adjacent side streets.  The area includes the town's main civic buildings, its first cemetery, and a diverse array of residential architecture spanning more than two centuries.  The district was listed on the National Register of Historic Places in 1977; its boundaries were adjusted in 2014 and its period of significance extended.

Description and history
The area that is now Bedford …",0
59364505,Davis Creek (Lake Erie),https://en.wikipedia.org/wiki/Davis%20Creek%20%28Lake%20Erie%29,5.162317,4.068727,0.6102503265109854,0.6053997860223268,"Davis Creek is a tributary of the Lynn River, which empties into Lake Erie, and Port Rowan.
It drains .  Unlike nearby Kent Creek, Davis Creek is poorly covered by forests.

References",0
55209265,Claude Fenner,https://en.wikipedia.org/wiki/Claude%20Fenner,0.43650728,2.7002664,-0.1434295305937206,0.4452972751838769,"Tan Sri Sir Claude Harry Fenner  (16 January 1916 − 15 May 1978) was the first Inspector-General of Police of Malaysia, serving from 18 September 1958 to 28 February 1966.

Background
Fenner was born on 16 January 1916 in Fulham, United Kingdom and died on 15 May 1978 at Kenny Hill, Kuala Lumpur, Malaysia. He was the son of Harry Fenner and Daisy Elizabeth Arnold. He was educated at Highgate School.",0
60742910,Friedrich Walter,https://en.wikipedia.org/wiki/Friedrich%20Walter,-3.3394637,-1.8293325,-1.4460132521127993,0.1685923554137789,"Friedrich Walter (21 February 1924 – January 1980) was an Austrian ice hockey player. He competed in the men's tournament at the 1948 Winter Olympics.

References
",0
61012785,Markku Laakso,https://en.wikipedia.org/wiki/Markku%20Laakso,0.5820483,5.6577616,1.6098267536215871,0.817737550189349,"Markku Laakso (born 1949  in Vampula) is a Finnish professor of medicine and a type 2 diabetes researcher. He was awarded the Matti Äyräpää Prize in 2007, the Kelly West Award in 2008, and the Finnish Science Award in 2015.

References
",0
36520804,"Çamarası, Karacasu",https://en.wikipedia.org/wiki/%C3%87amaras%C4%B1%2C%20Karacasu,2.9548573,1.1786993,-0.5804160019342185,0.352469225442953,"Çamarası is a village in the District of Karacasu, Aydın Province, Turkey. As of 2010, it had a population of 134 people.

References
",0
54567817,Do You See What I See? (song),https://en.wikipedia.org/wiki/Do%20You%20See%20What%20I%20See%3F%20%28song%29,-0.6943317,12.089239,0.3615438470980707,0.5525676299809493,"""Do You See What I See?"" is the fourteenth single by Australian pub rock band Hunters & Collectors, released in 1987.  It was released ahead of the album in August 1987 in both 7"" and 12"" formats. It was released as the first single from Hunters & Collectors fifth album What's a Few Men?. ""Do You See What I See?"" peaked at number 33 on the ARIA Charts and at number 13 on the Recorded Music NZ.

Track listing
",0
3722237,Beverly Todd,https://en.wikipedia.org/wiki/Beverly%20Todd,-2.3199303,7.8439975,-1.0599073426883323,0.2506119622344933,"Beverly Todd (born July 11, 1946) is an American actress, producer and writer. She is known for her roles in films Brother John (1971), Moving (1988), Lean on Me (1989) and The Bucket List (2007).

On television, Todd appeared in the short lived Julie Farr, M.D. (1978−79) and The Redd Foxx Show (1986). She recurred on Six Feet Under (2002−03) and has appeared in several soap operas, including Love of Life (1968−70) and Days of Our Lives (2012). Todd has portrayed Beatrice Carter on 9-1-1 on a recurring basis since 2019. Todd has received four NAACP Image Award nominations throughout her career…",0
69401556,Bough Down,https://en.wikipedia.org/wiki/Bough%20Down,-1.2590871,6.298646,0.3941019284007153,0.5594838697019634,"Bough Down is a collection of poetry and small mixed media collages, created by Karen Green. It was published in 2013 and won the Believer Poetry Award the same year. In her book, Green explores how contradictory emotions can coexist and processes these sentiments through her prose and art.

Background 
Green is known for a variety of exhibitions, such as The Forgiveness Machine, an interactive display from 2009, and Tiny Stampede, a collection of collages from 2011. Alongside Bough Down, Green is also the author of Voices from La Frontera: Pioneer Women from the Big Bend Tell Their Stories (2…",0
64362289,Ayanda Bans,https://en.wikipedia.org/wiki/Ayanda%20Bans,0.07261167,2.9234378,-0.272328986106837,0.4179154548010987,"Ayanda Precious Bans is a South African politician serving as a Member of the Western Cape Provincial Parliament since May 2019. She is a member of the African National Congress and represents the Central Karoo constituency.

Biography
Bans was born in Murraysburg in the previous Cape Province. She holds a degree from the University of the Western Cape. She was employed in the local economic development sector of the Central Karoo for about twelve years.",0
53044613,Czartoryski Palace (Puławy),https://en.wikipedia.org/wiki/Czartoryski%20Palace%20%28Pu%C5%82awy%29,2.9409258,3.9894605,-1.2634308403511605,0.2073779250192527,"The Czartoryski Palace () is a palace in the town of Pulawy, Poland, whose origins date back to the second half of the 17th century and are related to the history of the magnate families: the Lubomirski, Sieniawski and, above all, the Czartoryski family.

History
It was first built between 1671 and 1679 by Stanisław Herakliusz Lubomirski to designs by the Dutch architect Tylman van Gameren. This complex included a garden. The town had passed to the Sieniawski family by 1706, when the palace and its surroundings were destroyed by Swedish troops during the Great Northern War. Reconstruction bega…",0
55310623,Brand New Era,https://en.wikipedia.org/wiki/Brand%20New%20Era,-1.4381388,11.865544,-0.6685607365417792,0.333744838430579,"Brand New Era (stylized as BRAИD ИEW ERA) is the second studio album by Japanese hip-hop group Lead on August 25, 2004. The album charted at No. 11 on the Oricon charts and remained on the charts for three weeks. Bonuses with the album included one of four possible posters, a remix of their song ""Night Deluxe"" and a specialized URL to allow buyers to download original wallpapers.

The album was preluded by three singles: Funky Days!, Get Wild Life and Night Deluxe.
",0
35608719,James Doherty (actor),https://en.wikipedia.org/wiki/James%20Doherty%20%28actor%29,-2.0274236,8.268394,-0.476327695760617,0.3745804693752687,"James Doherty (born 17 December 1966) is an English actor.

Life and career
Born in Guildford, Surrey, he was educated at Felsted School in Essex and was a member of the National Youth Theatre of Great Britain. He trained at the Guildford School of Acting, graduating in 1989. He is married to TV presenter Joanna Sinnott and together they have two children, Jago (2006) & Nell (2013).",0
20173296,Thomas Fielden (musician),https://en.wikipedia.org/wiki/Thomas%20Fielden%20%28musician%29,-0.7721268,10.690567,-0.8565058770678783,0.2938200764584233,"Thomas Perceval Fielden (24 November 1883 – 15 September 1974) was a British pianist and music teacher.  He was director of music at three public schools (Hurstpierpoint College, Fettes and Charterhouse) and was Professor of Pianoforte at the Royal College of Music for over 30 years.  He wrote on the subject of piano technique and gave many recitals.

Life
Fielden, who was born in Chichester on 24 November 1883, was educated at the Royal College of Music (1902–1905) then at Jesus College, Oxford, where he was organ scholar and obtained BA and BMus degrees.  He then studied piano in Berlin, and…",0
1495416,ATI TruForm,https://en.wikipedia.org/wiki/ATI%20TruForm,1.2343855,7.033928,1.0364832765995688,0.6959434895165564,"ATI TruForm was a brand by ATI (now AMD) for a SIP block capable of doing a graphics procedure called tessellation in computer hardware. ATI TruForm was included into Radeon 8500 (available from August 2001 on) and newer products.

The successor of the SIP block branded ""ATI TruForm"" was included into Radeon HD 2000 series (available from June 2007 on) and newer products: hardware tessellation with TeraScale.
",0
38097285,"Suzan, Markazi",https://en.wikipedia.org/wiki/Suzan%2C%20Markazi,2.7514133,0.6182821,0.1328313906700857,0.5039827591117484,"Suzan (, also Romanized as Sūzān) is a village in Javersiyan Rural District, Qareh Chay District, Khondab County, Markazi Province, Iran. At the 2006 census, its population was 782, in 207 families.

References 
",0
54264073,Reginald Veal,https://en.wikipedia.org/wiki/Reginald%20Veal,-0.49278846,11.45236,0.0545432318917434,0.4873521822545105,"Reginald Veal (born November 5, 1963) is an American jazz bassist and multi-instrumentalist from New Orleans, Louisiana.

Veal grew up in New Orleans where he began piano lessons at a very early age. After receiving a bass guitar as a gift from his father at the age of eight, Veal went on to later join his father's gospel group as the bassist. Veal studied with the legendary New Orleans bassist Walter Payton. He attended Southern University, studying bass trombone with the clarinetist Alvin Batiste. Veal was a touring bassist with pianist and teacher Ellis Marsalis from 1985 to 1989, and durin…",0
23078733,Bell box,https://en.wikipedia.org/wiki/Bell%20box,1.2385316,7.1153636,2.354673907088158,0.9759637497311298,"A bell box is an audible device, often electric, which when activated, emits a chime, bell, or buzzer sound.

Components
The housing of the bell box may be manufactured from wood, metal, or plastic. The basic core component of a conventional bell box is an electromagnet and a bell or other metal part, some of which create a repetitive sound. The bell sound is normally created inside the box, although the unit may have bells mounted on the outside of the box. The bell box may also include visual alerts such strobe or other flashing lights.",0
14617505,Jeffrey Lau,https://en.wikipedia.org/wiki/Jeffrey%20Lau,-1.7806256,8.959196,-1.0501003863418288,0.2526952318349176,"Jeffrey Lau Chun-Wai (; born 5 February 1955) is a Hong Kong film director, screenwriter, actor and producer. Lau is famous for writing and directing ""mo lei tau"" comedies.  His comedies include A Chinese Odyssey (with Stephen Chow) and Chinese Odyssey 2002, the latter which was voted Best 2002 Film by the Hong Kong Film Critics Society.

Filmography
Nomad (1982)",0
15897237,Tenteling,https://en.wikipedia.org/wiki/Tenteling,5.377574,1.9334728,0.8475370517823907,0.6558060694680944,"Tenteling (; ) is a commune in the Moselle department in Grand Est in north-eastern France.
Tenteling consists of the villages Tenteling and Ebring.

See also",0
65624836,Mont kywe the,https://en.wikipedia.org/wiki/Mont%20kywe%20the,2.866561,6.5155725,-0.2382663090901536,0.4251513123934723,"Mont kywe the (; , ) is a traditional Burmese snack or mont. It bears resemblance to the Indonesian and Malaysian kuih kosui and Filipino kutsinta.

This snack is a rice cake pudding made of rice flour, jaggery, salt, and alkaline limewater. After cooking, the pudding is served up in slices and garnished with coconut shavings. Mont kywe the uses rice flour milled from kauk kyan (ကောက်ကြမ်း), which has a high amylose content.
",0
24559082,Archdeacon of Bath,https://en.wikipedia.org/wiki/Archdeacon%20of%20Bath,-1.4853324,4.747823,-1.078415671742624,0.2466802796704937,"The Archdeacon of Bath is a senior ecclesiastical officer in the Church of England Diocese of Bath and Wells. The post, having oversight over the archdeaconry of Bath, has existed since the twelfth century. The archdeaconry includes five deaneries.

List of archdeacons
Some archdeacons without territorial titles are recorded from around 1086; see Archdeacon of Wells.",0
44919046,Yi Haegyeong,https://en.wikipedia.org/wiki/Yi%20Haegyeong,1.4186279,3.3968163,-0.2120703755178369,0.4307160554327738,"Yi Hae-gyeong (이해경, 李海瓊; born 1930) is the 5th daughter of Prince Yi Kang. Yi is the granddaughter of Emperor Gojong of the Korean Empire who reigned from 1863 to 1907. She resides in New York City since 1956, working in Columbia University in charge of a famous collection of Asian literature, from which she eventually retired in 1996.

References
",0
13607232,The Booth,https://en.wikipedia.org/wiki/The%20Booth,-1.5994712,8.650443,0.9960984679950078,0.6873646357812865,"is a 2005 Japanese horror film directed by Yoshihiro Nakamura and starring Ryuta Sato. The Booth was released on DVD, in the United States, May 23, 2006, distributed by the Tartan Video under their label Tartan Asian Extreme.

References
",0
51633532,Kumaragupta III,https://en.wikipedia.org/wiki/Kumaragupta%20III,1.3612565,2.4473453,0.1488272176105519,0.5073807165229284,"Kumaragupta III (Gupta script:  Ku-ma-ra-gu-pta) was a later Gupta Emperor. He succeeded his father Narasimhagupta in about 530 CE.

His silver-copper seal was discovered in Bhitari (Ghazipur district, Uttar Pradesh) in 1889, which mentions the names of his father Narasimhagupta and grandfather Purugupta. The seal of Kumaragupta III allowed for the clarification of the genealogy of later Gupta kings: it gave the names of three Gupta king who had been hitherto unknown: Purugupta, Narasimhagupta and Kumaragupta II. 
",0
39446182,Hans Peter Pawlik,https://en.wikipedia.org/wiki/Hans%20Peter%20Pawlik,-0.2910027,5.9059196,-0.5721507845023083,0.3542249869257636,"Hans Peter Pawlik (died 2 January 2012 in Vienna) was an Austrian painter and author.

Life 
As an author Pawlik wrote on his own or with Josef Otto Slezak and others multiple books and illustrated books about the history of railway in Austria. He became especially known as a painter for his historic motifs of the Southern Railway.",0
21400648,Court dwarf,https://en.wikipedia.org/wiki/Court%20dwarf,-0.69267726,4.5478086,0.737238698221103,0.6323756391865325,"Some of the first dwarfs to have their histories recorded were employed as court dwarfs. They were owned and traded amongst people of the court, and delivered as gifts to fellow kings and queens.

Visual effect
Court dwarfs were made to stand right next to the king or queen in a royal court during public appearances and ceremonies. Because they were so small, the king appeared much larger and visually enhanced his powerful position. Other than court jesters who were professional entertainers and clowns, court dwarfs were also used as ""natural fools"" to create amusement due to their unusual bod…",0
62569144,2020 Tajik parliamentary election,https://en.wikipedia.org/wiki/2020%20Tajik%20parliamentary%20election,-0.5497869,2.938256,-1.515415653027297,0.1538493600426234,"Parliamentary elections were held in Tajikistan on 1 March 2020. The result was a landslide victory for the ruling People's Democratic Party, which won 47 of the 63 seats. The only opposition party, the Social Democratic Party, received just 0.3% of the vote.

The Organization for Security and Co-operation in Europe was critical of the election.
",0
34971553,Todd Schlekeway,https://en.wikipedia.org/wiki/Todd%20Schlekeway,-2.2708254,3.2848911,-0.3679267585834755,0.3976078357771948,"Todd Schlekeway (born April 12, 1977) is a former state senator who represented District 11 in the South Dakota legislature from 2009 to 2013, from Minnehaha County, South Dakota Schlekeway is a member of the Republican Party. Prior to becoming a state senator Schlekeway served as a representative in district 11.

References
",0
23227778,Sam Harrison (cyclist),https://en.wikipedia.org/wiki/Sam%20Harrison%20%28cyclist%29,-4.600355,-2.8546572,-0.8610897387124996,0.2928463370759497,"Samuel James Harrison (born 24 June 1992) is a Welsh racing cyclist. He has twice won medals at the UCI Track Cycling World Championships, in 2011, and 2013.

Cycling career
Harrison is from Risca, Newport. He tried cycling after hearing his friends saying that Newport Velodrome was fun, and at the age of 13 he was soon racing with the local club, Cwmcarn Paragon. He was selected to be a member of British Cycling's Olympic Development Programme in 2008.",0
57824184,Danse avec les stars (season 9),https://en.wikipedia.org/wiki/Danse%20avec%20les%20stars%20%28season%209%29,-1.1353198,8.941016,0.3310368123215461,0.5460870894438563,"The ninth season of the French version of Dancing with the Stars  started in October 2018 on TF1. It was hosted by Camille Combal and Karine Ferri. Nico Archambault did not reprise his role as judge and was replaced by Patrick Dupond. Fauve Hautot also left the panel of the judges to return as a dancer and was replaced by the winner of Danse avec les stars (France season 2), Shy'm. Jean-Marc Généreux and Chris Marques both returned as judges.

Participants
",0
41615599,Norges-Nytt,https://en.wikipedia.org/wiki/Norges-Nytt,-0.4779871,5.1895566,0.1532027590548521,0.5083102029154681,"Norges-Nytt was a Norwegian magazine issued in Stockholm from September 1941 by the Press Office of the Norwegian legation in Stockholm. It had a circulation of up to 40,000 copies.

Among the editors of Norges-Nytt were journalists Jørgen Juve (until 1942) and Rolf Gerhardsen. The last issue was #24 published in 1945.
",0
410434,USS Ponce,https://en.wikipedia.org/wiki/USS%20Ponce,-3.4909089,5.076493,0.9497544491568498,0.6775198804672238,"USS Ponce may refer to more than one United States Navy ship:

 , was an 18-ton motorboat in the service of the United States Navy during World War I
 , was an amphibious transport commissioned in 1971 and decommissioned in 2017",0
30582406,James Wilson King,https://en.wikipedia.org/wiki/James%20Wilson%20King,-2.647607,4.602913,0.4897170086972869,0.5797951653869885,"James Wilson King (1818  – June 6, 1905) was an American Navy Officer. He served as Chief Engineer of the United States Navy. During his career, he held every position in the Navy to which an engineering officer could be called. Today, he is best known for his 1880 book, The Warships and Navies of the World, which has been called ""an important book to establish reliable contemporary information."" It was republished by the U.S. Naval Institute in 1982.

Career 
King was appointed to the Navy from Maryland as a Third Assistant Engineer on September 2, 1844. During the Mexican–American War, he wa…",0
29070949,Billingane Peaks,https://en.wikipedia.org/wiki/Billingane%20Peaks,5.3296213,3.0906086,0.4700796270034668,0.5756236407192716,"The Billingane Peaks () are a cluster of four peaks, about  east-southeast of See Nunatak at the eastern end of the Hansen Mountains in Antarctica. They were mapped and named by Norwegian cartographers working from air photos taken by the Lars Christensen Expedition, 1936–37.

References 
",0
26097908,Lilian Harmel,https://en.wikipedia.org/wiki/Lilian%20Harmel,-1.2813781,9.848545,-0.9842181591032236,0.2666904446578398,"Lilian Harmel (May 5, 1908 – August 9, 1982) was an Austrian dancer, choreographer and pedagogue.

Life and career 
Lilian Harmel was born in England on May 5, 1908. Her childhood was spent in Alexandria, Egypt, where she first began to dance. She was trained in classical ballet (in the Preobrajenska method) in Vienna. In Vienna, she subsequently became a pupil of Gertrud Bodenwieser at the State Academy. She later studied choreography from Kurt Jooss and, in the style of German Expressionism, under Mary Wigman.  By the beginning of the 1930s, she had performed to critical acclaim in the major…",0
62453285,Results of the 1917 Victorian state election (Legislative Assembly),https://en.wikipedia.org/wiki/Results%20of%20the%201917%20Victorian%20state%20election%20%28Legislative%20Assembly%29,-1.2067513,3.146757,-0.2955181355349632,0.4129894361306339,"|}

This is a list of electoral district results for the 1917 Victorian state election.
",0
8121206,Jerry Adler,https://en.wikipedia.org/wiki/Jerry%20Adler,-2.0564756,8.293037,-0.8189838883059435,0.3017907878364816,"Jerry Adler (born February 4, 1929) is an American theatre director, producer, and film and television actor. He is perhaps best known for his films Manhattan Murder Mystery, The Public Eye, In Her Shoes, and Prime, and for his television work as Herman ""Hesh"" Rabkin on The Sopranos, Howard Lyman on The Good Wife and The Good Fight, building maintenance man Mr. Wicker on Mad About You, Bob Saget's father Sam Stewart on Raising Dad, Fire Chief Sidney Feinberg on Rescue Me, Moshe Pfefferman on Transparent, Saul Horowitz on Broad City, and Hillston on Living with Yourself with Paul Rudd.

Early l…",0
56956995,1935 World Table Tennis Championships – Mixed doubles,https://en.wikipedia.org/wiki/1935%20World%20Table%20Tennis%20Championships%20%E2%80%93%20Mixed%20doubles,-3.259847,-3.548356,-0.5712822980857878,0.3544094775348774,"The 1935 World Table Tennis Championships mixed doubles was the ninth edition of the mixed doubles championship.  

Viktor Barna and Anna Sipos defeated Stanislav Kolář and Marie Kettnerová in the final by three sets to one.
",0
19076825,TeamViewer,https://en.wikipedia.org/wiki/TeamViewer,1.2576851,6.8220305,1.3238330057004912,0.7569845438636075,"TeamViewer is a remote access and remote control computer software, allowing maintenance of computers and other devices. It was first released in 2005,  and its functionality has expanded step by step. TeamViewer is proprietary software, but does not require registration and is free of charge for non-commercial use. It has been installed on more than two billion devices. TeamViewer is the core product of developer TeamViewer AG.

History
Rossmanith GmbH released the first version of TeamViewer software in 2005, at that time still based on the VNC project. The IT service provider wanted to avoi…",0
38022300,Psilocerea psegma,https://en.wikipedia.org/wiki/Psilocerea%20psegma,11.796883,5.2819023,-1.4857635526516184,0.1601482887947027,"Psilocerea psegma is a species of moth of the family Geometridae. It is found on the Comoros.

Related pages
List of moths of the Comoros",0
3901485,Nat Young (disambiguation),https://en.wikipedia.org/wiki/Nat%20Young%20%28disambiguation%29,-0.8880478,-2.1449487,2.3026831672698957,0.9649194742250432,"Nat or Nathan Young may refer to:

 Nat Young (born 1947), Australian surfing champion
 Nat Young (American surfer) (born 1991), Californian surfer",0
12189101,Saccolaimus,https://en.wikipedia.org/wiki/Saccolaimus,10.354323,5.228329,0.3185414584628411,0.5434327296281666,"Saccolaimus is a genus of the family Emballonuridae, small insectivorous bats with distinctive sheathtails and pouches at the wrist.

The species have been placed with genus Taphozous, in subgenus Taphozous, although an elevation to genus accords with a 1991 revision of Australian emballonurids. The type species is Taphozous saccolaimus, published by Coenraad Jacob Temminck in 1838, elevated as generic combination Saccolaimus saccolaimus in this arrangement. The genus also follows Temminck's description of that species.
A revision by George Dobson in 1876 erected the genus name Taphonycteris, …",0
32719824,1979 Clemson Tigers football team,https://en.wikipedia.org/wiki/1979%20Clemson%20Tigers%20football%20team,-1.2289401,-4.328202,-0.0660108802224183,0.4617431443328617,"The 1979 Clemson Tigers football team was an American football team that represented Clemson University in the Atlantic Coast Conference (ACC) during the 1979 NCAA Division I-A football season. In its second season under head coach Danny Ford, the team compiled an 8–4 record (4–2 against conference opponents), tied for second place in the ACC, lost to Baylor in the 1979 Peach Bowl, and outscored opponents by a total of 205 to 116. The team won the 300th game in Clemson history on September 22 and played its home games at Memorial Stadium in Clemson, South Carolina.

Bubba Brown and Billy Lott …",0
20170112,The Seed (2.0),https://en.wikipedia.org/wiki/The%20Seed%20%282.0%29,-1.1375345,12.231789,-0.4528982863054303,0.379557525940967,"""The Seed (2.0)"" is the second single by The Roots from their fifth album Phrenology (2002). The track, which features Cody Chesnutt on the guitar and vocals, is an ""uptempo retooling"" of his song ""The Seed"" from the album The Headphone Masterpiece. The song's music video was nominated for the MTV2 Award at the 2003 MTV Video Music Awards. Jeff Vrabel of Billboard described the track as ""a genre-bending mix of rock guitars and Prince-styled keyboards and drums"".

Music and reception
""The Seed (2.0)"" is a hybrid mix of ""distorted rock, hip-hop and psychedelic soul"". Brett Berliner of Stylus Mag…",0
49037459,Domesticated quail,https://en.wikipedia.org/wiki/Domesticated%20quail,10.049885,4.8679786,-0.2270410636614324,0.4275358659422697,"A domesticated quail is a domestic form of the quail, a collective name which refers to a group of several small species of fowl. Thousands of years of breeding and domestication have guided the bird's evolution. Humans domesticated quails for meat and egg production; additionally, quails can be kept as pets. Domesticated quails are commonly kept in long wire cages and are fed game bird feed. The most common domesticated type is the Coturnix quail (also known as the Japanese quail). Quails live on the ground, and rarely fly unless forced to do so.

Breeds
Twenty types of wild quail exist along…",0
15432883,Les Noës-près-Troyes,https://en.wikipedia.org/wiki/Les%20No%C3%ABs-pr%C3%A8s-Troyes,5.3161697,1.9819056,0.9478705150492858,0.6771196805971703,"Les Noës-près-Troyes (, literally 'Les Noës near Troyes') is a commune in the Aube department in north-central France.

Population
",0
1032404,Inkster (electoral district),https://en.wikipedia.org/wiki/Inkster%20%28electoral%20district%29,-1.4585435,3.183065,1.1860625661577042,0.727718280366993,"Inkster was a provincial electoral division in the Canadian province of Manitoba. It was located in the northwestern corner of the city of Winnipeg. Officially created by redistribution in 1957, it has existed since the provincial election of 1958.

The riding was named after the Inkster family, who were prominent local figures at the time of the province's creation in 1870.  John Inkster was a member of Louis Riel's provisional government, while Colin Inkster was a member of the province's Legislative Council (which existed from 1871 to 1876).
",0
58180736,Carlos Revilla,https://en.wikipedia.org/wiki/Carlos%20Revilla,-2.480523,9.033565,0.8826871357036143,0.6632729224547044,"Carlos Revilla González (22 January 1933 – 28 September 2000) was a Spanish voice actor and voice director known for his role as Homer Simpson in the Spanish version of The Simpsons, for which he was also the dubbing director.

Biography
Born in Salamanca, Castile and León, Revilla left his medical studies at the age of 20 to become a radio actor on Cadena SER and later moved into dubbing of American films into Spanish. He dubbed the voices of actors such as Walter Matthau, Charlton Heston, Jack Lemmon and Bill Cosby and was the voice of KITT on Knight Rider in Spain. He worked on the dubbing …",0
53294912,Manhattan Times,https://en.wikipedia.org/wiki/Manhattan%20Times,-0.764975,6.028054,0.3117858723425256,0.541997655717338,"The Manhattan Times is a free English / Spanish bilingual community newspaper serving all the neighborhoods of Upper Manhattan, including Hamilton Heights, East, Central, and West Harlem, Washington Heights, Inwood, and Marble Hill. It was founded in 2000 by Luís A. Miranda Jr., Roberto Ramírez Sr., and David Keisman. The print version is distributed free on Wednesdays to 235 different street boxes and community organizations (), primarily in Washington Heights and Inwood.

Content
The primary feature of the Manhattan Times is its articles, written by a combination of editorial staff and other…",0
35244738,Jet-Set (magazine),https://en.wikipedia.org/wiki/Jet-Set%20%28magazine%29,-0.49510127,5.811113,0.2928601929256877,0.537977316357866,"Jet-Set was a Colombian-based fortnightly magazine profiling the glamorous, compelling and sometimes scandalous lives and happenings of Colombian and international celebrities, politicians, artists, and those of the elite and high-society, that is to say, those in the jet set. The magazine heavily relies on engaging editorials and vivid photographs depicting the stylish fashions worn, the exciting events attended, and the extravagant home décor of the rich and famous to captivate its readers' imagination.

History and operations
The magazine was founded in 1998 as the tenth publication of Publ…",0
3551575,Peter Silvester (1734–1808),https://en.wikipedia.org/wiki/Peter%20Silvester%20%281734%E2%80%931808%29,-2.0273426,3.86486,-0.1683542255332846,0.440002578497891,"Peter Silvester (1734 – October 15, 1808) was an American politician who was a member of the United States House of Representatives from New York, and a prominent Federalist attorney in Kinderhook.  He was a mentor to Martin Van Buren, the 8th President of the United States and was the grandfather of New York Representative Peter Henry Silvester.

Early life
Peter Silvester was born in 1734 at Shelter Island in the Province of New York (just off the eastern coast of Long Island). Silvester was probably descended from Nathaniel Sylvester (1610-1680), an Anglo-Dutch sugar merchant and the first …",0
61803930,Toivo Salminen,https://en.wikipedia.org/wiki/Toivo%20Salminen,-3.3015358,-1.8556936,0.0476701485668514,0.4858921486777286,"Toivo Salminen (29 November 1923 – 4 October 1991) was a Finnish field hockey player. He competed in the men's tournament at the 1952 Summer Olympics.

References
",0
594658,S2 (Berlin),https://en.wikipedia.org/wiki/S2%20%28Berlin%29,3.6716661,3.0733738,0.1209490375595487,0.5014586176613265,"S2 is a line on the Berlin S-Bahn. It operates from Bernau to Blankenfelde over:
the Berlin-Szczecin railway, opened on 1 August 1842 and electrified on 8 August 1924,
the Nord-Süd-Tunnel, opened on 28 May 1936 from Humboldthain to Unter den Linden and on 6 November 1939 to Anhalter Bahnhof and Priesterweg
the Berlin–Dresden railway, opened on 17 June 1875 and electrified on 15 May 1933.",0
19801420,Shandan (disambiguation),https://en.wikipedia.org/wiki/Shandan%20%28disambiguation%29,2.6449156,0.76861566,0.5144920495681596,0.5850580713969614,"Shandan is a county in Gansu, China.

Shandan may also refer to:
",0
24011830,"2009 World Championships in Athletics – Men's 10,000 metres",https://en.wikipedia.org/wiki/2009%20World%20Championships%20in%20Athletics%20%E2%80%93%20Men%27s%2010%2C000%20metres,-3.8901532,-2.6218615,-1.54527725404284,0.1475059275425026,"The Men's 10,000 metres at the 2009 World Championships in Athletics was held at the Olympic Stadium on 17 August. A large field of 31 athletes from 15 countries was set to participate in the final, although Irishman Martin Fagan did not start the competition.

Kenenisa Bekele was the favourite before the race, having never lost a race over the distance and starting the race as the reigning Olympic and World champion, as well as the world record holder. Four-time major championship silver medallist Sileshi Sihine was another strong competitor, but he withdrew due to an injury and was replaced …",0
41361632,Edward J. Samp,https://en.wikipedia.org/wiki/Edward%20J.%20Samp,-1.0422122,-4.062707,-0.4595685215057209,0.3781405829334253,"Edward J. Samp was an American football coach of German Catholic heritage during the early 20th century. In 1913, he became the head football coach at Hamilton College in Clinton, New York.

College student and athlete
Samp attended the University of Wisconsin–Madison, where he was a member of Phi Bata Kappa. A talented athlete, he played baseball, rowed, and was an all-conference performer in football. Samp lettered in  three season on the football team under coaches Thomas A. Barry, John R. Richards, and William Juneau. He played fullback for the 1910 and 1911 season, but moved to tackle for…",0
60675577,Halorhodospira,https://en.wikipedia.org/wiki/Halorhodospira,9.758887,6.3390923,0.024031035125836,0.4808705451676646,"Halorhodospira is a Gram-negative genus of bacteria from the family of Ectothiorhodospiraceae. Halorhodospira bacteria occur in hypersaline and extreme saline habitats.

References
",0
11821798,Benjamin D. Nabers,https://en.wikipedia.org/wiki/Benjamin%20D.%20Nabers,-2.196859,3.6002154,-0.7368300500310268,0.3192425422635643,"Benjamin Duke Nabers (November 7, 1812 – September 6, 1878) was a U.S. Representative from Mississippi.

Biography
Born in Franklin, Tennessee, Nabers attended the common schools.",0
12176214,Gorongoza gerbil,https://en.wikipedia.org/wiki/Gorongoza%20gerbil,10.178241,5.0850673,0.8274983061685715,0.6515492839688108,"The Gorongoza gerbil (Gerbilliscus inclusus) is a species of rodent found in Mozambique, Tanzania, and Zimbabwe. Its natural habitat is moist savanna.

References
",0
8961453,Ampache,https://en.wikipedia.org/wiki/Ampache,1.1906371,7.188498,2.058601373320712,0.9130697296778854,"Ampache is a free software web-based audio file manager and media server. The name is a blend of the words ""amplifier"" and ""Apache"". It was originally written to take advantage of Apache's Mod_mp3 but has since been adapted to use its own streaming method. Ampache's Mascot is a squirrel called Fraz, originally drawn by Kirsten Petersen, later digitized by Ben Shields, and redesigned by Agnès Champavier in 2008.

History 
Ampache was released in 2001. Its original author, Scott Kveton went on to create the OSUOSL at Oregon State University and passed the developmental lead to Karl Vollmer who w…",0
12034930,Chandapura,https://en.wikipedia.org/wiki/Chandapura,2.2452326,1.7902607,-0.223902134286504,0.4282026616241938,"Chandapura is a Town Municipality Council (TMC) in the Bengaluru urban district of Karnataka state in India. Chandapura is 6 km from Electronics City on  NH 44 (widely known as Hosur Road). It has a Saturday market for fresh fruits and vegetables and famous for Saturday traffic jams. Chandapura to get Namma Metro services by 2021,Extending from Bommasandra. Karnataka Housing Board  (Surya Nagar Phase 1) is just 200 metres from Chandapura and also Phase 2 & 3 are close by to Chandapura. It is one of the industrial areas in Anekal taluk, with others being Attibele, Bommasandra, Electronic City, …",0
1433116,Bertil Schmüll,https://en.wikipedia.org/wiki/Bertil%20Schm%C3%BCll,-0.37186497,6.039588,0.4462035114936865,0.570551691394701,"Bertil H.W. Schmüll (born 8 June 1946) is a Dutch engraver, known professionally by his first name Bertil, who has been compared in a modern sense in form and style to Albrecht Dürer. He works with the techniques of engraving and drypoint.

He was born at Naarden in the Netherlands. He trained from 1962-1966 at the School of Graphic Arts (in Amsterdam, then the Rijksacademie voor beeldende kunsten (National Academy of Visual Arts) (1968).
",0
30264352,Sunshine Canada,https://en.wikipedia.org/wiki/Sunshine%20Canada,-0.9718285,8.526682,-0.3055274693002786,0.4108631759519379,"Sunshine Canada is a Canadian short film television series which aired on CBC Television in 1967.

Premise
This series of National Film Board of Canada films was presented for children in association with the Canadian Centennial. Topics included Banting and Best's discovery of insulin, the establishment of Montreal, the RCMP Musical Ride and the Saint Lawrence Seaway.",0
10291243,Oxmoor,https://en.wikipedia.org/wiki/Oxmoor,4.46293,4.589943,1.9367676382890529,0.8871888643482377,"Oxmoor may refer to:

 Oxmoor Center, shopping mall in Louisville, Kentucky
 Oxmoor Copse, Surrey",0
2698785,Delta Tucanae,https://en.wikipedia.org/wiki/Delta%20Tucanae,1.6838441,8.201854,-1.4287074598118688,0.1722685858096282,"Delta Tucanae (δ Tuc, δ Tucanae) is a common proper motion  pair located in the southwestern corner of the southern constellation of Tucana. Based upon an annual parallax shift of 13.00 mas as seen from Earth, is approximately 250 light years from the Sun. It is visible to the naked eye with a combined apparent visual magnitude of +4.48. As of 2013, the two components had an angular separation of 7.0 arc seconds along a position angle of 282°.

The brighter primary, component A, is blue-white hued star a visual magnitude of 4.52. It is a B-type main-sequence star with a stellar classification …",0
26039896,Runeberg Prize,https://en.wikipedia.org/wiki/Runeberg%20Prize,-0.49406606,5.4634943,1.1687399477658371,0.7240384756426258,"The Runeberg prize (Finnish: Runeberg-palkinto, Swedish: Runebergspriset) is a Finnish literature prize founded in 1987.

The prize is named in honour of Finnish national poet Johan Ludvig Runeberg (1804–1877) and is awarded annually on his birthday, 5 February. The prize is awarded to a literary work by a Finnish writer in Finnish or Swedish. The Runeberg prize is currently endowed with 20,000 euros.
",0
57155294,Armin Baumgartner,https://en.wikipedia.org/wiki/Armin%20Baumgartner,-4.2814627,-1.9419967,-0.7412957405583711,0.318293905704798,"Armin Baumgartner (born 8 March 1950) is a Swiss bobsledder. He competed in the four man event at the 1980 Winter Olympics.

References
",0
32164055,Grant S. Nelson,https://en.wikipedia.org/wiki/Grant%20S.%20Nelson,-1.688325,3.8146403,-0.4329271585108623,0.3837999475395339,"Grant S. Nelson (born 1939) is the William H. Rehnquist Professor of Law, at Pepperdine University.  A leading scholar of real estate law, Nelson was previously professor of law at the University of California, Los Angeles.  He was ""Professor of the Year"" three times at UCLA and won the Rutter Award. He has published extensively on the topic of real estate transactions.  He served as a co-reporter for the American Law Institute's Restatement of Property.

Personal background
He is a graduate of the University of Minnesota and the University of Minnesota Law School, where he was an editor of th…",0
12331750,Overboard (a cappella),https://en.wikipedia.org/wiki/Overboard%20%28a%20cappella%29,-1.0074327,11.819319,-0.5655056182243485,0.3556366045987201,"Overboard is an a cappella group based in Boston, Massachusetts.

History 
",0
64364453,Begonia (musician),https://en.wikipedia.org/wiki/Begonia%20%28musician%29,-1.1719743,11.587307,1.0736989926161875,0.7038491400666461,"Begonia is the stage name of Alexa Dirks, a Canadian pop singer-songwriter from Winnipeg, Manitoba. She is most noted for her 2019 album Fear, which was longlisted for the 2020 Polaris Music Prize and shortlisted for the Juno Award for Adult Alternative Album of the Year at the Juno Awards of 2021.

Formerly a member of the Juno Award winning band Chic Gamine, Dirks launched her solo career in 2017 with the EP Lady in Mind. The EP's single ""Juniper"" reached #1 on the Radio 2 Top 20.
",0
71926760,2023 Miami Marlins season,https://en.wikipedia.org/wiki/2023%20Miami%20Marlins%20season,-2.0398228,-3.5023556,-0.8193729521919858,0.3017081398733647,"The Miami Marlins' 2023 season will be the 31st season for the Major League Baseball (MLB) franchise in the National League and the 12th as the Miami Marlins. The Marlins play their home games at LoanDepot Park as members of the National League East Division.

Offseason
",0
61227593,Naryshevo,https://en.wikipedia.org/wiki/Naryshevo,3.449047,0.89050055,-0.6511871095432537,0.3374354787981219,"Naryshevo () is a rural locality (a village) in Badrakovsky Selsoviet, Burayevsky District, Bashkortostan, Russia. The population was 106 as of 2010. There are 3 streets.

Geography 
Naryshevo is located 25 km south of Burayevo (the district's administrative centre) by road. Starobikmetovo is the nearest rural locality.",0
39585619,The FAB Awards,https://en.wikipedia.org/wiki/The%20FAB%20Awards,-1.8935204,9.269087,0.2048621260757668,0.5192840856461889,"Established in 1998, the FAB Awards is an international awards program which focuses on food and beverage brands.

Some of the brands that have won the FAB Award include McDonald's, Coca-Cola, Skittles, James Ready Beer, Heineken and Arla Foods.
",0
12987541,Börsborn,https://en.wikipedia.org/wiki/B%C3%B6rsborn,4.493908,1.9398472,-0.8987907538649071,0.2848375955258616,"Börsborn is an Ortsgemeinde – a municipality belonging to a Verbandsgemeinde, a kind of collective municipality – in the Kusel district in Rhineland-Palatinate, Germany. It belongs to the Verbandsgemeinde of Oberes Glantal.

The more than 500-year-old Muhleiche, an oak tree in the village's north end by the road going towards Steinbach am Glan and the belltower endowed by Countess Marianne von der Leyen in 1788-1789 are the village's main landmarks.
",0
2230008,Aluminate,https://en.wikipedia.org/wiki/Aluminate,2.9774544,7.280588,0.8637068908068704,0.6592409918735012,"In chemistry, an aluminate is a compound containing an oxyanion of aluminium, such as sodium aluminate. In the naming of inorganic compounds, it is a suffix that indicates a polyatomic anion with a  central aluminum atom.

Aluminate oxyanions
Aluminium  oxide (alumina) is amphoteric: it dissolves in both bases and acids. When dissolved in bases it forms hydroxyaluminate ions in the same way as aluminium hydroxide or aluminium salts. The hydroxyaluminate or hydrated aluminate can be precipitated and then calcined to produce anhydrous aluminates. Aluminates are often formulated as a combination …",0
49550428,Goya (Madrid),https://en.wikipedia.org/wiki/Goya%20%28Madrid%29,3.752606,1.0717224,0.5611378510523968,0.5949669337173469,"Goya is an administrative neighborhood () of Madrid belonging to the district of Salamanca. It has an area of . As of 1 March 2020, it has a population of 30,010. The WiZink Center is located in the neighborhood.

References 
",0
27073975,Elizaville Presbyterian Church,https://en.wikipedia.org/wiki/Elizaville%20Presbyterian%20Church,4.677389,4.799421,-0.298445195655409,0.4123676473562082,"Elizaville Presbyterian Church is a historic church on Kentucky Route 32 in Elizaville, Kentucky.  It was built in 1861 and added to the National Register of Historic Places in 1977.

It is a Flemish-bond brick front-gabled building which had an octagonal tower and spire over its entrance.
",0
31210312,Nisqually Entrance Historic District,https://en.wikipedia.org/wiki/Nisqually%20Entrance%20Historic%20District,4.2497473,4.632967,-0.3787695556712596,0.3953045248662003,"The Nisqually Entrance Historic District comprises the first public entrance to Mount Rainier National Park. The district incorporates the log entrance arch typical of all Mount Rainier entrances, a log frame ranger station and checking station, a comfort station and miscellaneous service structures, all built around 1926, as well as the 1915 Superintendent's Residence and the 1908 Oscar Brown Cabin, the oldest remaining structure in the park. The buildings in the district conform to the principles of the National Park Service Rustic style that prevailed in park design of the 1920s and 1930s.
…",0
19400819,Shaobing Song,https://en.wikipedia.org/wiki/Shaobing%20Song,1.5862426,3.6511767,0.2159838630582862,0.5216466511293989,"The Shaobing Song (), also known as Pancake Poem or Pancake Song, is a poem purported to be written by Liu Bowen during the Ming dynasty. He supposedly presented the poem to the Hongwu Emperor.

Prophecy
The poem is named after the Chinese pastry shaobing.  It is written in cryptic form and is difficult to understand. Some believe that certain lines contain references to the future of China at the time including:",0
53430183,Mulhearn,https://en.wikipedia.org/wiki/Mulhearn,-1.5494539,1.9369746,0.7989163040958399,0.6454776737838004,"Mulhearn is an Irish surname. Notable people with the surname include:

Ken Mulhearn (1945–2018), English football player
Tony Mulhearn (1939–2019), English political and trade unions campaigner and politician",0
38760734,Hong (beetle),https://en.wikipedia.org/wiki/Hong%20%28beetle%29,11.202039,4.4388065,0.9910391345474964,0.6862898929969599,"Hong is a genus of ladybird beetles which contains three species, all of which have only been infrequently found.

Species
The species of this genus differ from one another mostly in the shape of their bodies.",0
41290261,Henry Wetherell,https://en.wikipedia.org/wiki/Henry%20Wetherell,-1.4146965,4.8418603,-0.2656637751602115,0.4193313305177751,"The Ven.  Henry Wetherell was  Archdeacon of Hereford from 1825 to 1852.

Born in 1775, he was educated at Magdalen College, Oxford. He was elected a Fellow at University College, Oxford in 1802 and was  Chaplain to the Duke of Kent until 1820. He held incumbencies at Thruxton, Kentchurch and Kingstone.
",0
56281051,The Wife Who Wasn't Wanted,https://en.wikipedia.org/wiki/The%20Wife%20Who%20Wasn%27t%20Wanted,-2.0837886,7.9507537,-0.4350917716816296,0.3833401236496331,"The Wife Who Wasn't Wanted is a 1925 American silent drama film directed by James Flood and written by Bess Meredyth. It is based on the 1923 novel The Wife Who Wasn't Wanted by Gertie Wentworth-James. The film stars Irene Rich, Huntley Gordon, John Harron, Gayne Whitman, June Marlowe, and Don Alvarado. The film was released by Warner Bros. on September 12, 1925.

Plot
As described in a film magazine reviews, Bob Mannering is riding in a motor car with others when the car hits and kills a woman. He is accused of causing the death. His father, district attorney John Mannering, decides to prosec…",0
68561695,Andrew Man,https://en.wikipedia.org/wiki/Andrew%20Man,-1.338968,4.749696,1.081921160772466,0.705595756689005,"Andrew Man (sometimes spelt Andro Man) was a cunning man and healer in Aberdeen who was tried as a witch in 1597 and burnt in 1598.  He said that his powers came from the Queen of Elphame – a fairy queen with whom he had regularly consorted.

References
",0
38222589,Anatoli Gantvarg,https://en.wikipedia.org/wiki/Anatoli%20Gantvarg,-3.1820848,-1.6136568,0.313247319609211,0.542308107661421,"Anatoli Abramovich Gantvarg (; born 3 October 1948 in Minsk) is an international grandmaster in international draughts from Belarus. He won the Draughts World Championships in 1978, 1980, 1984 and 1985, as well as four Soviet Union championships (1969–1981). In 1984 and 1985 he was selected as Belarus Sportsperson of the Year.

Gantvarg has a university degree in mathematics, but throughout all of his life, he remained a professional draughts player. He has two daughters: one lives in the Netherlands and the other in Australia.
",0
3567387,Inhambane,https://en.wikipedia.org/wiki/Inhambane,2.7070332,2.5607152,0.809673901381497,0.6477628858931421,"Inhambane, also known as Terra de Boa Gente (Land of Good People), is a city located in southern Mozambique, lying on Inhambane Bay, 470 km northeast of Maputo. It is the capital of the Inhambane Province and according to the 2017 census has a population of 79,724, growing from the 1997 census of 54,157.

The settlement owes its existence to a deep inlet into which the small Mutamba River flows. Two protective sandy headlands protect the harbor and form a sandbank. The sister town of Maxixe is located across the bay of Inhambane.
",0
60714713,Allochromatium renukae,https://en.wikipedia.org/wiki/Allochromatium%20renukae,9.748739,6.3646626,0.7135950377026907,0.6273530697510808,"Allochromatium renukae is a Gram-negative and phototrophic bacterium from the genus of Allochromatium which has been isolated from brackish water from Chollangi in India.

References 
",0
16386225,"St. Stephen's Episcopal Church (St. Stephen, South Carolina)",https://en.wikipedia.org/wiki/St.%20Stephen%27s%20Episcopal%20Church%20%28St.%20Stephen%2C%20South%20Carolina%29,3.6401556,4.6152034,-0.9086309743188808,0.2827472597061713,"St. Stephen's Episcopal Church is a historic church located at 196 Brick Church Circle in St. Stephen, South Carolina. Built in the 1760s, it is one of a handful of surviving 18th-century brick parish churches in the state, with a number of architectural features not found on any other of the period.  It was declared a National Historic Landmark in 1970.

Description and history
St. Stephen's Church is located on the east side of St. Stephen, on the south side of Church Road (South Carolina Highway 45).  It is set on a parcel of about  that includes the churchyard and cemetery, and is surround…",0
45567625,Philomecyna leleupi,https://en.wikipedia.org/wiki/Philomecyna%20leleupi,11.26337,4.2860007,-0.814833699454025,0.3026724030864877,"Philomecyna leleupi is a species of beetle in the family Cerambycidae. It was described by Breuning in 1975.

References
",0
22189668,Edward Stevenson (disambiguation),https://en.wikipedia.org/wiki/Edward%20Stevenson%20%28disambiguation%29,-1.808291,3.6886868,1.353238836265058,0.7632311580755926,"Edward Stevenson (1820–1897) was an American Mormon missionary.

Edward Stevenson may also refer to:
",0
39129531,Simeon Jocelyn,https://en.wikipedia.org/wiki/Simeon%20Jocelyn,-0.98928446,5.270311,0.4309293704778147,0.567307040095493,"Simeon Jocelyn (1799-1879) was a white pastor, abolitionist, and social activist for African-American civil rights and educational opportunities in New Haven, Connecticut, during the 19th century. He is known for his attempt to establish America's first college for African Americans, in New Haven, and for his role in the Amistad affair.

Abolitionism
Jocelyn served as the first pastor of the Black congregation at the new Temple Street Church in New Haven, Connecticut. A former student at Yale College, Jocelyn was also the leading advocate for the establishment of an African-American college in…",0
18430831,Warley County Borough F.C.,https://en.wikipedia.org/wiki/Warley%20County%20Borough%20F.C.,-1.1790148,-2.5265188,-0.8194047961241971,0.3017013753387232,"Warley County Borough F.C. was an English association football club based in Warley in the Black Country.  The club competed in the West Midlands (Regional) League between 1968 and 1977 and won the Division One championship in the 1969–70 and 1971–72 seasons, before going on to spend five seasons in the Premier Division.  The club also competed in the FA Cup on three occasions, the FA Trophy twice and the FA Vase once.

References
",0
59333879,Urszula Kolaczkowska,https://en.wikipedia.org/wiki/Urszula%20Kolaczkowska,-0.29562628,5.4418836,-1.3690502720778903,0.1849414275417429,"Urszula Kołaczkowska (4 October 1911 - 29 December 2009) was a Polish fine artist who specialized in hand weaving and textile arts.

Biography
She was the daughter of Zofia née Słonczyńska (1872–1953) and Edward Kołaczkowski (born on 18 November 1849 in Suchodoły, died on 12 August 1933 in Lublin), a landowner, citizen of Lublin city, member of the Lublin City Council and Mayor of Lublin in 1915.",0
19840071,List of New Zealand police officers killed in the line of duty,https://en.wikipedia.org/wiki/List%20of%20New%20Zealand%20police%20officers%20killed%20in%20the%20line%20of%20duty,-0.5624471,3.9461913,0.9119618690214388,0.6694916879744768,"This is a list of New Zealand Police officers killed in the line of duty. As of 2020, 33 police officers have been killed by criminal act, and about 17 have died from accidental causes, during the execution of duty. There has been one instance of multiple police deaths, when Stanley Graham gunned down four officers (and two wartime home guardsmen) attempting to apprehend him in 1941, and four double fatalities. Most of the homicides have been a result of gunshot wounds, the accidents mainly due to either drowning or vehicle (car/aircraft) accidents.

A slain officer may receive a police funera…",0
18196860,Arthur Brooks,https://en.wikipedia.org/wiki/Arthur%20Brooks,-1.7854767,-2.9291039,1.647253762236012,0.825688085149061,"Arthur Brooks may refer to:

Arthur C. Brooks (born 1964), American social scientist
Arthur Raymond Brooks (1895–1991), World War I flying ace",0
35494881,National Health Service Act,https://en.wikipedia.org/wiki/National%20Health%20Service%20Act,1.3069682,5.219162,1.2297053109825409,0.7369892101397219,"National Health Service Act may refer to any of the following Acts of Parliament:

 National Health Service Act 1946
 National Health Service (Scotland) Act 1947",0
36285691,Cobblestone Museum,https://en.wikipedia.org/wiki/Cobblestone%20Museum,4.1271043,4.831753,0.9184925399832212,0.6708789836658566,"Cobblestone Museum may refer to:

Cobblestones Museum in Greytown, New Zealand
Cobblestone Farm and Museum, in Ann Arbor, Michigan",0
33545345,World Green Building Council,https://en.wikipedia.org/wiki/World%20Green%20Building%20Council,1.4623629,5.3698463,0.5620035411177696,0.5951508303038981,"The World Green Building Council (WorldGBC) is a non-profit organisation and global network of national Green Building Councils (GBCs). It has member councils in over 70 countries worldwide, which collectively have 49,000 members (25,000 member companies and 24,000 individual members).

The organisation is committed to achieving the following goals by 2050: limiting global temperature rises to 2 degrees Celsius; reducing the building and construction sector's CO2 emissions by 84 gigatonnes; and ensuring all buildings have net zero emissions. These goals will ensure the buildings and constructi…",0
68429979,Kongzihe Reservoir,https://en.wikipedia.org/wiki/Kongzihe%20Reservoir,4.1156955,2.9308896,-0.0897130036181905,0.4567081557603349,"Kongzihe Reservoir (), also known as Confucius River Reservoir, is a reservoir located at 3.5 km north of Jiujie Street, Xinzhou District, Wuhan City, Hubei Province, China. It is a small (I) reservoir mainly for irrigation, taking into account flood control, power generation, breeding and other comprehensive use. The reservoir mainly supplies water to Xugu, Jiujie, Daoguan, Zhucheng, Xinchong and other places.

The construction of Kongzihe Reservoir started in 1957, and was completed in 1964. It is one of the three major reservoirs in Xinzhou. The dam of the reservoir is 208 meters long, with…",0
47444305,Zharkovsky (urban-type settlement),https://en.wikipedia.org/wiki/Zharkovsky%20%28urban-type%20settlement%29,3.4868312,0.90160954,-0.9924906256521876,0.2649331432614564,"Zharkovsky () is an urban-type settlement and the administrative center of Zharkovsky District of Tver Oblast, Russia. It is located on the banks of the Mezha River. Population:

History
Before 1945, there were several villages in the place of current urban-type settlement, including the village of Zharki. It belonged to Smolensk Governorate. In the end of the 1920s, a saw mill was built, and eventually it was connected with the railway to the main railroad connecting Moscow and Riga. The railway was in operation since 1930.",0
35815550,Stefanos Petrakis,https://en.wikipedia.org/wiki/Stefanos%20Petrakis,-3.9570556,-2.245883,-0.8884027252743188,0.2870443009915003,"Stefanos Petrakis (; 17 December 1924 – 8 May 2022) was a Greek sprinter.

Born in Athens, Greece, he competed in the 1948 Summer Olympics and in the 1952 Summer Olympics. He was also the 100 metres champion for Greece at the 1951 Mediterranean Games. At the 1955 Mediterranean Games he was eliminated in the 100 metres semi-final.
",0
33835040,"Little Waupon, Wisconsin",https://en.wikipedia.org/wiki/Little%20Waupon%2C%20Wisconsin,4.9171743,4.49681,1.7746853011598804,0.8527580793241669,"Little Waupon is an unincorporated community located in the town of Sharon, Portage County, Wisconsin, United States.

Notes
",0
6184239,Fiat 2300,https://en.wikipedia.org/wiki/Fiat%202300,-0.22905155,0.9041532,0.2064705699228428,0.5196257637420435,"The Fiat 2300 is a six-cylinder executive car which was produced by Italian automotive manufacturer Fiat between 1961 and 1969. The 2300 was made as saloon (styled by Dante Giacosa), estate car and coupé. The 2300 saloon is noteworthy as in 1966 it became the first Fiat model to be available with an automatic transmission.

2300 Coupé
Alongside saloon and estate models the 2300 range included Ghia-designed grand tourers, the Fiat 2300 Coupé and 2300S Coupé—the latter fitted with a more powerful engine with double twin-choke carburettors. The shape of the car was first seen in public when Ghia …",0
2618980,MCS algorithm,https://en.wikipedia.org/wiki/MCS%20algorithm,1.6581609,7.1027074,1.1713936910401357,0.7246022043363554,"For mathematical optimization, Multilevel Coordinate Search (MCS) is an efficient algorithm for bound constrained global optimization using function values only.

To do so, the n-dimensional search space is represented by a set of non-intersecting hypercubes (boxes). The boxes are then iteratively split along an axis plane according to the value of the function at a representative point of the box (and its neighbours) and the box's size. These two splitting criteria combine to form a global search by splitting large boxes and a local search by splitting areas for which the function value is go…",0
626651,Goregaon,https://en.wikipedia.org/wiki/Goregaon,2.3332093,1.8341314,-0.0898423660314026,0.4566806755948931,"Goregaon ([ɡoːɾeɡaːʋ]) is a suburb of Mumbai city, in the Mumbai Suburban district of India. It has a railway station on the Mumbai suburban railway on the Western Line. An extension of the Harbour Line was completed in 2018 because of which it has regular trains to CSMT on the Harbour line. This is in addition to existing trains to Churchgate on the Western Line. Owing to the rapid urbanization (mainly due to construction of metro lines) and growing population of metropolitan Mumbai, Goregaon, which was once merely a hilly forest region is now a crowded suburb of Mumbai.

Mumbai Local Trains …",0
69460867,Contour currents,https://en.wikipedia.org/wiki/Contour%20currents,5.5445347,3.4610767,0.3262496451184454,0.5450701623204963,"The term contour currents was first introduced by Heezen et al in 1966 as bottom currents along the continental shelf driven by Coriolis effects and temperature/salinity dependent density gradients. Generally, the currents flow along depth contours, hence called contour currents. Sediments deposited and shaped by the contour currents are called contourites, which are commonly observed in continental rise.

Depositional Processes 
Since contour currents generally flow at speed of 2–20 cm/s, their capacity to carry sediments is limited to fine grain particles already in suspension. Redistributio…",0
25698152,Old Ephraim,https://en.wikipedia.org/wiki/Old%20Ephraim,-2.3345697,4.144025,1.3454823980358477,0.7615834754103951,"Old Ephraim or Ol' Ephraim is a term popularized in the 19th-century American West to refer to grizzly bears. As well as describing the archetypal grizzly bear, the name has also been used in frontier folklore to refer to specific bears, most notably Old Ephraim (known as ""Old Three Toes"" by shepherds due to a deformity on one foot ). He was a very large grizzly bear that roamed the Cache National Forest in Idaho and Utah from circa 1911 until his death on August 22, 1923. He had the same name as another grizzly bear in California described in a story by P. T. Barnum.

Frank Clark and Old Ephr…",0
14943195,Yahiya Doumbia,https://en.wikipedia.org/wiki/Yahiya%20Doumbia,-3.2619588,-3.448544,-1.3490996375593376,0.1891794957999434,"Yahiya Doumbia (born 25 August 1963) is a retired professional tennis player from Senegal. He won two singles titles during his career on the ATP Tour, both as a qualifier. He reached a career-high singles ranking of No. 74 in 1988. Doumbia played for the Senegal Davis Cup team, and holds team records for singles wins, doubles wins, and total wins, amassing a 44-19 record in 11 years of play.

ATP career finals
",0
919232,Liaoning University of Petroleum and Chemical Technology,https://en.wikipedia.org/wiki/Liaoning%20University%20of%20Petroleum%20and%20Chemical%20Technology,2.2911286,5.4600515,0.8267518949571608,0.6513907255199702,"Liaoning University of Petroleum and Chemical Technology () is a university in Fushun, Liaoning, People's Republic of China under the provincial government.

It was founded in 1950 at Dalian as the first petroleum and chemical technology university of People's Republic of China. In 1953, it moved to Fushun.
",0
5445173,Athena (game developer),https://en.wikipedia.org/wiki/Athena%20%28game%20developer%29,-0.16209362,7.8506956,-1.060052375855577,0.2505811531661444,"was a Japanese video game developer, founded in July 1987.

Due to the difficulties of recovering financially in the games market, in 2013, the Tokyo Court decided to start the company's bankruptcy process.
",0
3455855,Merrimack Athletics Complex,https://en.wikipedia.org/wiki/Merrimack%20Athletics%20Complex,-1.8723466,-3.0140295,0.1488749768216477,0.5073908619043392,"The Merrimack Athletics Complex is the home of the Merrimack College Warriors athletics teams.  It has a basketball court and hockey arena. Hammel Court, located in the Volpe Athletic Center,  is the home of the men's and women's basketball teams, as well as the volleyball team.  Lawler Rink is the home of the Division I Merrimack Warriors men's ice hockey team, which had won the 1978 Division II national title before transitioning to Division I and joining the prestigious Hockey East Conference.

The athletic center is named for S. Peter Volpe, a member of the college's Board of Trustees and …",0
37563354,Recurring Saturday Night Live characters and sketches introduced 2012–13,https://en.wikipedia.org/wiki/Recurring%20Saturday%20Night%20Live%20characters%20and%20sketches%20introduced%202012%E2%80%9313,-1.6179261,7.967828,-0.7150907558078193,0.3238605714654616,"The following is a list of recurring Saturday Night Live characters and sketches introduced during the thirty-eighth season of SNL, which began on September 15, 2012.

Puppet Class
Anthony Peter Coleman (Bill Hader), a war veteran, attends a puppeteering class with his identical puppet Tony. His nightmarish memories of combat put a damper on the light puppetry class.",0
24703790,Randy Rose (musician),https://en.wikipedia.org/wiki/Randy%20Rose%20%28musician%29,-0.8713106,11.804169,0.3496685328132061,0.550044983772377,"Randy Rose is a musician who has been playing professionally since 1987, when his older brother Roger formed Mad at the World, for which he played drums, sang, and wrote songs.

History
Randy Rose was a member of Mad at the World during its entire existence as a band from 1987-1998. When Mad at the World was a synthpop band during its first two years, Randy played percussion, worked on the drum programming, and sang backup vocals. Randy continued with drums and vocals as the band transitioned to a hard rock band in early 1990. He also formed his own metal band soon after, named Rose. After his…",0
50643501,DJ Roxy,https://en.wikipedia.org/wiki/DJ%20Roxy,-1.7990342,10.093477,1.0924419480232632,0.7078306637771691,"Chanda Kangwa (born June 3, 1989) better known by her stage name as DJ Roxy is a Zambian radio disk jockey producer and media consultant. She is most well-known for her career on Radio Phoenix. She is a 2 times winner of the Best Female Radio DJ award at the Mosi Zambian Music Award in 2015 and 2016.  Kangwa has previously worked for Muvi Tv as an assistant producer in 2009.

Life and career 
Kangwa was born in Luanshya the daughter of Michael Kangwa also known as the “Space Kid” who won the 1989 Zambia’s Best Club DJ of the year. In her early teens Kangwa just wanted to be journalist or a sin…",0
61156414,Grigor Aghekyan,https://en.wikipedia.org/wiki/Grigor%20Aghekyan,-2.837883,-1.1194134,-1.3556262065485654,0.1877930714813343,"Grigor Aghekyan (; born 6 April 1996) is an Armenian professional footballer.

Career
",0
3948932,Echinothrix calamaris,https://en.wikipedia.org/wiki/Echinothrix%20calamaris,10.390534,5.7595963,-0.878961022609015,0.289049980576878,"Echinothrix calamaris, known commonly as the banded sea urchin or double spined urchin among other vernacular names, is a species of sea urchin in the family Diadematidae.

Description
The Banded sea urchin has a slightly oval test (shell), reaching a diameter of about 5 cm.",0
66777675,Michael F. Doherty,https://en.wikipedia.org/wiki/Michael%20F.%20Doherty,0.51769054,6.121552,-0.1792748453294994,0.4376827358846059,"Michael Francis Doherty (born September 11, 1951) is a British chemical engineer. He is the Duncan & Suzanne Mellichamp Chair in Process Systems Engineering and University of California, Santa Barbara.

In 2016, he was elected a member of the National Academy of Engineering for the design of methods for complex distillation and crystallization processes.
",0
42134427,Josip Butić,https://en.wikipedia.org/wiki/Josip%20Buti%C4%87,-2.5940259,-1.2463485,-1.3927154425090305,0.1799142888040825,"Josip Butić (born 12 December 1974) is a Croatian professional football manager and former player. He is currently the manager of Croatian club HNK Zadar.

During his professional career he mainly played for Zadar, while also spending one season with Segesta and two seasons with Rijeka.
",0
12559390,Charles Chips,https://en.wikipedia.org/wiki/Charles%20Chips,2.4478948,6.259746,0.4881127649342053,0.5794543795054964,"Charles Chips is an American maker of snack foods, especially potato chips.  It was known for home and office delivery of its products in distinctive tins.

They were known for their signature sales slogan, ""Chippin' it!"".
",0
62934926,Bleeding wrasse,https://en.wikipedia.org/wiki/Bleeding%20wrasse,10.36065,5.706193,-0.2919651073431252,0.4137441978895302,"The bleeding wrasse (Polylepion cruentum) is a species of marine ray-finned fish from the family Labridae, the wrasses. It is found in reefs in the eastern central Pacific Ocean.

Description
The bleeding wrasse is relatively slender for a wrasse and its body tapers noticeably towards its tail. It has large eyes and a horizontal mouth which reaches to the eye, in front of the pupil. The largest males have been measured at a total length of . The adults are red on their heads and upper body with a whitish underside, there are three or four yellow horizontal stripes on the upper flanks and curve…",0
69290682,Sonchus fruticosus,https://en.wikipedia.org/wiki/Sonchus%20fruticosus,9.263707,5.6014605,-0.7360882870637967,0.3194001132963855,"Sonchus fruticosus, the giant sow thistle, is a species of flowering plant in the tribe Cichorieae of the family Asteraceae. It is endemic to the islands of Madeira. The giant sow thistle is an impressive shrub native to the Madeiran evergreen forest habitat and growing up to  in height.

It is also known as the shrubby sonchus, the shrubby sow thistle, or the Madeiran tree dandelion in English. On Madeira, it is known by the Portuguese vernacular names Leituga, língua de vaca, and serralha da rocha. The term leituga refers to a broad variety of plants, including prickly lettuce (Lactuca serri…",0
8396021,Ralph Howe,https://en.wikipedia.org/wiki/Ralph%20Howe,-3.1812716,-3.273122,0.147258681223058,0.5070475158786335,"Ralph Eliot Howe III (born 12 May 1941) is an American hardball squash player. He was one of the leading squash players in the United States in the 1960s and 1970s.

Howe won the US national junior title in 1960. He then went on to win the intercollegiate title in 1962 and 1963 while at Yale University.
",0
14601901,River Eske,https://en.wikipedia.org/wiki/River%20Eske,4.6541743,3.5921357,0.2650834662632041,0.5320767690105868,"The River Eske (Irish: Abhainn na hIascaigh; also Eask) is a river in County Donegal, Ireland. It begins at Lough Eske in the southeast of the county before flowing mainly westwards to the town of Donegal and into the Atlantic Ocean via Donegal Bay.

Donegal Town is the only major settlement through which it flows. Despite its size, the river is well known for fishing, especially for spring salmon, sea trout and char, with the season running from 1 March to 30 September.
",0
33106751,High Roller (Cheap Trick song),https://en.wikipedia.org/wiki/High%20Roller%20%28Cheap%20Trick%20song%29,-1.0973893,12.268619,-0.1845951256954159,0.4365525607354121,"""High Roller"" is a song written by Robin Zander, Rick Nielsen, and Tom Petersson that was first released on Cheap Trick's 1978 album Heaven Tonight.  It later appeared on a number of Cheap Trick live and compilation albums, and was covered by Scrawl on their 1991 album Bloodsucker.

Cheap Trick version
Although it did not appear until their third album, ""High Roller"" dates back to the mid-1970s and was one of the first songs the band wrote after coming together.  Zander initiated writing the song and came up with the melody, and Nielsen and Petersson chipped in to fill in parts when Zander fel…",0
68781495,Edgar Corrie,https://en.wikipedia.org/wiki/Edgar%20Corrie,-1.5896223,4.5766582,0.1656382889483921,0.5109518544612727,"Edgar Corrie (1748–1819) was a Scottish merchant in Liverpool, a close associate at the end of the 18th century of John Gladstone.

Life
Corrie was born in Kirkcudbright. He was the son of William Corrie of Redbank (1720–1777) and his wife Margaret Edgar, daughter of Thomas Edgar of Reidbank who was Provost of Dumfries in 1730.",0
41042784,Den stora dagen,https://en.wikipedia.org/wiki/Den%20stora%20dagen,-1.2329752,11.304323,-0.1120903711719693,0.4519545820810835,"""Den stora dagen"" is a song written by Benny Borg and originally recorded by Swedish dansband Jigs on the 1978 album Goa bitar 7. In 1982 Vikingarna recorded the song on the album ""Kramgoa låtar 10"", sometimes also called ""Den stora dagen"". Their recording became a Svensktoppen hit, staying at the chart for 10 weeks between 14 March-16 May 1982, peaking at second place. Vikingarna also re-recorded the song in 1996.

In 2006, Mats Bergmans recorded the song for the album Den stora dagen.
",0
1011944,Allbo Hundred,https://en.wikipedia.org/wiki/Allbo%20Hundred,2.7650874,1.8525988,2.757822270306649,1.0,"Allbo Hundred, or Allbo härad, was a hundred of Småland in Sweden.

Sockens
Allbo Hundred contained 16 sockens:",0
2157386,Bágyogszovát,https://en.wikipedia.org/wiki/B%C3%A1gyogszov%C3%A1t,4.088463,0.93876415,1.0699779149177806,0.7030586799303907,"Bágyogszovát is a village in Győr-Moson-Sopron county, Hungary, in the north-western region, 35 kilometers from Győr, in the direction of Sopron, near Route 85, the main route of the county.

The first known written records of Bágyogszovát are from the 13th century. According to those documents, the first part of the village was founded in 1224, and was named Zooac. This name was changed to Szovát during later centuries. The village was the property of the bishop of Győr for more than five centuries. The other part of the village, Bágyog was founded later, but the exact date is not known. It w…",0
50593261,Vasile Duță,https://en.wikipedia.org/wiki/Vasile%20Du%C8%9B%C4%83,-0.31176656,3.793666,0.7119523346314008,0.6270041140455564,"Vasile Duță (July 2, 1955 – May 20, 2016) was a Romanian politician. He was a member of the Senate (2000–2004) for Bihor County. Initially affiliated with the Greater Romania Party, he served as an independent from May 2001 through December 2002, and then through October 2004 with the Social Democrats, after which he reverted to an independent. 

In 2010, Duță was convicted of influence peddling and received a five-year sentence.
",0
12398249,Preah Suramarit National Theatre,https://en.wikipedia.org/wiki/Preah%20Suramarit%20National%20Theatre,-1.5015386,9.159494,0.5845814473864263,0.599947003969695,"The Preah Suramarit National Theatre or the Bassac Theatre was the former national theatre of Cambodia in the capital Phnom Penh.

Designed by chief national architect Vann Molyvann in 1966, it opened in 1968 as the Grand Théâtre Preah Bat Norodom Suramarit (aka Mohorsrop Theatre). The theatre building became a landmark structure in modern Phnom Penh. It was demolished in 2008.
",0
2059974,Ixia,https://en.wikipedia.org/wiki/Ixia,9.518782,5.6107955,-0.6376863868557495,0.3403034068447949,"Ixia is a genus of cormous plants native to South Africa from the family Iridaceae. Some of them are known as the corn lily. Some distinctive traits include sword-like leaves and long wiry stems with star-shaped flowers. It usually prefers well-drained soil. The popular corn lily has specific, not very intense fragrance. It is often visited by many insects such as bees. The Ixia are also used sometimes as ornamental plants.

The genus name is derived from the Ancient Greek ἰξία (ixia) ( = χαμαιλέων λευκός, (chamaeleon leukos)), the pine thistle, Carlina gummifera, an unrelated plant in the dai…",0
22289113,Trenchard (disambiguation),https://en.wikipedia.org/wiki/Trenchard%20%28disambiguation%29,-1.90839,4.475212,0.8168239671044524,0.6492817582155399,"Hugh Trenchard, 1st Viscount Trenchard (1873–1956) was a British officer who was instrumental in establishing the Royal Air Force.

Trenchard may also refer to:
",0
9203476,For All the Fucked Up Children,https://en.wikipedia.org/wiki/For%20All%20the%20Fucked%20Up%20Children,-0.994127,12.137132,-0.0241972471505318,0.4706255200245829,"For All the Fucked Up Children is a 1995 release from the neo-psychedelic trio Spacemen 3.  The record consists of what claims to be Spacemen 3's first ever recording session, from 1984.  The music sounds like a primitive version of the group, the dominating sound of the record is a slow, droning psychedelic blues performed with spare instrumentation. A drum set is matched with a pair of distorted electric guitars, all of which provide a swirling foundation for Jason Pierce's vocals.  The album's liner notes is an early review by Gary Boldie, where he contemplates the city of Rugby and finds i…",0
68629231,1891 Missouri tornado,https://en.wikipedia.org/wiki/1891%20Missouri%20tornado,4.4648867,6.3593364,-0.96403558740494,0.270977782807602,"On May 20, 1891, a destructive F4 tornado struck rural areas of central Missouri where it leveled numerous farms, leaving 12 fatalities and $50,000 (1891 USD) in damage.

Storm
The tornado was first reported touching down near Sturgeon before moving eastward where it struck several homes. One house was completely leveled with no survivors.  The storm continued on where it struck another house killing all of its occupants and then later struck a jail and several farms resulting in eleven more fatalities before continuing eastward before dissipating. During its 35 mile (56.3 km) path, the storm …",0
20956256,Tomisaku Kawasaki,https://en.wikipedia.org/wiki/Tomisaku%20Kawasaki,0.42084226,5.6189,1.400872305974605,0.7733498285277157,"was a Japanese pediatrician who first described the condition now known as Kawasaki disease in the 1960s. Alongside rheumatic heart disease, Kawasaki disease is considered to be the leading cause of acquired heart disease in children worldwide.

Early life and education
",0
33138859,LINC TV,https://en.wikipedia.org/wiki/LINC%20TV,0.16768828,8.635633,-0.0124193682151913,0.4731274682617869,"LINC TV was a free-to-air community television station based in Lismore, New South Wales. The station was originally launched in September 1993 on UHF 68 as Australia's first community television station and broadcast intermittently until its final closure in 2012.

Unlike other community television stations, LINC TV did not broadcast 24 hours, instead broadcasting on set days throughout the week.
",0
45082502,Catherine Kerr (environmentalist),https://en.wikipedia.org/wiki/Catherine%20Kerr%20%28environmentalist%29,-0.9410297,5.418331,0.8400953609407358,0.6542252478799875,"Catherine ""Kay"" Kerr (née Spaulding; 1911 – 2010) was a pioneer in environmentalism. She, along with friends Sylvia McLaughlin and Esther Gulick, founded the Save San Francisco Bay Association in 1961 which eventually became Save The Bay. The three friends also founded the Bay Conservation and Development Commission, the first coastal protection agency in America. Their efforts helped spark the environmental movement in the United States.

Throughout her life, Kerr fought to protect the San Francisco Bay from development and landfill and to restore wetlands and estuarine habitat.
",0
43513782,Typhoon Vanessa,https://en.wikipedia.org/wiki/Typhoon%20Vanessa,4.482202,6.389889,-0.7187822581923864,0.3230763939463679,"Typhoon Vanessa, known in the Philippines as Typhoon Toyang, was the strongest tropical cyclone of the 1984 Pacific typhoon season, and one of the most intense tropical cyclones on record. The 22nd named storm, twelfth typhoon, and first super typhoon of the 1984 Pacific typhoon season.

Meteorological history 
",0
61724489,Mossberg MC1sc,https://en.wikipedia.org/wiki/Mossberg%20MC1sc,-3.8919847,4.477113,0.4383847077412481,0.5688907605621756,"The Mossberg MC1sc is a semi-automatic subcompact handgun introduced by O.F. Mossberg & Sons in January 2019. Chambered in 9×19mm Parabellum and rated for +P pressure, it is the company's first handgun offering since the Mossberg Brownie was introduced 100 years prior.

Features
",0
71396673,Bankim Bihari Pal,https://en.wikipedia.org/wiki/Bankim%20Bihari%20Pal,0.72145647,2.2973645,-1.3421426580741722,0.1906573512486817,"Bankim Bihari Pal  (1 July 1905 – 31 December 1979) was a revolutionary in British India and a political leader after Indian Independence in 1947.

Early life and education 
Pal was born on1 July 1905  in  Medinipur, in the present Purba Medinipur district  into a Hindu family. He was involved in political activities from his school days. Although he was a supporter of Gandhi's nonviolence movement but he supports his BV friends and for some time. He was worked for them as a middleman between BV Swadeshi dacoits and BV action squad members. For that reason he includes womens from Prostitute ar…",0
111250,"McLeansboro, Illinois",https://en.wikipedia.org/wiki/McLeansboro%2C%20Illinois,5.678416,4.9032865,-1.893039611775442,0.0736315548586195,"McLeansboro () is a city in Hamilton County, Illinois, United States. The population was 2,675 at the 2020 census. The estimated population as of 2018 was 2,773. It is the county seat of Hamilton County.

McLeansboro is part of the Mount Vernon, Illinois micropolitan area.
",0
43038000,FAILE (artist collaboration),https://en.wikipedia.org/wiki/FAILE%20%28artist%20collaboration%29,-0.2842717,6.587615,-0.9613243045606268,0.2715537345023113,"FAILE (Pronounced ""fail"") is a Brooklyn-based artistic collaboration between Patrick McNeil (born 1975) and Patrick Miller (born 1976). Since its inception in 1999, FAILE has been known for a wide-ranging multimedia practice recognizable for its explorations of duality through a fragmented style of appropriation and collage.

While painting and printmaking remain central to their approach, over the past decade FAILE has adapted its signature mass culture-driven iconography to an array of materials and techniques, from wooden boxes and window pallets to more traditional canvas, prints, sculptur…",0
55833331,SS James Bennett Moore,https://en.wikipedia.org/wiki/SS%20James%20Bennett%20Moore,-3.499837,5.0657287,-0.99010239549758,0.2654404696024861,"SS James Bennett Moore was a Liberty ship built in the United States during World War II. She was named after James Bennett Moore, who was lost at sea while he was the 2nd assistant engineer on the freighter , after the convoy (QP 13) she was travelling in strayed into an Allied minefield (SN72) 5 July 1942, off Greenland.

Construction
James Bennett Moore was laid down on 15 December 1944, under a Maritime Commission (MARCOM) contract, MC hull 2397, by J.A. Jones Construction, Brunswick, Georgia; she was sponsored by Mary Peavey, daughter of Senator John W. Thomas of Idaho, and launched on 19…",0
26837180,Miloš Jevđević,https://en.wikipedia.org/wiki/Milo%C5%A1%20Jev%C4%91evi%C4%87,-2.6203794,-1.2370826,-2.3124647212980576,0.0,"Miloš Jevđević (; born 11 January 1981) is a Serbian footballer.

Career
Before coming to Fier, he played mostly in the Serbian Second League, being the only exceptions the last season with FK Javor Ivanjica that he played in 2002-03 in the First League of Serbia and Montenegro, and the first six months of 2007, that he spend with OFK Grbalj in the Montenegrin First League. Beside Javor, FK Timok, FK Radnički Niš, FK Napredak Kruševac, OFK Mladenovac, FK Sevojno, FK Novi Pazar and FK Inđija, are the other clubs in Serbia where he played.",0
65434295,Marius Gallottini,https://en.wikipedia.org/wiki/Marius%20Gallottini,-4.590705,-2.6623096,-0.9745038411968184,0.2687540352835374,"Marius Gallottini (10 November 1904 – 3 October 2001) was an Italian racing cyclist. He rode in the 1927 Tour de France.

References
",0
26069969,Oulad Berhil,https://en.wikipedia.org/wiki/Oulad%20Berhil,2.9502056,1.5959418,1.1069875073298463,0.7109205441084276,"Oulad Berhil (also: Ouled Berhil or Olad Berhil. Arabic: اولاد برحيل) is a town in the valley of the Sous River in Taroudant Province, Souss-Massa region, Morocco. The town has grown explosively over the last two decades, from 9,211 inhabitants in 1994 to 15,359 in 2004 and to an estimated 23,230 in 2013.

Oulad Berhil is noted for its old Kasbah, 800m south of the main road (signposted from the town centre), which has been turned into a sumptuous hotel-restaurant, the Riad Hida.
",0
12440735,Joseph Thomas,https://en.wikipedia.org/wiki/Joseph%20Thomas,-1.9492037,3.4993045,0.985279955065203,0.6850664834991572,"Joseph Thomas may refer to:

 V. Joseph Thomas, Indian chief of police
 Joseph Thomas (boxer), South African Olympic boxer",0
12720990,Jack Warner (catcher),https://en.wikipedia.org/wiki/Jack%20Warner%20%28catcher%29,-2.0418277,-4.2929087,-1.3427338224610006,0.1905317715323642,"John Joseph ""Jack"" Warner (August 15, 1872 – December 21, 1943) was a professional baseball catcher who played in Major League Baseball from 1895 through 1908. He played for the Boston Beaneaters, Louisville Colonels, New York Giants, Boston Americans, St. Louis Cardinals, Detroit Tigers and Washington Senators.

In 1906, Warner was part of the first season-long platoon arrangement in baseball, sharing time at catcher with Fred Payne and Boss Schmidt.
",0
54161461,Aethra (mother of Theseus),https://en.wikipedia.org/wiki/Aethra%20%28mother%20of%20Theseus%29,1.1560122,4.1632037,-2.178728729280925,0.0129432604844548,"In Greek mythology, Aethra or Aithra (; , , the ""bright sky"")  was a Troezenian princess as the daughter of King Pittheus.

Family 
Aithra was the mother of Theseus (his father was King Aegeus of Athens, or in some versions, Poseidon) and of Clymene (by Hippalces). Aethra was also called Pittheis after her father Pittheus.",0
6524448,Liam O'Brien (hurler),https://en.wikipedia.org/wiki/Liam%20O%27Brien%20%28hurler%29,-0.56431115,-2.872567,-1.9796832432206104,0.0552260438027421,"Liam 'Chunky' O'Brien (1949 – 23 August 2021) was a former Irish sportsperson.  He played senior hurling with the Kilkenny inter-county team in the 1970s.

Early life
",0
67523847,"Bonneville, Namur",https://en.wikipedia.org/wiki/Bonneville%2C%20Namur,4.9080033,2.0975223,1.6635280190297592,0.8291451887855015,"Bonneville () is a village of Wallonia and a district of the municipality of Andenne, located in the province of Namur, Belgium.

The village church, dedicated to Saint Fermin, is a Romanesque building from the 11th century. Bonneville Castle is located in the village.
",0
44088125,Jabali Afrika,https://en.wikipedia.org/wiki/Jabali%20Afrika,-1.2736799,11.215221,-0.4857186531987034,0.3725855694839667,"Jabali Afrika is a band formed in Nairobi, Kenya by former members of the Kenyan National Theatre.  The band was founded by brothers Justo and Joseck Asikoye, and Victor Elolo, Evan Jumba, and Robert Owino, Peter Mbole, Stephen Wafula, Bernard kapima joining the band later. The band is known for its fusion of rock, reggae, and African percussion.
Jabali Afrika got nominated with all one tribe collection for the 2022 Grammy awards for best children’s music category.

Influences and Musical Style",0
37244208,1988 Bavarian Tennis Championships – Singles,https://en.wikipedia.org/wiki/1988%20Bavarian%20Tennis%20Championships%20%E2%80%93%20Singles,-3.328241,-3.8428588,-1.775109716377857,0.0986831363465483,"Guillermo Pérez Roldán was the defending champion.

Pérez-Roldán successfully defended his title, defeating Jonas Svensson, 7–5, 6–3 in the final.
",0
4158713,Margaret (magazine),https://en.wikipedia.org/wiki/Margaret%20%28magazine%29,-0.8701286,8.03037,-0.731669831275279,0.3203387158862012,", stylized in Latin script between 1988 and 1990, is a biweekly Japanese shōjo manga magazine published by Shueisha, primarily for girls from 12 to 15 years old, although some stories are read by older teenage girls and adult women.

History
Margaret was first published as a weekly magazine in 1963. When manga serialized in Margaret are collected into tankōbon volumes, they are published under the Margaret Comics imprint. Series from sister magazine Bessatsu Margaret are also published under the Margaret Comics imprint. Margaret has been published on the 5th and the 20th of each month since 19…",0
21410261,Arthur Sellings,https://en.wikipedia.org/wiki/Arthur%20Sellings,-1.332535,6.566709,-0.9313275686142874,0.2779258734107546,"Arthur Sellings was the pseudonym of Arthur Gordon Ley, (31 May 1921 – 24 September 1968) an English scientist, book and art dealer, and science fiction author. In addition to Sellings he also wrote under the pen names Ray Luther and Martin Luther. He is best known for his well-crafted portraits of adaptability under stress, in stories noted for their humor, suspense and attention to plot and character. His posthumous novel Junk Day is considered his best work.

Life and career
Ley was born on 31 May 1921 in Tunbridge Wells, Kent, England, the son of Arthur James and Stella Grace (Sellings) Le…",0
11590318,"Highview Baptist Church (Louisville, Kentucky)",https://en.wikipedia.org/wiki/Highview%20Baptist%20Church%20%28Louisville%2C%20Kentucky%29,3.178399,4.5630283,-0.5528103846338155,0.3583334244146736,"Highview Baptist Church is a multi-site megachurch based in Louisville, Kentucky. It is affiliated with the Kentucky Baptist Convention and Southern Baptist Convention.  Aaron Harvie is currently the church's senior pastor.

History
Founded as a baptist mission in 1947 and officially incorporated in 1953, the church has multiple campuses located throughout metro Louisville. As of 2022, the campuses include Fegenbush Campus (the main location) on Fegenbush Lane, which also is home of the Hispanic Campus (Highview en Español), East Campus on Shelbyville Road led by Blake Hodges, and Central Camp…",0
26251105,HNoMS Stegg,https://en.wikipedia.org/wiki/HNoMS%20Stegg,-3.5231335,5.132375,2.184949261608058,0.939909526394291,"Two ships of the Royal Norwegian Navy have borne the name HNoMS Stegg. Stegg is the Norwegian term for the male grouse.:

  was a  launched in 1921 and sunk by Kriegsmarine vessels in the Hardangerfjord on 20 April 1940.
  was a  fast patrol boat commissioned on 18 March 1980 and decommissioned by 2008.",0
19015595,Expedición Róbinson (Colombian TV series),https://en.wikipedia.org/wiki/Expedici%C3%B3n%20R%C3%B3binson%20%28Colombian%20TV%20series%29,-1.171056,8.846602,0.0597097059109083,0.4884496846686357,"Expedición Róbinson is a Colombian version of the Survivor reality television game show based on the Swedish television series Expedition Robinson originally created in 1992 by Charlie Parsons. 

The show is based on stranding a group of strangers as one or more tribes in a remote location, where they must fend for food, water, fire, and shelter for themselves, while competing in challenges to earn rewards and immunity from being voted off by the tribe in progressive eliminations; the last challenger remaining at the end of the competition wins two a reward that ranges from two hundred million…",0
44949669,Sol Eytinge Jr.,https://en.wikipedia.org/wiki/Sol%20Eytinge%20Jr.,-0.6595591,6.309509,-0.078582413498459,0.4590726018954995,"Solomon Eytinge Jr. (23 October 1833 – 26 March 1905), was an American illustrator of newspapers, journals and books by authors that included Charles Dickens and Alfred, Lord Tennyson.

Early life
His father, Solomon Eytinge, was a Dutch merchant who settled in New York and married an American woman, Mary Ann Miller.  Sol Eytinge was born in New York on the 23 October 1833.",0
1074898,Shelsley Walsh,https://en.wikipedia.org/wiki/Shelsley%20Walsh,4.0577726,4.254117,-1.6292462700436174,0.1296685790083347,"Shelsley Walsh is a small village and civil parish in Worcestershire, England, on the western side of the River Teme. For administrative purposes it is presently located in the Teme Valley ward of the county’s Malvern Hills district. In the 2011 Census there was an estimated population of 28 people in 12 households.
The site has been farmed since Anglo Saxon times and there are also vestiges of former industry, but it is now best known for its association with the Shelsley Walsh Speed Hill Climb.

History",0
63430908,"Liena, Tasmania",https://en.wikipedia.org/wiki/Liena%2C%20Tasmania,4.4263763,3.8725657,0.1385773784598826,0.5052033663280904,"Liena is a locality and small rural community in the local government areas of Meander Valley and Kentish in the North West region of Tasmania. It is located about  south-west of the town of Devonport. 
The 2016 census determined a population of 30 for the state suburb of Liena.

History",0
61328650,Travel in April,https://en.wikipedia.org/wiki/Travel%20in%20April,-2.4392552,8.874586,0.0830564050834337,0.4934091712756819,"Travel in April () is a 1962 Soviet comedy film directed by Vadim Derbenyov.

Plot 
A student journalist goes down the river to Nizhny Lazuren, where he is expected, but he ended up in the fabulous Upper Lazuren, where he met a beautiful woman named Maria, because of whom he stayed there.",0
88433,Hroðr,https://en.wikipedia.org/wiki/Hro%C3%B0r,-0.6745186,4.9386153,-0.1928156905464385,0.4348062846995698,"Hróðr (Old Norse:  ""famed"") is a female jötunn in Norse mythology, mentioned in the Eddic poem Hymiskviða, in which Thor is referred to as ""Hróðr's adversary.""  Some readings of the poem have identified Hróðr as the name of the mother of Týr, who appears in the poem, a giantess friendly to the Æsir and the wife of the jötunn Hymir, but the context is unclear, so the name could equally refer to an otherwise unknown giantess adversary of Thor, of which many are mentioned in other sources such as Hárbarðsljóð. If Hróðr is Tyr's mother, the poem suggests that Hymir is the father, but the later Pro…",0
5139298,Imaye Taga,https://en.wikipedia.org/wiki/Imaye%20Taga,-2.2420762,-1.5325142,-0.3355655552159813,0.4044822531628378,"Imaye Taga (sometimes Amaya or Amiya, , born 1 February 1985) is an Ethiopian-born Israeli former footballer who played for the Israel U21 national team, and currently serves as a member of the city council of Netanya, Israel.

Biography
Imaye (Amir) Taga was born in Ethiopia to an Ethiopian-Jewish family. The family immigrated to Israel in 1991 during Operation Solomon when he was 6 years old. On 11 August 2006 Amiya's younger brother Avi Taga was found dead by his eldest brother and the Israeli Police in Kiryat Ekron.  Taga had been missing from home since Wednesday, 9 August 2006. Club offi…",0
58067476,Otto Burri,https://en.wikipedia.org/wiki/Otto%20Burri,-4.207815,-2.1409636,0.0145805159305471,0.478862992706723,"Otto Burri (9 January 1928 – 25 January 2014) was a Swiss rower. He competed in the men's eight event at the 1948 Summer Olympics.

References
",0
11235821,European Feminist Forum,https://en.wikipedia.org/wiki/European%20Feminist%20Forum,0.39213824,5.2919025,0.1819174088959275,0.5144099911664952,"The European Feminist Forum (EFF) was a web-based space for dialogue for feminists in Europe. Launched in April 2007, EFF served as an initiative to create dialogue and incite change in Europe. The site was available in English, Spanish, French and Russian languages. EFF was created by eight different feminist networks in Europe. EFF was non-hierarchical and invited individuals to steer the conversation on the forum. The website went offline after approximately five years of existence.

History 
The EFF had its origins in 2004, when several European feminists met in Amsterdam, and were worried…",0
3686031,Mad Butcher,https://en.wikipedia.org/wiki/Mad%20Butcher,-1.0238733,11.935511,0.768806156249948,0.6390814430415284,"Mad Butcher is the second EP by German thrash metal band Destruction, released on February 10, 1987. Tommy had left the band and two new members had entered the group: a new drummer, Olli, and a new guitarist, Harry. This is the band's first studio recording featuring a four-piece band lineup, instead of a usual trio.

""Mad Butcher,"" the first song of the album, is a Destruction classic, but this revision is faster, with double solos from Harry and Mike.  The second song ""The Damned"" is a cover song from The Plasmatics. The third song ""Reject Emotions"" is a power ballad. Finally, ""The Last Jud…",0
44313016,The Lady from Trévelez,https://en.wikipedia.org/wiki/The%20Lady%20from%20Tr%C3%A9velez,-2.6132507,8.797086,1.9237795699683111,0.8844298383115327,"The Lady from Trévelez (Spanish:La señorita de Trevélez) may refer to:

 The Lady from Trévelez (play), a 1916 play by Carlos Arniches
 The Lady from Trévelez (film), a 1935 film directed by Edgar Neville",0
10499074,Wathen Hall,https://en.wikipedia.org/wiki/Wathen%20Hall,-0.804627,10.356785,0.7772704071244121,0.6408794847492824,"The Wathen Hall at St Paul's School is a small concert hall in Barnes in the London Borough of Richmond upon Thames. Designed by BHM Architects and opened in 1999, it forms part of the St Paul's School music department and is used for school concerts as well as external events. The hall seats 316 people. Artists appearing there during the opening season included pianists Murray Perahia and Radu Lupu, and violinist Maxim Vengerov. The Wathen Hall has become well known as a recording venue for solo and chamber music and its acoustics have been widely praised.

Music at St Paul's 
Music at St Pau…",0
22868902,Freedman v. Maryland,https://en.wikipedia.org/wiki/Freedman%20v.%20Maryland,0.87054276,5.096107,0.7075124664835818,0.6260609628765864,"Freedman v. Maryland, 380 U.S. 51 (1965), was a United States Supreme Court case that ended government-operated rating boards with a decision that a rating board could only approve a film and had no power to ban a film. The ruling also concluded that a rating board must either approve a film within a reasonable time, or go to court to stop a film from being shown in theatres. Other court cases determined that television stations are federally licensed, so local rating boards have no jurisdiction over films shown on television. When the movie industry set up its own rating system—the Motion Pic…",0
10331432,Soalala,https://en.wikipedia.org/wiki/Soalala,2.8982863,1.6155009,0.7653724390843257,0.6383520262546223,"Soalala is a rural municipality in western Madagascar. It belongs to the district of Soalala, which is a part of Boeny Region. The population of the commune was estimated to be approximately 15,000 in 2001 commune census.

Soalala is served by a local airport and maritime harbour. It also has riverine harbour. Primary and junior level secondary education are available in town. The majority 78% of the population of the commune are farmers.  The most important crop is rice, while other important products are bananas and cassava.  Industry and services provide employment for 5% and 1% of the popu…",0
9996876,1931 Italian Grand Prix,https://en.wikipedia.org/wiki/1931%20Italian%20Grand%20Prix,-5.058591,-3.0825455,-1.5517326288795998,0.1461346268370028,"The 1931 Italian Grand Prix was a Grand Prix motor race held at Monza on 24 May 1931. The race was the first of three Grands Prix that were part of the inaugural European Championship. The Alfa Romeo works team pairing of Giuseppe Campari and Tazio Nuvolari won the race, ahead of their teammates Ferdinando Minoia and Baconin Borzacchini in second, while third place went to the works Bugattis of Albert Divo and Guy Bouriat.

Entries
",0
11073047,Ivan Hrušovský,https://en.wikipedia.org/wiki/Ivan%20Hru%C5%A1ovsk%C3%BD,-0.96308106,10.53335,-0.5607106842061118,0.3566551816090882,"Ivan Hrušovský (23 February 1927 – 5 October 2001) was a Slovak composer and educator.

Hrušovský was born in Bratislava, Slovakia (Czechoslovakia at the time). There, he studied musicology, philosophy, and aesthetics at Comenius University (1947 – 1952). He also studied composition at the Bratislava Conservatory (1947 – 1952) and the Academy of Performing Arts in Bratislava (1952 – 1957), at both institutions with Alexander Moyzes.
",0
53165745,1974 Fife Regional Council election,https://en.wikipedia.org/wiki/1974%20Fife%20Regional%20Council%20election,-1.1239983,3.0165994,-0.5959830919587563,0.3491623436470788,"The first election to Fife Regional Council was held on 8 May 1974 as part of the wider 1974 Scottish regional elections. The election saw Labour winning control of the region's 42 seat council.

Aggregate results
",0
810954,Underemployment equilibrium,https://en.wikipedia.org/wiki/Underemployment%20equilibrium,1.2017142,5.465646,0.4316969405509208,0.5674700932735637,"In Keynesian economics, underemployment equilibrium is a situation with a persistent shortfall relative to full employment and potential output so that unemployment is higher than at the NAIRU or the ""natural"" rate of unemployment.

Theoretical framework
",0
31760245,Bandlaguda Jagir,https://en.wikipedia.org/wiki/Bandlaguda%20Jagir,2.2819386,1.7559009,-1.3519137982056773,0.1885816900059653,"Bandlaguda Jagir is a satellite city of Hyderabad and a municipal corporation in Rangareddy district, Telangana, India. It Falls Under Gandipet mandal of Rajendranagar revenue division. It recently upgraded to a municipal corporation.

This village was merged into HMDA. It is 8 km from Mehdipatnam Junction. This area is connected to the outer ring road at TSPA Junction, from where Rajiv Gandhi International Airport is just 20 km and Gachibowli IT zone is just 14 km. There is much construction in this area. Recent ventures include Bhavani Colony, Maple Town Villas, PBEL City, Giridhari Executiv…",0
12716534,Shorty Miller,https://en.wikipedia.org/wiki/Shorty%20Miller,-0.9099812,-4.016729,-0.2109270121272297,0.4309589375370405,"Eugene Ellsworth ""Shorty"" Miller (November 15, 1890 – September 20, 1966) was an American football player.  He was elected to the College Football Hall of Fame in 1974.

Miller played quarterback at Penn State from 1910 to 1913, missing only one game during his tenure and amassing a 23–8–2 record. His short stature () and stubby legs earned him the nickname ""The Meteoric Midget."" Miller would go on to start all four seasons at Penn State, missing just one game. In 1913, he rushed for 250 yards against Carnegie Tech University — a Penn State single-game rushing record that lasted 68 years (and …",0
19773804,Christopher Needham,https://en.wikipedia.org/wiki/Christopher%20Needham,-1.5893363,4.1885333,-0.5086814689218274,0.3677076303715751,"Sir Christopher Thomas Needham (30 August 1866 – 29 April 1944) was a British businessman and Liberal politician.

Needham was educated at Manchester Grammar School and the University of Manchester. He was to maintain a link with the university throughout his life, becoming a governor in 1908, a chairman of the council from 1936 to 1941. He became a partner in the family company, John Needham and Sons of Manchester, iron and steel merchants.
",0
4854761,Once railway station,https://en.wikipedia.org/wiki/Once%20railway%20station,3.457783,3.0020332,-0.6979793607081908,0.3274955065026317,"Once railway station (, ; informally known as ) is a large railway terminus in central Buenos Aires, Argentina, in the barrio of Balvanera.

The station, inaugurated on 20 December 1882, is located in the barrio of Balvanera, immediately north of Plaza Miserere, a large public square. The current terminal, designed by the Dutch architect John Doyer in Renaissance Revival style, was built in two stages, from 1895 to 1898, and then from 1906 to 1907.
",0
24985543,List of Interstate Highways in Virginia,https://en.wikipedia.org/wiki/List%20of%20Interstate%20Highways%20in%20Virginia,4.200911,3.4632335,0.5812225582360981,0.599233482729176,"The Interstate Highways in Virginia are a total of  of Interstate Highways in the U.S. state of Virginia. Virginia consists of six primary interstate highways, and 10 auxiliary interstates. In addition, 3 more primary and one auxiliary route are planned or under construction.

Primary highways
",0
49801,Action,https://en.wikipedia.org/wiki/Action,-0.12981266,7.9000816,2.7741546324637545,1.0,"Action may refer to:
 Action (narrative), a literary mode
 Action fiction, a type of genre fiction
 Action game, a genre of video game",0
4745993,Bermuda Militia 1687–1813,https://en.wikipedia.org/wiki/Bermuda%20Militia%201687%E2%80%931813,-2.6723685,4.28287,-0.6440361548365222,0.3389545399653368,"Bermuda Militia, under Militia Acts 1687–1813. Although the Bermuda Parliament had been formed in 1620, prior to 1687, the Bermudian Militia was raised and organised without reference to a Militia Act. The Crown took over the administration of the Colony from The Somers Isles Company in 1684.

Militia Act, 1687 
In 1687 the first Crown-appointed governor, Royal Naval officer Sir Robert Robinson arrived in Bermuda. Finding the state of defences less than satisfactory, he raised a militia of 780 men, with provisions made to arm those men with no weapons of their own. He also pushed an Act of Par…",0
41206288,Simon Ardé,https://en.wikipedia.org/wiki/Simon%20Ard%C3%A9,-0.3963391,5.9793167,-1.1828557237095283,0.2244943151732674,"Simon Ardé (also Simon Ardi, Symon van Antwerpen and nickname Tovenaer) (probably Antwerp, 1594 - Rome, 1638) was a Flemish Baroque painter who was active in Italy for most part of his life.

Biography
Nothing is known about his background and training.  He was in Rome from 1620, and maybe as early as 1617.  He was one of the co-founders in 1623 of the Bentvueghels, which was set up as a social club of principally Dutch and Flemish artists working in Rome.  The nickname he took in the Bentvueghels was 'Tovenaer', which means 'wizard'.  His portrait appears on one of the anonymous drawings of m…",0
119784,"Dudley Township, Clearwater County, Minnesota",https://en.wikipedia.org/wiki/Dudley%20Township%2C%20Clearwater%20County%2C%20Minnesota,5.548463,4.71678,-3.2254507183616883,0.0,"Dudley Township is a township in Clearwater County, Minnesota, in the United States. As of the 2000 census,  the township population was 365.

Dudley Township was named for Frank E. Dudley, a county commissioner.
",0
12258139,Claim jumping,https://en.wikipedia.org/wiki/Claim%20jumping,1.0867429,5.0506725,2.819587315783297,1.0,"Claim jumping may refer to: 
Claim jumping (gold rush)
Squatting",0
3001062,Tony Modra,https://en.wikipedia.org/wiki/Tony%20Modra,-0.6994827,-2.0484607,-0.3575288006298384,0.3998166505150135,"Anthony Dale Modra (born 1 March 1969) is a former Australian rules footballer who represented Adelaide and Fremantle in the Australian Football League (AFL) and West Adelaide in the South Australian National Football League (SANFL). Known for his spectacular marking ability in the full forward position, Modra had the physical strength and size to match the best opposition full backs in the competition.

Early life
Modra was born in McLaren Vale, South Australia but grew up nearby in Christies Beach, South Australia and attended Christies Beach Primary School along with a future Adelaide teamm…",0
4924118,Beechcroft High School,https://en.wikipedia.org/wiki/Beechcroft%20High%20School,3.3215024,5.816171,-0.3546747794110867,0.4004229238004157,"Beechcroft High School is a four-year high school (grades 9-12) located on the north side of Columbus, Ohio. It is a part of Columbus City Schools. Beechcroft was first opened in 1976 as a six-year junior/senior high school. At that time, school enrollment peaked at 1,200+ students. Current enrollment is 950 students.

The school colors are Gold and Brown. The school nickname is the Cougars. They compete in the Columbus City League with league rival Northland High School.
",0
58479895,The Trip Home,https://en.wikipedia.org/wiki/The%20Trip%20Home,-0.98091817,12.070784,1.8239706276457777,0.8632276499827186,"The Trip Home is the sixth studio album by American electronic music act The Crystal Method, and is the first solo album by Scott Kirkland.

Track listing
",0
12130657,Simón Lecue,https://en.wikipedia.org/wiki/Sim%C3%B3n%20Lecue,-1.7333934,-0.91941553,-1.0539457287175165,0.2518783744337577,"Simón Lecue Andrade (11 February 1912 – 27 February 1984) was a Spanish footballer who played as an attacking midfielder.

Club career
Born in Arrigorriaga, Biscay, Lecue played his first two La Liga seasons with Deportivo Alavés, also in the Basque Country. He made his professional debut at the age of 18, after being signed from CD Basconia.",0
2933592,Itxassou,https://en.wikipedia.org/wiki/Itxassou,3.5196326,2.1109407,1.3670076485507587,0.7661560357904785,"Itxassou (; Basque Itsasu) is a village and a commune in the Northern Basque Country, in the Pyrénées-Atlantiques department, in south-western France. It is part of the traditional Basque province of Labourd.

Population
",0
2006158,LyddAir,https://en.wikipedia.org/wiki/LyddAir,1.0051376,0.93057907,1.0474662632612028,0.6982765805822879,"LyddAir is a British charter airline based at Lydd Airport, Kent, United Kingdom. It operates scheduled charter passenger services, air charter and air freight services, as well as an ACMI or fractional ownership programme. It is based at Lydd Airport.

History
The airline was established and soon started operations in June 1997. Jonathan Gordon (Managing Director of LyddAir) acquired Lydd Airport in June 1996 and a year later started Sky-Trek Airlines as a wholly owned subsidiary of his aviation consultancy, Atlantic Bridge Aviation. It was relaunched as LyddAir in April 2002. The airline is …",0
33569584,List of rivers of Saxony-Anhalt,https://en.wikipedia.org/wiki/List%20of%20rivers%20of%20Saxony-Anhalt,4.5829263,1.9683186,0.1114793355588861,0.4994469902403387,"A list of rivers of Saxony-Anhalt, Germany:

A
Aland",0
39572918,Father DeSmet's Prairie Mass Site,https://en.wikipedia.org/wiki/Father%20DeSmet%27s%20Prairie%20Mass%20Site,3.5425355,4.5890145,1.016533667303536,0.6917056390440617,"Father DeSmet's Prairie Mass Site, located about one mile east of Daniel, Wyoming, is the site of the first Catholic mass in Wyoming. The mass was conducted on July 5, 1840, by Jesuit missionary Pierre-Jean De Smet. A congregation of 2,000 people, composed of Native Americans, trappers, and traders from the region, attended the service. A stone altar was constructed for the mass and a granite cross enclosed by a small chapel was later added to the altar site. The service was one of the earliest Christian religious ceremonies conducted in the Rocky Mountain region. The Prairie Mass Site lies ap…",0
10221237,1977 New York Film Critics Circle Awards,https://en.wikipedia.org/wiki/1977%20New%20York%20Film%20Critics%20Circle%20Awards,-2.0103283,9.115532,-0.6200558096618077,0.3440486305623622,"43rd New York Film Critics Circle Awards
January 29, 1978
(announced December 21, 1977)
",0
3501351,Terry LaBan,https://en.wikipedia.org/wiki/Terry%20LaBan,-1.0966408,7.2341375,-0.1520874363428793,0.4434580958082094,"Terry LaBan (born July 19, 1961) is an alternative/underground cartoonist and newspaper comic strip artist. He is known for his comic book series Cud, and his syndicated strip Edge City, created with his wife, Patty LaBan, a couples and family therapist.

LaBan is known for his sympathetic and believable characters, real-life dialogue, tight cartoon style and straightforward storytelling.
",0
1574738,Maedi,https://en.wikipedia.org/wiki/Maedi,1.3097013,3.6567676,-0.4739870553956553,0.3750776863247037,"The Maedi (also Maidans, Maedans, or Medi; ) were a Thracian tribe in antiquity. In historic times, they occupied the area between Paionia and Thrace, on the southwestern fringes of Thrace, along the middle course of the Strymon, between the Kresna Gorge and the Rupel Pass (present-day south-western Bulgaria). Strabo says that the Maedi bordered eastward on the Thunatae of Dardania, and that the Axius flowed through their territory.

Their capital city was Iamphorynna, which lay somewhere in the southwest corner of what is now Bulgaria. Some archaeologists posit it in the area between the citi…",0
36979144,1913 Oklahoma A&M Aggies football team,https://en.wikipedia.org/wiki/1913%20Oklahoma%20A%26M%20Aggies%20football%20team,-1.2179374,-4.41103,-0.9992270004241244,0.2635021503740001,"The 1913 Oklahoma A&M Aggies football team represented Oklahoma A&M College in the 1913 college football season. This was the 13th year of football at A&M and the fifth under Paul J. Davis. The Aggies played their home games in Stillwater, Oklahoma. They finished the season 4–3.

Schedule
",0
37533159,M. E. Pavri,https://en.wikipedia.org/wiki/M.%20E.%20Pavri,-0.9098565,-1.6176898,-0.5146402629889624,0.3664418171980846,"Mehallasha Edulji Pavri (10 October 1866 – 19 April 1946 in Navsari, Gujarat, India) was an Indian cricketer born to a Parsi family, who played 26 first-class matches between 1892 and 1913. He was India's earliest genuine fast bowlers in its pre-Test era. He was a right-handed batsman and a right-arm fast bowler. Most of his first-class cricket was for the Parsees, but he also represented an All-India XI and Middlesex several times.

Career 
Pavri made his debut on the Parsee tour to England in 1888, gaining recognition by taking 170 wickets at an average of 11.66. The touring team had played …",0
35806885,Robert Valberg,https://en.wikipedia.org/wiki/Robert%20Valberg,-2.6886957,8.480436,-1.4379554251321716,0.1703040614111452,"Robert Valberg (28 April 1884 – 15 October 1955) was an Austrian stage and film actor.

Selected filmography
 The Traitress (1911)",0
43042837,Na Maloom Afraad,https://en.wikipedia.org/wiki/Na%20Maloom%20Afraad,-2.6418417,9.7336445,-1.647629226682972,0.1257635290234495,"Na Maloom Afraad (lit. Unidentified People), is a 2014 Pakistani action comedy film co-written and directed by Nabeel Qureshi in his directorial debut. It stars Javed Sheikh, Fahad Mustafa, Mohsin Abbas Haider with supporting cast of Urwa Hocane, Kubra Khan and Salman Shahid. The story follows Shakeel (Sheikh), Farhaan (Mustafa) and Moon (Haider), three poor struggling individuals who chase every possible means of becoming rich, all getting into trouble as they struggle to fulfill their desires and ambitions through questionably moral ways.

Most of the Na Maloom Afrad shots were filmed in rea…",0
67556958,2018 Honkbal Hoofdklasse season,https://en.wikipedia.org/wiki/2018%20Honkbal%20Hoofdklasse%20season,-2.095158,-4.1711116,2.2217952863248467,0.9477366442560252,"The 2018 Honkbal Hoofdklasse season began Thursday, April 26.

Standings
",0
2414685,Luwero Triangle,https://en.wikipedia.org/wiki/Luwero%20Triangle,2.5002785,2.005128,0.6848496899137512,0.6212467604042804,"The Luweero Triangle, sometimes spelled Luwero Triangle, is an area of Uganda north of the capital Kampala, where, in 1981, Yoweri Museveni started the guerrilla war that propelled him and his National Resistance Movement into power in 1986. 

The area was notorious for the persecution of civilians during the Luweero War, between the rebel National Resistance Army and the government of Milton Obote. Many residents were either forcibly recruited or killed by both sides during the five-year Ugandan Bush War, as Museveni's guerrilla forces started their advance from Kyankwanzi southeast toward Ka…",0
333416,Milwaukee Mustangs (1994–2001),https://en.wikipedia.org/wiki/Milwaukee%20Mustangs%20%281994%E2%80%932001%29,-1.614324,-3.8831558,0.8830855772389933,0.6633575624907027,"The Milwaukee Mustangs were a professional arena football team based in Milwaukee, Wisconsin. The team was a member of the Arena Football League, playing from 1994 to 2001. The owner of the Mustangs was Andrew Vallozzi. The Mustangs played their home games at the Bradley Center in Milwaukee, Wisconsin.

History
",0
28163419,The Gaslamp Killer,https://en.wikipedia.org/wiki/The%20Gaslamp%20Killer,-1.0955162,11.822071,-0.510183057778627,0.3673886512401118,"William Benjamin Bensussen (born November 7, 1982), better known by his stage name The Gaslamp Killer, is an American alternative hip hop producer and DJ based in Los Angeles, California.

Career
He grew up in San Diego, California, where he became a DJ in the Gaslamp district. His sets often ruined the music vibe in the clubs, earning him the nickname ""The Gaslamp Killer"".",0
16188516,1888 Democratic National Convention,https://en.wikipedia.org/wiki/1888%20Democratic%20National%20Convention,-2.238395,3.1144648,-0.3956241710666447,0.3917241369619994,"The 1888 Democratic National Convention was a nominating convention held June 5 to 7, 1888, in the St. Louis Exposition and Music Hall in St. Louis, Missouri. It nominated President Grover Cleveland for reelection and former Senator Allen G. Thurman of Ohio for vice president.

St. Louis won the convention after a presentation in February 1888.
",0
23972889,Distance from a point to a line,https://en.wikipedia.org/wiki/Distance%20from%20a%20point%20to%20a%20line,1.6937325,7.224729,2.1471171891682364,0.9318729446404602,"In Euclidean geometry, the 'distance from a point to a line is the shortest distance from a given point to any point on an infinite straight line. It is the perpendicular distance of the point to the line, the length of the line segment which joins the point to nearest point on the line. The formula for calculating it can be derived and expressed in several ways.

Knowing the distance from a point to a line can be useful in various situations—for example, finding the shortest distance to reach a road, quantifying the scatter on a graph, etc. In Deming regression, a type of linear curve fitting…",0
60952298,AC Industrials,https://en.wikipedia.org/wiki/AC%20Industrials,1.8223798,5.7260556,0.6940188302229592,0.6231945401835803,"AC Industrial Technology Holdings Inc. or simply AC Industrials is Ayala Corporation's holding company for its current and future investments in industrial technology. It is formerly known as Ayala Automotive Holdings Corporation before the change in name in August 2016. The core businesses under AC Industrials are Integrated Micro-Electronics, Inc., a global technology company in the Philippines and one of the top automotive EMS provider worldwide (based on revenues), and AC Motors, a multi-brand dealership group and vehicle distributor carrying Honda Cars, Isuzu Motors, Kia Motors, Volkswage…",0
992338,Batting (baseball),https://en.wikipedia.org/wiki/Batting%20%28baseball%29,-2.0331793,-4.0980196,-0.1563008581866037,0.4425630481164835,"In baseball, batting is the act of facing the opposing pitcher and trying to produce offense for one's team. A batter or hitter is a person whose turn it is to face the pitcher. The three main goals of batters are to become a baserunner, to drive runners home or to advance runners along the bases for others to drive home, but the techniques and strategies they use to do so vary.  Hitting uses a motion that is virtually unique to baseball and its fellow bat-and-ball sports, one that is rarely used in other sports.  Hitting is unique because it involves rotating in the horizontal plane of moveme…",0
47128216,Huhí Municipality,https://en.wikipedia.org/wiki/Huh%C3%AD%20Municipality,3.3879437,2.4009438,-0.113040531813514,0.4517527416007029,"Huhí Municipality (In the Yucatec Maya Language: “place of the iguanas” is one of the 106 municipalities in the Mexican state of Yucatán containing  of land and located roughly  southeast of the city of Mérida. It is bounded on the north by Sanahcat, on the south by Sotuta and Tekit, and on the east and west by Kantunil Homún.

History
During pre-Hispanic times, the town existed but it is unclear which chieftainship it was part of. After the conquest the area became part of the encomienda system. One of the first encomendaros was Joaquín Cárdenas y Díaz, with 734 Indians in his custody.",0
30728095,Chris Letchford,https://en.wikipedia.org/wiki/Chris%20Letchford,-0.6201415,11.483838,-0.05717868768012,0.4636193470585957,"Chris Letchford (born October 7, 1984, in Houston, Texas) is an American guitarist. He is the lead guitarist in the progressive metal band Scale the Summit. His technical ability has been recognized in magazines such as Guitar World, Revolver, and All Metal Resource.

Background
Letchford began playing guitar when he was 8 years old. He had over 6 years of private guitar lessons before applying to the Musicians Institute in Los Angeles, majoring in the Guitar Craft program and then the Guitar Performance program, GIT. Along with this education, he also attended Berklee College of Music with a …",0
31589330,Adam Robak,https://en.wikipedia.org/wiki/Adam%20Robak,-3.872315,-2.0243752,-0.8412172275916054,0.2970678097571257,"Adam Robak (born 16 July 1957) is a retired Polish fencer. He won a team gold medal at the 1978 World Fencing Championships in Hamburg and a bronze medal in the team foil event at the 1980 Summer Olympics.

References
",0
28037283,Rescue Me (Skepta song),https://en.wikipedia.org/wiki/Rescue%20Me%20%28Skepta%20song%29,-1.2507467,12.30966,-0.5714059771034515,0.3543832046803233,"""Rescue Me"" is a song by British rapper Skepta. It released as a digital download on 27 June 2010 as the second single from his third studio album Doin' It Again (2011). The song peaked at number 14 on the UK Singles Chart, beating the chart position of Skepta's previous single, ""Bad Boy"". The track is produced by Agent X – who had also produced ""Bad Boy"". It is the second single released from his third studio album. The official music video was directed by Shane Davey.

Critical reception
Fraser McAlpine of BBC Chart Blog gave the song a positive review stating:",0
66977686,"Hocatman, Yığılca",https://en.wikipedia.org/wiki/Hocatman%2C%20Y%C4%B1%C4%9F%C4%B1lca,2.958831,1.1851038,1.067250257952233,0.7024792499180672,"Hocatman is a village in the Yığılca District of Düzce Province in Turkey.

References
",0
67770847,Goudaea,https://en.wikipedia.org/wiki/Goudaea,9.368938,5.5995326,-0.500531369012521,0.3694389376989021,"Goudaea is a genus of flowering plants belonging to the family Bromeliaceae.

Its native range is Trinidad, Bolivia, Colombia and Peru.
",0
11796393,Rumex maritimus,https://en.wikipedia.org/wiki/Rumex%20maritimus,9.261147,5.5548954,-0.3033131645852271,0.4113335557044273,"Rumex maritimus,  commonly called golden dock, bristle dock, or seashore dock, is an annual plant species of the genus Rumex. Rumex maritimus grows in Argentina, Burma, Canada, China, and the United States. It is native to Canada and most of the 48 states. The life span of Rumex maritimus is rarely biennial in moist environments. This herb belongs to the family Polygonaceae.

Description  
Rumex maritimus is composed of golden yellow or green/yellow inflorescences on its leaves and stem. The plant ranges to be 15 cm to 75 cm high from the base of the plant. The stems of the plant grows upward …",0
32862508,"Petites Heures of Jean de France, Duc de Berry",https://en.wikipedia.org/wiki/Petites%20Heures%20of%20Jean%20de%20France%2C%20Duc%20de%20Berry,-0.5329759,5.897313,-0.3202139346041753,0.4077433632777231,"The Petites Heures of Jean de France, Duc de Berry is an illuminated book of hours commissioned by John, Duke of Berry between 1375 and 1385–90. It is known for its ornate miniature leaves and border decorations.

Several artists were employed in the production. It was completed in two separate stages, each with a distinctive style. The earlier leaves were painted by artists influenced by Jean Pucelle, the later by artists working in the vanguard of the International Gothic period of Gothic art. Because of this, the Petites Heures exemplifies the ""rupture in style"" that occurred in French illu…",0
21471065,1926 Detroit Panthers season,https://en.wikipedia.org/wiki/1926%20Detroit%20Panthers%20season,-1.2438215,-4.2344933,-0.37374445395882,0.3963719958803134,"The 1926 Detroit Panthers season was their fourth in the league and final season as the Panthers. The team failed to improve on their previous output of 8–2–2, winning only four games. They finished twelfth in the league.

Schedule
",0
41438606,Julie Hall (public health),https://en.wikipedia.org/wiki/Julie%20Hall%20%28public%20health%29,0.45216635,5.617098,0.3675324310654286,0.5538397713557024,"Julie Lyn Hall MBE is a public health specialist from the United Kingdom.

Education and career 
",0
70245215,Safia Al-Sayegh,https://en.wikipedia.org/wiki/Safia%20Al-Sayegh,-4.572332,-2.7587514,0.5418916388679577,0.5908785043055599,"Safia Al Sayegh (born 23 September 2001) is an Emirati professional racing cyclist, who currently rides for UCI Women's WorldTeam UAE Team ADQ.

Major results
2019",0
4491830,Guatemalan Party of Labour – Alamos,https://en.wikipedia.org/wiki/Guatemalan%20Party%20of%20Labour%20%E2%80%93%20Alamos,-0.37198895,3.2785075,1.1700059410975028,0.7243074077484712,"The Guatemalan Party of Labour – Alamos (in Spanish: Partido Guatemalteco del Trabajo – Alamos) was an underground communist party in Guatemala. PGT-Alamos was formed as a regroupment of the few elements in the Alamos region of the erstwhile Guatemalan Party of Labour - Communist Party (PGT-PC) that survived the 1983 purges against the organisation.

In 1984 PGT-Alamos was joined by 8 guerrilla fighters from FAR (who had previously tried to join ORPA).
",0
56379982,Outside Today,https://en.wikipedia.org/wiki/Outside%20Today,-1.3058243,12.266387,0.3750937386559628,0.5554460028597747,"""Outside Today"" is a song by American rapper YoungBoy Never Broke Again, released as the lead single from his debut album Until Death Call My Name. The song, produced by DMacTooBangin, was released on January 6, 2018, along with its music video. It peaked at number 31 on the Billboard Hot 100, becoming NBA YoungBoy's highest-charting song until the release of ""Bandit"" with Juice WRLD, which peaked in the top 10 in October 2019.

Music video
The song's music video features NBA YoungBoy staying inside of his home and avoiding a swarm of paparazzi with his then-girlfriend Jania, crew, and Birdman…",0
47353702,Research Council of Norway's Award for Excellence in Communication of Science,https://en.wikipedia.org/wiki/Research%20Council%20of%20Norway%27s%20Award%20for%20Excellence%20in%20Communication%20of%20Science,0.17541738,5.5178523,0.7312964994821713,0.6311133513211534,"The Research Council of Norway's Award for Excellence in Communication of Science () is awarded annually by the Research Council of Norway, a Norwegian government body. According to its bylaws, the prize is to be given in order to ""reward and stimulate the dissemination of research to a broad audience. The dissemination must be of high quality in both form and content."" The price is worth .

Award winners 
 2020 Anne Sverdrup-Thygeson",0
8642507,Terminal radar service area,https://en.wikipedia.org/wiki/Terminal%20radar%20service%20area,1.0613067,0.936246,0.7179958069162424,0.6282879152216986,"In United States aviation, a terminal radar service area (TRSA) is a delimited airspace where radar and air traffic control services are made available to pilots flying under instrument flight rules or (optionally) visual flight rules, to maintain aircraft separation.

TRSAs most often surround busy U.S. airports.  In recent years, many of them have been replaced by Class C or Class B airspace.
",0
15256689,Bruno & Marrone,https://en.wikipedia.org/wiki/Bruno%20%26%20Marrone,-1.502652,11.025432,-0.8551381646658729,0.2941106165167806,"Bruno & Marrone are a Brazilian sertanejo duo from Goiânia.

Bruno (b. Vinicius Felix de Miranda, 1969) performed for a decade as a solo musician before approaching Leandro e Leonardo for help finding a partner. They introduced him to Marrone (b. José Roberto Ferreira, 1964), a concertina player. Their debut was released by Warner Records in 1995; they have enjoyed a successful and prolific career since then, releasing more than one album per year. In 2002 they won a Latin Grammy for their DVD release.
",0
22597334,Superficial pustular folliculitis,https://en.wikipedia.org/wiki/Superficial%20pustular%20folliculitis,2.8245041,7.802441,1.561903548140018,0.8075573318211668,"Superficial pustular folliculitis is a superficial folliculitis with thin-walled pustules at the follicular openings.

See also 
 Streptococcal intertrigo",0
59982,147 BC,https://en.wikipedia.org/wiki/147%20BC,0.90954685,4.0291877,-0.8345658441760357,0.2984807481225914,"
Year 147 BC was a year of the pre-Julian Roman calendar. At the time it was known as the Year of the Consulship of Aemilianus and Drusus (or, less frequently, year 607 Ab urbe condita). The denomination 147 BC for this year has been used since the early medieval period, when the Anno Domini calendar era became the prevalent method in Europe for naming years.

Events ",0
66770247,"Burgheard, son of Ælfgar",https://en.wikipedia.org/wiki/Burgheard%2C%20son%20of%20%C3%86lfgar,-1.6525383,4.762478,-0.1698373288930051,0.4396875261988467,"Burgheard (died 1061) was a son of Ælfgar, Earl of Mercia. He was also the brother of Edwin and Morcar, who succeeded their father as earls of Mercia and Northumbria respectively during the reigns of Edward the Confessor and William I. As well as Edith, the second wife of Harold Godwinson. Through his father, Burgheard was the grandson of the famous Lady Godiva as well as Leofric, who was also earl of Mercia.

Not much is known about Burgheard's life. However, it is known that he died in the spring of 1061 after returning from a journey to Rome and was buried in the abbey of Saint-Rémi in Reim…",0
3442219,Second generation of video game consoles,https://en.wikipedia.org/wiki/Second%20generation%20of%20video%20game%20consoles,-0.05657188,7.7982516,-0.7781417561205612,0.3104667897877546,"In the history of video games, the second generation era refers to computer and video games, video game consoles, and handheld video game consoles available from 1976 to 1992. Notable platforms of the second generation include the Fairchild Channel F, Atari 2600, Intellivision, Odyssey 2, and ColecoVision. The generation began in November 1976 with the release of the Fairchild Channel F. This was followed by the Atari 2600 in 1977, Magnavox Odyssey² in 1978, Intellivision in 1980 and then the Emerson Arcadia 2001, ColecoVision, Atari 5200, and Vectrex, all in 1982. By the end of the era, there…",0
28040817,International Society for Twin Studies,https://en.wikipedia.org/wiki/International%20Society%20for%20Twin%20Studies,0.6189654,5.950785,1.3675636233988822,0.7662741402725189,"The International Society for Twin Studies (ISTS) is an international, non-profit scientific organization. The aim of the society is to advance research and knowledge in all fields of science related to twins and/or twin studies, for the benefit of both twins and their families as well as worldwide scientific communities.

International Congress on Twin Studies 
The International Congress on Twin Studies (ICTS) is a tri-ennial conference organised by the ISTS. Past locations include Budapest, Florence, Seoul, Ghent, Odense, London and others.",0
632,Aberdeen (disambiguation),https://en.wikipedia.org/wiki/Aberdeen%20%28disambiguation%29,4.1213694,4.124654,1.1070720407084562,0.7109385013432369,"Aberdeen is a city in Scotland.

Aberdeen may also refer to:
",0
22296768,StarStruck (season 4),https://en.wikipedia.org/wiki/StarStruck%20%28season%204%29,-1.14885,8.89521,-0.7542762580793122,0.3155364836674509,"The fourth season of StarStruck, aka (StarStruck: The Next Level) is a Philippine television reality talent competition show, was broadcast on GMA Network. Hosted by Dingdong Dantes, Jolina Magdangal and Raymond Gutierrez, it premiered on December 4, 2006. The council was composed of Louie Ignacio, Lorna Tolentino and Douglas Quijano. The season ended with 91 episodes on March 25, 2007, having Jewel Mische, Aljur Abrenica, Kris Bernal and Mart Escudero as the Ultimate Survivors.

The series is streaming online on YouTube.
",0
44438478,Benjamin Parth,https://en.wikipedia.org/wiki/Benjamin%20Parth,2.496356,6.245982,0.4941813769764235,0.5807435210635526,"Benjamin Parth (born 27 July 1988 in Zams) is an Austrian chef.

Life 
Benjamin Parth was born to Alfons and Maria Odile Parth. Parth attended kindergarten and primary school in Ischgl, Paznaun. Parth successfully completed his studies at the secondary school in Landeck in 2004.",0
25066809,Nico Malan Pass,https://en.wikipedia.org/wiki/Nico%20Malan%20Pass,4.2959313,3.0445406,1.5606476054379066,0.8072905347478714,"Nico Malan Pass is situated in the Eastern Cape province of South Africa, on the regional tarred road R67 between Fort Beaufort and Whittlesea.

Mountain passes of the Eastern Cape",0
1411561,Silent Drive,https://en.wikipedia.org/wiki/Silent%20Drive,-1.0198518,11.967654,0.4758149039278321,0.5768419726506465,"Silent Drive is an American post-hardcore band from Worcester, Massachusetts, United States. The band was formed from members of Ink Cartridge Funeral, Bane, Dasai, and Drowningman. The band was signed to Equal Vision Records, and toured Internationally in the US, UK, Japan, Europe, and Canada both before and after the release of their 2004 album, Love is Worth It.

The song ""4/16"" appeared on the soundtrack of the game Burnout 3 by EA Games.
",0
70284366,Jennie Margaret Gheer,https://en.wikipedia.org/wiki/Jennie%20Margaret%20Gheer,1.099958,3.5916264,0.0820076643258987,0.4931863896437766,"Jean “Jennie” Margaret Gheer  (November 13, 1846 - June 20, 1910) was an American missionary and educator. In 1879, at the age of 33, she was sent by the Woman's Foreign Missionary Society of the Methodist Episcopal Church to Japan. She founded Eiwa Jo Gakko in Fukuoka in 1885, the origin of Fukuoka Jo Gakko and Fukuoka Jo Gakuin, an educational institution for girls and women that flourishes to this day.

Biography 
Jennie Margaret Gheer was born in Bellwood, Pennsylvania. Her father was a furniture merchant. She graduated from the Normal School in Millersville and worked as a teacher in publ…",0
30735322,Dahira tridens,https://en.wikipedia.org/wiki/Dahira%20tridens,11.835328,5.3100023,-0.4012288300949237,0.3905335518954594,"Dahira tridens is a moth of the  family Sphingidae. It is known from Nepal.

References
",0
41483162,Constance Louoba,https://en.wikipedia.org/wiki/Constance%20Louoba,-2.8725336,-1.7094849,-1.1346367298317048,0.2347373672028122,"Constance Louoba (born 14 June 1981) is a team handball player from the Democratic Republic of the Congo. She plays for the club Blavozy RB and on the DR Congo national team. She represented DR Congo at the 2013 World Women's Handball Championship in Serbia, where DR Congo placed 20th.

References
",0
70115902,Arboleda family,https://en.wikipedia.org/wiki/Arboleda%20family,-0.3352656,3.534207,-0.8285742454296937,0.2997535299200392,"The Arboleda family is Colombian political and aristrocratic family originally from the city of Popayán, which had its period of greatest influence between the 17th and 20th centuries in the South American country and whose origins date back to the Arboleya region in Asturias, Spain.

Among its numerous and influential members are poets, businessmen, writers, musicians and politicians, including three presidents of Colombia and a fourth president associated with the family by marriage ties.
",0
20007095,"Concord (District Heights, Maryland)",https://en.wikipedia.org/wiki/Concord%20%28District%20Heights%2C%20Maryland%29,4.3066754,4.9064536,-0.3281224274200292,0.4060633799999026,"Concord is a historic home located in District Heights, Prince George's County, Maryland. It is a 1790s -story Flemish bond brick house with a five-bay south facade, and a later two-part wing which stretches to the west. The home was built for Zachariah Berry, Sr. (1749-1845), a prosperous planter who had large landholdings in Maryland, the District of Columbia, and Kentucky. A great deal of the home's features are Greek Revival-influenced, dating from an 1860s renovation. A family cemetery and a number of 20th century outbuildings are located on the property.

Concord was listed on the Nation…",0
41309901,Multidimensional transform,https://en.wikipedia.org/wiki/Multidimensional%20transform,1.7017088,7.1868596,1.345811369857827,0.761653358151983,"In mathematical analysis and applications, multidimensional transforms are used to analyze the frequency content of signals in a domain of two or more dimensions.

Multidimensional Fourier transform 
",0
40624089,Tree of patriarchy,https://en.wikipedia.org/wiki/Tree%20of%20patriarchy,0.3336233,5.2440166,1.14955823642363,0.719963747999163,"The Tree of Patriarchy is a metaphor used to describe the system of patriarchy. It appears in Allan G. Johnson’s The Gender Knot (1997), who borrowed the idea from R. Roosevelt Thomas Jr. (1991). The metaphor uses the parts of a tree to illustrate how patriarchy is shaped by and performs in society.

The roots of the tree illustrate the deep-seated nature of patriarchy in western society. Patriarchy finds it roots in the core principles of male dominance, centrism, and control. These values are rooted deeply and firmly within western society.  We can see male dominance most primarily in the wo…",0
69505526,Austrophasma gansbaaiense,https://en.wikipedia.org/wiki/Austrophasma%20gansbaaiense,11.301731,4.9325547,0.4150470725100528,0.563933199387727,"Austrophasma gansbaaiense is a species of insect in the family Mantophasmatidae. It is endemic to western South Africa, where it is only known from near Gansbaai in Western Cape Province.

References
",0
15896205,Bashir Varaev,https://en.wikipedia.org/wiki/Bashir%20Varaev,-3.7665703,-1.9282353,-1.015905162525595,0.2599592460447351,"Bashir Varaev (, also spelled Varayev, born 23 February 1964) is a Chechen judoka who competed for the Soviet Union in the 1988 Summer Olympics.

In 1988 he won the bronze medal in the half middleweight class.
",0
29403600,The Kite Runner (play),https://en.wikipedia.org/wiki/The%20Kite%20Runner%20%28play%29,-1.9494967,8.332405,-0.0955874841187443,0.4554602531274806,"The Kite Runner is a stage adaption of Afghan-American novelist Khaled Hosseini's 2003 book The Kite Runner. Aside from sharing the 2003 book as a source, it is unrelated to the 2007 film The Kite Runner. The play was adapted for the stage by Matthew Spangler and premiered at San Jose Repertory Theatre in 2009. A Broadway production starring Amir Arison as Amir and featuring Azita Ghanizada as Soraya and Faran Tahir as Baba opened to mixed reviews at the Hayes Theater on July 21, 2022.

Description
",0
14738678,Sutton Bassett,https://en.wikipedia.org/wiki/Sutton%20Bassett,4.0471654,4.2027,0.4544413641273832,0.5723016398351948,"Sutton Bassett is a village  and civil parish in  Northamptonshire, England, in the Welland valley. It was formerly in the Corby Hundred but has been part of the Stoke Hundred (named after Stoke Albany village).

The village's name means 'Southern farm/settlement'. The village was held by Richard Basset in the 12th century.
",0
1435555,Grand Saline Sun,https://en.wikipedia.org/wiki/Grand%20Saline%20Sun,-0.75846434,6.0349007,1.036105324271048,0.6958632019565228,"The Grand Saline Sun is a weekly newspaper published in Grand Saline, Texas in Van Zandt County. The paper's editorial focus is on local community, city, school and county news.

The paper is currently published on Thursday and has a circulation of about 1,500. Its office, which used to be located at 116 N. Main Street, was moved to 123 West Frank St. April 2018 and continued business at that location on April 15, 2018. The paper is printed in Center, Texas.
",0
45350297,Guntaseema,https://en.wikipedia.org/wiki/Guntaseema,2.2929497,1.6801715,0.8318216492759981,0.6524676819864705,"Guntaseema is a village in Alluri Sitharama Raju district, Andhra Pradesh, India with a population of about 3,000. 
This village belongs to the Mandal of Dumbriguda, with a pincode of 531151.

Villages in  Alluri Sitharama Raju district",0
16194959,Minardi PS02,https://en.wikipedia.org/wiki/Minardi%20PS02,-5.078733,-3.1043282,0.1123426094843952,0.4996303735717526,"The Minardi PS02 was a Formula One racing car with which Minardi contested the 2002 Formula One season.

Overview
The PS02 was designed by technical director Gabriele Tredozi and chief aerodynamicist Loic Bigois, who had joined the team from the now defunct Prost team. The car was recognised as a significant step forward from the PS01, and the team utilised extensive wind tunnel testing in Italy and the United Kingdom.  The car utilised the Minardi's unique titanium cased gearbox, and changed to a pushrod from pullrod suspension for the first time.  The PS02 featured the new Asiatech AT02 V10 …",0
67568692,"Church of the Holy Trinity, Gierviaty",https://en.wikipedia.org/wiki/Church%20of%20the%20Holy%20Trinity%2C%20Gierviaty,2.9115639,4.065308,-1.4872140380810002,0.1598401654489751,"Church of the Holy Trinity (, ) is a Roman Catholic church in Gierviaty, Grodno Region, in Belarus. It is an example of the Belarusian Neogothic architecture and was built in 1899–1903. The church is a site of cultural heritage of Belarus.

History 
",0
59174142,Schrag,https://en.wikipedia.org/wiki/Schrag,-1.5215813,1.8297545,1.4548126503525507,0.7848082541297681,"Schrag is a surname. Notable people with the surname include:

Anthony Schrag (born 1975), Scottish artist and academic
Ariel Schrag (born 1979), American cartoonist and television writer",0
46661555,Bill Stovall,https://en.wikipedia.org/wiki/Bill%20Stovall,-2.253067,3.2686107,1.2402182224955938,0.7392224442026941,"William ""Bill"" Harry Stovall III (born February 21, 1960) is an American politician. He was a member of the Arkansas House of Representatives, serving from 2001 to 2007. He is a member of the Democratic party.

References
",0
48497200,Adam Frizzell,https://en.wikipedia.org/wiki/Adam%20Frizzell,-0.66706324,-2.483017,-0.8696245475517649,0.2910333068989966,"Adam Frizzell (born 21 February 1998) is a Scottish professional footballer who plays as a winger for Scottish League One club Airdrieonians.

Career
On 17 October 2015, Frizzell debuted for Killie in a 2–0 win versus Inverness Caledonian Thistle.",0
2416539,Columbia Brewery,https://en.wikipedia.org/wiki/Columbia%20Brewery,2.6859994,6.27679,0.2130019014361298,0.5210131997528885,"The Columbia Brewery is a brewery that was a part of the Fort Steele Brewery which was established in 1898 by Fritz Sick in Creston, British Columbia.

Production 
The brewery is known for Kokanee, a light Pilsner-style beer with 5.0% alcohol v/v. In the past, Kokanee beers were canned near Vancouver, British Columbia. After undergoing a large expansion of around  in 2005, the Columbia Brewery now manufactures its own cans as well.",0
54992832,1988 Junior League World Series,https://en.wikipedia.org/wiki/1988%20Junior%20League%20World%20Series,-2.005614,-3.6012962,0.7553598488078517,0.6362250743026114,"The 1988 Junior League World Series took place from August 15–20 in Taylor, Michigan, United States. Mexicali, Mexico defeated Hilo, Hawaii in the championship game.

This year saw the debut of the Canada Region.
",0
24500282,Ponte Vittorio Emanuele II,https://en.wikipedia.org/wiki/Ponte%20Vittorio%20Emanuele%20II,2.9626827,3.641578,0.1243921258312458,0.5021900251311436,"Ponte Vittorio Emanuele II is a bridge in Rome constructed to designs of 1886 by the architect Ennio De Rossi. Construction was delayed, and it was not inaugurated until 1911. The bridge across the Tiber connects the historic centre of Rome (Corso Vittorio Emanuele, whose axis the bridge extends, and piazza Paoli at the bridgehead) with the rione Borgo and the Vatican City, close what is left of the ancient Pons Neronianus. The bridge commemorating Vittorio Emanuele II of Italy is carried in three arches spanning a distance of 108 metres. It is decorated at the ends with high socles carrying c…",0
22711153,Netzeitung,https://en.wikipedia.org/wiki/Netzeitung,-0.31179473,5.101545,-0.1068111958644139,0.453076025375512,"Netzeitung was a German online newspaper produced in Berlin from 2000 to 2009. On 4 January 2010 netzeitung.de had been converted into an automated portal displaying contents from nachrichten.de (an online news portal operated by Tomorrow Focus).

Netzeitung had claimed to be the first German newspaper that was completely online, and to have been the most cited news source in Germany in 2005. The paper went online in November 2000 and was started by the same company that publishes the Norwegian online newspaper Nettavisen.
",0
35853656,Sellin Pier,https://en.wikipedia.org/wiki/Sellin%20Pier,3.5506058,4.0091224,1.099603668855985,0.7093520119682266,"Sellin Pier () is a pier in the Baltic seaside resort of Sellin on the German island of Rügen. The pier has a restaurant near the beach over the water and has a diving gondola (Tauchgondel).

History 
",0
48794450,Giò Sada,https://en.wikipedia.org/wiki/Gi%C3%B2%20Sada,-1.4117734,11.204511,-0.3611875265156867,0.3990394356335594,"Giovanni Sada (born 10 September 1989), also known as Giò Sada or Gulliver, is an Italian singer-songwriter and actor. He is best known for winning the ninth season of the Italian talent show X Factor in 2015. His debut single, ""Il rimpianto di te"", was released on 4 December 2015.

Early life
Giovanni Sada was born in Bari, Apulia, in southern Italy, on 10 September 1989.",0
37016076,National Association for Children of Alcoholics (United Kingdom),https://en.wikipedia.org/wiki/National%20Association%20for%20Children%20of%20Alcoholics%20%28United%20Kingdom%29,1.4809691,5.5037403,0.7756265857403024,0.6405302914830898,"The National Association for Children of Alcoholics (Nacoa) is a charity in the United Kingdom providing information and support for everyone affected by their parent's drinking through a free, confidential telephone and email helpline. Nacoa is a registered charity in England and Wales – charity number 1009143.

History 
Nacoa was founded in 1990 ""to address the needs of children growing up in families where one or both parents suffer from alcoholism or a similar addictive problem"". This includes COAs (children of alcoholics) of all ages, many of whose problems only become apparent in adultho…",0
7257092,"Union School (Fort Washington, Pennsylvania)",https://en.wikipedia.org/wiki/Union%20School%20%28Fort%20Washington%2C%20Pennsylvania%29,3.5838087,5.4493093,-0.6858625193882231,0.3300694597540962,"The Union School is a historic building located at 516-518 Bethlehem Pike in the Fort Washington section of Whitemarsh Township, Pennsylvania, in the United States.  Built in 1773, the Union School was one of the very earliest public schools in Pennsylvania, and the first that did not discriminate based on social position or religious preference.  The building is sometimes referred to as the ""cradle of free education.""

As part of his will, local Quaker businessman Samuel Morris stipulated that a sum of money from his estate be set for the building of a school and a teacher's salary.  The scho…",0
30893538,You Don't Know Jack (1995 video game),https://en.wikipedia.org/wiki/You%20Don%27t%20Know%20Jack%20%281995%20video%20game%29,-0.14913477,7.853234,1.256019891168185,0.7425791570112834,"You Don't Know Jack is a video game released in 1995, and the first release in the You Don't Know Jack video game series.

History
Jellyvision's website has this explanation as to why You Don't Know Jack was made:",0
9818139,Michael Devine (footballer),https://en.wikipedia.org/wiki/Michael%20Devine%20%28footballer%29,-0.62635416,-2.6150827,-1.2909023368631027,0.2015422170238874,"Michael Devine (born 19 March 1973) is an Irish former professional footballer.

Early career
Devine began playing football with Springfield FC in Cobh, County Cork, where he was capped at U15 and U16 levels, and thereafter signed for English team Middlesbrough. Devine spent four years at Ayresome Park learning his trade before he briefly moved on to Newcastle United and non-league Northallerton. He returned to Ireland to link up with Cobh Wanderers and subsequently joined League of Ireland First Division club Cobh Ramblers.",0
38387969,Ben Rimalower,https://en.wikipedia.org/wiki/Ben%20Rimalower,-1.9690502,8.35313,-0.2337862162246552,0.4261030084084238,"Ben Rimalower (born May 12, 1976) is an American theatre director, writer, producer, and performer. He is best known for writing and performing the critically acclaimed long-running hit off Off-Broadway solo play Patti Issues. He is also a contributing writer for Playbill.com and The Huffington Post.  Rimalower is openly gay.

Rimalower founded the University of California, Berkeley's student-run theatre organization, BareStage Productions, in 1995 while he was a student at the school.
",0
17311904,Dwight Yates,https://en.wikipedia.org/wiki/Dwight%20Yates,-1.2395421,6.3461957,0.4137652847466241,0.5636609121063935,"Dwight Yates is a writer former lecturer at the University of California, Riverside. His fiction has appeared in numerous literary journals, including Northwest Review, ZYZZYVA, Western Humanities Review, Quarterly West, and Sonora Review.

Born in Montana, Yates has worked as a secondary school master, medical practitioner in East Africa, and soldier in the U.S. military. He lectured at the University of California, Riverside for 13 years retiring after the 2001-2002 school year.
",0
40588868,Caulocera crassicornis,https://en.wikipedia.org/wiki/Caulocera%20crassicornis,11.820182,5.2868066,-0.543271009439657,0.3603598523548894,"Caulocera crassicornis is a moth of the subfamily Arctiinae. It is found on Borneo, Peninsular Malaysia and Bali.

References
",0
904063,David Baldacci,https://en.wikipedia.org/wiki/David%20Baldacci,-1.3282372,6.6162205,-0.2122490234352135,0.4306781056589296,"David Baldacci (born August 5, 1960) is an American novelist. An attorney by education, Baldacci writes mainly suspense novels and legal thrillers.

Biography
",0
65587661,Large Carnivore Initiative for Europe,https://en.wikipedia.org/wiki/Large%20Carnivore%20Initiative%20for%20Europe,1.468986,5.3743625,1.3005557126794465,0.7520398010486566,"The Large Carnivore Initiative for Europe (LCIE) is a working group of the IUCN Commission on the Conservation of Species. and a Non-governmental organization. President of the LCIE is the Secretary of the IUCN Wolf Specialist Group Luigi Boitani. Its objective is to maintain and restore viable populations of large carnivores in coexistence with humans as an integral part of ecosystems and landscapes throughout Europe.

History 
",0
30796876,Matthias Flach (rower),https://en.wikipedia.org/wiki/Matthias%20Flach%20%28rower%29,-4.0713634,-1.9923689,0.4387507671113131,0.5689685217278893,"Matthias Flach (born 30 September 1982, in Rostock) is a German rower.

References 
 ",0
68360184,Portzamparc,https://en.wikipedia.org/wiki/Portzamparc,-1.4730866,1.4162043,1.6964219434411116,0.8361327709000332,"Portzamparc is a surname. Notable people with the surname include: 

Christian de Portzamparc (born 1944), French architect
Elizabeth de Portzamparc,  French-Brazilian architect",0
41955107,Obrazovanshchina,https://en.wikipedia.org/wiki/Obrazovanshchina,0.06967056,4.208042,0.3427601407267981,0.5485774496350851,"Obrazovanshchina (, 'educationdom', 'educaties', 'smatterers') is a Russian ironical, derogatory term for a category of people with superficial education who lack the higher ethics of an educated person.

The term was introduced by Alexander Solzhenitsyn in his 1974 essay ""Obrazovanshchina"" (translated as ""The Smatterers"") as a criticism of the transformation of the Russian intelligentsia, which, in his opinion had lost high ethical values. The essay and the term caused criticism from liberal intelligentsia, such as Solzhenitsyn's long-time opponent Grigory Pomerants and , as well as being amo…",0
34833651,Pavlo Hrytsenko,https://en.wikipedia.org/wiki/Pavlo%20Hrytsenko,0.40301883,3.9626915,-0.4661868153440388,0.3767346737121653,"Pavlo Yuhymovych Hrytsenko () (September 23, 1950) is a Ukrainian linguist, doctor of Philology, professor, director of Institute for the Ukrainian Language (Kyiv). Born in Matroska, Izmail Raion, Odesa Oblast, Ukraine. Hrytsenko is a specialist in dialectology of the Ukrainian language, typology of Slavic dialect systems, theory of linguistic geography, dialectal textology and textography, history of linguistics. He is a co-executor of The Slavic Linguistic Atlas, vol. 3, 4а, 4б, 5, 6, 8 (1994–2009).

Hrytsenko is the initiator of a research for dialects in the Chernobyl Exclusion Zone. He is…",0
24599131,Burton (name),https://en.wikipedia.org/wiki/Burton%20%28name%29,-1.743501,2.8642955,0.2820309654617472,0.5356768880114352,"Burton is an English surname with habitational origins.

People surnamed Burton
 Aron Burton (1938–2016), American blues singer, bass guitarist and songwriter",0
20092979,Dominion (card game),https://en.wikipedia.org/wiki/Dominion%20%28card%20game%29,-0.11622459,7.8900275,-0.1543356177867958,0.4429805196986738,"Dominion is a card game created by Donald X. Vaccarino and published by Rio Grande Games. It was the first deck-building game, and inspired a genre of games building on its central mechanic. Each player begins with a small deck of cards, which they improve by purchasing cards from a common supply that varies from game to game. Cards can help the player's deck function, impede their opponents, or provide victory points.
As of March 2022, fourteen expansion packs to the original Dominion have been released.

The game has a medieval theme with card names referencing pre-industrial, monarchical, a…",0
19034709,Perfect Understanding,https://en.wikipedia.org/wiki/Perfect%20Understanding,-1.8781368,7.8224106,0.1852671631989303,0.5151215719120161,"Perfect Understanding is a 1933 British comedy film directed by Cyril Gardner and starring Laurence Olivier, Gloria Swanson and John Halliday. The film was an independent production made at Ealing Studios, conceived as an attempt to revive Swanson's career which had suffered following the conversion to sound films.

Plot
Judy (Swanson) and Nicholas Randall (Olivier) are a newly married couple who agree to a marriage based on ""perfect understanding."" This agreement is meant to rule out any form of jealousy. During their honeymoon they are called away to Cannes to spend time with their friends. …",0
68294622,Ryota Isobata,https://en.wikipedia.org/wiki/Ryota%20Isobata,-2.6884658,-2.5590315,-1.487552320047384,0.1597683049744263,"is a professional Japanese baseball player. He plays outfielder for the Hokkaido Nippon-Ham Fighters.

References 
",0
69195483,Alexander Kolker,https://en.wikipedia.org/wiki/Alexander%20Kolker,-1.0137709,10.535671,-0.4937582665161409,0.37087773257396,"Alexander  Naumovich Kolker (; born 28 July 1933, Leningrad) is a Soviet and Russian composer. Honored Artist of the RSFSR (1981).

Biography 
",0
3859554,Ecological correlation,https://en.wikipedia.org/wiki/Ecological%20correlation,1.0685526,6.084644,2.266714383497592,0.9572787066770376,"In statistics, an ecological correlation (also spatial correlation) is a correlation between two variables that are group means, in contrast to a correlation between two variables that describe individuals. For example, one might study the correlation between physical activity and weight among sixth-grade children. A study at the individual level might make use of 100 children, then measure both physical activity and weight; the correlation between the two variables would be at the individual level. By contrast, another study might make use of 100 classes of sixth-grade students, then measure …",0
32969367,"National Register of Historic Places listings in Pamlico County, North Carolina",https://en.wikipedia.org/wiki/National%20Register%20of%20Historic%20Places%20listings%20in%20Pamlico%20County%2C%20North%20Carolina,4.6278567,4.958827,-0.4010152948429826,0.3905789127070375,"This list includes properties and districts listed on the National Register of Historic Places in Pamlico County, North Carolina. Click the ""Map of all coordinates"" link to the right to view a Google map of all properties and districts with latitude and longitude coordinates in the table below.

|}
",0
61281271,Louis Delescluse,https://en.wikipedia.org/wiki/Louis%20Delescluse,-4.0821433,-2.049084,0.163827571604384,0.5105672078630364,"Louis Delescluse was a French gymnast. He competed in the men's team event at the 1908 Summer Olympics.

References
",0
42288386,"Nevins, Florida",https://en.wikipedia.org/wiki/Nevins%2C%20Florida,4.4634805,4.739689,2.274039776077553,0.9588348232879214,"Nevins is an unincorporated community in Indian River County, Florida, United States.

Notes
",0
54463071,Gaetano Borriello,https://en.wikipedia.org/wiki/Gaetano%20Borriello,0.8486684,6.3730206,0.8117783888276258,0.6482099374110737,"Gaetano Borriello (1958–2015) was an American computer scientist and researcher in ubiquitous computing. He is known for starting the Open Data Kit project and as the founding director of Intel Research Seattle. The Place Lab project he led at Intel Research using Wi-Fi to enhance location sensing is now the dominant approach in use by Apple, Google, Microsoft, and others.

Borriello was named a Fellow of the ACM in 2009 ""for the design, realization, and integration of embedded and ubiquitous computing systems"" and of the IEEE in 2010 ""for contributions to embedded computing devices and system…",0
54466653,1993 North Carolina Tar Heels football team,https://en.wikipedia.org/wiki/1993%20North%20Carolina%20Tar%20Heels%20football%20team,-1.2533213,-4.3736134,-0.2564500090151371,0.4212885900626587,"The 1993 North Carolina Tar Heels football team represented the University of North Carolina at Chapel Hill during the 1993 NCAA Division I-A football season. The Tar Heels  played their home games at Kenan Memorial Stadium in Chapel Hill, North Carolina and competed in the Atlantic Coast Conference. The team was led by head coach Mack Brown.

Schedule
",0
7302424,John Lea (criminologist),https://en.wikipedia.org/wiki/John%20Lea%20%28criminologist%29,-0.09889074,4.995316,0.4420127675980386,0.5696614611282963,"John Lea is a British left realist criminologist. For many years he was based at the Centre for Criminology and the Crime and Conflict Research Centre, Middlesex University in the United Kingdom.

Career
",0
59739835,Independent Working Class Education,https://en.wikipedia.org/wiki/Independent%20Working%20Class%20Education,0.023441296,4.9208727,0.8337895306932077,0.6528857145940262,"Independent working class education is an approach to education, particularly adult education, developed by labour activists, whereby the education of working-class people is seen as a specifically political process linked to other aspects of class struggle. The term, abbreviated to (IWCE), is particularly linked to the Plebs' League.

Ruskin College
When Ruskin College was founded in 1899 the founders Walter Vrooman and Charles A. Beard declared ""We shall take men who have been merely condemning our social institution, and we will teach them how, instead, to transform those institutions, so t…",0
34969125,Valikamam West Divisional Council,https://en.wikipedia.org/wiki/Valikamam%20West%20Divisional%20Council,0.4223112,2.2340553,-0.6624088831988347,0.3350516627502564,"Valikamam West Divisional Council ( Valikāmam Mēṟku Piratēca Capai; VWDC) is the local authority for Valikamam West DS Division in northern Sri Lanka. VWDC is responsible for providing a variety of local public services including roads, sanitation, drains, housing, libraries, public parks and recreational facilities. It has 14 members elected using the open list proportional representation system.

History
In 1987 there was a major re-organisation of local government in Sri Lanka. District Development Councils were abolished and replaced by Divisional Councils (Pradeshiya Sabha or Pradesha Sab…",0
8819298,Octogesima adveniens,https://en.wikipedia.org/wiki/Octogesima%20adveniens,0.37708187,4.655255,0.4650306799898687,0.5745511043016569,"Octogesima adveniens (The eightieth anniversary) is the incipit of the 14 May 1971 Apostolic Letter addressed by Pope Paul VI to Cardinal Maurice Roy, president of the Pontifical Council for the Laity and of the Pontifical Council for Justice and Peace, on the occasion of the eightieth anniversary of Pope Leo XIII's encyclical Rerum novarum. Generally known as A Call to Action on the Eightieth Anniversary of Rerum novarum, it is an Apostolic Letter which discusses themes such as securing democratic foundations in society.

Content
Octogesima adveniens commemorates the eightieth anniversary of …",0
58045381,Woburn Sands Formation,https://en.wikipedia.org/wiki/Woburn%20Sands%20Formation,5.6895814,3.564319,-0.8688780387733348,0.2911918860737787,"The Woburn Sands Formation is a geological formation in England. Part of the Lower Greensand Group, it is the only unit of the group where it occurs, and thus is sometimes simply referred to as the 'Lower Greensand' in these areas. It was deposited during the late Aptian to early Albian stages of the Early Cretaceous. The lithology consists of sandstone or loose sand with rare wisps or thin seams of clay. The formation was extensively exploited in the 19th century for the ""coprolite industry"", with coprolite being a local term referring to phosphate nodules of varying origins (often the intern…",0
34520062,Ptycheulimella misella,https://en.wikipedia.org/wiki/Ptycheulimella%20misella,10.5983305,6.16334,-0.7661886646736413,0.3130059580233038,"Ptycheulimella misella is a species of sea snail, a marine gastropod mollusk in the family Pyramidellidae, the pyrams and their allies.

References
",0
17922773,Gaongo,https://en.wikipedia.org/wiki/Gaongo,2.78668,1.7306924,0.9139787585271358,0.6699201312596487,"Gaongo is a town in the Gaongo Department of Bazèga Province in central Burkina Faso. The town has a population of 2,181 and is the capital of Gaongo Department.

References
",0
71682650,Tamara Castro,https://en.wikipedia.org/wiki/Tamara%20Castro,-1.5366725,10.860519,-0.9578614400446196,0.2722893429950683,"Tamara Castro (4 December 1972 – 8 December 2006) was a famous singer of Argentine folk music.

Biography
",0
32006574,Alford Valley Railway (GNoSR),https://en.wikipedia.org/wiki/Alford%20Valley%20Railway%20%28GNoSR%29,3.6394298,3.5511088,-0.6839808087806593,0.3304691872910634,"The Alford Valley Railway was a railway company that built a branch line in Scotland, connecting Alford and Kintore on the main line of the Great North of Scotland Railway (GNoSR), giving access to Aberdeen. The line was opened in 1859. It struggled financially from the outset, and it was only support from the GNoSR that enabled it to continue. The GNoSR absorbed it in 1866. 

Passenger carryings were never busy, but granite from quarries near the line was a dominant traffic; in the twentieth century timber was also an important business. In the 1930s passenger and general goods traffic was he…",0
11230449,Famous (Puddle of Mudd song),https://en.wikipedia.org/wiki/Famous%20%28Puddle%20of%20Mudd%20song%29,-1.2586194,12.374213,1.1973861289776186,0.7301237192572795,"""Famous"" is the title track and first single on the third studio album by post-grunge band Puddle of Mudd. The song was sent out to rock radio on May 11, 2007 and was officially released on May 21.

In the song, lead singer Wes Scantlin, sings about wanting to be famous, for the perks that come along with that life. It has drawn comparisons to Nickelback's ""Rockstar"" because ""Rockstar"" is also about wanting to achieve celebrity status.
",0
70035373,Puerto Rican Workers' Central,https://en.wikipedia.org/wiki/Puerto%20Rican%20Workers%27%20Central,1.3727888,4.9380803,1.382750418112484,0.7695002367938937,"The Puerto Rican Workers' Central (, CPT) is a trade union center in Puerto Rico. It is one of the most important non-US-aligned unions in the territory.

History
",0
45410588,Edgar A. Morling,https://en.wikipedia.org/wiki/Edgar%20A.%20Morling,-2.174688,3.5691493,0.8064895461562189,0.6470864405003635,"Edgar Alfred Morling (April 21, 1864 – October 15, 1932) was a justice of the Iowa Supreme Court from October 1, 1925, to October 15, 1932, appointed from Palo Alto County, Iowa.

References
",0
576533,Three Days Grace,https://en.wikipedia.org/wiki/Three%20Days%20Grace,-1.013686,11.920945,-1.865830011088232,0.0794116289150882,"Three Days Grace is a Canadian rock band formed in Norwood, Ontario in 1992 originally as ""Groundswell"" and played in various local Norwood backyard parties and area establishments before disbanding in 1995 and regrouping in 1997.

Based in Toronto, the band's original line-up consisted of guitarist and lead vocalist Adam Gontier, drummer and backing vocalist Neil Sanderson, and bassist Brad Walst. In 2003, Barry Stock was recruited as the band's lead guitarist, making them a quartet. In 2013, Gontier left the band and was replaced by My Darkest Days' vocalist Matt Walst, the younger brother o…",0
56683313,Marysette Agnel,https://en.wikipedia.org/wiki/Marysette%20Agnel,-3.8469832,-2.1155977,-0.1309209109582441,0.4479544530185828,"Marysette Agnel (28 August 1926 – 19 July 1958) was a French alpine skier. She competed at the 1952 Winter Olympics and the 1956 Winter Olympics.

References
",0
30448179,Plosorejo,https://en.wikipedia.org/wiki/Plosorejo,3.411537,1.3676172,1.3311624850467176,0.7585415286170243,"Plosorejo may refer to several villages in Indonesia, in the province of Central Java:

 Plosorejo, Blora, a village in the Blora Regency
 Plosorejo, Grobogan, a village in the Grobogan Regency",0
16326826,Johanna Almgren,https://en.wikipedia.org/wiki/Johanna%20Almgren,-2.6538346,-1.551326,-1.0129402421661264,0.2605890773842782,"Johanna Maria-Therese Almgren (born 22 March 1984) is a Swedish former football midfielder who played for Damallsvenskan club Göteborg FC and the Swedish national team.

Almgren's career was marred by injuries. In May 2013 she was devastated to be ruled out of UEFA Women's Euro 2013, requiring surgery on her knee for the fifth time.
",0
36579436,Sonja Bašić,https://en.wikipedia.org/wiki/Sonja%20Ba%C5%A1i%C4%87,-2.8598518,-1.6689407,-1.22714350514451,0.2150863617294222,"Sonja Bašić (born 26 November 1987) is a Croatian handball player for Nantes Loire Atlantique Handball and the Croatian national team.

She competed for the Croatian team at the 2012 Summer Olympics in London.
",0
503898,Elric!,https://en.wikipedia.org/wiki/Elric%21,-0.4740524,7.636329,0.567793983755763,0.596380880963299,"Elric! is a roleplaying game published by Chaosium in 1993.

Description
Elric! (1993) was designed by Lynn Willis, Richard Watts, Mark Morrison, Jimmie W. Pursell Jr., Sam Shirley, and Joshua Shaw; book; cover art by Brunner (same as 2nd edition of Stormbringer). The purpose of the ""!"" was to distinguish the role-playing game from the Elric board game published by Chaosium in 1978 and subsequently by Hobby Japan in 1981 and Avalon Hill in 1984.",0
39283993,Abbadbibi,https://en.wikipedia.org/wiki/Abbadbibi,2.6077404,0.58537227,0.2144288643827167,0.5213163262706909,"Abbadbibi (, also Romanized as Ābbādbībī) is a village in Nurabad Rural District, in the Central District of Manujan County, Kerman Province, Iran. At the 2006 census, its population was 299, in 74 families.

References 
",0
50666002,Madrasa El Kacemia,https://en.wikipedia.org/wiki/Madrasa%20El%20Kacemia,1.6403549,2.5920026,0.4088738098684497,0.5626218271390607,"Madrasa El Kacemia () is one of the madrasahs of the medina of Tunis, which was constructed during the reign of the Husainid Dynasty.

Etymology 
The madrasa's name is derived from its owner, the saint Al Haj Kacem Ibn Al Haj Ali Ben Youssef Al Jerbi (), a Sheikh who died in 1936 (1355 Hijri).",0
5589341,Tom Jones discography,https://en.wikipedia.org/wiki/Tom%20Jones%20discography,-0.87775964,12.26872,-0.4029953295863452,0.3901582983958397,"Tom Jones, real name Sir Thomas John Woodward OBE (born 7 June 1940), is a Welsh singer whose career has spanned five-and-a-half decades since his emergence as a vocalist in the mid-1960s, with a string of top hits, regular touring, appearances in Las Vegas (1967–2011), and career comebacks. Jones's powerful voice has been described as a ""full-throated, robust baritone"". His performing range has included pop, rock, R&B, show tunes, country, dance, soul, indie, folk, disco and gospel.

Jones has sold over 100 million records with thirty-six Top 40 hits in the United Kingdom and nineteen in the …",0
26109281,Ford Performance Centre,https://en.wikipedia.org/wiki/Ford%20Performance%20Centre,-1.9699862,-2.8554964,-0.195783853772358,0.4341757644852262,"The Ford Performance Centre, formerly Mastercard Centre For Hockey Excellence, is a hockey facility located in the Etobicoke district of Toronto, Ontario, Canada. It has four ice pads and is the official practice facility of the Toronto Maple Leafs NHL hockey team, and their AHL affiliate the Toronto Marlies. The building also houses offices for Hockey Canada and the Hockey Hall of Fame and was home to the Toronto Furies of the Canadian Women's Hockey League. The land is owned by the Toronto District School Board as 400 Kipling Avenue.

Facility
The Ford Performance Centre was built as a joint…",0
10608850,List of SR West Country and Battle of Britain class locomotives,https://en.wikipedia.org/wiki/List%20of%20SR%20West%20Country%20and%20Battle%20of%20Britain%20class%20locomotives,3.3782551,3.5305173,-0.7491188785127186,0.3166320541675443,"Below are the names and numbers of the steam locomotives that comprised the Bulleid light pacifics, the West Country and Battle of Britain classes of locomotives that ran on the British Southern Railway network. They represented a publicity success for the Southern Railway, with the West Country class highlighting the names of places served by the Southern Railway, while the Battle of Britain locomotives constituted a roving memorial to the fighter pilots who fought during the Battle of Britain, and the actions of RAF Fighter Command as a whole. No. 34066 Spitfire and No. 34086 219 Squadron we…",0
35360686,Grav wave,https://en.wikipedia.org/wiki/Grav%20wave,1.4100946,7.211516,2.540186784513938,1.0,"grav wave may refer to:

 gravitational wave, a concept in general relativity, a type of gravitational radiation
 gravity wave, a concept in fluid dynamics, a type of wave oscillation",0
39751934,2013 European Diving Championships – Women's synchronized 10 metre platform,https://en.wikipedia.org/wiki/2013%20European%20Diving%20Championships%20%E2%80%93%20Women%27s%20synchronized%2010%20metre%20platform,-3.7352571,-2.8348908,-0.6578113337893073,0.3360283097937329,"The women's synchronized 10 metre platform competition at the 2013 European Diving Championships was held on June 20 with a preliminary round and the final.

Results
The preliminary round was held at 12:00 and the final was held at 17:30.",0
1350519,Harry Lorayne,https://en.wikipedia.org/wiki/Harry%20Lorayne,-1.0518589,6.717008,0.6139086392042907,0.6061769131302216,"Harry Lorayne (born 4 May 1926) is an American magician and a memory-training specialist and writer who was called ""The Yoda of Memory Training"" and 
""The World's Foremost Memory-Training Specialist"" by Time magazine. He is well known for his incredible memory demonstrations and has appeared on numerous television shows including 24 times on The Tonight Show Starring Johnny Carson. His book The Memory Book was a New York Times bestseller. His card magic, especially his innovations in card sleights, is widely emulated by amateur and professional magicians.

Life and career",0
67298299,High School Rapper (season 4),https://en.wikipedia.org/wiki/High%20School%20Rapper%20%28season%204%29,-1.1412739,8.942464,-0.0823259848479474,0.4582773634837175,"The fourth season of High School Rapper (Hangul: 고등래퍼4), a 2021 South Korean survival hip hop TV show. On October 28, 2020, Mnet revealed a short teaser video for the fourth season of the survival show. It aired on Mnet every Friday at 11PM (KST) starting February 19. It was hosted by Nucksal.

Season overview
",0
7906285,Oncorhynchus rastrosus,https://en.wikipedia.org/wiki/Oncorhynchus%20rastrosus,10.22838,5.4413857,0.1102184151928195,0.4991791357731248,"Oncorhynchus rastrosus (synonym Smilodonichthys rastrosus) also known as the saber-toothed salmon, or spike-toothed salmon is an extinct species of salmon that lived along the Pacific coast of North America and Japan. They first appeared in the late Miocene in California, then died out some time during the Early Pliocene.

O. rastrosus was the largest member of the Pacific salmon genus Oncorhynchus, varying from  and  to  and . 
 Members of this species had a pair of small ""fangs"" protruding from the tip of the snout, thus explaining the common name and synonym. Adults of O. rastrosus had larg…",0
4911832,Sujata (name),https://en.wikipedia.org/wiki/Sujata%20%28name%29,-2.4463894,9.740121,0.0202127374027723,0.4800594328010165,"Sujātā () is an Indian popular feminine given name, which means ""birth"", ""from a good family origin"" and""origin"".

Notable people named Sujata 
 Sujata (milkmaid) Sujata is believed to have given a bowl of milk rice to Buddha, his last meal before enlightenment.  ",0
32457066,1954 Women's Western Open,https://en.wikipedia.org/wiki/1954%20Women%27s%20Western%20Open,-2.9595315,-3.438517,0.7575223055720779,0.6366844401119381,"The 1954 Women's Western Open was a golf competition held at Glen Flora Country Club in Waukegan, Illinois, which was the 25th edition of the event. Betty Jameson won the championship in match play competition by defeating Louise Suggs in the final match, 6 and 5.

References
",0
63709831,Micrelytrinae,https://en.wikipedia.org/wiki/Micrelytrinae,10.939093,5.0402684,-1.1600878893049245,0.2293308348442777,"The Micrelytrinae are a subfamily of bugs in the family Alydidae, based on the type genus  Micrelytra Laporte, 1833.  Genera are recorded from the Americas, Europe and Asia.

Tribes and Genera 
The Coreoidea Species File lists three tribes:",0
5653345,Will Gifford,https://en.wikipedia.org/wiki/Will%20Gifford,-0.744012,-1.6632686,-0.8096359691379933,0.3037765452052046,"William McLean Gifford (born 10 October 1985) is an English cricketer who has played first-class cricket for Loughborough UCCE and one List A game for Worcestershire. He is, as Wisden put it, ""no known relation"" to former Worcestershire captain Norman Gifford.

Early life and career
",0
23385924,Association of Wrongdoers,https://en.wikipedia.org/wiki/Association%20of%20Wrongdoers,-2.3193748,8.347212,-0.0616642938940132,0.4626664798554895,"Association of Wrongdoers () is a 1987 French comedy film directed by Claude Zidi.

Plot
Gérard and Thierry  are business partners who are accused of stealing a safe from a wealthy tycoon in this situation comedy. A practical joke backfires when the two make their colleague Daniel believe he has won the lottery. The owner of the safe calls the police, who chase after the scheming duo. The two steal the safe a second time to cover the loss of the money taken in the first burglary. Monique is the sultry police commissioner and former flame of the robbery victim who investigates the bizarre case.",0
51532972,Lycée Galilée (Cergy),https://en.wikipedia.org/wiki/Lyc%C3%A9e%20Galil%C3%A9e%20%28Cergy%29,2.6616473,5.5869975,1.1555142352207584,0.7212289673797555,"Lycée Galilée is a senior high school/sixth-form college in Cergy, Val-d'Oise, France, in the Paris metropolitan area.

It is within the Cergy-Saint-Christophe area of the commune.
",0
54250152,Monique Mund-Dopchie,https://en.wikipedia.org/wiki/Monique%20Mund-Dopchie,-0.47328645,5.4614296,-0.5219487667125984,0.3648892882488285,"Monique Mund-Dopchie (born in Ronse, Belgium, on 21 August 1943) is a Belgian classicist. She is the current president of the Royal Academy of Science, Letters and Fine Arts of Belgium.

In 1970 Mund-Dopchie obtained a doctorate in Classical Philology. She went on to work as a professor of Ancient Greek Literature and of the History of Humanism in the Philosophy Department of the Université Catholique de Louvain. In 2008 she became professor emeritus. After her retirement a Festschrift was presented to her jointly with Gilbert Tournoy: Syntagmatia: Essays on Neo-Latin Literature in Honour of M…",0
10846411,Alain Supiot,https://en.wikipedia.org/wiki/Alain%20Supiot,-0.25781164,5.0130386,-0.6601041614847171,0.3355412495817681,"Alain Supiot FBA (born 5 June 1949 in Nantes) is a French legal scholar.

Biography
Supiot achieved his licentiate in law in 1970 and in sociology in 1972, and finished his Ph.D. in law from the University of Bordeaux 1 France, in 1979. Professor tenure (1980), member of the « Institut Universitaire de France » (2001, chair of « Dogmatic Grounds of Law and Social Ties »), Ph.D. honoris causa (Université catholique de Louvain, Belgium), Alain Supiot has successively been Professor at the University of Poitiers and Nantes, France (UMR-CNRS 6028). He created in Nantes the « Maison des sciences de…",0
45243363,Shooting at the 2014 Asian Games – Women's double trap,https://en.wikipedia.org/wiki/Shooting%20at%20the%202014%20Asian%20Games%20%E2%80%93%20Women%27s%20double%20trap,-3.496104,-2.7436097,-0.2583264210369718,0.4208899880922979,"The women's double trap competition at the 2014 Asian Games in Incheon, South Korea was held on 25 September at the Gyeonggido Shooting Range.

Schedule
All times are Korea Standard Time (UTC+09:00)",0
54559045,Manmatha Nath Mukherjee,https://en.wikipedia.org/wiki/Manmatha%20Nath%20Mukherjee,0.5745731,2.4105358,-1.1054644896010888,0.2409343603474163,"Sir Manmatha Nath Mukherjee (also spelt  Mukherji or Mukerji; 28 October 1874 – 6 December 1942) was a Bengali judge of the Calcutta High Court and a distinguished jurist. He was also the Law Member of the Viceroy's Executive Council and awarded Knighthood in 1935. Manmatha Nath was the son-in-law of Bengali scholar Sir Gooroodas Banerjee.

Early life 
Manmatha Nath was born in the village of Jagati in Nadia district of undivided Bengal, the son of Unadi Nath Mukherjee. Manmatha Nath received his education at the Albert Collegiate School. After passing entrance examination joined in the Presid…",0
23593352,Po Lam Estate,https://en.wikipedia.org/wiki/Po%20Lam%20Estate,2.4749591,2.848581,0.6139451015293514,0.6061846587396315,"Po Lam Estate () is a mixed TPS and public housing estate in Tseung Kwan O, New Territories, Hong Kong, near Metro City and MTR Po Lam station. It is the first public housing estate in Tseung Kwan O and has a total of seven residential blocks with 5,272 units. Some of the flats were sold to tenants through Tenants Purchase Scheme Phase 6A in 2004.

Ying Ming Court () and Yan Ming Court () are Home Ownership Scheme housing courts in Tseung Kwan O near Po Lam Estate, built in 1989 and 1990 respectively.
",0
8097034,List of Still Standing episodes,https://en.wikipedia.org/wiki/List%20of%20Still%20Standing%20episodes,-1.1868271,8.3509035,1.373147997863219,0.767460416334927,"The following is a list of episodes for the CBS comedy television series Still Standing. All episodes in this show except for “Pilot” start with the word “Still”.

Series overview
",0
10413137,Pietro Damini,https://en.wikipedia.org/wiki/Pietro%20Damini,-0.19867584,6.0313034,-2.098471910206804,0.0299920354046645,"Pietro Damini (1592–1631) was an Italian painter of the late-Renaissance period. He was born in Castelfranco Veneto and active in Venice.

He was the pupil of the painter Giovanni Battista Novelli. He painted Christ giving keys to Peter for San Clemente in Padua. He painted a Crucifixion for the Basilica of St Anthony in Padua.  He also painted an image of Saint Prosdocimus.
",0
58933192,Date and time notation in Croatia,https://en.wikipedia.org/wiki/Date%20and%20time%20notation%20in%20Croatia,1.1431336,4.1624994,1.4271977240459597,0.7789420776668753,"Croatia uses the day-month-year date notation and both the 24-hour and the 12-hour clock for expressing time of day.

Date 
In Croatian, dates are written using the day-month-year format. The month can be spelled out in lower case (e.g.  for 17 March 2018) or represented by an Arabic or Roman ordinal number (, ). Ordinal numbers are always followed by a full stop and separated by spaces. The genitive case is used for the month name (implies e.g.   ""the 17th [day] of March""), but the nominative case (e.g. 17.  2018.) is also often seen in (incorrect) colloquial use. ",0
53398368,Notiothops,https://en.wikipedia.org/wiki/Notiothops,10.809044,5.225596,-0.1245497780529382,0.4493078584007346,"Notiothops is a genus of Chilean palp-footed spiders that was first described by Norman I. Platnick, C. J. Grismado & M. J. Ramírez in 1999.

Species
 it contains eight species, found only in Chile:",0
284524,Phayao province,https://en.wikipedia.org/wiki/Phayao%20province,2.4104934,2.508938,-0.93107919784302,0.2779786342530724,"Phayao (, ; Northern Thai: ) is one of Thailand's seventy-seven provinces (changwat) lies in upper northern Thailand. Neighboring provinces are (from east clockwise) Nan, Phrae, Lampang, and Chiang Rai. In the northeast it borders Xaignabouli of Laos.

Geography 
The Phi Pan Nam Range runs across the province from north to south. The city of Phayao is on Phayao Lake (Kwan Phayao) in the valley of the Ing River. Three big mountains surround the valley, the Doi Luang (1,694 m), Doi Khun Mae Fat (1,550 m) and Doi Khun Mae Tam (1,330 m). The total forest area is  or 51.4 percent of provincial area…",0
4685162,Bab Iskender,https://en.wikipedia.org/wiki/Bab%20Iskender,4.71043,2.9922936,1.4775294526881575,0.7896339331735509,"The Bab Iskender ( Iskander's Strait, also variously known as the Eastern strait, the small strait, the narrow pass or the small pass,  is the eastern section of the Bab-el-Mandeb straits, which separates Ras Menheli, Yemen, on the Arabian Peninsula from Ras Siyyan, Djibouti, on the Horn of Africa. The strait is  wide and  deep. The Yemeni island of Perim divides the strait into two channels, Bab Iskender and Dact-el-Mayun respectively.

The western section of the straits, Dact-el-Mayun, (also known as the Western strait, the large strait, the large pass or the wide pass) has a width of about …",0
23976427,Cravera,https://en.wikipedia.org/wiki/Cravera,11.520567,5.29816,0.0309434951454719,0.4823389434468299,"Cravera is a genus of skippers in the family Hesperiidae.

References
Natural History Museum Lepidoptera genus database",0
60076512,Gabriel Davidovich,https://en.wikipedia.org/wiki/Gabriel%20Davidovich,-0.25959653,3.5150294,0.2059287322899551,0.5195106623967252,"Gabriel Davidovich is the Ashkenazi Chief Rabbi of Argentina. He is based at the AMIA Jewish center, where he has led the community since 2013. In February 2019, he was violently assaulted in an anti-Semitic attack at his Buenos Aires home. The assailants broke nine of his ribs, affecting a lung, and left him disfigured. The attackers restrained his wife and took money before fleeing.

Investigators are examining whether the attack on Davidovich may have been ordered in revenge for a rabbinical ruling.
",0
18668558,Szepietowo-Wawrzyńce,https://en.wikipedia.org/wiki/Szepietowo-Wawrzy%C5%84ce,4.227195,0.71885467,-0.0553247390551586,0.4640131771802631,"Szepietowo-Wawrzyńce () is a village in the administrative district of Gmina Szepietowo, within Wysokie Mazowieckie County, Podlaskie Voivodeship, in north-eastern Poland.

References
",0
14117748,Tun Mustapha Tower,https://en.wikipedia.org/wiki/Tun%20Mustapha%20Tower,3.2469635,4.404874,0.5948387828928657,0.6021259465984685,"Tun Mustapha Tower is a 122 metre, 30-story glass tower in Kota Kinabalu, Sabah, Malaysia. It was built in 1976 by Mori Building Company, a Japanese builder. The building was formerly named Yayasan Sabah Tower as it housed Sabah Foundation (Yayasan Sabah), a state-sponsored foundation to promote education and economic development in the state. In 2001, the tower was renamed to honour Tun Datu Mustapha, a former Sabah chief minister.

It is the fifth tallest building in Borneo after the 132-metre tall Sabah State Administrative Centre, 129-metre tall Jesselton Quay Citypads, 126-metre tall Wism…",0
4158553,Pond (American band),https://en.wikipedia.org/wiki/Pond%20%28American%20band%29,-0.91146946,12.016654,-0.3489530413614924,0.401638379699183,"Pond was a band from Portland, Oregon. They formed in 1991 and broke up in 1998.  They were signed to Sub Pop (first two albums) and the Work Group records sub-label of Sony Records (last album).

On October 23, 2010, Pond reunited for a show to commemorate the closing of Portland club Satyricon.
",0
21135268,Alexander Scotland,https://en.wikipedia.org/wiki/Alexander%20Scotland,-1.4968232,4.5683656,0.2424801839952311,0.5272752047785338,"Alexander Paterson Scotland OBE (1882–1965) was a British Army officer and intelligence officer.

Scotland was noted for his work during and after World War II as commandant of the ""London Cage"", an MI19 prisoner of war facility that was subject to frequent allegations of torture. He wrote about this period in his 1957 book, The London Cage.
",0
46697383,Edmund Ford (MP died 1440),https://en.wikipedia.org/wiki/Edmund%20Ford%20%28MP%20died%201440%29,-1.8351601,4.598431,0.2110005958630366,0.5205880669273435,"Edmund Ford (died 1440), of Swainswick, Somerset, was an English politician.

He was a Member (MP) of the Parliament of England for Bath in February 1388.
",0
66215771,Barbara Rachelson,https://en.wikipedia.org/wiki/Barbara%20Rachelson,-2.1796618,3.2766712,-0.1039385558777453,0.4536862538037566,"Barbara Rachelson is an American politician who has served in the Vermont House of Representatives since 2014.

Rachelson was born in Glen Ridge, New Jersey. Raised in North Caldwell, New Jersey, she graduated from West Essex High School. She earned an undergraduate degree from Brandeis University and a graduate degree from the University of Michigan.
",0
19774289,"Woodbrook, Virginia",https://en.wikipedia.org/wiki/Woodbrook%2C%20Virginia,4.7707777,4.713208,1.6195195405469345,0.8197965670373402,"Woodbrook is an unincorporated community in Albemarle County, Virginia.

References
",0
49063192,Demmus Hentze,https://en.wikipedia.org/wiki/Demmus%20Hentze,-0.69931257,4.381091,-0.154802989581373,0.4428812369633035,"Demmus Hentze (4 December 1923 – 3 January 2016) was a Faroese politician and lawyer. He served as the Finance Minister of the Faroe Islands from 1975 to 1981.

A native of Sandoy, he went to Tórshavn to attend the Preliminer School and after that he continued school at the newly established High School (Føroya Studentaskeið) where he finished in 1942. During the World War 2 the Faroe Islands were occupied by the UK and Denmark was occupied by Germany and therefore it was not possible to travel between the two countries during the war. Hentze had to wait until the war was over before he could …",0
6266271,Geropotamos,https://en.wikipedia.org/wiki/Geropotamos,3.4879427,1.4819394,1.2850404986618331,0.7487439391558389,"Geropotamos () is a former municipality in the Rethymno regional unit, Crete, Greece. Since the 2011 local government reform it is part of the municipality Mylopotamos, of which it is a municipal unit. The municipal unit has an area of . Population 7,777 (2011). The seat of the municipality was in Perama.

References
",0
10388205,Maurice O'Rorke,https://en.wikipedia.org/wiki/Maurice%20O%27Rorke,-1.4726462,4.0573583,-0.7314039083021229,0.3203952053031473,"Sir George Maurice O’Rorke (2 May 1830 – 25 August 1916) was a New Zealand politician, representing (as George O’Rorke) the Auckland seat of Onehunga, and later Manukau, and was Speaker of the House of Representatives. He was a committed provincialist and was the eighth Superintendent of the Auckland Province. Upon receiving his knighthood in 1880, he became known as Sir Maurice.

Early life
O’Rorke was born in Moylough, County Galway, Ireland, the third son of the Rev John O’Rorke (an Anglican minister and large landowner) and his third wife Elizabeth (née Dennis). He went to Trinity College,…",0
15792161,Sailhan,https://en.wikipedia.org/wiki/Sailhan,5.3680296,1.9518334,1.607002049579788,0.817137504685672,"Sailhan (; ) is a commune in the Hautes-Pyrénées department in south-western France.

See also
Communes of the Hautes-Pyrénées department",0
58436204,Lina Khan,https://en.wikipedia.org/wiki/Lina%20Khan,0.6427746,5.457458,0.7061975893438338,0.6257816464937306,"Lina M. Khan (born March 3, 1989) is a British-born American legal scholar serving as chairwoman of the Federal Trade Commission since 2021. While a student at Yale Law School, she became known for her work in antitrust and competition law in the United States after publishing the influential essay ""Amazon's Antitrust Paradox"". She was nominated by President Joe Biden to the Commission in March 2021, and has served since June 2021 following her confirmation. She is also an associate professor of law at Columbia Law School.

Early life and education 
Khan was born on March 3, 1989, in London, E…",0
53707356,Draisaitl,https://en.wikipedia.org/wiki/Draisaitl,-1.4353892,1.6480902,0.7848279823971434,0.6424849234055083,"Draisaitl is a surname. Notable people with the surname include:

 Peter Draisaitl (born 1965), Czech-born German ice hockey player and coach
 Leon Draisaitl (born 1995), German ice hockey player, son of Peter",0
19578877,Seaside High School,https://en.wikipedia.org/wiki/Seaside%20High%20School,3.3773556,5.7556353,1.2408546541450625,0.7393576399414371,"Seaside High School may refer to:

Seaside High School (California), located in Seaside, California
Seaside High School (Oregon), located in Seaside, Oregon",0
14849540,Christoph Grillhösl,https://en.wikipedia.org/wiki/Christoph%20Grillh%C3%B6sl,-3.9220834,-2.0852804,-0.4595480006358838,0.378144942135485,"Christoph Grillhösl (born 16 November 1978) is a retired German ski jumper.

He finished second overall in the 2000-2001 Continental Cup. In the World Cup he participated in one race, finishing 27th in Willingen in February 2001.
",0
32233776,A. Thomas Kraabel,https://en.wikipedia.org/wiki/A.%20Thomas%20Kraabel,-0.038565528,4.9417276,-0.7629621888075753,0.3136913510087303,"Alf Thomas Kraabel (November 4, 1934 – November 2, 2016) was an American classics scholar and educator who worked extensively in Greek and Hellenistic Judaic studies. He served as a faculty member in the classics department at the University of Minnesota from 1963 to 1983, and served as the Dean of Luther College in Iowa before retiring in 2000.

Early life
A. Thomas Kraabel was born Alf Thomas Kraabel in Portland, Oregon, on November 4, 1934, the first child of Alf M. and Marie (née Swensen) Kraabel, both natives of North Dakota.",0
53401730,Nightmares!,https://en.wikipedia.org/wiki/Nightmares%21,-1.3441851,7.194725,1.6041908519407777,0.8165403283166528,"Nightmares! is a young adult children's literature series co-authored by Jason Segel and Kirsten Miller.
As of 5 November 2014, the series has been on The New York Times Best Seller list for children's book series. The series comprises three titles.

Charlie Laird is having nightmares. He gets them when he moves into his stepmom's mansion. And things are going to get worse when he enters the Netherworld!",0
47006082,Ishita Chauhan,https://en.wikipedia.org/wiki/Ishita%20Chauhan,-2.5074582,9.769249,-0.9652990616016638,0.2707093858359061,"Ishita Chauhan is an Indian actress and model. She debuted as a child in the Hindi film Aap Kaa Surroor in 2007. She also acted in Hijack (2008). She made her Bollywood debut in Anil Sharma's Genius as Nandini Chauhan opposite to Utkarsh Sharma which released on 24 August 2018. The music of the film is composed by Himesh Reshammiya, ""Tera Fitoor"" and ""Dil Meri Na Sune"" two of the most hits song of 2018.

Career
",0
44379073,1981 European Karate Championships,https://en.wikipedia.org/wiki/1981%20European%20Karate%20Championships,-3.653888,-2.4341085,0.2651364879129267,0.5320880322799568,"The 1981 European Karate Championships was held in Venice, Italy, from May 2–4, 1981.

Medallists
",0
49270471,Ambroz Kapaklija,https://en.wikipedia.org/wiki/Ambroz%20Kapaklija,-2.6276305,-1.2404141,-0.0932084042572704,0.455965635692394,"Ambroz Kapaklija (born 30 November 1996) is an Albanian football player who most recently played as a midfielder for Vllaznia Shkodër B in the Albanian First Division.

References
",0
63511901,Mary Fainsod Katzenstein,https://en.wikipedia.org/wiki/Mary%20Fainsod%20Katzenstein,0.044067733,5.2799406,-0.5766798840541159,0.3532628805310573,"Mary Fainsod Katzenstein is an American political scientist. She is the Stephen and Evalyn Milman Professor of American Studies, Emerita at Cornell University. She specializes in prison reform in the United States, the history of American feminist activism, and the politics of India.

Career
By 2015, the year of her retirement to emerita status, Katzenstein had published seven books and 39 articles. Katzenstein was the sole author of the 1979 book Ethnicity & Equality the Shiv Sena Party. The book studies the conditions under which nativist ideas can be organized into coherent political moveme…",0
5230357,Chinese grouse,https://en.wikipedia.org/wiki/Chinese%20grouse,10.039378,4.8853016,1.1782958258585432,0.7260684092563298,"The Chinese grouse (Tetrastes sewerzowi), also known as Severtzov's grouse or the black-breasted hazel grouse,  is a grouse species closely related to the hazel grouse.

It is a sedentary bird which inhabits conifer-rich mixed montane forests of central China. The bird is very similar in appearance to the hazel grouse apart from less of a white stripe on the head and neck.
",0
68820524,Tom Abatemarco,https://en.wikipedia.org/wiki/Tom%20Abatemarco,-1.2350925,-4.0865126,-1.406355093994446,0.1770168484264594,"Tom Abatemarco (born October 3, 1949) is an American college basketball coach, currently an assistant for the Iona Gaels of the Metro Atlantic Athletic Conference (MAAC). Abatemarco has previously been a head coach at Lamar, Drake and Sacramento State. He was also an assistant to Jim Valvano on the 1983 national champion NC State team and spent time as a professional assistant in the Women's National Basketball Association and the NBA Development League.

Abatemarco's best season as a head coach came with Lamar in the 1987–88 season where the team won 20 games. He then moved to Drake, but his …",0
56529153,Gaius Vibius Rufinus,https://en.wikipedia.org/wiki/Gaius%20Vibius%20Rufinus,0.9183837,4.1012955,-0.7379991408135055,0.3189941949475143,"Gaius Vibius Rufinus was a Roman senator, who flourished during the early first century. He was suffect consul as the colleague of Marcus Cocceius Nerva in August of a year during the first half of the first century; which year is still in dispute. Rufinus was an acquaintance of the poet Ovid, who addressed two of his poems to him from his exile in Tomis.

Date of his consulship 
Some scholars, such as Attilio Degrassi, date the consulship of Rufinus and Nerva based on the attested dates the former was governor of Germania Superior, namely the years 43 and 45. Paul Gallivan, in his study of th…",0
1033528,48th (South Midland) Division,https://en.wikipedia.org/wiki/48th%20%28South%20Midland%29%20Division,-2.8903074,4.2714057,-2.7773057622025954,0.0,"The 48th (South Midland) Division was an infantry division of the British Army. Part of the Territorial Force (TF) and raised in 1908, the division was originally called the South Midland Division, and was redesignated as the 48th (South Midland) Division in 1915. During the First World War, the division saw service on the Western Front before being transferred to the Italian Front in November 1917 and remaining there for the rest of the war.

Reformed in 1920 in the Territorial Army (TA) as the 48th (South Midland) Infantry Division, it saw active service in the Second World War with the Brit…",0
63934159,Luigi Cangiullo,https://en.wikipedia.org/wiki/Luigi%20Cangiullo,-4.0348606,-2.0287743,-0.1161841988782403,0.451084939502029,"Luigi Cangiullo (1897 – 1 September 1930) was an Italian diver. He competed at the 1924 Summer Olympics and the 1928 Summer Olympics.

References
",0
2107907,Cooperative Institute for Climate Applications and Research,https://en.wikipedia.org/wiki/Cooperative%20Institute%20for%20Climate%20Applications%20and%20Research,1.1010864,5.991335,0.6245397494962356,0.6084352558929954,"The Cooperative Institute for Climate Applications and Research (CICAR) was a major collaborative relationship between the National Oceanic and Atmospheric Administration (NOAA) Office of Oceanic and Atmospheric Research (OAR) and Earth Institute, Columbia University.

The CICAR research themes were:
 Modeling, understanding, prediction, and assessment of climate variability and change",0
4534358,"Dunbar, Georgia",https://en.wikipedia.org/wiki/Dunbar%2C%20Georgia,4.8276067,4.63852,1.257166331130904,0.7428226926648193,"Dunbar is an unincorporated community located in Houston County, Georgia, United States, located in the extreme northwestern corner of Houston County, one mile east of U.S. Route 41 at the intersection of Dunbar and Houston Lake Roads. It is part of the Warner Robins, Georgia Metropolitan Statistical Area.

History
The community of Dunbar dates back to at least 1915, as it appeared on official Georgia maps.  The community is named for the Dunbar family, who once owned much of the surrounding land.  Dunbar has never been an incorporated city and is not recognized as a community on most maps.  H…",0
52754869,List of number-one songs of 2017 (Mexico),https://en.wikipedia.org/wiki/List%20of%20number-one%20songs%20of%202017%20%28Mexico%29,-1.5910423,11.247263,-0.7199309312967135,0.3228323839116008,"This is a list of the number-one songs of 2017 in Mexico. The airplay chart rankings are published by Monitor Latino, based on airplay across radio stations in Mexico using the Radio Tracking Data, LLC in real time. Charts are ranked from Monday to Sunday. Besides the General chart, Monitor Latino also publishes ""Pop"", ""Popular"" (Regional Mexican) and ""Anglo"" charts.

The streaming charts are published weekly by AMPROFON (Asociación Mexicana de Productores de Fonogramas y Videogramas).
",0
3511132,More4 News,https://en.wikipedia.org/wiki/More4%20News,-0.91459405,8.34838,0.7370950797877738,0.632345130646916,"More4 News was a daily news programme on the More4 digital television channel in the United Kingdom, airing Monday to Friday from 8.00pm to 8.30pm from 2005 to 2009.

History
More4 News launched at the inception of the More4 channel on 10 October 2005. As a consequence of the advertising slowdown during the 2009 recession, the programme was cancelled, the last broadcast airing on 18 December 2009.",0
15091376,Zvonimir Vujin,https://en.wikipedia.org/wiki/Zvonimir%20Vujin,-4.064684,-1.5406631,-1.0548415077401507,0.2516880861179321,"Zvonimir ""Zvonko"" Vujin (23 July 1943 – 8 December 2019) was a Serbian amateur boxer. He competed in the 1968 and 1972 Olympics for Yugoslavia and won bronze medals on both occasions. In 1967 he won a silver medal at the European championships and a gold at the Mediterranean Games. He died on 8 December 2019 in his hometown, Zrenjanin.

1968 Olympic results
Below is the Olympic record of Zvonimir Vujin, a Yugoslavian lightweight boxer who competed at the 1968 Mexico City Olympics:",0
1894878,Roosevelt Boulevard (Philadelphia),https://en.wikipedia.org/wiki/Roosevelt%20Boulevard%20%28Philadelphia%29,4.109382,3.533435,-0.8629234801838822,0.2924567995143054,"Roosevelt Boulevard, officially named the Theodore Roosevelt Memorial Boulevard and often referred to, chiefly by local Philadelphians, simply as ""the Boulevard,"" or ""the Boully"" is a major traffic artery through North and Northeast Philadelphia. The road begins at the Schuylkill Expressway in Fairmount Park, running as a freeway also known as the Roosevelt Boulevard Extension or the Roosevelt Expressway through North Philadelphia, then transitioning into a twelve-lane divided highway that forms the spine of Northeast Philadelphia to its end at the city line.

Historically, Roosevelt Boulevard…",0
12202597,Ayumi Tanimoto,https://en.wikipedia.org/wiki/Ayumi%20Tanimoto,-3.7015002,-1.9310138,-1.589698096941392,0.1380697081522973,"born August 4, 1981, in Anjo, Aichi, is a Japanese judoka. She was coached by Toshihiko Koga, who is a gold medalist at the Barcelona 
Olympics and a silver medalist at the Atlanta Olympics Men's Judo.
Tanimoto won the Women's -63 kg category gold medal at the Athens Olympics in 2004 and at the Beijing Olympics in 2008.
",0
70868991,Eszter Spät,https://en.wikipedia.org/wiki/Eszter%20Sp%C3%A4t,0.8590841,3.2091908,-0.2802426714676487,0.4162343684826735,"Eszter Spät is a Hungarian academic and journalist, who specializes in Yezidi religion and in its relationship with the Kurdish independence movement. She directed the documentary Following the Peacock, which explored the lives of a Yezidi community in Sinjar in northern Iraq.

Education 
In 1996 Spät was awarded a MA degree in Classical Philology from Eötvös University, Budapest, presenting a thesis entitled: “Priscillian – Monk, Heretic, Martyr, Astrologer"". In 1999 she was awarded a second MA degree in English Language and Literature at the same university, with a thesis entitled: ""The Pela…",0
7953781,Érsekcsanád,https://en.wikipedia.org/wiki/%C3%89rsekcsan%C3%A1d,3.991754,1.056334,0.8888227022317772,0.6645762870030801,"Érsekcsanád (Croatian: Čanad or Čenad) is a  village in Bács-Kiskun county, in the Southern Great Plain region of southern Hungary. It is named after Csanád, the first head (comes) of the former Csanád County of Hungary in the first decades of the 11th century.

Geography
It covers an area of  and has a population of 2804 people (2015).",0
18432493,John Buckley (sculptor),https://en.wikipedia.org/wiki/John%20Buckley%20%28sculptor%29,-0.44648254,6.4643006,0.4991781508016991,0.5818049744485372,"John Buckley (born 1945 in Leeds, England) is an English sculptor whose best known work is the sculpture ""Untitled 1986"", better known as ""the Shark House"" or ""The Headington Shark"" in Headington, a suburb of Oxford.

Buckley went to sculpture classes in the evenings when studying for his O-levels in a technical college. He went on to Winchester School of Art and Leicester College of Art, and thereafter worked as a lorry driver and labourer while getting his career as sculptor off the ground.
",0
10861811,What Are You On?,https://en.wikipedia.org/wiki/What%20Are%20You%20On%3F,-0.9726717,12.261168,0.3194253538292452,0.543620493525723,"What Are You On? is an album by East River Pipe, released in 2006.

Track listing
""What Does T.S. Eliot Know About You?"" – 2:30",0
25833873,College Township (disambiguation),https://en.wikipedia.org/wiki/College%20Township%20%28disambiguation%29,2.813613,5.6897855,1.1493226064010664,0.719913693645334,"The ""College Township"" was an area of land in Ohio in which Miami University was built.

College Township may also refer to:
College Township, Knox County, Ohio",0
2461527,Robert Feke,https://en.wikipedia.org/wiki/Robert%20Feke,-0.48610473,6.3942604,-1.118037469183985,0.2382635106743534,"Robert Feke ( 1705 or 1707 1752) was an American portrait painter born in Oyster Bay, Long Island, New York. According to art historian Richard Saunders, ""Feke’s impact on the development of Colonial painting was substantial, and his pictures set a new standard by which the work of the next generation of aspiring Colonial artists was judged."" In total, about 60 paintings by Feke survive, twelve of which are signed and dated.

Life and career
",0
50541195,Yes Girl,https://en.wikipedia.org/wiki/Yes%20Girl,-1.2129601,12.246888,0.0059676053659614,0.4770333715565512,"""Yes Girl"" (stylized in all lowercase) is a song by American singer Bea Miller. It was released on May 20, 2016 via Hollywood Records. The track was written by Miller herself, Ilsey Juber and American production team Pop & Oak, who also produced the song.

Composition
",0
39103652,Phoenix (1785 EIC ship),https://en.wikipedia.org/wiki/Phoenix%20%281785%20EIC%20ship%29,-3.2744994,5.0756226,-1.104437808287392,0.2411524559414597,"Phoenix was an East Indiaman, launched in 1785. She made six voyages for the Honourable East India Company (HEIC). On her sixth voyage, while under the command of Captain William Moffat, she captured the French 14-gun privateer Malartic. In 1803 her owners sent her out to India to sail in the coastal trade; her subsequent fate is unknown.

Voyages
",0
