section_id,article_id,article_title,section_path,heading,level,bert_umap1,bert_umap2,base_value_mean,base_value_std,base_n_runs,base_value_pctile,base_variance_pctile,instruct_value_mean,instruct_value_std,instruct_n_runs,instruct_value_pctile,instruct_variance_pctile
0,251,Knowledge,Introduction,Introduction,0,8.549151,3.7039058,56.004992744143884,48.48558174862973,2,0.5225563909774437,0.562406015037594,1.9133109064169698,48.261092905442034,3,0.13345864661654136,0.693609022556391
1,251,Knowledge,Definitions,Definitions,2,8.537439,3.6342115,23.538770679048547,44.93345949653011,2,0.3015037593984962,0.5334586466165413,5.103307118049458,9.635495024995999,3,0.15714285714285714,0.11466165413533834
2,251,Knowledge,Definitions > Analysis of knowledge,Analysis of knowledge,3,8.543078,3.698095,42.11886706988487,15.754836036809822,2,0.42894736842105263,0.2037593984962406,17.98743768006634,13.854252455089634,3,0.2943609022556391,0.19736842105263158
3,251,Knowledge,Types,Types,2,8.623051,3.6499922,171.2870700849487,27.111177025880156,2,0.9225563909774436,0.3447368421052632,97.88707652425747,40.101169557942086,3,0.8830827067669172,0.6135338345864662
4,251,Knowledge,Types > Propositional,Propositional,3,8.577141,3.6864867,23.08216481167086,18.0528582995139,2,0.2962406015037594,0.23345864661654137,9.465206829788814,2.043607059322581,3,0.20037593984962407,0.006766917293233083
5,251,Knowledge,Types > Non-propositional,Non-propositional,3,8.527523,3.6880493,51.108774956294226,5.992595614834875,2,0.4906015037593985,0.081203007518797,28.27393739921929,10.25147545802898,3,0.42894736842105263,0.12669172932330827
6,251,Knowledge,Types > A priori and a posteriori,A priori and a posteriori,3,8.572686,3.7367244,101.43200568717576,55.165265893042765,2,0.7616541353383459,0.6229323308270677,40.016321513770016,46.80568375078345,3,0.5605263157894737,0.6796992481203008
7,251,Knowledge,Types > Others,Others,3,8.568057,3.7214332,17.956912627880463,10.08430469037584,2,0.26090225563909775,0.1281954887218045,1.420637789073016,18.962450368719118,3,0.1293233082706767,0.3026315789473684
8,251,Knowledge,Limits,Limits,2,8.447714,3.796537,54.295943747773094,23.046545564917675,2,0.5105263157894737,0.2981203007518797,22.0163615147585,22.98253321497957,3,0.34962406015037595,0.3676691729323308
9,251,Knowledge,Structure,Structure,2,8.508235,3.7571647,18.400167109407334,17.24485591494581,2,0.2642857142857143,0.2199248120300752,11.74012250987077,8.479312222286547,3,0.22142857142857142,0.09661654135338346
10,251,Knowledge,Value,Value,2,8.530054,3.675349,46.347540720197934,3.0240213165986805,2,0.4616541353383459,0.04360902255639098,27.580539644622178,13.754139463021495,3,0.42142857142857143,0.1962406015037594
11,251,Knowledge,Science,Science,2,7.838934,5.2223516,65.3959592757771,58.01544002532964,2,0.5830827067669173,0.643984962406015,4.498963540841317,20.839218584627933,3,0.15150375939849625,0.33533834586466166
12,251,Knowledge,History,History,2,8.450306,2.101804,39.46241546275181,3.813813666886318,2,0.40827067669172934,0.056766917293233084,9.070911431955496,4.5802671595912745,3,0.19548872180451127,0.03270676691729323
13,251,Knowledge,In various disciplines > Religion,Religion,3,8.40855,3.6651533,42.91129121028028,25.049996155514016,2,0.4357142857142857,0.32218045112781957,9.699841876642255,7.323857087832396,3,0.2026315789473684,0.07706766917293233
14,251,Knowledge,In various disciplines > Anthropology,Anthropology,3,8.591941,3.525986,50.39673450686416,15.069758170850884,2,0.4857142857142857,0.1943609022556391,28.10319349288041,18.12474068627364,3,0.4266917293233083,0.2868421052631579
15,251,Knowledge,In various disciplines > Sociology,Sociology,3,8.593736,3.479626,80.8331193444468,68.20278661043153,2,0.6729323308270677,0.7037593984962406,44.8635054473101,70.59555778446008,3,0.6112781954887218,0.8312030075187969
16,251,Knowledge,In various disciplines > Others,Others,3,8.580553,3.7906075,18.141619795090932,2.498954420450216,2,0.26203007518796995,0.03684210526315789,20.161921763987234,10.059179934090835,3,0.324812030075188,0.12218045112781954
17,280,Manufacturing,Introduction,Introduction,0,6.643915,-0.9587182,-3.7903385633863635,116.03419653337085,2,0.16466165413533834,0.8932330827067669,56.1543166751265,84.0602805143661,3,0.7071428571428572,0.8819548872180452
18,280,Manufacturing,Etymology,Etymology,2,6.7300014,-0.7615143,45.73061703686363,130.11810523502155,2,0.45714285714285713,0.9180451127819549,-10.58624342130989,51.92559332822631,3,0.06804511278195488,0.7206766917293234
19,280,Manufacturing,History and development > Prehistory and ancient history,Prehistory and ancient history,3,7.2527575,1.786624,-9.647221106900986,32.62401436364811,2,0.13984962406015036,0.4150375939849624,62.75725163367841,18.99418277686624,3,0.7436090225563909,0.3037593984962406
20,280,Manufacturing,History and development > Medieval and early modern,Medieval and early modern,3,7.974899,1.8124382,71.87165519674949,19.153628752459397,2,0.6285714285714286,0.24661654135338346,41.50178201323845,25.943989619196177,3,0.575187969924812,0.4142857142857143
21,280,Manufacturing,History and development > First and Second Industrial Revolutions,First and Second Industrial Revolutions,3,7.668039,0.12467603,-33.45996475084398,24.860470488603763,2,0.07969924812030076,0.31954887218045114,42.48631782988924,19.14303606045658,3,0.587218045112782,0.3067669172932331
22,280,Manufacturing,History and development > Modern manufacturing,Modern manufacturing,3,7.413382,1.9879696,83.08014716297272,48.38873676275384,2,0.6830827067669173,0.5609022556390978,46.27503627701841,49.0117456035756,3,0.6251879699248121,0.7
23,280,Manufacturing,Machinery relocation and logistics,Machinery relocation and logistics,2,5.0112414,-0.77348226,-25.08172791031013,36.640895526777456,2,0.09849624060150376,0.45263157894736844,-51.048511952561206,6.914252312348044,3,0.006390977443609023,0.06842105263157895
24,280,Manufacturing,Manufacturing strategy,Manufacturing strategy,2,6.675665,-1.1442591,47.89952909444788,49.20832868321294,2,0.4710526315789474,0.5691729323308271,26.819917422940062,43.23682880020047,3,0.40902255639097745,0.6432330827067669
25,280,Manufacturing,Industrial policy > Economics of manufacturing,Economics of manufacturing,3,6.110904,-0.807261,8.730597471986353,32.89401304006638,2,0.21127819548872181,0.4176691729323308,105.7100349793047,120.11468928329128,3,0.9048872180451127,0.9593984962406015
26,280,Manufacturing,Industrial policy > Finance,Finance,3,6.7279863,-1.1042534,185.30671520826093,4.3032771889939525,2,0.9379699248120301,0.06278195488721805,131.07652010664256,52.03418733928249,3,0.95,0.7210526315789474
27,280,Manufacturing,Industrial policy > Safety,Safety,3,5.9701467,-0.72905666,179.2994192203804,102.48125946873948,2,0.9330827067669173,0.856390977443609,139.4139155746807,27.67768901305775,3,0.9582706766917293,0.4402255639097744
28,280,Manufacturing,Industrial policy > Manufacturing and investment,Manufacturing and investment,3,6.227431,-0.7351519,40.24063475856492,124.35606045858351,2,0.41616541353383457,0.9101503759398496,60.35558783114027,56.84629672938568,3,0.7308270676691729,0.7567669172932331
29,280,Manufacturing,Major manufacturing nations,Major manufacturing nations,2,5.3047194,-0.029502895,39.0741551320942,57.73931666146375,2,0.4056390977443609,0.6413533834586466,5.439130400301498,19.28032654586987,3,0.1593984962406015,0.3090225563909774
30,297,Mind,Introduction,Introduction,0,8.517142,4.3366165,10.464634504561596,22.322877417649185,2,0.22105263157894736,0.29060150375939847,-13.796655918654968,11.738563455081554,3,0.053759398496240604,0.15639097744360902
31,297,Mind,Definition,Definition,2,8.5917015,4.3695025,105.5278386502259,117.89528600661743,2,0.7759398496240602,0.8984962406015038,-1.3077376651834303,6.860505813256653,3,0.11278195488721804,0.06729323308270677
32,297,Mind,Forms,Forms,2,8.64699,4.388531,86.72344690213626,40.0862665348788,2,0.6996240601503759,0.4857142857142857,22.046654266679557,2.1274639173071637,3,0.35,0.007894736842105263
33,297,Mind,Forms > Conscious and unconscious,Conscious and unconscious,3,8.677358,4.490997,70.03233538299139,74.79290056434203,2,0.6180451127819548,0.7462406015037594,-6.185475087659473,25.908788577699678,3,0.08759398496240602,0.41353383458646614
34,297,Mind,Forms > Other distinctions,Other distinctions,3,8.7122,4.30666,45.78276402326682,3.3580221626428703,2,0.4575187969924812,0.04887218045112782,22.866467899320742,11.882632282719591,3,0.36165413533834584,0.15902255639097745
35,297,Mind,Forms > Faculties and modules,Faculties and modules,3,8.592033,4.274525,100.8458373913205,95.29280258887778,2,0.7601503759398496,0.8342105263157895,36.29587110828725,18.3472658014403,3,0.5214285714285715,0.29135338345864664
36,297,Mind,Theories of the nature of mind,Theories of the nature of mind,2,8.567932,4.200535,55.01330391751965,48.036540630205906,2,0.5169172932330827,0.5578947368421052,24.935320568664945,19.15280787656791,3,0.38609022556390976,0.3078947368421053
37,297,Mind,Relation to matter > Mind–body problem,Mind–body problem,3,8.499882,4.2778254,71.50110963690176,69.7088073557968,2,0.6255639097744361,0.7131578947368421,27.555191045397198,34.57748350652096,3,0.4206766917293233,0.5473684210526316
38,297,Mind,Relation to matter > Brain areas and processes,Brain areas and processes,3,8.771887,4.4066987,35.95051314153788,38.52168060990095,2,0.3879699248120301,0.4710526315789474,4.29713793528055,8.814102313883685,3,0.14924812030075188,0.09962406015037593
39,297,Mind,Development > Evolution,Evolution,3,8.744199,4.349665,67.67976299864515,34.59616461662175,2,0.6033834586466166,0.4342105263157895,-1.8828647321807992,20.409759463428188,3,0.11015037593984962,0.32894736842105265
40,297,Mind,Development > Individual,Individual,3,8.876222,4.273258,16.056754235310315,3.662991903632203,2,0.25,0.05413533834586466,18.95003004091009,4.109337822994271,3,0.3078947368421053,0.02706766917293233
41,297,Mind,Non-human > Animal,Animal,3,8.531838,4.2068276,58.4987983929696,63.96243446757099,2,0.5353383458646617,0.6770676691729324,-33.004287916431764,18.994105809057476,3,0.016541353383458645,0.30338345864661653
42,297,Mind,Non-human > Artificial,Artificial,3,8.547161,4.282146,120.03038735881307,129.1382763745684,2,0.8270676691729323,0.9169172932330827,23.477527665095433,55.39130888762558,3,0.3699248120300752,0.7462406015037594
43,297,Mind,Mental health and disorder,Mental health and disorder,2,7.753208,4.6391263,49.482476661262524,35.2052072367656,2,0.48270676691729325,0.4398496240601504,3.15261817314966,23.990552268932166,3,0.14172932330827068,0.3819548872180451
44,297,Mind,Fields and methods of inquiry,Fields and methods of inquiry,2,8.433048,4.483324,90.46442898865513,21.39797633936531,2,0.7176691729323308,0.2800751879699248,39.86167612993194,15.511630364726162,3,0.5575187969924812,0.23233082706766917
45,297,Mind,Fields and methods of inquiry > Psychology,Psychology,3,8.605576,4.7065325,129.6255459720431,134.49416444976288,2,0.8518796992481203,0.9225563909774436,-4.676120047259732,23.164133458588967,3,0.0943609022556391,0.37030075187969924
46,297,Mind,Fields and methods of inquiry > Neuroscience,Neuroscience,3,8.229787,4.6436925,58.95414821856174,38.43568137198483,2,0.5390977443609023,0.4695488721804511,19.637721718809395,16.666257471955646,3,0.32030075187969925,0.2567669172932331
47,297,Mind,Fields and methods of inquiry > Philosophy of mind,Philosophy of mind,3,8.54085,4.328331,-2.8235073178026457,24.25855599917793,2,0.16766917293233083,0.3142857142857143,12.742027506509617,18.834227369480477,3,0.23157894736842105,0.3007518796992481
48,297,Mind,Fields and methods of inquiry > Cognitive science,Cognitive science,3,8.368241,4.528776,25.45037884999897,46.5245324325921,2,0.3165413533834586,0.543984962406015,7.040532384561186,14.841196354062753,3,0.1774436090225564,0.21804511278195488
49,297,Mind,Relation to other fields,Relation to other fields,2,8.485369,4.197782,71.89827767144222,38.200117395956624,2,0.6289473684210526,0.46842105263157896,24.849556237941613,26.871427572102935,3,0.38458646616541353,0.4281954887218045
50,326,Oceania,Introduction,Introduction,0,5.4334097,0.6525177,15.329736193975124,5.1991893805487255,2,0.2469924812030075,0.07443609022556391,9.829096597458317,37.643913522009974,3,0.20488721804511278,0.5823308270676691
51,326,Oceania,Definition > Characteristics,Characteristics,3,5.509968,0.703843,119.93813176987709,102.3784579900666,2,0.8263157894736842,0.8552631578947368,11.171119765553255,50.036136071647384,3,0.2169172932330827,0.7105263157894737
52,326,Oceania,Definition > Boundaries,Boundaries,3,5.4737835,0.6589041,54.03705219248061,158.1055896425429,2,0.5082706766917293,0.955639097744361,53.15431006979099,120.27649517244173,3,0.6823308270676691,0.9597744360902256
53,326,Oceania,Definition > Boundaries > United Nations interpretation,United Nations interpretation,4,5.4737415,0.7345376,23.137633054887115,33.01466082851941,2,0.29661654135338344,0.4195488721804511,-11.151063416215967,10.057470814795234,3,0.06616541353383458,0.12180451127819548
54,326,Oceania,Definition > Boundaries > Early interpretations,Early interpretations,4,5.5555153,0.67715365,12.669560056999394,32.66649997504656,2,0.23233082706766917,0.41578947368421054,1.28361467659897,16.324460541971998,3,0.12781954887218044,0.2503759398496241
55,326,Oceania,Definition > Boundaries > Historical and contemporary interpretations,Historical and contemporary interpretations,4,5.5240207,0.6611642,89.63745288848914,90.50325148618015,2,0.7146616541353383,0.8184210526315789,3.2400692613482653,20.97817864623821,3,0.1432330827067669,0.33646616541353386
56,326,Oceania,Definition > Boundaries > Boundaries between subregions,Boundaries between subregions,4,5.6158743,0.6200927,74.14280199738535,46.75812328705511,2,0.6379699248120301,0.5454887218045112,19.421687013057106,28.362398508160762,3,0.3150375939849624,0.45225563909774436
57,326,Oceania,History > Colonisation of Oceania > Australia,Australia,4,5.9665494,0.7564268,74.16286560242219,86.30899779963127,2,0.6383458646616541,0.8011278195488721,68.24427209281825,49.01207955570883,3,0.7770676691729324,0.7003759398496241
58,326,Oceania,History > Colonisation of Oceania > Melanesia,Melanesia,4,5.951163,0.75552404,191.80098336045438,137.84350615731358,2,0.9428571428571428,0.9281954887218045,137.320339871511,21.275928108538395,3,0.9552631578947368,0.3432330827067669
59,326,Oceania,History > Colonisation of Oceania > Micronesia,Micronesia,4,6.137196,0.758223,85.79951234161899,51.49140179478638,2,0.6943609022556391,0.5921052631578947,167.94821354008255,53.90822655428641,3,0.9781954887218045,0.7353383458646616
60,326,Oceania,History > Colonisation of Oceania > Polynesia,Polynesia,4,5.993576,0.7174666,99.77262772794113,83.17855423608017,2,0.7541353383458647,0.7879699248120301,107.25557930704925,53.2354953121306,3,0.9090225563909774,0.7293233082706767
61,326,Oceania,History > European exploration,European exploration,3,5.776384,0.6520988,19.32959304863292,0.19684835365935063,2,0.27030075187969926,0.0033834586466165413,18.086097641618135,7.762072320162945,3,0.2962406015037594,0.08345864661654136
62,326,Oceania,History > European exploration > European settlement and colonisation,European settlement and colonisation,4,5.68079,0.62396944,72.23581774230473,13.719314037795566,2,0.6304511278195488,0.17406015037593986,26.741601703508646,11.888767976843758,3,0.4075187969924812,0.15977443609022557
63,326,Oceania,History > Modern history,Modern history,3,5.6091905,0.61971617,39.44160701051955,45.55159306639735,2,0.40789473684210525,0.5379699248120301,53.18538318473458,18.82430409590106,3,0.6827067669172933,0.3003759398496241
64,326,Oceania,Geography,Geography,2,5.4621906,0.6550432,28.18277085869377,13.301461683115756,2,0.33421052631578946,0.16729323308270677,39.6466462859624,70.79101816150539,3,0.5567669172932331,0.8323308270676691
65,326,Oceania,Geography > Regions,Regions,3,5.520749,0.647034,119.28487037756696,24.886048464523167,2,0.8240601503759398,0.32030075187969925,49.441455218699616,31.491411489960964,3,0.6530075187969925,0.5041353383458647
66,326,Oceania,Geography > Geology,Geology,3,5.4293914,0.6099079,75.92759766986615,3.938655561127652,2,0.6481203007518797,0.05827067669172932,44.553966702564004,32.41832846752105,3,0.6101503759398497,0.5195488721804511
67,326,Oceania,Geography > Flora,Flora,3,5.4411025,0.63495475,-15.279961973024209,23.598609331940146,2,0.12406015037593984,0.30601503759398496,59.81335556707982,34.13362677782882,3,0.7278195488721805,0.544360902255639
68,326,Oceania,Geography > Fauna,Fauna,3,5.633499,0.59486556,80.82182291890291,50.527896579104144,2,0.6725563909774436,0.5842105263157895,21.72056124708853,28.50064790565614,3,0.3451127819548872,0.45413533834586467
69,326,Oceania,Geography > Climate,Climate,3,5.413994,0.6255226,15.650065544502798,49.25221736420064,2,0.24887218045112783,0.5695488721804511,16.194394652453663,28.172646334650317,3,0.27406015037593984,0.4481203007518797
70,326,Oceania,Politics > Australia,Australia,3,8.309034,-2.0105305,-42.85651167046579,89.57703536681767,2,0.06428571428571428,0.8150375939849624,6.205334062703685,57.401915769981734,3,0.16578947368421051,0.7605263157894737
71,326,Oceania,Politics > New Zealand,New Zealand,3,8.391275,-2.0527952,-48.53281414266319,200.4802685706552,2,0.05639097744360902,0.9819548872180451,96.67495925392979,90.09886114276638,3,0.881203007518797,0.8984962406015038
72,326,Oceania,Politics > Pacific Islands,Pacific Islands,3,8.395611,-2.0416994,19.61866872518253,93.9962489946471,2,0.2718045112781955,0.8296992481203007,38.39473426214025,12.5851916412044,3,0.544360902255639,0.1725563909774436
73,326,Oceania,Economy,Economy,2,5.343019,0.720972,94.72829130021955,45.9320134896922,2,0.7338345864661654,0.5417293233082707,101.22986842442155,57.99554768484929,3,0.8932330827067669,0.7661654135338346
74,326,Oceania,Economy > Australia,Australia,3,5.32859,0.47413725,86.65202090374817,93.53181852307505,2,0.6992481203007519,0.8278195488721805,62.806397987934396,47.09648230419294,3,0.7439849624060151,0.6819548872180451
75,326,Oceania,Economy > New Zealand,New Zealand,3,5.3645153,0.45949212,73.25898314949103,17.821784675375238,2,0.6349624060150376,0.22781954887218045,43.50508125361205,82.1824827249647,3,0.5973684210526315,0.8721804511278195
76,326,Oceania,Economy > Pacific Islands,Pacific Islands,3,5.2797084,0.43943384,-31.004305166761757,43.29055340503039,2,0.08571428571428572,0.5199248120300752,6.240573345194714,21.27801100419405,3,0.16654135338345866,0.343609022556391
77,326,Oceania,Economy > Tourism,Tourism,3,5.318548,0.49233925,2.6524424192233376,83.6115811546107,2,0.18609022556390978,0.7906015037593985,26.551207088814735,15.615766394771395,3,0.4052631578947368,0.23646616541353382
78,326,Oceania,Demographics,Demographics,2,5.348713,0.81241244,312.2333016264548,155.40577455160897,2,0.9868421052631579,0.9522556390977444,231.33338200057892,62.559121113883,3,0.9951127819548872,0.7966165413533834
79,326,Oceania,Demographics > Largest city for regions,Largest city for regions,3,5.4300685,0.5669135,9.440140826152597,11.779411061552219,2,0.21503759398496242,0.14849624060150377,63.86154799872107,41.049712883641796,3,0.75,0.6233082706766917
80,326,Oceania,Demographics > Religion,Religion,3,6.5068407,2.5397182,31.656984522087253,45.69413781012129,2,0.35789473684210527,0.5398496240601504,28.774942653710514,32.578121218506155,3,0.43533834586466164,0.5210526315789473
81,326,Oceania,Demographics > Languages,Languages,3,5.678197,0.8733118,50.77040705467038,27.874408530337057,2,0.48834586466165414,0.35827067669172935,8.92190268112142,25.546264075849795,3,0.1924812030075188,0.40601503759398494
82,326,Oceania,Demographics > Immigration,Immigration,3,5.6543484,0.63194,60.77947503579966,8.324032621901697,2,0.5515037593984963,0.10639097744360902,37.454010153071316,36.638392125617145,3,0.5334586466165413,0.5706766917293233
83,326,Oceania,Demographics > Archaeogenetics,Archaeogenetics,3,5.9842114,0.69958293,-83.49026369801713,172.4816090147451,2,0.02443609022556391,0.9676691729323308,44.145232316654045,80.69029963129775,3,0.6048872180451128,0.8654135338345864
84,326,Oceania,Culture > Australia,Australia,3,5.7772846,0.5155569,68.1064075363208,181.7223391568718,2,0.6056390977443609,0.9725563909774436,97.95367617737209,88.73885186108781,3,0.8838345864661654,0.8951127819548872
85,326,Oceania,Culture > Hawaii,Hawaii,3,11.33017,1.7373791,8.951831168269747,40.393731853062796,2,0.21353383458646616,0.48909774436090225,37.42023258464574,30.96160675014493,3,0.5330827067669173,0.49661654135338346
86,326,Oceania,Culture > New Zealand,New Zealand,3,5.823147,0.51098365,97.72484745683533,138.90882439149573,2,0.7469924812030075,0.9300751879699248,81.54315744484214,59.185953042195486,3,0.8364661654135338,0.7740601503759399
87,326,Oceania,Culture > Samoa,Samoa,3,6.1732607,0.78452575,114.62287607427137,54.103388304687314,2,0.8082706766917294,0.6161654135338346,138.69550118276086,85.17431101602097,3,0.9571428571428572,0.8853383458646616
88,326,Oceania,Culture > Arts,Arts,3,5.9350405,0.6775215,63.77243553413919,97.55255627021316,2,0.574812030075188,0.8417293233082707,78.06214616809041,80.71017336387757,3,0.8225563909774436,0.8657894736842106
89,326,Oceania,Culture > Sport,Sport,3,5.290745,0.6203346,21.157140616049503,27.030084267308258,2,0.2800751879699248,0.34285714285714286,28.172836194460288,4.739298775451058,3,0.4281954887218045,0.035338345864661655
90,363,Prehistory,Introduction,Introduction,0,7.936857,1.4302462,-23.036444986174722,6.411025468019611,2,0.10300751879699248,0.08646616541353383,20.458744780260506,82.64572745701932,3,0.32857142857142857,0.8748120300751879
91,363,Prehistory,History of the term,History of the term,2,8.200507,1.4395014,244.0748941945662,191.42538082138677,2,0.9703007518796992,0.9778195488721805,9.230529978261105,52.4515043406606,3,0.19774436090225564,0.7240601503759398
92,363,Prehistory,Means of research,Means of research,2,8.189275,1.8207731,-157.21751936856245,95.8822096226191,2,0.004511278195488722,0.837218045112782,47.319273358724985,31.58190331042624,3,0.6342105263157894,0.5067669172932331
93,363,Prehistory,Definition > Beginning and end,Beginning and end,3,7.9099536,1.4812504,-261.1390548939116,394.2929890711448,2,0.0011278195488721805,0.999624060150376,15.96758039413298,89.26464173958269,3,0.2725563909774436,0.8958646616541354
94,363,Prehistory,Definition > Time periods,Time periods,3,7.8840013,1.4154333,-22.88562748131569,35.87136500055423,2,0.1037593984962406,0.4481203007518797,-3.134740830820546,14.978921153912294,3,0.10150375939849623,0.22142857142857142
95,363,Prehistory,Stone Age,Stone Age,2,7.7721896,1.472183,125.51502731718455,143.07779546596066,2,0.8402255639097744,0.9379699248120301,100.07093775716811,35.2397841899042,3,0.8894736842105263,0.5541353383458647
96,363,Prehistory,Stone Age > Palaeolithic,Palaeolithic,3,7.1949472,1.6991261,-18.61248553493087,16.498574969438323,2,0.11203007518796992,0.21052631578947367,57.3462717024373,21.782870820920095,3,0.7165413533834587,0.35037593984962406
97,363,Prehistory,Stone Age > Mesolithic,Mesolithic,3,7.333972,1.5542504,27.447758449289886,32.554075473095004,2,0.3300751879699248,0.41353383458646614,6.314976464983599,10.296985480200492,3,0.16729323308270677,0.12781954887218044
98,363,Prehistory,Stone Age > Neolithic,Neolithic,3,7.3555145,1.4953285,-44.987889742683144,77.94586769977823,2,0.05977443609022556,0.762781954887218,35.33712851940813,94.8363650564312,3,0.5116541353383459,0.9112781954887218
99,363,Prehistory,Chalcolithic,Chalcolithic,2,7.5124545,1.4754373,-47.53643009769455,44.15467056614907,2,0.058646616541353384,0.5278195488721804,8.723529498108475,61.1873012025218,3,0.1913533834586466,0.7879699248120301
100,363,Prehistory,Bronze Age,Bronze Age,2,7.8577127,1.4764117,39.47474769464681,26.307861893552246,2,0.40864661654135337,0.33383458646616543,41.95752116979256,37.49949666053184,3,0.5812030075187969,0.5800751879699249
101,363,Prehistory,Iron Age,Iron Age,2,7.8672748,1.3191895,86.59170624852874,19.573274679898784,2,0.6988721804511279,0.25225563909774434,91.84286579340151,43.70774654618231,3,0.868421052631579,0.6462406015037594
102,363,Prehistory,Timeline,Timeline,2,8.005434,1.5751468,33.80914927702439,4.716311306738565,2,0.37218045112781956,0.06804511278195488,-13.380451372773877,1.0750886587777628,3,0.05639097744360902,0.0015037593984962407
103,363,Prehistory,Timeline > Paleolithic,Paleolithic,3,7.0139174,1.633638,64.1265793667517,10.08694925807931,2,0.5763157894736842,0.12894736842105264,33.78647294108517,5.275234484975136,3,0.49661654135338346,0.04398496240601504
104,363,Prehistory,Timeline > Neolithic,Neolithic,3,7.259759,1.4578135,53.18966304302283,29.6802429263531,2,0.5048872180451128,0.3800751879699248,34.038500536219,55.46882058755433,3,0.4992481203007519,0.7469924812030075
105,363,Prehistory,Timeline > Chalcolithic,Chalcolithic,3,9.388709,2.2047412,66.93766130104781,16.45715286996285,2,0.5947368421052631,0.20977443609022556,2.826140087564658,28.01553436853641,3,0.1394736842105263,0.44398496240601504
106,363,Prehistory,By region,By region,2,7.6449885,1.4351745,47.16030465770119,13.935146443137143,2,0.46541353383458645,0.17706766917293232,7.820651067575948,9.587044692308977,3,0.1830827067669173,0.11353383458646617
107,400,Sea,Introduction,Introduction,0,2.6524029,3.4829898,-95.10390103383139,108.1337561188696,2,0.019548872180451128,0.8725563909774436,2.588342170629396,107.23458771266942,3,0.13796992481203008,0.9406015037593985
108,400,Sea,Definition,Definition,2,2.692182,3.5268264,97.03130308669505,103.45294970304775,2,0.7436090225563909,0.8609022556390977,18.489248224295256,67.02115906500693,3,0.3007518796992481,0.8176691729323309
109,400,Sea,Physical science,Physical science,2,2.6643307,3.6394494,212.48665529087268,23.437674725405056,2,0.9575187969924812,0.30488721804511276,45.91784934831264,21.39257016295467,3,0.6221804511278195,0.3447368421052632
110,400,Sea,Physical science > Seawater > Salinity,Salinity,4,2.7053602,3.6556816,128.01589068069944,59.39335662272493,2,0.8481203007518797,0.6530075187969925,26.63503217711353,66.91371236575367,3,0.406390977443609,0.8172932330827067
111,400,Sea,Physical science > Seawater > Temperature,Temperature,4,2.759196,3.8178382,34.18711548468914,27.84857861734975,2,0.375187969924812,0.35676691729323307,72.1486559960171,10.189523174918724,3,0.7973684210526316,0.12481203007518797
112,400,Sea,Physical science > Seawater > pH value,pH value,4,2.479932,3.5325122,-20.88196651212531,139.83986454503702,2,0.10977443609022557,0.9327067669172933,23.532636950475034,57.948699413276096,3,0.37105263157894736,0.7654135338345864
113,400,Sea,Physical science > Seawater > Oxygen concentration,Oxygen concentration,4,2.0967531,3.027237,140.2469082087896,3.134737866874084,2,0.8721804511278195,0.04586466165413534,15.831719862536849,56.817649924835216,3,0.2706766917293233,0.7563909774436091
114,400,Sea,Physical science > Seawater > Light,Light,4,2.0963686,3.4805255,45.718906204633626,126.71707375122898,2,0.4567669172932331,0.9131578947368421,28.378204684713864,28.535221102636655,3,0.43082706766917295,0.4548872180451128
115,400,Sea,Physical science > Sea level,Sea level,3,2.5681505,3.543054,171.25407136854048,50.34159073151752,2,0.9221804511278195,0.5819548872180451,73.91417207413654,41.60185170259104,3,0.806015037593985,0.6289473684210526
116,400,Sea,Physical science > Waves,Waves,3,2.4280841,3.524978,88.73980718347437,30.599773690792173,2,0.7090225563909774,0.3902255639097744,68.4977601346299,131.60417011698507,3,0.7778195488721804,0.9699248120300752
117,400,Sea,Physical science > Tsunami,Tsunami,3,2.4483905,3.4152362,51.22813126801913,49.121308908557445,2,0.49097744360902257,0.5680451127819549,94.64357537993429,103.67513621962743,3,0.8759398496240601,0.9327067669172933
118,400,Sea,Physical science > Currents,Currents,3,2.5325,3.4875348,44.77574752906174,9.777396723699951,2,0.4488721804511278,0.12481203007518797,106.4249294449372,97.96051500459687,3,0.9071428571428571,0.9218045112781955
119,400,Sea,Physical science > Tides,Tides,3,1.4317187,4.617453,117.55311101161487,50.24740197928383,2,0.818796992481203,0.5815789473684211,60.71005771215238,18.801948749516388,3,0.7330827067669173,0.3
120,400,Sea,Physical science > Ocean basins,Ocean basins,3,2.6744266,3.5178516,109.3390422984552,77.83672200168088,2,0.7913533834586466,0.7609022556390977,51.1423787663149,48.719365508041584,3,0.6650375939849624,0.6984962406015037
121,400,Sea,Physical science > Coasts,Coasts,3,2.478492,3.408075,106.4732697413838,3.73696669266868,2,0.7793233082706766,0.05451127819548872,44.52655695290492,34.266471576918526,3,0.6090225563909775,0.5454887218045112
122,400,Sea,Physical science > Water cycle,Water cycle,3,2.70427,3.597937,92.3705313577932,53.82699885327292,2,0.724812030075188,0.6135338345864662,60.344044750361995,19.745293287165488,3,0.7304511278195489,0.3157894736842105
123,400,Sea,Physical science > Carbon cycle,Carbon cycle,3,2.4368274,3.4446414,51.83738777267093,68.4720286803598,2,0.49624060150375937,0.7045112781954888,30.663199117429368,26.60293054384558,3,0.4567669172932331,0.42330827067669174
124,400,Sea,Life in the sea,Life in the sea,2,2.2180514,2.829384,78.89544685595726,47.16025366256768,2,0.6631578947368421,0.5507518796992481,10.443976110948322,111.33621944147137,3,0.21127819548872181,0.9477443609022557
125,400,Sea,Life in the sea > Marine habitats,Marine habitats,3,2.2560735,2.8806534,109.3317141536957,120.81428612410262,2,0.7906015037593985,0.9056390977443609,80.00138927947167,18.549979450594982,3,0.8323308270676691,0.29473684210526313
126,400,Sea,Life in the sea > Algae and plants,Algae and plants,3,2.1533854,2.74697,66.81417576360857,16.519821570491825,2,0.5932330827067669,0.21165413533834587,9.399409912450622,102.20124181019325,3,0.19962406015037593,0.9308270676691729
127,400,Sea,Life in the sea > Animals and other marine life,Animals and other marine life,3,2.2429855,2.6827369,10.849749666271963,59.5435488664857,2,0.22293233082706768,0.6545112781954887,56.51301584119599,28.60633557610306,3,0.7097744360902256,0.456390977443609
128,400,Sea,Humans and the sea > History of navigation and exploration,History of navigation and exploration,3,6.096771,0.701433,-22.557500685858024,67.22460933429592,2,0.10601503759398496,0.6966165413533835,20.398023266123214,2.6003245827772115,3,0.32744360902255637,0.012406015037593985
129,400,Sea,Humans and the sea > History of oceanography and deep sea exploration,History of oceanography and deep sea exploration,3,5.8109503,0.5748077,79.8622588055014,17.59566014161661,2,0.6676691729323309,0.22518796992481202,16.22101436280825,5.5336460636687255,3,0.2744360902255639,0.04849624060150376
130,400,Sea,Humans and the sea > Law,Law,3,2.6228702,3.3936133,7.4582608333727105,51.83085871082719,2,0.2026315789473684,0.5947368421052631,67.24888217820885,44.05299362452206,3,0.7706766917293233,0.6522556390977443
131,400,Sea,Humans and the sea > War,War,3,6.965113,-0.13631342,30.682826857896973,70.29789139343896,2,0.3530075187969925,0.7199248120300752,10.080573644603819,29.49613060597002,3,0.20827067669172933,0.4710526315789474
132,400,Sea,Humans and the sea > Travel,Travel,3,5.475669,-0.35221937,-9.876949952756561,151.98127928604575,2,0.1394736842105263,0.9473684210526315,38.49620856160076,53.89803265784403,3,0.5458646616541354,0.7349624060150376
133,400,Sea,Humans and the sea > Trade,Trade,3,7.0241523,0.2551719,128.0941848196586,75.05174096370044,2,0.8488721804511278,0.7481203007518797,29.75748258677554,62.645093537908934,3,0.44661654135338347,0.7969924812030075
134,400,Sea,Humans and the sea > Food,Food,3,2.9121966,2.0539258,68.49893258136433,51.36022085128902,2,0.6067669172932331,0.5906015037593985,13.392226615546628,11.675855867970366,3,0.2394736842105263,0.1548872180451128
135,400,Sea,Humans and the sea > Food > Aquaculture,Aquaculture,4,2.778129,2.07285,27.021256663104573,57.67715442984735,2,0.32593984962406014,0.6402255639097745,13.433612365265086,35.663939939929065,3,0.23984962406015037,0.5605263157894737
136,400,Sea,Humans and the sea > Leisure,Leisure,3,5.4714437,-0.137305,43.16391426074488,20.813270361967472,2,0.4368421052631579,0.26654135338345863,18.999685702318033,31.783754562500768,3,0.3086466165413534,0.5097744360902255
137,400,Sea,Humans and the sea > Industry > Power generation,Power generation,4,4.7415557,5.2723594,47.67338533299587,90.03467732335704,2,0.4680451127819549,0.8169172932330827,10.134805358362911,67.97166626789551,3,0.20864661654135339,0.8214285714285714
138,400,Sea,Humans and the sea > Industry > Extractive industries,Extractive industries,4,2.8794563,2.378232,-43.69623949076779,87.86238426260775,2,0.06203007518796992,0.8075187969924812,72.69378749866583,73.66414154358347,3,0.7988721804511278,0.8409774436090226
139,400,Sea,Humans and the sea > Fresh water production,Fresh water production,3,3.0744772,3.6386454,71.52440513064174,44.06001570595082,2,0.6259398496240601,0.5263157894736842,-37.76920799499018,55.88257597044458,3,0.012030075187969926,0.749624060150376
140,400,Sea,Humans and the sea > Indigenous sea peoples,Indigenous sea peoples,3,5.881301,0.9429513,-7.497286579905202,55.78914841444768,2,0.14924812030075188,0.6274436090225564,45.26690479019746,26.110467642788322,3,0.6165413533834586,0.41729323308270677
141,400,Sea,Humans and the sea > In culture,In culture,3,5.7932224,3.4828608,-11.133283434269067,77.26015142606396,2,0.1357142857142857,0.7590225563909775,20.69288685504417,22.621225460011296,3,0.331203007518797,0.3620300751879699
142,400,Sea,Environmental issues,Environmental issues,2,2.798856,2.4315763,39.86348585922921,64.78696380719725,2,0.412781954887218,0.6842105263157895,-0.07433866252729082,4.88796444122384,3,0.11992481203007518,0.038345864661654135
143,400,Sea,Environmental issues > Marine pollution,Marine pollution,3,2.8080192,2.4190938,54.569847060048154,10.536439907850585,2,0.5135338345864662,0.13233082706766916,38.058661167900105,70.21667089730187,3,0.5409774436090226,0.8300751879699249
144,469,Universe,Introduction,Introduction,0,3.554633,5.891455,15.160032023753896,22.37778802183206,2,0.2462406015037594,0.29135338345864664,21.02204515669158,31.442886854156924,3,0.33458646616541354,0.5037593984962406
145,469,Universe,Definition,Definition,2,3.535571,5.8644257,126.32296121563822,191.42143732308466,2,0.843609022556391,0.9774436090225563,32.41774429838912,82.70147864437408,3,0.48082706766917294,0.8759398496240601
146,469,Universe,Etymology,Etymology,2,6.5921865,4.11552,85.57680222627965,21.01901200281091,2,0.693609022556391,0.26917293233082706,21.085523553246194,32.738030390681985,3,0.3368421052631579,0.5240601503759399
147,469,Universe,Etymology > Synonyms,Synonyms,3,6.3694577,4.2504773,17.242917315370534,46.70917298216178,2,0.2556390977443609,0.5447368421052632,41.29701032887122,37.55359092435972,3,0.5733082706766918,0.5808270676691729
148,469,Universe,Chronology and the Big Bang,Chronology and the Big Bang,2,3.5765216,5.915424,110.40881207276087,28.152266316808944,2,0.7951127819548872,0.36165413533834584,42.15072268375449,12.694083248714694,3,0.5849624060150376,0.1755639097744361
149,469,Universe,Physical properties,Physical properties,2,3.798955,5.783418,150.3290649746227,131.3325611706036,2,0.8879699248120301,0.9191729323308271,51.485938951640854,5.553625018500316,3,0.6676691729323309,0.04887218045112782
150,469,Universe,Physical properties > Size and regions,Size and regions,3,3.4960353,5.986831,9.95247310218882,3.6523599872564927,2,0.21842105263157896,0.05338345864661654,-22.325691526411376,29.5110916541847,3,0.034210526315789476,0.4718045112781955
151,469,Universe,Physical properties > Age and expansion,Age and expansion,3,3.5224767,5.9393525,58.361853437451714,28.810045534391573,2,0.5334586466165413,0.36917293233082704,35.65362524762253,32.621102389717166,3,0.5135338345864662,0.5214285714285715
152,469,Universe,Physical properties > Spacetime,Spacetime,3,5.5045056,5.7020574,51.717882614266095,50.11960663718133,2,0.49548872180451126,0.5800751879699249,36.68018142081211,28.492168503932728,3,0.525187969924812,0.4537593984962406
153,469,Universe,Physical properties > Shape,Shape,3,3.542549,5.945755,22.757246148895057,135.15949309174354,2,0.29135338345864664,0.924436090225564,84.4360377143882,63.22561454852339,3,0.8466165413533835,0.7992481203007519
154,469,Universe,Physical properties > Support of life,Support of life,3,3.4200978,5.795826,155.61969552087425,37.23990013576134,2,0.8984962406015038,0.45939849624060153,26.119758772463083,43.70504973681597,3,0.3977443609022556,0.6458646616541354
155,469,Universe,Composition,Composition,2,3.6120424,5.7982807,36.485043907013015,48.40146743946857,2,0.39097744360902253,0.5612781954887218,16.191286948406884,28.78329034104318,3,0.2736842105263158,0.46015037593984964
156,469,Universe,Composition > Dark energy,Dark energy,3,3.5479538,5.885339,40.31511274961824,12.926697938082455,2,0.4176691729323308,0.16278195488721806,27.260946139807583,38.53019814047702,3,0.41616541353383457,0.593609022556391
157,469,Universe,Composition > Dark matter,Dark matter,3,3.6912076,5.756223,38.415851859368914,80.65057123336413,2,0.40225563909774437,0.7763157894736842,47.6684571898517,29.23879367163755,3,0.6364661654135338,0.46691729323308273
158,469,Universe,Composition > Ordinary matter,Ordinary matter,3,3.7032013,5.679732,39.73479127140771,20.99093075881806,2,0.41090225563909777,0.26804511278195486,60.84942286300145,28.264962990386213,3,0.7353383458646616,0.45112781954887216
159,469,Universe,Composition > Particles,Particles,3,4.1041436,5.667876,64.33102203555032,162.10762252929135,2,0.5778195488721805,0.9593984962406015,54.93138904596253,96.05773342132754,3,0.6958646616541353,0.9157894736842105
160,469,Universe,Composition > Particles > Hadrons,Hadrons,4,3.8561327,5.681622,110.87969380034903,27.11021521208708,2,0.7966165413533834,0.3443609022556391,10.637146704927853,52.15158888549247,3,0.2131578947368421,0.7214285714285714
161,469,Universe,Composition > Particles > Leptons,Leptons,4,3.930796,5.81041,-21.611745637913437,6.571412426264647,2,0.10827067669172932,0.08984962406015037,-2.45081854341516,27.824182874773708,3,0.10714285714285714,0.4421052631578947
162,469,Universe,Composition > Particles > Photons,Photons,4,3.719128,5.792646,39.71501646651984,27.505067197628307,2,0.4105263157894737,0.3522556390977444,64.31898263613112,43.07645383915237,3,0.7530075187969925,0.6417293233082707
163,469,Universe,Habitability,Habitability,2,3.2869668,5.6731987,153.93878507082914,91.24377470854199,2,0.8973684210526316,0.8203007518796992,96.48585126135464,78.59343167794106,3,0.8804511278195488,0.8601503759398497
164,469,Universe,Cosmological models > Model of the universe based on general relativity,Model of the universe based on general relativity,3,3.6222105,5.9766173,58.384924342070164,21.107576508810396,2,0.5338345864661654,0.2718045112781955,13.482716814227688,9.272396578151913,3,0.24022556390977443,0.10902255639097744
165,469,Universe,Cosmological models > Multiverse hypotheses,Multiverse hypotheses,3,3.8073082,5.962713,108.9782793569021,55.12487496848066,2,0.7890977443609023,0.6225563909774436,22.64860963794752,35.44201682459703,3,0.35789473684210527,0.5567669172932331
166,469,Universe,Historical conceptions,Historical conceptions,2,3.66839,6.007362,-16.16662185948292,91.43069139618855,2,0.12180451127819548,0.8214285714285714,34.54320266343334,62.97634623263262,3,0.5041353383458647,0.7981203007518797
167,469,Universe,Historical conceptions > Mythologies,Mythologies,3,6.2435102,3.2300935,2.0970891406288246,108.98668037716705,2,0.1838345864661654,0.8763157894736842,56.8267539124667,62.32758065173846,3,0.7131578947368421,0.7951127819548872
168,469,Universe,Historical conceptions > Philosophical models,Philosophical models,3,4.9806166,4.5078173,14.0706663738525,23.19667977532186,2,0.24135338345864663,0.3007518796992481,25.85886231268023,18.74897448313127,3,0.39586466165413536,0.29887218045112784
169,469,Universe,Historical conceptions > Astronomical concepts,Astronomical concepts,3,5.38452,4.564967,23.383476744464087,12.685873749651885,2,0.29887218045112784,0.16015037593984963,23.446817783273687,13.328658898701553,3,0.36917293233082704,0.18909774436090226
170,469,Universe,Historical conceptions > Deep space astronomy,Deep space astronomy,3,3.5989232,5.980295,-44.94804761296325,29.838339175852894,2,0.06015037593984962,0.3815789473684211,-28.98887774055537,10.476291553692388,3,0.02293233082706767,0.13270676691729325
171,644,Africa,Introduction,Introduction,0,5.1148267,1.2796748,77.88381039641273,41.47367080913237,2,0.6582706766917293,0.5018796992481203,6.45417742149282,22.19395376540237,3,0.168796992481203,0.35526315789473684
172,644,Africa,Etymology,Etymology,2,7.226173,1.1039305,32.80247847299162,40.98298885063042,2,0.36541353383458647,0.49699248120300754,22.127006461055895,37.06697795512187,3,0.35075187969924815,0.5763157894736842
173,644,Africa,History > History in Africa,History in Africa,3,9.274622,1.5522541,140.54103984171866,39.25726416016409,2,0.8733082706766917,0.4789473684210526,77.57796850533767,57.80014824152735,3,0.8210526315789474,0.7631578947368421
174,644,Africa,History > Prehistory,Prehistory,3,6.7120047,1.5490767,89.15328719824922,10.922176717209013,2,0.7124060150375939,0.13909774436090225,81.89067655484418,56.753702266159266,3,0.837218045112782,0.7556390977443609
175,644,Africa,History > Emergence of civilisation,Emergence of civilisation,3,7.2302384,1.2923595,7.780617690110349,19.08156993811644,2,0.2037593984962406,0.24548872180451128,33.215274736416845,23.812047317754146,3,0.4906015037593985,0.3804511278195489
176,644,Africa,History > 4th millennium BC – 6th century AD > Northeast Africa,Northeast Africa,4,7.460362,1.101152,102.67357428396151,61.33508719197976,2,0.7661654135338346,0.6635338345864662,38.89677770320287,78.69127127730683,3,0.5503759398496241,0.8605263157894737
177,644,Africa,History > 4th millennium BC – 6th century AD > Horn of Africa,Horn of Africa,4,7.4184175,1.035259,149.3517235025608,157.90488330336652,2,0.8864661654135338,0.9548872180451128,53.50149941994071,84.03119379013648,3,0.6853383458646617,0.881578947368421
178,644,Africa,History > 4th millennium BC – 6th century AD > Northwest Africa,Northwest Africa,4,7.3972073,1.0838777,58.76683621099791,4.8607493395242,2,0.5375939849624061,0.07067669172932331,35.71966275420328,46.875408278383475,3,0.5146616541353384,0.6804511278195489
179,644,Africa,History > 4th millennium BC – 6th century AD > West Africa,West Africa,4,7.2018776,1.1986315,159.04946466505586,105.3501460933353,2,0.9056390977443609,0.8654135338345864,21.523601633009303,55.69296003903051,3,0.34172932330827066,0.7484962406015038
180,644,Africa,"History > 4th millennium BC – 6th century AD > Central, Eastern, and Southern Africa","Central, Eastern, and Southern Africa",4,7.0378904,1.1955736,70.88516867696035,93.84990747461543,2,0.6233082706766917,0.8285714285714286,25.46038509186072,46.74527954892982,3,0.39097744360902253,0.6793233082706767
181,644,Africa,History > 9th to 18th centuries,9th to 18th centuries,3,7.295227,1.0331964,-22.66778921040332,21.35967908022867,2,0.10526315789473684,0.2793233082706767,43.03194762445903,12.811103353347304,3,0.5932330827067669,0.1774436090225564
182,644,Africa,History > Height of the slave trade,Height of the slave trade,3,7.073516,0.5519529,-10.815947125176354,80.05661827075335,2,0.13646616541353385,0.774812030075188,55.601217503372716,39.06061351116153,3,0.7037593984962406,0.6011278195488722
183,644,Africa,History > Independence struggles,Independence struggles,3,7.0654426,0.8601909,27.186659270200288,8.75590369021496,2,0.3281954887218045,0.11127819548872181,51.19471324759066,48.30782109831241,3,0.6654135338345865,0.6943609022556391
184,644,Africa,History > Post-colonial Africa,Post-colonial Africa,3,5.333969,1.1453766,22.630873846830205,37.10014595769419,2,0.29060150375939847,0.456390977443609,15.508478004936073,45.972234365053836,3,0.26766917293233083,0.6718045112781955
185,644,Africa,Geography,Geography,2,5.115587,1.2405677,110.06174289635364,53.15776394619782,2,0.793233082706767,0.6056390977443609,38.881897650605474,26.44642532039531,3,0.5496240601503759,0.4218045112781955
186,644,Africa,Geography > Climate,Climate,3,4.828626,1.2983648,116.7697624494565,68.48952068304645,2,0.8169172932330827,0.7048872180451128,68.7840467446807,22.459981970030803,3,0.781203007518797,0.35902255639097747
187,644,Africa,Geography > Ecology and biodiversity,Ecology and biodiversity,3,4.821278,1.3393993,44.7242369353459,131.39526137721535,2,0.4484962406015038,0.9195488721804511,53.2156501764236,57.156625981035496,3,0.6830827067669173,0.7593984962406015
188,644,Africa,Geography > Fauna,Fauna,3,4.850862,1.2531981,152.05924619749953,155.5898958118331,2,0.8928571428571429,0.9537593984962406,63.49154844877044,31.843024766133865,3,0.7466165413533835,0.5101503759398496
189,644,Africa,Politics > African Union,African Union,3,5.257648,1.1531545,41.347494262507794,89.11655483369142,2,0.425187969924812,0.8116541353383459,36.27209283393924,61.73626113147433,3,0.5210526315789473,0.7924812030075188
190,644,Africa,List of states and territories,List of states and territories,2,5.196444,0.9954866,327.72050393461586,216.77237617277794,2,0.9890977443609023,0.9868421052631579,273.31291374033145,70.13565278526804,3,0.9977443609022556,0.8293233082706767
191,644,Africa,Economy,Economy,2,5.357746,1.2679493,27.912755846035033,42.09541661336973,2,0.33270676691729323,0.5071428571428571,36.32951071248948,28.07907663853701,3,0.5221804511278195,0.4462406015037594
192,644,Africa,Economy > Electricity generation,Electricity generation,3,4.7391577,5.2966466,257.73739181872867,20.662233252923517,2,0.9759398496240601,0.2646616541353383,156.45421855797923,63.30574525405862,3,0.9703007518796992,0.8
193,644,Africa,Economy > Infrastructure > Water resources,Water resources,4,3.4470108,2.1088479,71.6451174329214,78.73332548818823,2,0.6266917293233083,0.7676691729323308,-18.32095962064217,41.2767862966782,3,0.04398496240601504,0.6259398496240601
194,644,Africa,Demographics,Demographics,2,5.5801964,1.3994387,13.916823148052675,42.359200197615856,2,0.2394736842105263,0.5086466165413533,13.981334293870148,4.972060993376459,3,0.24812030075187969,0.040225563909774435
195,644,Africa,Demographics > Religion,Religion,3,6.5472226,2.6275365,88.69743420691431,45.90181090290306,2,0.7086466165413534,0.5409774436090226,3.216461246497147,32.68643428047508,3,0.14210526315789473,0.5229323308270677
196,644,Africa,Demographics > Languages,Languages,3,5.589415,1.2703159,30.050542354341395,18.00148897256263,2,0.3481203007518797,0.23270676691729322,2.5320754506946153,26.345286255616852,3,0.13759398496240602,0.4195488721804511
197,644,Africa,Demographics > Health,Health,3,5.4708786,1.9767157,43.76955136549663,54.33768171309393,2,0.4421052631578947,0.6176691729323308,24.548165646056606,46.330300307262895,3,0.381203007518797,0.674436090225564
198,644,Africa,Culture,Culture,2,8.897823,0.9516427,-5.918297044897464,96.62539255087063,2,0.1545112781954887,0.8390977443609022,-3.0081675656774767,17.65300078584456,3,0.10225563909774436,0.27631578947368424
199,644,Africa,Culture > Sports,Sports,3,5.216094,0.68233055,76.28616151199398,16.9655644664115,2,0.6515037593984963,0.21729323308270676,22.16181426179325,39.73771431811172,3,0.35150375939849626,0.6086466165413534
200,660,Agriculture,Introduction,Introduction,0,3.1199236,1.8271556,31.823694945474948,71.16455195879215,2,0.35902255639097747,0.7229323308270676,11.294259108907058,38.542027576662406,3,0.21766917293233082,0.5943609022556391
201,660,Agriculture,Etymology and scope,Etymology and scope,2,3.0247571,1.719638,64.22835525473133,43.25118446919052,2,0.5770676691729323,0.5184210526315789,38.41738290100756,43.21912653642261,3,0.5447368421052632,0.6421052631578947
202,660,Agriculture,History > Origins,Origins,3,7.104265,1.369748,41.30580560196197,84.85692337325708,2,0.4244360902255639,0.7958646616541354,37.92556588854743,37.60636816822934,3,0.5398496240601504,0.5815789473684211
203,660,Agriculture,History > Civilizations,Civilizations,3,7.3216095,1.3885735,-25.81522081284421,7.296927658633275,2,0.09661654135338346,0.09661654135338346,52.063399442089384,17.881514520717417,3,0.6736842105263158,0.2796992481203007
204,660,Agriculture,History > Revolution,Revolution,3,3.2230647,1.7254084,39.41928716568325,47.20165551410629,2,0.40714285714285714,0.5511278195488721,9.192143999809801,66.8785814008106,3,0.19699248120300752,0.8169172932330827
205,660,Agriculture,Types,Types,2,3.1926079,1.6985816,67.12815162750229,26.131755613987032,2,0.5977443609022557,0.3323308270676692,105.23498587537915,48.59826347425324,3,0.9037593984962407,0.6973684210526315
206,660,Agriculture,Contemporary agriculture > Status,Status,3,3.2424607,1.7499319,28.34225827901847,78.23437599500961,2,0.33646616541353386,0.7642857142857142,4.847251468029715,32.006183961861296,3,0.1545112781954887,0.5116541353383459
207,660,Agriculture,Contemporary agriculture > Workforce,Workforce,3,3.3174973,1.6872593,18.63049103868838,20.537838613175555,2,0.26729323308270675,0.26203007518796995,21.098200403065547,54.23311650591271,3,0.337593984962406,0.7394736842105263
208,660,Agriculture,Contemporary agriculture > Workforce > Women in agriculture,Women in agriculture,4,3.2578127,1.7022922,66.94728446435647,45.95977341635072,2,0.5951127819548873,0.5421052631578948,12.366535120467015,36.09842530661406,3,0.22781954887218045,0.5654135338345865
209,660,Agriculture,Contemporary agriculture > Safety,Safety,3,3.2639923,1.7045386,8.985666165586284,60.66420813213691,2,0.21428571428571427,0.6601503759398496,87.05406400494373,33.36432559895058,3,0.8537593984962406,0.5327067669172932
210,660,Agriculture,Production > Crop cultivation systems,Crop cultivation systems,3,3.2164285,1.7352103,66.0149855224712,23.04393374196268,2,0.587218045112782,0.29774436090225564,121.48765670055734,39.32567276364587,3,0.9364661654135338,0.6041353383458646
211,660,Agriculture,Production > Livestock production systems,Livestock production systems,3,3.1149385,1.8022978,66.83703035019856,46.887520590170816,2,0.593609022556391,0.5469924812030075,106.98113837068468,97.25221925368693,3,0.9082706766917293,0.9191729323308271
212,660,Agriculture,Production > Production practices,Production practices,3,3.2071218,1.771801,85.85733391372926,66.30767162307733,2,0.6951127819548872,0.6924812030075188,90.05516145563962,66.528850829807,3,0.8639097744360902,0.8150375939849624
213,660,Agriculture,Production > Agricultural automation,Agricultural automation,3,3.2059917,1.7383286,43.479668178841216,25.941000522940683,2,0.4398496240601504,0.32969924812030077,14.382631091961168,25.420281133037992,3,0.25338345864661654,0.40338345864661657
214,660,Agriculture,Production > Effects of climate change on yields,Effects of climate change on yields,3,3.062801,1.9812007,10.672491323064158,11.864592757807728,2,0.22255639097744362,0.14924812030075188,5.905656489780885,47.78295885357113,3,0.16353383458646617,0.6879699248120301
215,660,Agriculture,Crop alteration and biotechnology > Plant breeding,Plant breeding,3,3.1396139,1.7086761,-7.6109730690607975,54.43022395991503,2,0.14849624060150377,0.618796992481203,78.71308685109214,4.438926292648345,3,0.8259398496240602,0.030827067669172932
216,660,Agriculture,Crop alteration and biotechnology > Genetic engineering,Genetic engineering,3,2.9162717,1.7818453,18.339687942361355,74.50561401060551,2,0.2639097744360902,0.7443609022556391,26.687825992707776,60.939987127172564,3,0.4067669172932331,0.7864661654135339
217,660,Agriculture,Environmental impact > Effects and costs,Effects and costs,3,3.1182141,1.9196392,27.749341799131326,57.10169544835877,2,0.33157894736842103,0.637593984962406,69.53983104167737,32.037062797948984,3,0.7868421052631579,0.51203007518797
218,660,Agriculture,Environmental impact > Livestock issues,Livestock issues,3,3.1888618,1.8223062,85.23900897644532,25.324144663017567,2,0.6921052631578948,0.325187969924812,18.503730098000066,50.448049325977806,3,0.3011278195488722,0.7139097744360903
219,660,Agriculture,Environmental impact > Land and water issues,Land and water issues,3,3.1560206,2.0029304,-0.7046691090754473,14.498895184851262,2,0.17406015037593986,0.18458646616541352,39.92000354381589,31.731651055861942,3,0.5582706766917294,0.5093984962406015
220,660,Agriculture,Environmental impact > Pesticides,Pesticides,3,3.2243605,1.7533098,63.28983031456001,50.03832919537941,2,0.5721804511278196,0.5793233082706767,119.2649830075871,96.53966852226796,3,0.9327067669172933,0.9176691729323309
221,660,Agriculture,Environmental impact > Contribution to climate change,Contribution to climate change,3,3.150549,1.8434741,87.82450982774567,95.12393649541269,2,0.7022556390977444,0.8334586466165413,15.136447557983336,39.84938436491286,3,0.2646616541353383,0.6105263157894737
222,660,Agriculture,Environmental impact > Effects of climate change on agriculture,Effects of climate change on agriculture,3,3.0016496,2.0505984,115.45645370364093,24.873628490392985,2,0.8112781954887218,0.31992481203007517,58.35078162878764,8.97494818800258,3,0.7210526315789474,0.10263157894736842
223,660,Agriculture,Environmental impact > Sustainability,Sustainability,3,3.227582,1.7998638,44.173130064842326,59.864062186832896,2,0.44473684210526315,0.656390977443609,62.83510261735969,52.65592355732066,3,0.7443609022556391,0.7255639097744361
224,660,Agriculture,Environmental impact > Energy dependence,Energy dependence,3,3.1995082,1.7988377,3.4907524553697318,29.60647883670373,2,0.18947368421052632,0.37969924812030076,56.41446950283031,30.875132925919516,3,0.7090225563909774,0.4943609022556391
225,660,Agriculture,Environmental impact > Plastic pollution,Plastic pollution,3,3.2205398,1.7944963,27.557185082581935,28.54584798774544,2,0.3308270676691729,0.3661654135338346,20.689191471036143,22.860225625653207,3,0.3308270676691729,0.3661654135338346
226,660,Agriculture,Disciplines > Agricultural economics,Agricultural economics,3,3.272706,1.5897994,77.08613556810462,18.3038477366447,2,0.6545112781954887,0.23684210526315788,69.34931307631312,78.93353378625737,3,0.7849624060150376,0.8616541353383459
227,660,Agriculture,Disciplines > Agricultural science,Agricultural science,3,2.9844022,1.7271918,-24.921795843655715,61.83324492707521,2,0.09887218045112782,0.6650375939849624,40.63227288879775,28.754333297430577,3,0.5672932330827067,0.45977443609022556
228,660,Agriculture,Policy,Policy,2,3.1499348,1.7120715,33.59267308829481,42.674124893500576,2,0.37030075187969924,0.512781954887218,116.27298727242305,91.04825444146147,3,0.9278195488721804,0.9007518796992481
229,660,Agriculture,Cited sources,Cited sources,2,3.2016165,1.7488176,-13.679430534632722,2.133126555169911,2,0.1274436090225564,0.031578947368421054,17.801818413211805,11.60132112441934,3,0.29135338345864664,0.15225563909774437
230,802,Ancient history,Introduction,Introduction,0,7.9485254,1.2714572,-4.343349833661449,63.45481012036416,2,0.16165413533834586,0.6740601503759398,-1.1014224960665533,18.126038620235537,3,0.11428571428571428,0.28721804511278193
231,802,Ancient history,Prehistory,Prehistory,2,7.2469816,1.5344276,30.883612332514062,13.661205412380605,2,0.35413533834586464,0.17218045112781954,2.3373862798082423,8.387898718024744,3,0.13609022556390976,0.0943609022556391
232,802,Ancient history,History by region > West Asia,West Asia,3,7.7940636,1.3957856,120.77677514546976,57.87151075640035,2,0.8300751879699249,0.6424812030075188,112.98504265739358,32.378000870213846,3,0.9218045112781955,0.5180451127819549
233,802,Ancient history,History by region > West Asia > Mesopotamia,Mesopotamia,4,7.5950437,1.3363177,26.46665916286641,56.85278004224623,2,0.3229323308270677,0.6345864661654136,53.981550044537876,7.591218411819347,3,0.6902255639097744,0.08157894736842106
234,802,Ancient history,History by region > West Asia > Iranian peoples,Iranian peoples,4,7.8909354,0.8824245,8.806611212725777,16.540209149744538,2,0.21165413533834587,0.21203007518796993,18.95868625514101,3.9697416821990488,3,0.3082706766917293,0.02556390977443609
235,802,Ancient history,History by region > West Asia > Hittites,Hittites,4,7.7261024,1.709223,80.89526364143029,40.814209127954676,2,0.6733082706766917,0.493984962406015,12.267810114125874,35.373921072485274,3,0.22669172932330828,0.5556390977443609
236,802,Ancient history,History by region > West Asia > Israel,Israel,4,7.7118406,1.2056702,74.61345773988174,60.761083056657824,2,0.6417293233082707,0.6605263157894737,31.855677377312645,26.978632194324064,3,0.47293233082706765,0.4293233082706767
237,802,Ancient history,History by region > West Asia > Phoenicia,Phoenicia,4,7.769573,1.2244915,49.053355169576164,5.075389234403199,2,0.47969924812030074,0.07218045112781955,24.962146373156354,7.426236657852553,3,0.38721804511278196,0.07781954887218046
238,802,Ancient history,History by region > West Asia > Arabia,Arabia,4,7.776805,0.8605739,150.5550433594407,100.4113222495413,2,0.8887218045112782,0.8492481203007519,67.36072561089662,29.076904050184158,3,0.7714285714285715,0.46466165413533833
239,802,Ancient history,History by region > Africa > Afro-Asiatic Africa > Carthage,Carthage,5,7.6470184,1.121121,-73.94345855713055,223.42220012686144,2,0.030827067669172932,0.98796992481203,19.163885061708772,61.16713855493911,3,0.3112781954887218,0.7875939849624061
240,802,Ancient history,History by region > Africa > Afro-Asiatic Africa > Egypt,Egypt,5,7.6078067,1.1955496,85.71144908659123,33.60781919229573,2,0.693984962406015,0.424812030075188,17.44225269607885,40.66829814804023,3,0.2864661654135338,0.6203007518796992
241,802,Ancient history,History by region > Africa > Afro-Asiatic Africa > Nubia,Nubia,5,7.437092,1.1446054,142.135460901035,2.351074134731736,2,0.8759398496240601,0.03496240601503759,55.22511950045173,12.387010134524614,3,0.6992481203007519,0.16842105263157894
242,802,Ancient history,History by region > Africa > Afro-Asiatic Africa > Aksum and ancient Ethiopia,Aksum and ancient Ethiopia,5,7.4809513,1.128695,105.63184312966132,9.876229648009721,2,0.7766917293233083,0.12593984962406016,-11.438516766634185,130.68188114217108,3,0.06353383458646616,0.9695488721804512
243,802,Ancient history,History by region > Africa > Niger-Congo Africa > Nok culture,Nok culture,5,7.291031,1.2551105,286.4050905369154,4.477469938835543,2,0.981203007518797,0.06466165413533835,153.25453600903194,87.15697327562424,3,0.969172932330827,0.8917293233082707
244,802,Ancient history,History by region > Africa > Sahel > Djenné-Djenno,Djenné-Djenno,5,7.333955,1.1608725,50.912558762156976,14.689650673555562,2,0.48947368421052634,0.1868421052631579,-10.151308930290668,12.88664669575296,3,0.06954887218045112,0.17969924812030075
245,802,Ancient history,History by region > Africa > Sahel > Dhar Tichitt and Oualata,Dhar Tichitt and Oualata,5,7.143218,1.2629322,-42.49248309702986,138.06274590965515,2,0.06466165413533835,0.9285714285714286,-41.6459953787457,35.03778455390998,3,0.009774436090225564,0.5526315789473685
246,802,Ancient history,History by region > Africa > Sahel > Bantu expansion,Bantu expansion,5,7.0413895,1.3622612,118.92007768790626,45.43437629556369,2,0.8229323308270676,0.5368421052631579,16.631486050975166,14.584957454309823,3,0.2800751879699248,0.2131578947368421
247,802,Ancient history,History by region > South Asia,South Asia,3,7.513237,1.393313,16.380647878445767,19.967221014556245,2,0.25225563909774434,0.2567669172932331,17.12086807494983,20.187876910942162,3,0.28421052631578947,0.324812030075188
248,802,Ancient history,History by region > Southeast Asia and Oceania,Southeast Asia and Oceania,3,7.4305587,0.9318123,128.13283799232468,52.13040560509063,2,0.8492481203007519,0.5969924812030075,53.302727467644324,36.2274293346668,3,0.6838345864661655,0.5676691729323309
249,802,Ancient history,History by region > Southeast Asia and Oceania > Mainland Southeast Asia,Mainland Southeast Asia,4,7.342181,1.2125353,62.339697477613356,43.44823488611857,2,0.562781954887218,0.5221804511278195,19.457909212410566,18.05499876659329,3,0.3161654135338346,0.28458646616541355
250,802,Ancient history,History by region > Southeast Asia and Oceania > Austronesia,Austronesia,4,6.1147094,0.7210699,62.24489112774698,45.659250897949285,2,0.562406015037594,0.5390977443609023,15.123678343534685,18.582696319875595,3,0.2642857142857143,0.2954887218045113
251,802,Ancient history,History by region > East Asia > China,China,4,7.6899643,1.3270092,-8.137494431338254,95.8272720921747,2,0.1469924812030075,0.8368421052631579,76.73467918903074,31.51130410695204,3,0.8176691729323309,0.5048872180451128
252,802,Ancient history,History by region > East Asia > Neighbours of China,Neighbours of China,4,8.040652,0.77182263,44.500985847383916,26.76396962129725,2,0.44661654135338347,0.3394736842105263,46.95202491638867,4.892207320348968,3,0.6319548872180452,0.0387218045112782
253,802,Ancient history,History by region > Americas,Americas,3,6.897623,0.9031427,204.8578408365849,61.95449191740108,2,0.9526315789473684,0.6657894736842105,73.12358583012315,22.48199154088418,3,0.8011278195488721,0.3597744360902256
254,802,Ancient history,History by region > Americas > Andean civilisations,Andean civilisations,4,6.8950024,1.0682793,65.49319037925534,9.240988653350085,2,0.5842105263157895,0.11729323308270677,43.319045677579915,9.83164610562354,3,0.5962406015037593,0.11842105263157894
255,802,Ancient history,History by region > Americas > Mesoamerica,Mesoamerica,4,7.1195054,1.2628348,52.23989506217531,27.149349286444178,2,0.4996240601503759,0.3454887218045113,22.006813303665535,17.695140868962604,3,0.34887218045112783,0.27706766917293235
256,802,Ancient history,History by region > Americas > Northern America,Northern America,4,6.8028436,0.9065521,105.94620806539757,9.429188880468102,2,0.7774436090225564,0.11992481203007518,43.93889442183723,44.03013755470825,3,0.6022556390977444,0.6511278195488722
257,802,Ancient history,History by region > Europe > Greece,Greece,4,8.099851,1.1358471,41.984756078212,31.392634741836517,2,0.4281954887218045,0.39849624060150374,14.586487131080437,70.17528638016705,3,0.256390977443609,0.8296992481203007
258,802,Ancient history,History by region > Europe > Rome,Rome,4,8.005257,1.0727229,-69.90724304499089,113.16855071204046,2,0.03496240601503759,0.8879699248120301,12.095094938126527,11.454320045251833,3,0.22556390977443608,0.1481203007518797
259,802,Ancient history,History by region > Europe > Late antiquity,Late antiquity,4,8.230117,0.8920504,16.07189818797798,69.44446124975775,2,0.2503759398496241,0.7116541353383459,34.22617067698595,101.00027650516915,3,0.5015037593984962,0.9285714285714286
260,802,Ancient history,History by region > Europe > Nomads and Iron Age peoples,Nomads and Iron Age peoples,4,7.9934106,1.0761269,65.73762678356346,42.35039003177386,2,0.5849624060150376,0.5082706766917293,17.9555472474272,49.12298559032764,3,0.293984962406015,0.7022556390977444
261,802,Ancient history,Developments > Religion and philosophy,Religion and philosophy,3,6.814523,3.1129994,88.87099324878668,9.624275436561481,2,0.7101503759398496,0.12218045112781954,37.87000187568976,20.351471137549133,3,0.5387218045112782,0.3281954887218045
262,802,Ancient history,Developments > Science and technology,Science and technology,3,7.7501173,2.017721,143.53740548558284,85.45981398595617,2,0.8781954887218045,0.7969924812030075,35.075851447413285,31.123508827884724,3,0.5097744360902255,0.4988721804511278
263,802,Ancient history,Developments > Websites,Websites,3,8.092502,1.2851295,176.616334240303,23.40253630957691,2,0.9323308270676691,0.30413533834586465,70.05391732195771,26.910150490488316,3,0.7898496240601504,0.42857142857142855
264,902,Architecture,Introduction,Introduction,0,10.582556,0.018049048,-9.94917399987813,70.12971437423472,2,0.13909774436090225,0.7176691729323308,13.066084298742206,47.024552217928154,3,0.23646616541353382,0.6815789473684211
265,902,Architecture,Definitions,Definitions,2,10.601115,-0.050146636,88.55672485721593,56.71809164112979,2,0.7078947368421052,0.6330827067669172,51.903243321102615,70.01687794918901,3,0.6729323308270677,0.8281954887218045
266,902,Architecture,Theory,Theory,2,10.581584,-0.04755809,86.89073819893267,124.08178690319362,2,0.7003759398496241,0.9097744360902256,43.81390889138334,91.00844010402737,3,0.6015037593984962,0.900375939849624
267,902,Architecture,Theory > Historic treatises,Historic treatises,3,10.479873,-0.07824936,27.092342104340467,14.705742324072501,2,0.32744360902255637,0.18721804511278195,-11.458867382297958,12.748315700199425,3,0.06315789473684211,0.17706766917293232
268,902,Architecture,Theory > Modern concepts,Modern concepts,3,10.530936,-0.062366042,32.86365802380132,56.11958709625991,2,0.36578947368421055,0.6289473684210526,-22.890612035676494,61.331315551824275,3,0.03308270676691729,0.7887218045112782
269,902,Architecture,History > Origins and vernacular architecture,Origins and vernacular architecture,3,10.499378,-0.03600302,56.46049136837553,191.98199069706365,2,0.5244360902255639,0.9785714285714285,-60.134061018466696,84.3742368226965,3,0.0037593984962406013,0.8823308270676692
270,902,Architecture,History > Prehistoric architecture,Prehistoric architecture,3,7.279726,1.4841063,51.248491101864786,3.796449003085855,2,0.4913533834586466,0.05526315789473684,-8.631944139603108,54.1041956534764,3,0.07518796992481203,0.7387218045112782
271,902,Architecture,History > Classical era,Classical era,3,10.31846,0.09031331,24.12489170285631,10.992716260931692,2,0.30639097744360905,0.13984962406015036,87.46095014034802,31.165759005239387,3,0.8548872180451128,0.5
272,902,Architecture,History > Asian architecture,Asian architecture,3,7.0520225,2.8772192,-0.8369308673111959,112.48750553085182,2,0.17330827067669172,0.8853383458646616,93.1512085011879,227.03303423901372,3,0.8725563909774436,0.9973684210526316
273,902,Architecture,History > Islamic architecture,Islamic architecture,3,7.909687,0.5914838,-1.7027350096948055,152.38403981867995,2,0.17030075187969926,0.9481203007518797,150.77342864332337,17.197477248311987,3,0.9672932330827068,0.26729323308270675
274,902,Architecture,History > European medieval architecture,European medieval architecture,3,8.272667,0.6397843,-26.335711907968324,77.59433648536886,2,0.0943609022556391,0.7601503759398496,23.493652537787465,20.90683989320695,3,0.3706766917293233,0.3360902255639098
275,902,Architecture,History > Renaissance architecture,Renaissance architecture,3,8.84191,0.4297057,117.50472353027284,21.98093198273522,2,0.8184210526315789,0.2860902255639098,83.38229966553462,45.017412533035206,3,0.8428571428571429,0.662406015037594
276,902,Architecture,History > Early modern and the industrial age,Early modern and the industrial age,3,10.424753,-0.063039534,44.71389001964775,135.5302163859725,2,0.4481203007518797,0.925187969924812,73.46130546464349,32.642329913881504,3,0.8030075187969925,0.5225563909774437
277,902,Architecture,History > Modernism,Modernism,3,10.4773445,-0.078208126,69.96293013887401,5.588333902641058,2,0.6165413533834586,0.07857142857142857,56.97789417507088,16.710883939507717,3,0.7142857142857143,0.2575187969924812
278,902,Architecture,History > Postmodernism,Postmodernism,3,10.499589,-0.07403187,-16.986023413378877,40.723276759384284,2,0.11954887218045113,0.4924812030075188,59.35375911170718,5.477560250642881,3,0.7244360902255639,0.04661654135338346
279,902,Architecture,History > Architecture today,Architecture today,3,10.525354,-0.09662913,53.703228602502236,18.537259997517097,2,0.5071428571428571,0.2387218045112782,32.72406843384392,28.02502892391096,3,0.4842105263157895,0.4443609022556391
280,902,Architecture,Types > Industrial architecture,Industrial architecture,3,10.613764,-0.035955798,183.13458601874638,107.39787154297511,2,0.9360902255639098,0.8699248120300752,150.14188705909459,112.18635522192733,3,0.9661654135338346,0.9484962406015037
281,902,Architecture,Types > Landscape architecture,Landscape architecture,3,10.619605,-0.08803308,38.330061328433786,2.319845018282814,2,0.40150375939849625,0.03383458646616541,-11.217424715124645,16.220289955127647,3,0.06466165413533835,0.24812030075187969
282,902,Architecture,Types > Interior architecture,Interior architecture,3,10.61134,-0.04642548,251.90183317276126,16.485919415961547,2,0.9729323308270676,0.21015037593984962,51.47827534461427,103.03012111954384,3,0.6672932330827067,0.9323308270676691
283,902,Architecture,Types > Urban design,Urban design,3,10.603283,-0.059652526,-4.015290764130238,77.93294431303394,2,0.16278195488721806,0.762406015037594,-37.47409955379124,49.516493867053455,3,0.012406015037593985,0.706390977443609
284,902,Architecture,Types > Other types of architecture > Naval architecture,Naval architecture,4,10.589345,-0.07222976,-36.40577550029228,31.097036538638868,2,0.07518796992481203,0.3951127819548872,-15.97442600091078,24.24776877165169,3,0.04774436090225564,0.38646616541353385
285,902,Architecture,"Types > Other types of architecture > Metaphorical ""architectures""","Metaphorical ""architectures""",4,10.593569,-0.059685245,49.45933571355056,24.640351997504,2,0.48233082706766917,0.3180451127819549,33.54298691390898,22.882245388662486,3,0.493984962406015,0.36654135338345867
286,902,Architecture,Types > Other types of architecture > Seismic architecture,Seismic architecture,4,10.546382,-0.060936626,22.253905954696847,21.268626666222655,2,0.28909774436090224,0.27781954887218047,-7.726340249648037,10.211528682744566,3,0.07969924812030076,0.1255639097744361
287,911,Arithmetic,Introduction,Introduction,0,7.4699802,8.153824,-4.660428943821245,12.571513071460316,2,0.15977443609022557,0.1575187969924812,-22.085093416972374,21.112959213900705,3,0.03496240601503759,0.3406015037593985
288,911,Arithmetic,"Definition, etymology, and related fields","Definition, etymology, and related fields",2,7.5383387,8.108879,63.0950940627816,0.6800358982049935,2,0.5695488721804511,0.011278195488721804,27.38282748341469,7.486561318593232,3,0.4176691729323308,0.07857142857142857
289,911,Arithmetic,Numbers,Numbers,2,7.3494945,8.125199,394.2156678672791,144.9942881524487,2,0.9951127819548872,0.9409774436090226,205.59382166395298,26.42520868563929,3,0.9890977443609023,0.42142857142857143
290,911,Arithmetic,Numbers > Kinds,Kinds,3,7.279664,8.117668,39.34755407977915,20.896103797051993,2,0.4067669172932331,0.26766917293233083,10.807635576500545,18.087233499859387,3,0.21428571428571427,0.28533834586466167
291,911,Arithmetic,Numbers > Numeral systems,Numeral systems,3,7.2695684,8.006957,66.6389638757149,31.155577682194828,2,0.5928571428571429,0.39586466165413536,23.213450374674895,26.01267891470038,3,0.36578947368421055,0.41578947368421054
292,911,Arithmetic,Operations,Operations,2,7.383807,8.290378,4.312510014153162,4.082882862503226,2,0.19172932330827067,0.05977443609022556,9.038493824932925,10.392508021940337,3,0.1943609022556391,0.12894736842105264
293,911,Arithmetic,Operations > Addition and subtraction,Addition and subtraction,3,7.3622637,8.306604,39.038604931277206,14.615598988897657,2,0.4048872180451128,0.18533834586466166,6.202536740597167,10.515596801930847,3,0.16541353383458646,0.13383458646616542
294,911,Arithmetic,Operations > Multiplication and division,Multiplication and division,3,7.369616,8.290119,98.9324779954567,54.340994879330964,2,0.750375939849624,0.6180451127819548,11.64741983048195,12.158099779542209,3,0.2206766917293233,0.16466165413533834
295,911,Arithmetic,Operations > Exponentiation and logarithm,Exponentiation and logarithm,3,7.345432,8.29194,27.80756909412125,1.6464705108189681,2,0.3319548872180451,0.02744360902255639,6.830722287083224,18.52120159515201,3,0.17481203007518797,0.293984962406015
296,911,Arithmetic,Types,Types,2,7.380555,8.172815,152.97566760142544,54.92933749313656,2,0.8943609022556391,0.6203007518796992,-25.936162117849296,10.537307334658946,3,0.02744360902255639,0.13458646616541353
297,911,Arithmetic,Types > Integer arithmetic,Integer arithmetic,3,7.363634,8.249823,-7.121324804217582,13.175317975787642,2,0.15,0.16578947368421051,-15.574452509105301,2.485800387237684,3,0.05,0.010902255639097745
298,911,Arithmetic,Types > Integer arithmetic > Number theory,Number theory,4,7.647127,8.057303,43.33325706403817,18.416297867349975,2,0.43834586466165415,0.23759398496240602,22.775559498486135,10.435674751618787,3,0.3601503759398496,0.13082706766917293
299,911,Arithmetic,Types > Rational number arithmetic,Rational number arithmetic,3,7.2536416,8.27111,56.71827122721633,28.119367628853553,2,0.525187969924812,0.3605263157894737,7.8169861660503726,15.932037301208815,3,0.18270676691729323,0.24022556390977443
300,911,Arithmetic,Types > Real number arithmetic,Real number arithmetic,3,7.2114763,8.2168255,11.040871110604888,15.84608196112116,2,0.22406015037593985,0.20451127819548873,-1.1006772969688257,11.870763215724871,3,0.11466165413533834,0.1582706766917293
301,911,Arithmetic,Types > Approximations and errors,Approximations and errors,3,7.389196,8.00785,40.399733241227274,35.46868944222992,2,0.41842105263157897,0.4417293233082707,14.373293471727921,30.444759952588576,3,0.25300751879699246,0.48796992481203005
302,911,Arithmetic,Types > Tool use,Tool use,3,7.334365,8.110012,82.53196019498391,46.86772622570307,2,0.681203007518797,0.5466165413533834,37.7889208444814,82.1870773943095,3,0.5368421052631579,0.8725563909774436
303,911,Arithmetic,Types > Others,Others,3,7.396517,8.227074,24.559356986789542,5.901631312013228,2,0.3086466165413534,0.08082706766917293,-1.9705542761508268,5.737089947311588,3,0.10939849624060151,0.05225563909774436
304,911,Arithmetic,Axiomatic foundations,Axiomatic foundations,2,7.4659734,7.8880677,54.342367778857735,41.06121181280327,2,0.5112781954887218,0.49849624060150377,6.480709036187949,17.38523222158083,3,0.1699248120300752,0.2721804511278195
305,911,Arithmetic,History,History,2,7.4518137,7.6551824,61.60306316465466,17.525888265317707,2,0.5590225563909774,0.22406015037593985,27.91042699102925,18.146856550641676,3,0.425187969924812,0.287593984962406
306,911,Arithmetic,In various fields > Education,Education,3,7.4490237,8.239453,87.41384483384748,33.315204202465374,2,0.7007518796992481,0.42293233082706766,-10.815484028211591,18.54983566592268,3,0.06766917293233082,0.2943609022556391
307,911,Arithmetic,In various fields > Psychology,Psychology,3,7.4665127,8.087336,96.84870590076297,63.93738001252297,2,0.7424812030075187,0.6766917293233082,22.265213078521793,14.862331779314244,3,0.3526315789473684,0.2199248120300752
308,911,Arithmetic,In various fields > Philosophy,Philosophy,3,7.8513684,7.731224,83.47506226286367,64.32153909485226,2,0.6838345864661655,0.6793233082706767,-24.970735009469546,7.040886885582301,3,0.02857142857142857,0.07105263157894737
309,911,Arithmetic,In various fields > Others,Others,3,7.549057,8.129263,47.999279292706895,58.992802872754986,2,0.4718045112781955,0.6507518796992481,-24.68092039792458,21.272749591738645,3,0.03007518796992481,0.34285714285714286
310,937,Asia,Introduction,Introduction,0,5.3077493,1.1530731,82.537226738568,43.491269294602965,2,0.6815789473684211,0.5225563909774437,44.927555200025466,37.91375307523156,3,0.6120300751879699,0.5860902255639098
311,937,Asia,Etymology,Etymology,2,5.4498034,1.3987079,100.63775586652092,56.38134532483229,2,0.7586466165413533,0.631578947368421,27.823257320468286,9.571732564606116,3,0.4244360902255639,0.11315789473684211
312,937,Asia,Definition > Asia–Europe boundary,Asia–Europe boundary,3,5.2996726,1.3013238,-68.64535024865933,53.137587290705476,2,0.036466165413533834,0.6052631578947368,70.05204525810456,3.668672510176982,3,0.7894736842105263,0.01992481203007519
313,937,Asia,Definition > Asia–Africa boundary,Asia–Africa boundary,3,5.2567677,1.2456528,114.08031240622697,59.75814832853127,2,0.806390977443609,0.6556390977443609,52.98925541270907,55.71889832283305,3,0.681203007518797,0.7488721804511278
314,937,Asia,Definition > Asia–Oceania boundary,Asia–Oceania boundary,3,5.5479465,0.6977346,-29.95139378944485,67.65366861047406,2,0.08759398496240602,0.7,25.190690920258678,23.272589412598744,3,0.3890977443609023,0.37330827067669176
315,937,Asia,Definition > Asia–North America boundary,Asia–North America boundary,3,5.35805,0.7240316,51.39816912166366,75.51781243003492,2,0.4924812030075188,0.7507518796992482,5.8398019122913,73.8801226550617,3,0.1631578947368421,0.8428571428571429
316,937,Asia,Definition > Ongoing definition,Ongoing definition,3,5.303252,1.2664764,32.596014484459936,86.07332296371857,2,0.36466165413533835,0.8003759398496241,96.3299393889913,85.37154771135204,3,0.8800751879699248,0.8857142857142857
317,937,Asia,History > Prehistory,Prehistory,3,6.752584,1.4655404,131.79152002080366,148.46989861747602,2,0.8541353383458646,0.9443609022556391,21.608060348883075,95.83203839473636,3,0.3432330827067669,0.9150375939849624
318,937,Asia,History > Ancient era,Ancient era,3,7.6067863,1.2198652,-37.66030989838196,27.604505708442165,2,0.07368421052631578,0.35413533834586464,40.72109335231598,8.869514111538534,3,0.5691729323308271,0.10075187969924812
319,937,Asia,History > Medieval era,Medieval era,3,7.730191,0.6150848,-85.15657584394935,154.3780182894461,2,0.02330827067669173,0.9511278195488722,102.00204296434241,59.982039735473776,3,0.8969924812030076,0.7796992481203008
320,937,Asia,History > Modern era,Modern era,3,7.7234287,0.50680065,54.805811782269586,40.286596987199374,2,0.5157894736842106,0.487593984962406,24.956287029988104,34.6319096510107,3,0.3868421052631579,0.5484962406015037
321,937,Asia,History > Contemporary era,Contemporary era,3,7.228458,-0.20390472,88.16419521142973,76.6451006996414,2,0.7052631578947368,0.7552631578947369,17.763854495014293,66.11267093694651,3,0.29060150375939847,0.812781954887218
322,937,Asia,Geography,Geography,2,5.2284055,1.1590401,23.065867609993738,9.748946330855528,2,0.29586466165413533,0.12406015037593984,39.88825403135325,48.423305925436935,3,0.5578947368421052,0.6954887218045113
323,937,Asia,Geography > Main regions,Main regions,3,5.247703,1.0692543,-1.7207082977657358,48.12919604797858,2,0.1699248120300752,0.5590225563909774,-31.895564339124448,12.635950619232762,3,0.019172932330827067,0.1736842105263158
324,937,Asia,Geography > Climate,Climate,3,4.6924896,1.1772963,57.154565675178176,22.125915305925247,2,0.5270676691729324,0.287593984962406,110.30375515356417,38.383396146595466,3,0.9169172932330827,0.5917293233082707
325,937,Asia,List of states and territories,List of states and territories,2,5.3092628,0.8737949,-13.266952815511587,30.741481534593554,2,0.1293233082706767,0.39323308270676693,131.54705044537903,26.53241979844996,3,0.9511278195488722,0.42255639097744363
326,937,Asia,Economy,Economy,2,5.3504815,0.54766434,-3.902293765353366,22.826608313893036,2,0.16390977443609023,0.2962406015037594,54.94545406687606,53.55363421505264,3,0.6962406015037594,0.7330827067669173
327,937,Asia,Economy > Tourism,Tourism,3,5.309435,0.5184301,166.0899808931833,22.111696741591075,2,0.9157894736842105,0.28721804511278193,98.22385216046291,133.3868219309729,3,0.8849624060150376,0.9721804511278196
328,937,Asia,Demographics,Demographics,2,5.401679,0.48963812,2.0736975963436866,41.12892507016108,2,0.18345864661654135,0.4996240601503759,23.6864000984306,50.37151473004795,3,0.3744360902255639,0.7127819548872181
329,937,Asia,Demographics > Languages,Languages,3,5.649435,1.230718,232.21910850180004,19.20273156801837,2,0.9672932330827068,0.24774436090225563,130.06164232412667,52.32133588484108,3,0.9484962406015037,0.7225563909774436
330,937,Asia,Demographics > Religions,Religions,3,6.6687145,3.0047867,36.6444198238541,21.901376472754688,2,0.39210526315789473,0.2857142857142857,33.63993815437537,38.805144854206276,3,0.49473684210526314,0.5969924812030075
331,937,Asia,Demographics > Religions > Abrahamic,Abrahamic,4,6.5789065,2.7720761,25.761685554268475,18.966846630977134,2,0.31954887218045114,0.24398496240601503,9.881035956746528,17.74892828288389,3,0.20601503759398496,0.27781954887218047
332,937,Asia,Demographics > Religions > Indian and East Asian religions,Indian and East Asian religions,4,6.7265964,3.006571,35.128528004272404,51.84169952052729,2,0.38082706766917296,0.5951127819548873,16.378945442479893,37.06274883031598,3,0.27669172932330827,0.5759398496240602
333,937,Asia,Culture,Culture,2,5.625215,1.2920809,65.35582928649204,35.6740376638226,2,0.5823308270676691,0.44398496240601504,7.0406338227537795,71.32284657103823,3,0.17781954887218046,0.8342105263157895
334,937,Asia,Culture > Nobel laureates,Nobel laureates,3,10.049333,1.4502425,-1.8940907641161469,2.1367713326932214,2,0.168796992481203,0.03195488721804511,12.723134834680055,20.715074493355615,3,0.231203007518797,0.33383458646616543
335,962,Astronomy,Introduction,Introduction,0,2.9881997,5.7275715,-22.041301728224035,56.97822308254041,2,0.10714285714285714,0.6364661654135338,-24.269117916661788,29.794214450517213,3,0.030827067669172932,0.4789473684210526
336,962,Astronomy,Etymology,Etymology,2,3.0398693,5.7157307,37.87857473227012,39.671983812535416,2,0.3988721804511278,0.48195488721804514,12.069546619197588,13.117644064225239,3,0.22518796992481202,0.1849624060150376
337,962,Astronomy,"Etymology > Use of terms ""astronomy"" and ""astrophysics""","Use of terms ""astronomy"" and ""astrophysics""",3,3.0479736,5.7712235,-41.59555457683535,72.29195297074851,2,0.06654135338345865,0.7323308270676692,23.44141157349496,76.71925948666697,3,0.368796992481203,0.8526315789473684
338,962,Astronomy,History > Pre-historic,Pre-historic,3,5.594753,4.3002033,96.36627203626604,98.78014657308981,2,0.7406015037593985,0.8454887218045113,1.460969458550719,108.9258449633742,3,0.13007518796992482,0.9432330827067669
339,962,Astronomy,History > Classical,Classical,3,5.4873266,4.6444807,-23.23509159155594,18.60959588008329,2,0.10263157894736842,0.2394736842105263,14.815861607121048,28.872482737998915,3,0.26090225563909775,0.4612781954887218
340,962,Astronomy,History > Post-classical,Post-classical,3,5.445987,4.6359415,34.39724757666555,30.23666259993401,2,0.37593984962406013,0.38533834586466165,48.22359492293118,39.13024229404371,3,0.6394736842105263,0.6033834586466166
341,962,Astronomy,History > Copernicus,Copernicus,3,5.4937425,4.6444473,330.0688924817956,314.04277890783743,2,0.9894736842105263,0.9981203007518797,94.96429057584021,215.1289135208352,3,0.8774436090225564,0.9951127819548872
342,962,Astronomy,History > Early telescopic,Early telescopic,3,5.490907,4.6883507,-5.217644004174691,30.69081666368753,2,0.15601503759398497,0.39172932330827065,11.36962713368238,36.00528011918196,3,0.21879699248120302,0.5635338345864662
343,962,Astronomy,History > Galaxies,Galaxies,3,3.6850634,5.8482275,91.26657913572025,83.59947384234474,2,0.7214285714285714,0.7902255639097744,60.630100907945184,105.34636467028957,3,0.7319548872180451,0.9379699248120301
344,962,Astronomy,History > Cosmology,Cosmology,3,3.541663,6.0131907,51.92747082281261,52.97805291910654,2,0.49699248120300754,0.6037593984962406,-2.730477599437876,99.27270341703802,3,0.10488721804511278,0.924812030075188
345,962,Astronomy,Observational astronomy,Observational astronomy,2,2.9154868,5.7964473,63.70585769512524,93.14464236952759,2,0.5744360902255639,0.8263157894736842,165.95660136590837,108.79515440386292,3,0.9766917293233083,0.9417293233082706
346,962,Astronomy,Observational astronomy > Radio,Radio,3,2.844665,5.7832885,176.47762943921842,84.84863079937045,2,0.9315789473684211,0.7954887218045112,-0.9994994823142385,71.53532248394878,3,0.11541353383458647,0.8349624060150376
347,962,Astronomy,Observational astronomy > Infrared,Infrared,3,2.8163872,5.784094,-10.761050616430166,11.025751746927142,2,0.13759398496240602,0.1406015037593985,7.7485203342621105,20.193081625128602,3,0.18195488721804512,0.325187969924812
348,962,Astronomy,Observational astronomy > Optical,Optical,3,2.8828032,5.8386793,4.758738639120548,29.096557962710538,2,0.19473684210526315,0.37330827067669176,-57.51078185451203,21.259528907983626,3,0.004135338345864661,0.34172932330827066
349,962,Astronomy,Observational astronomy > Ultraviolet,Ultraviolet,3,2.8215454,5.8217187,175.89030797675932,293.6246590159405,2,0.9304511278195489,0.9969924812030075,107.46037330280596,76.9000294509426,3,0.9101503759398496,0.8545112781954888
350,962,Astronomy,Observational astronomy > X-ray,X-ray,3,2.828084,5.793603,96.32681772145395,91.40641751295927,2,0.7398496240601504,0.8210526315789474,-9.902384151182025,1.4225805673657168,3,0.07180451127819548,0.0030075187969924814
351,962,Astronomy,Observational astronomy > Gamma-ray,Gamma-ray,3,2.8535392,5.8293266,-71.31403860438819,49.01516739605282,2,0.03308270676691729,0.5665413533834587,61.024067295609406,76.31536666888063,3,0.7360902255639098,0.8515037593984962
352,962,Astronomy,Observational astronomy > Non-electromagnetic observation,Non-electromagnetic observation,3,2.9440367,5.8203144,-59.80216069450442,110.7351147214656,2,0.04285714285714286,0.881578947368421,27.088609399013748,81.64176929485238,3,0.412781954887218,0.8699248120300752
353,962,Astronomy,Observational astronomy > Astrometry and celestial mechanics,Astrometry and celestial mechanics,3,3.093537,5.7054,54.47660480157823,3.242556061674674,2,0.512406015037594,0.04736842105263158,60.44291353465775,4.368385902672743,3,0.731203007518797,0.03007518796992481
354,962,Astronomy,Subfields by scale > Physical cosmology,Physical cosmology,3,3.5182402,5.928373,-2.093224213764593,107.85956448198598,2,0.1680451127819549,0.8706766917293233,-69.98192657302117,38.90632841597147,3,0.002255639097744361,0.5988721804511278
355,962,Astronomy,Subfields by scale > Extragalactic,Extragalactic,3,2.8774433,5.7461843,126.53715307544654,204.5780111335116,2,0.8443609022556391,0.9834586466165414,185.0666544141393,67.9652174587432,3,0.9845864661654136,0.8210526315789474
356,962,Astronomy,Subfields by scale > Galactic,Galactic,3,2.4698758,5.540568,-262.97158095995167,119.90458872832585,2,0.0007518796992481203,0.9033834586466165,-11.181081519738628,58.801488392829846,3,0.06578947368421052,0.7721804511278195
357,962,Astronomy,Subfields by scale > Stellar,Stellar,3,2.8656597,5.631674,116.61914666444322,64.4197625816451,2,0.8165413533834587,0.6804511278195489,68.50270239357731,114.83653727029873,3,0.7781954887218046,0.9511278195488722
358,962,Astronomy,Subfields by scale > Solar,Solar,3,2.435619,5.3524685,326.1171737887082,243.9422690212817,2,0.9887218045112782,0.9928571428571429,119.26890057547985,137.20898895251142,3,0.9330827067669173,0.975187969924812
359,962,Astronomy,Subfields by scale > Planetary science,Planetary science,3,3.6446292,3.6257484,231.676495837743,226.31063544382522,2,0.9665413533834587,0.9890977443609023,19.028164923981794,47.275741780828454,3,0.3105263157894737,0.6830827067669173
360,962,Astronomy,Interdisciplinary subfields > Astrochemistry,Astrochemistry,3,3.2791092,5.474616,92.82649877191999,115.11611477192368,2,0.7263157894736842,0.8913533834586466,221.4902661627397,193.79591458930076,3,0.9928571428571429,0.9936090225563909
361,962,Astronomy,Interdisciplinary subfields > Astrobiology,Astrobiology,3,3.3791587,3.6930804,-51.057208275856894,160.0482285616835,2,0.053759398496240604,0.9578947368421052,90.08759556375435,34.772586855116494,3,0.8646616541353384,0.55
362,962,Astronomy,Interdisciplinary subfields > Other,Other,3,3.0314388,5.762151,-38.09147713316744,67.37464380701287,2,0.07255639097744361,0.6977443609022557,-55.438535975499285,73.35303119758669,3,0.004511278195488722,0.8394736842105263
363,962,Astronomy,Amateur,Amateur,2,2.8625107,5.8156543,-42.042398639021755,32.931866218562696,2,0.06541353383458647,0.4180451127819549,-31.6733299221879,27.153454000965404,3,0.02030075187969925,0.4327067669172932
364,962,Astronomy,Unsolved problems,Unsolved problems,2,3.4681728,5.789701,-52.43312622809937,102.74957371527529,2,0.05112781954887218,0.8571428571428571,6.591693959530557,57.08435834236405,3,0.17142857142857143,0.7590225563909775
365,962,Astronomy,Unsolved problems > Lists,Lists,3,2.8352435,5.8434772,120.19405929580513,66.51192023537973,2,0.8274436090225564,0.6947368421052632,121.18116512668671,38.430412756005545,3,0.9360902255639098,0.5921052631578947
366,973,Atmosphere of Earth,Introduction,Introduction,0,2.1898234,3.9765775,-0.5757773620645312,8.046408724248847,2,0.17443609022556392,0.10225563909774436,-21.366695168023668,7.621101076663583,3,0.03759398496240601,0.08195488721804511
367,973,Atmosphere of Earth,Composition,Composition,2,2.143594,3.9806764,30.448027114854316,8.101848718841708,2,0.3511278195488722,0.10338345864661654,36.06588172597012,18.001866201284287,3,0.5191729323308271,0.28233082706766915
368,973,Atmosphere of Earth,Stratification,Stratification,2,2.1609082,4.0534015,2.02617710259614,37.02530574746535,2,0.1830827067669173,0.4556390977443609,29.85804967937882,14.347206604800924,3,0.4477443609022556,0.20789473684210527
369,973,Atmosphere of Earth,Stratification > Exosphere,Exosphere,3,2.1383603,4.118258,35.102034754080584,103.31548794233737,2,0.3800751879699248,0.8593984962406015,-16.9247707514803,63.848193325235655,3,0.04586466165413534,0.8026315789473685
370,973,Atmosphere of Earth,Stratification > Thermosphere,Thermosphere,3,2.15328,4.119573,21.868696158574537,32.07870371039727,2,0.2864661654135338,0.40714285714285714,12.91122598665359,47.654592599386774,3,0.23421052631578948,0.6860902255639098
371,973,Atmosphere of Earth,Stratification > Mesosphere,Mesosphere,3,2.164875,4.061481,14.805615021730773,31.257387844476025,2,0.24473684210526317,0.3966165413533835,13.615488939721514,36.036601889609,3,0.24135338345864663,0.5642857142857143
372,973,Atmosphere of Earth,Stratification > Stratosphere,Stratosphere,3,2.1735353,4.0368004,42.08490627491263,35.481658504524354,2,0.42857142857142855,0.4424812030075188,8.459592837542724,14.685132639409016,3,0.1887218045112782,0.21466165413533836
373,973,Atmosphere of Earth,Stratification > Troposphere,Troposphere,3,2.2367167,3.9299593,60.95913230871837,0.6315813640303083,2,0.5533834586466165,0.010902255639097745,65.27324134898264,34.92375510777432,3,0.7590225563909775,0.5511278195488721
374,973,Atmosphere of Earth,Stratification > Other layers,Other layers,3,2.2255917,3.990923,-6.0796375980154345,53.51974387341198,2,0.1537593984962406,0.6101503759398497,26.449934955436152,21.79479173991443,3,0.40112781954887217,0.35075187969924815
375,973,Atmosphere of Earth,Physical properties > Pressure and thickness,Pressure and thickness,3,2.1936579,3.9572861,65.11864074871826,13.048495784498206,2,0.5812030075187969,0.16428571428571428,10.790755884418187,10.705158321993222,3,0.21390977443609022,0.13834586466165413
376,973,Atmosphere of Earth,Physical properties > Temperature,Temperature,3,2.1416428,4.147506,-104.73237467948326,21.516410634481016,2,0.016541353383458645,0.28345864661654135,79.72134427858498,23.199790059053644,3,0.8308270676691729,0.37142857142857144
377,973,Atmosphere of Earth,Physical properties > Temperature > Speed of sound,Speed of sound,4,2.2235553,4.006863,181.43174644252542,38.45290648709792,2,0.9349624060150376,0.4699248120300752,52.3260782226266,35.07593813131097,3,0.6759398496240602,0.5530075187969925
378,973,Atmosphere of Earth,Physical properties > Density and mass,Density and mass,3,2.2035959,3.936416,97.3993718745613,37.40167021074878,2,0.7454887218045113,0.4620300751879699,73.15064278463065,26.35271746937958,3,0.8015037593984963,0.4199248120300752
379,973,Atmosphere of Earth,Optical properties,Optical properties,2,2.228195,4.40074,152.08291795677016,74.76750995424344,2,0.8932330827067669,0.7458646616541353,47.827799757113006,115.70773912038536,3,0.6372180451127819,0.9530075187969925
380,973,Atmosphere of Earth,Optical properties > Scattering,Scattering,3,2.2033565,4.472793,156.6041129403887,15.292178843809811,2,0.9018796992481203,0.19774436090225564,90.51086119411728,78.57686448201828,3,0.8661654135338346,0.8597744360902255
381,973,Atmosphere of Earth,Optical properties > Absorption,Absorption,3,2.259876,4.403952,55.62323472172533,26.586153432122817,2,0.5191729323308271,0.3368421052631579,14.442207778213744,81.07386228527655,3,0.25375939849624063,0.8672932330827068
382,973,Atmosphere of Earth,Optical properties > Emission,Emission,3,2.243142,4.404831,-48.11638842892136,44.98846526469482,2,0.05789473684210526,0.5342105263157895,26.97705623183786,49.65903314919395,3,0.41090225563909777,0.7071428571428572
383,973,Atmosphere of Earth,Optical properties > Refractive index,Refractive index,3,2.2123914,4.295263,-168.89411737286423,260.832830605895,2,0.0030075187969924814,0.9951127819548872,41.54147226244801,46.880587349574036,3,0.5759398496240602,0.6808270676691729
384,973,Atmosphere of Earth,Circulation,Circulation,2,2.5042446,3.6375618,128.43357204696443,179.9156235174383,2,0.8507518796992481,0.9714285714285714,40.51859641174074,121.98499430449063,3,0.5650375939849624,0.9635338345864661
385,973,Atmosphere of Earth,Evolution of Earth's atmosphere > Earliest atmosphere,Earliest atmosphere,3,1.5826176,3.6229873,253.1984205859269,150.34713865686155,2,0.9736842105263158,0.9466165413533835,77.23577131903872,88.11418232295092,3,0.8191729323308271,0.893609022556391
386,973,Atmosphere of Earth,Evolution of Earth's atmosphere > Second atmosphere,Second atmosphere,3,1.5859634,3.458911,-56.660475704053525,14.137704511991728,2,0.04661654135338346,0.1800751879699248,25.100607151224892,50.256337039319135,3,0.38834586466165416,0.7120300751879699
387,973,Atmosphere of Earth,Evolution of Earth's atmosphere > Third atmosphere,Third atmosphere,3,1.5377337,3.2942047,-36.27368641385628,51.803583884497215,2,0.0755639097744361,0.5939849624060151,20.139292340936738,82.97663503120619,3,0.3244360902255639,0.8770676691729323
388,973,Atmosphere of Earth,Air pollution,Air pollution,2,2.990178,2.4846516,153.38022466668906,171.34202461843492,2,0.8958646616541354,0.9672932330827068,-20.959009627945928,83.76304299022146,3,0.0387218045112782,0.8804511278195488
389,1524,Civilization,Introduction,Introduction,0,8.423462,1.016035,29.82901032400374,29.477353279003424,2,0.3473684210526316,0.37819548872180453,12.846511671446711,18.50804493830824,3,0.23270676691729322,0.293609022556391
390,1524,Civilization,History of the concept,History of the concept,2,8.843132,0.9636265,21.396464675016063,28.143761141930597,2,0.28157894736842104,0.3612781954887218,66.10031792063887,31.40602579259076,3,0.7639097744360902,0.5030075187969925
391,1524,Civilization,Characteristics,Characteristics,2,8.460227,-0.09338667,-93.19870270220494,22.69667999652306,2,0.01992481203007519,0.2943609022556391,33.72363281846782,12.328804240985681,3,0.49624060150375937,0.16766917293233083
392,1524,Civilization,Characteristics > As a contrast with other societies,As a contrast with other societies,3,8.734872,0.991369,44.64607217519005,75.72287782429459,2,0.4477443609022556,0.7518796992481203,-3.9336550072806644,15.280898091978175,3,0.09962406015037593,0.2274436090225564
393,1524,Civilization,Cultural identity,Cultural identity,2,8.866225,0.9243114,44.27349364656827,6.358891969779656,2,0.44586466165413535,0.08533834586466166,54.114645412608546,24.061741815041927,3,0.6906015037593985,0.3838345864661654
394,1524,Civilization,Complex systems,Complex systems,2,8.3079605,1.0361326,-6.347927012096253,67.90217194005957,2,0.15225563909774437,0.7015037593984963,56.78060863188201,76.37943985625377,3,0.7127819548872181,0.8522556390977444
395,1524,Civilization,History,History,2,8.442588,1.0322412,117.85377520909573,148.6426172608317,2,0.8206766917293233,0.9447368421052632,71.5286259437603,30.58649702530827,3,0.794360902255639,0.4906015037593985
396,1524,Civilization,History > Urban Revolution,Urban Revolution,3,7.4794664,1.4379845,26.871508591426245,27.99027976414339,2,0.3244360902255639,0.35902255639097747,31.362407730032043,25.47976133873414,3,0.46691729323308273,0.4045112781954887
397,1524,Civilization,History > Axial Age,Axial Age,3,7.988477,1.2451893,226.29039201520638,106.51083977077835,2,0.9639097744360903,0.868421052631579,75.1656182648638,13.667236109675517,3,0.812781954887218,0.1943609022556391
398,1524,Civilization,History > Modernity,Modernity,3,8.450854,0.6960533,231.71624387426363,43.772177330115625,2,0.9669172932330827,0.5244360902255639,179.89101303934686,21.47181835541245,3,0.9830827067669173,0.3451127819548872
399,1524,Civilization,Fall of civilizations,Fall of civilizations,2,8.242061,1.0182126,23.647918348040246,31.923941711907947,2,0.3018796992481203,0.4045112781954887,41.739713763454695,6.479774805827775,3,0.5781954887218045,0.062406015037593986
400,1524,Civilization,Future,Future,2,8.564127,0.96347713,66.43868816258208,37.18965949769668,2,0.5917293233082707,0.45789473684210524,32.13904532775789,38.454396218501145,3,0.4755639097744361,0.5928571428571429
401,1524,Civilization,Non-human civilizations,Non-human civilizations,2,7.081769,2.1104012,102.24903147017292,37.512478527616665,2,0.7642857142857142,0.46278195488721807,46.40215968463352,29.615462888709157,3,0.6266917293233083,0.47443609022556393
402,1540,Climate,Introduction,Introduction,0,2.8584216,2.9750454,-23.598065748080643,38.109732100583564,2,0.1018796992481203,0.46729323308270676,-8.804383011242779,24.0086846767884,3,0.07406015037593985,0.3827067669172932
403,1540,Climate,Definition,Definition,2,2.8265815,3.0197256,9.64083719469386,30.476912644995444,2,0.2169172932330827,0.38721804511278196,14.916486838338756,3.4117669126119656,3,0.26165413533834586,0.016541353383458645
404,1540,Climate,Climate classification,Climate classification,2,2.8226337,2.9604163,-42.07259770392871,59.995527859881896,2,0.06503759398496241,0.6571428571428571,12.482449730221228,14.079207207076164,3,0.22932330827067668,0.20112781954887218
405,1540,Climate,Record > Paleoclimatology,Paleoclimatology,3,3.0478852,3.0130072,220.20805841961345,91.74745061750752,2,0.9616541353383459,0.8233082706766918,134.89482407781452,29.830409831580386,3,0.9545112781954888,0.4800751879699248
406,1540,Climate,Record > Modern,Modern,3,2.9057887,2.9710505,103.00179929253224,2.5564399539036313,2,0.7672932330827068,0.03759398496240601,109.0393115084748,153.53555542261233,3,0.9139097744360902,0.9853383458646616
407,1540,Climate,Climate variability,Climate variability,2,2.833402,2.965523,100.73578193433808,78.29878218402007,2,0.7593984962406015,0.7654135338345864,43.94092814769481,144.12970973826933,3,0.6026315789473684,0.9815789473684211
408,1540,Climate,Climate change,Climate change,2,2.863898,2.887659,114.63771290482202,67.57601884361178,2,0.8086466165413534,0.6992481203007519,51.83707757680792,25.674999772604977,3,0.6721804511278195,0.40902255639097745
409,1540,Climate,Climate models,Climate models,2,2.7970614,3.0308971,35.81153042607201,1.9301545946385386,2,0.38646616541353385,0.03007518796992481,42.70746571222145,14.047329562975547,3,0.5906015037593985,0.19962406015037593
410,1546,Clothing,Introduction,Introduction,0,5.7126837,-1.3240894,104.15091997003105,5.880876293931407,2,0.7706766917293233,0.08045112781954887,79.67608595006531,78.89468636158668,3,0.8304511278195489,0.8609022556390977
411,1546,Clothing,Origin and history > Early use,Early use,3,5.748464,-1.2932687,85.99999227293483,78.41071508826504,2,0.6958646616541353,0.7661654135338346,31.069677543638743,54.445738227617326,3,0.4605263157894737,0.7406015037593985
412,1546,Clothing,Origin and history > Making clothing,Making clothing,3,5.720628,-1.3031445,22.342919560186125,33.8597856404573,2,0.28984962406015036,0.4274436090225564,40.56199711495356,27.11317410074655,3,0.5657894736842105,0.4319548872180451
413,1546,Clothing,Clothing as comfort,Clothing as comfort,2,5.685011,-1.351016,76.83542825798921,6.6261319607865365,2,0.6526315789473685,0.0906015037593985,46.3367823583747,18.653412813305955,3,0.6263157894736842,0.29661654135338344
414,1546,Clothing,Functions,Functions,2,5.7027807,-1.3337525,32.56909660136586,28.106707898946706,2,0.36353383458646615,0.3601503759398496,-29.03847279969475,30.40224893856865,3,0.022556390977443608,0.4868421052631579
415,1546,Clothing,Scholarship > Function of clothing,Function of clothing,3,5.709274,-1.3180587,55.618742616449495,71.26263725925743,2,0.518796992481203,0.7236842105263158,97.91998628030431,49.88284536356655,3,0.8834586466165414,0.7093984962406015
416,1546,Clothing,Scholarship > History of clothing,History of clothing,3,5.714688,-1.3356078,37.80986373037837,15.24866173716128,2,0.39849624060150374,0.1962406015037594,33.4201781050974,51.41467832766725,3,0.4921052631578947,0.718421052631579
417,1546,Clothing,Cultural aspects > Gender differentiation,Gender differentiation,3,5.752457,-1.3291389,30.862852903348784,95.60234069523271,2,0.3537593984962406,0.8357142857142857,-7.878385366185317,95.62081555890347,3,0.07857142857142857,0.9139097744360902
418,1546,Clothing,Cultural aspects > Social status,Social status,3,5.7440805,-1.3109297,106.7886559111678,6.460398849341373,2,0.7819548872180451,0.08759398496240602,38.8550446839788,52.69195482241984,3,0.5492481203007519,0.7259398496240601
419,1546,Clothing,Cultural aspects > Religion,Religion,3,5.7319627,-1.3091996,144.3238932697561,51.20547907584671,2,0.8800751879699248,0.5887218045112782,49.69496738470423,27.465606360121285,3,0.6552631578947369,0.43609022556390975
420,1546,Clothing,Contemporary clothing > Western dress code,Western dress code,3,5.773054,-1.3524386,71.67948147893185,21.366699463957232,2,0.6270676691729323,0.2796992481203007,33.22108789269938,16.96575860979651,3,0.49097744360902257,0.26203007518796995
421,1546,Clothing,Contemporary clothing > Spread of western styles,Spread of western styles,3,5.7881804,-1.3426353,8.120078756110331,128.32207658865477,2,0.206390977443609,0.9154135338345865,124.17480555166064,221.854206531547,3,0.9402255639097744,0.9962406015037594
422,1546,Clothing,Contemporary clothing > Ethnic and cultural heritage,Ethnic and cultural heritage,3,5.758354,-1.3637979,96.96987779176324,67.8250884123871,2,0.7428571428571429,0.7011278195488722,89.43367787732548,18.670440949788457,3,0.8605263157894737,0.29736842105263156
423,1546,Clothing,Contemporary clothing > Sport and activity,Sport and activity,3,5.6949997,-1.3468796,-69.20667334357567,270.693183060719,2,0.035338345864661655,0.9954887218045113,128.58744674564971,82.37919847502907,3,0.9462406015037594,0.8736842105263158
424,1546,Clothing,Contemporary clothing > Fashion,Fashion,3,5.7801375,-1.3729975,151.05128432692914,194.04418929464143,2,0.8902255639097745,0.9789473684210527,27.76475057284333,150.67018101760874,3,0.4236842105263158,0.9830827067669173
425,1546,Clothing,Political issues > Working conditions in the garments industry,Working conditions in the garments industry,3,5.9668484,-1.1001482,99.38805495442377,106.27933686066085,2,0.7526315789473684,0.8680451127819548,22.712583981399572,13.279121425259035,3,0.3597744360902256,0.187593984962406
426,1546,Clothing,Political issues > Fur,Fur,3,5.722253,-1.2956767,60.91942578971598,71.53968698779832,2,0.5530075187969925,0.7263157894736842,31.24418456981556,76.76360706620729,3,0.4639097744360902,0.8530075187969924
427,1546,Clothing,Life cycle > Clothing maintenance,Clothing maintenance,3,5.7061477,-1.3082228,42.78299193865538,38.95702557362359,2,0.4349624060150376,0.47518796992481205,46.73197134650375,28.040534560194303,3,0.6293233082706767,0.44586466165413535
428,1546,Clothing,"Life cycle > Laundry, ironing, storage","Laundry, ironing, storage",3,5.704094,-1.3132728,79.46759486416904,47.53996614446027,2,0.6661654135338346,0.5545112781954887,73.9010178076868,25.35083734576955,3,0.8056390977443609,0.4030075187969925
429,1546,Clothing,Life cycle > Non-iron,Non-iron,3,5.7022853,-1.3222017,-48.741723066016405,215.33629983346066,2,0.05601503759398496,0.9864661654135338,71.21952751624336,112.39504303316576,3,0.793609022556391,0.9488721804511279
430,1546,Clothing,Life cycle > Mending,Mending,3,5.721362,-1.2663734,116.32281556000895,178.1178389894041,2,0.8154135338345865,0.9706766917293234,179.5579648004841,122.01847182612508,3,0.9827067669172932,0.9639097744360903
431,1546,Clothing,Life cycle > Recycling,Recycling,3,5.692222,-1.2161146,48.876203284040585,31.974917134034218,2,0.4785714285714286,0.4048872180451128,32.22747947959947,4.048424473822081,3,0.4774436090225564,0.02631578947368421
432,1546,Clothing,Global trade,Global trade,2,5.287815,-0.26152718,8.841284864857121,11.56644123297644,2,0.21203007518796993,0.1462406015037594,-21.62688661709133,20.308440271907983,3,0.03684210526315789,0.3263157894736842
433,1737,Culture,Introduction,Introduction,0,9.216595,0.47278088,2.5584461071343014,112.70710495248261,2,0.18571428571428572,0.8868421052631579,56.684983052927294,76.86688796079545,3,0.7105263157894737,0.8537593984962406
434,1737,Culture,Description,Description,2,9.25605,0.79122806,39.74964086452229,37.55905371421243,2,0.4112781954887218,0.4631578947368421,49.65627155596852,20.160159666907923,3,0.6548872180451127,0.3240601503759398
435,1737,Culture,Etymology,Etymology,2,9.090142,0.89774704,-39.932500186974934,31.841543673069044,2,0.06917293233082707,0.4030075187969925,1.346005615129723,12.853827872807681,3,0.12857142857142856,0.17819548872180452
436,1737,Culture,Change,Change,2,8.893791,0.8018048,10.609679126997573,53.858803963529475,2,0.22218045112781956,0.6142857142857143,63.71088817071541,44.97099948978173,3,0.7484962406015038,0.66203007518797
437,1737,Culture,Early modern discourses > German Romanticism,German Romanticism,3,9.213674,0.9676873,-51.35075802668622,11.520354687525264,2,0.05263157894736842,0.14586466165413534,-35.98516588463709,7.829724798677776,3,0.014285714285714285,0.08421052631578947
438,1737,Culture,Early modern discourses > English Romanticism,English Romanticism,3,9.15166,0.9246157,-29.13190144008514,12.217092869331609,2,0.09022556390977443,0.1545112781954887,30.108092903770807,13.455055509550869,3,0.4507518796992481,0.19097744360902255
439,1737,Culture,Anthropology,Anthropology,2,9.187484,0.8151515,-130.30481148181946,1.5535241752918245,2,0.008270676691729323,0.02593984962406015,30.832597848782736,40.62776875357627,3,0.45789473684210524,0.619172932330827
440,1737,Culture,Sociology,Sociology,2,9.2062235,0.5234461,40.0486728537346,26.15984576741365,2,0.41466165413533834,0.33270676691729323,68.19746842521141,33.162894754758575,3,0.7766917293233083,0.5304511278195488
441,1737,Culture,Sociology > Early researchers and development of cultural sociology,Early researchers and development of cultural sociology,3,9.217453,0.40992087,117.58843515595443,69.9261910706139,2,0.8191729323308271,0.7150375939849624,347.58026470986033,132.44126421033027,3,0.9988721804511278,0.9710526315789474
442,1737,Culture,Cultural studies,Cultural studies,2,9.287153,0.74318564,1.0929939771752673,0.16318887322463776,2,0.18045112781954886,0.002255639097744361,70.58460633042064,23.187722402234815,3,0.7921052631578948,0.3706766917293233
443,1737,Culture,Cultural studies > Super culture,Super culture,3,9.262475,0.5410246,20.72802232737775,32.31466209606341,2,0.2774436090225564,0.41090225563909777,13.508157380168873,36.119209707824375,3,0.24060150375939848,0.5661654135338345
444,1737,Culture,Psychology,Psychology,2,9.337331,4.576605,50.53583927019902,45.34724468242296,2,0.4864661654135338,0.5357142857142857,8.663215626623485,14.186372264730498,3,0.19022556390977444,0.20526315789473684
445,1737,Culture,Protection of culture,Protection of culture,2,8.9630375,0.90692335,33.43287265756191,15.228844480940573,2,0.368796992481203,0.19586466165413532,19.513138925955293,3.679392947564863,3,0.3172932330827068,0.02030075187969925
446,1803,Death,Introduction,Introduction,0,5.4246626,2.6010818,92.31005640229401,29.789990405212748,2,0.7236842105263158,0.381203007518797,20.94169181808829,13.582874004818937,3,0.3330827067669173,0.19323308270676692
447,1803,Death,Diagnosis > Definition,Definition,3,5.38127,2.6069005,172.49856999807278,26.636016729688677,2,0.9263157894736842,0.3379699248120301,136.59466684809266,42.9744004000443,3,0.9548872180451128,0.6402255639097745
448,1803,Death,Diagnosis > Definition > Defining life to define death,Defining life to define death,4,5.4174757,2.6221192,14.559352239933304,79.84900401101832,2,0.24398496240601503,0.7740601503759399,-47.65973823755752,26.639670368342916,3,0.007518796992481203,0.4244360902255639
449,1803,Death,Diagnosis > Definition > Definition of death by heartbeat and breath,Definition of death by heartbeat and breath,4,5.422577,2.6659884,-88.25179575026888,49.31138080236098,2,0.02180451127819549,0.5710526315789474,14.62109616337814,17.280705375490328,3,0.2575187969924812,0.26954887218045115
450,1803,Death,Diagnosis > Definition > Brain death,Brain death,4,5.413463,2.6998003,33.975444073279704,51.819544003729945,2,0.37293233082706767,0.5943609022556391,55.9456266195921,46.69200905717602,3,0.706390977443609,0.6781954887218045
451,1803,Death,Diagnosis > Definition > Neocortical brain death,Neocortical brain death,4,5.401978,2.6689394,136.583062359968,15.05247634573065,2,0.8650375939849624,0.19398496240601504,44.9968608285883,110.42438979212763,3,0.6131578947368421,0.9458646616541353
452,1803,Death,Diagnosis > Definition > Total brain death,Total brain death,4,5.3999414,2.6578834,40.59537846182064,51.363583377098706,2,0.42030075187969923,0.5909774436090226,27.693448532563206,76.33681359569256,3,0.42255639097744363,0.8518796992481203
453,1803,Death,Diagnosis > Definition > Problems in medical practice,Problems in medical practice,4,5.3631344,2.6840317,98.70282211693674,11.018365447685769,2,0.7484962406015038,0.14022556390977445,61.662167601146315,11.049720503325334,3,0.7390977443609023,0.14172932330827068
454,1803,Death,Diagnosis > Definition > Donations,Donations,4,5.3992167,2.664545,69.56278618782929,2.911458468105472,2,0.6131578947368421,0.041353383458646614,2.1533824848295517,10.524369989891426,3,0.1349624060150376,0.13421052631578947
455,1803,Death,Diagnosis > Signs,Signs,3,5.477613,2.7332864,0.2980594777070653,25.205600957051168,2,0.1774436090225564,0.3240601503759398,0.6532773471497794,6.210468863541458,3,0.12368421052631579,0.05789473684210526
456,1803,Death,Diagnosis > Legal,Legal,3,5.377414,2.6642785,117.71182591932991,4.8376128508589336,2,0.8195488721804511,0.06992481203007518,70.22260061508864,38.93246429726673,3,0.7909774436090226,0.599624060150376
457,1803,Death,Diagnosis > Misdiagnosis,Misdiagnosis,3,5.4331446,2.6625378,59.414383750758816,8.641506032575279,2,0.5447368421052632,0.10902255639097744,61.68030858475546,146.79781431953342,3,0.7394736842105263,0.9819548872180451
458,1803,Death,Causes,Causes,2,5.4282937,2.3930073,21.63841368894995,34.13545600978865,2,0.28383458646616544,0.42969924812030075,4.072150916918242,35.86625750005582,3,0.14736842105263157,0.5631578947368421
459,1803,Death,Causes > Autopsy,Autopsy,3,5.519147,2.6899686,-22.901996306847792,138.5208223358132,2,0.10338345864661654,0.9293233082706767,18.755790144067436,64.67055488460296,3,0.30488721804511276,0.8071428571428572
460,1803,Death,Death before birth,Death before birth,2,5.718173,2.292376,47.852989590743015,4.052811337549151,2,0.4703007518796993,0.059398496240601506,83.18542793837281,34.637642713960226,3,0.8421052631578947,0.5488721804511278
461,1803,Death,Death before birth > Stillbirth,Stillbirth,3,5.701682,2.2568004,123.91908254602063,3.806154317670034,2,0.8357142857142857,0.05639097744360902,146.35456744104792,62.2570171675133,3,0.9642857142857143,0.7947368421052632
462,1803,Death,Death before birth > Miscarriage,Miscarriage,3,5.695133,2.2578256,50.78327576544004,15.596199031194091,2,0.48872180451127817,0.20150375939849624,65.45744813353143,42.440323460204745,3,0.7605263157894737,0.6357142857142857
463,1803,Death,Death before birth > Abortion,Abortion,3,5.7402053,2.2895458,126.79095090464841,9.680387015012105,2,0.8451127819548873,0.12330827067669173,77.43161928243045,59.891628776933366,3,0.8199248120300752,0.7793233082706766
464,1803,Death,Senescence,Senescence,2,5.309401,2.4452088,171.82975337981222,0.6191896722858503,2,0.9240601503759398,0.009774436090225564,86.94264100767458,70.44285630557214,3,0.8533834586466166,0.8308270676691729
465,1803,Death,Life extension,Life extension,2,5.338458,2.5463603,-50.83901380433143,27.240943569196116,2,0.05451127819548872,0.3473684210526316,16.67496257272294,18.389845344214734,3,0.2808270676691729,0.29210526315789476
466,1803,Death,Life extension > Cryonics,Cryonics,3,5.3542824,2.5629594,104.89476766748814,66.4602489392341,2,0.7729323308270677,0.693984962406015,80.2897707147866,45.950606039928665,3,0.8334586466165413,0.6710526315789473
467,1803,Death,Location,Location,2,5.497501,2.4066603,97.00345834061383,8.512200176347175,2,0.7432330827067669,0.10827067669172932,79.97312462459202,13.53984699703713,3,0.8319548872180451,0.19172932330827067
468,1803,Death,Psychology,Psychology,2,5.529496,2.6765397,36.492983765692166,1.7008538743279094,2,0.3913533834586466,0.02819548872180451,15.29572901920531,21.51605206051657,3,0.2661654135338346,0.3454887218045113
469,1803,Death,Society and culture,Society and culture,2,5.618001,2.7114573,74.47526744230828,6.185574697376443,2,0.6406015037593985,0.0830827067669173,46.00863701179026,18.704266621438457,3,0.6233082706766917,0.2981203007518797
470,1803,Death,Society and culture > Origins of death,Origins of death,3,5.73005,2.8353229,22.97889352635413,3.359171796658318,2,0.2943609022556391,0.04924812030075188,8.895597443695438,12.069376338002003,3,0.19210526315789472,0.1631578947368421
471,1803,Death,Consciousness,Consciousness,2,5.4927197,2.6927505,123.3625681956949,62.74367743199863,2,0.8345864661654135,0.6687969924812031,68.19470361237529,19.60511404602262,3,0.7763157894736842,0.31466165413533836
472,1803,Death,In biology,In biology,2,2.3355672,1.9690367,-30.354827753569406,27.32176835457791,2,0.08646616541353383,0.34924812030075186,4.833596309407099,78.0115770174133,3,0.1537593984962406,0.8578947368421053
473,1803,Death,In biology > Natural selection,Natural selection,3,1.5922116,1.3674595,96.19742354709834,2.2482428036413094,2,0.7390977443609023,0.03270676691729323,51.69995979573671,15.957515645797931,3,0.6710526315789473,0.24097744360902257
474,1803,Death,In biology > Evolution of aging and mortality,Evolution of aging and mortality,3,0.91113317,1.9416322,58.493049114846315,7.082933640461375,2,0.5349624060150376,0.09398496240601503,43.95532380178357,26.230037586281572,3,0.6030075187969924,0.41842105263157897
475,1803,Death,In biology > Grief in animals,Grief in animals,3,9.918145,4.010584,71.68186372865833,89.25447275634434,2,0.6274436090225564,0.8135338345864662,-7.1310472739729995,9.91022556270929,3,0.08233082706766917,0.12030075187969924
476,1803,Death,Death of abiotic factors,Death of abiotic factors,2,5.1285377,2.5853162,147.71884523136936,40.771588153022854,2,0.8849624060150376,0.4928571428571429,36.855087106525254,30.698620324968896,3,0.5278195488721804,0.4921052631578947
477,1803,Death,Religious views > Buddhism,Buddhism,3,5.629824,2.725013,66.19758039732345,20.790175703996436,2,0.5890977443609022,0.2661654135338346,27.133888671040662,9.353949638708794,3,0.41353383458646614,0.10977443609022557
478,1803,Death,Religious views > Christianity,Christianity,3,5.650062,2.7394626,144.91570696696263,31.996335978848933,2,0.880827067669173,0.40601503759398494,56.723567074270825,32.301672718177684,3,0.7120300751879699,0.5161654135338346
479,1803,Death,Religious views > Hinduism,Hinduism,3,5.555513,2.6528153,42.217183412377395,4.646494846619849,2,0.43082706766917295,0.06578947368421052,53.7504830892323,14.422269604649923,3,0.687593984962406,0.20977443609022556
480,1803,Death,Religious views > Islam,Islam,3,5.5776834,2.706127,77.29632557542686,40.91459351035274,2,0.6560150375939849,0.4951127819548872,12.222274765216957,33.17697965274688,3,0.22631578947368422,0.530827067669173
481,1803,Death,Religious views > Judaism,Judaism,3,5.6249156,2.716745,262.8278123688833,75.0079419148076,2,0.9770676691729323,0.7473684210526316,116.13201571294753,14.844943873120583,3,0.9270676691729324,0.21917293233082707
482,1803,Death,Language,Language,2,5.518125,2.674633,-8.46729531367179,99.56388524338892,2,0.14661654135338345,0.8469924812030075,-91.84755002826735,32.398775225375765,3,0.0011278195488721805,0.518796992481203
483,1949,Earth,Introduction,Introduction,0,2.3397603,3.7665932,105.94340713803652,48.10805172937788,2,0.7770676691729324,0.5586466165413534,19.966681559800723,4.093663828228316,3,0.3229323308270677,0.02669172932330827
484,1949,Earth,Etymology,Etymology,2,5.8521595,3.6344395,-50.319499043588976,46.94671479923834,2,0.05526315789473684,0.5473684210526316,53.06720897245975,60.03117696505248,3,0.6815789473684211,0.7804511278195488
485,1949,Earth,Natural history > Formation,Formation,3,1.4581608,4.1916537,172.42256551857272,64.8250242094812,2,0.9255639097744361,0.6849624060150376,54.71429323659769,22.14324609027578,3,0.6947368421052632,0.3548872180451128
486,1949,Earth,Natural history > After formation,After formation,3,1.6009692,3.6129313,95.34861302213778,6.206536152564117,2,0.7368421052631579,0.08345864661654136,78.24928572138775,66.6171950814641,3,0.8236842105263158,0.8154135338345865
487,1949,Earth,Natural history > Origin of life and evolution,Origin of life and evolution,3,1.3437535,3.0485582,32.25738904847444,11.2253083727517,2,0.362406015037594,0.1424812030075188,18.20189584629958,15.379332960338049,3,0.29736842105263156,0.22894736842105262
488,1949,Earth,Natural history > Future,Future,3,1.9688947,5.057346,17.52501908958759,21.145344622891695,2,0.2578947368421053,0.2736842105263158,31.02622731685733,47.65483925017009,3,0.46015037593984964,0.6864661654135338
489,1949,Earth,Physical characteristics > Size and shape,Size and shape,3,2.275827,3.8616223,69.58789061079875,74.10138162173817,2,0.6135338345864662,0.7409774436090225,8.626729744139572,21.996507943346263,3,0.18947368421052632,0.3533834586466165
490,1949,Earth,Physical characteristics > Surface,Surface,3,2.6435957,3.4122772,106.57056604268006,93.99630623946067,2,0.7800751879699248,0.8300751879699249,28.766978360664694,10.4871403452638,3,0.4349624060150376,0.1330827067669173
491,1949,Earth,Physical characteristics > Tectonic plates,Tectonic plates,3,2.6977777,3.501932,40.28209071105334,17.835907483509857,2,0.41729323308270677,0.2281954887218045,35.99630224181298,19.024837811372457,3,0.5180451127819549,0.30526315789473685
492,1949,Earth,Physical characteristics > Internal structure,Internal structure,3,2.4311585,3.7797956,76.07309165749766,2.9438648588664056,2,0.649624060150376,0.042105263157894736,26.74225461008813,10.394472150113458,3,0.40789473684210525,0.1293233082706767
493,1949,Earth,Physical characteristics > Chemical composition,Chemical composition,3,2.315411,3.9024513,81.8178738027744,33.182848858661856,2,0.6770676691729324,0.42142857142857143,-5.986171635970312,58.80134031445622,3,0.08834586466165413,0.7718045112781955
494,1949,Earth,Physical characteristics > Internal heat,Internal heat,3,2.4877164,3.7376707,62.10375545258604,23.700445420768894,2,0.5609022556390978,0.3075187969924812,28.892233666261983,19.388776524636423,3,0.43796992481203006,0.3112781954887218
495,1949,Earth,Physical characteristics > Gravitational field,Gravitational field,3,1.6160992,4.4163194,109.2025475608061,91.33282680438947,2,0.7902255639097744,0.8206766917293233,44.22648231034818,17.104512302957907,3,0.6056390977443609,0.2654135338345865
496,1949,Earth,Physical characteristics > Magnetic field,Magnetic field,3,1.9114958,4.8378158,44.98307349902409,26.95656743355742,2,0.45150375939849624,0.34210526315789475,38.91065196114167,3.756414806822342,3,0.5507518796992481,0.02180451127819549
497,1949,Earth,Orbit and rotation > Rotation,Rotation,3,1.5112913,4.955432,70.36366089178665,22.315415792526426,2,0.6206766917293233,0.29022556390977444,21.327674117404758,11.518151983639495,3,0.3406015037593985,0.1507518796992481
498,1949,Earth,Orbit and rotation > Orbit,Orbit,3,1.4207721,4.960252,8.90236606207095,56.18066156116636,2,0.21278195488721804,0.6296992481203008,38.48357658836346,30.99875337416995,3,0.5454887218045112,0.49736842105263157
499,1949,Earth,Orbit and rotation > Axial tilt and seasons,Axial tilt and seasons,3,1.4288509,4.858642,21.584098104899727,27.419831728913216,2,0.28345864661654135,0.3511278195488722,23.30643488916577,4.986940762892276,3,0.3669172932330827,0.0406015037593985
500,1949,Earth,Earth–Moon system > Moon,Moon,3,1.2956157,4.833792,7.917771676453368,21.04388143069734,2,0.20451127819548873,0.27030075187969926,30.45060557760782,26.260077407959113,3,0.45413533834586467,0.418796992481203
501,1949,Earth,Earth–Moon system > Asteroids and artificial satellites,Asteroids and artificial satellites,3,1.4195515,5.179624,18.50729198082208,63.66606570052552,2,0.2654135338345865,0.6755639097744361,37.69367027360289,20.348120013145824,3,0.5357142857142857,0.32744360902255637
502,1949,Earth,Hydrosphere,Hydrosphere,2,2.6070738,3.6213486,7.123218014755555,44.76234642059667,2,0.20150375939849624,0.5319548872180451,27.14979554511387,45.84053287664155,3,0.4139097744360902,0.6703007518796993
503,1949,Earth,Atmosphere,Atmosphere,2,2.204147,3.8582826,86.59111592320096,40.83776232663639,2,0.6984962406015037,0.4943609022556391,9.061423705162248,16.01202653536174,3,0.1951127819548872,0.2424812030075188
504,1949,Earth,Atmosphere > Weather and climate,Weather and climate,3,2.5015368,3.5345886,-18.02084042150999,17.99296765188688,2,0.11503759398496241,0.23233082706766917,60.82649468675839,35.234573895567245,3,0.7345864661654136,0.5537593984962406
505,1949,Earth,Atmosphere > Upper atmosphere,Upper atmosphere,3,2.1626232,4.02805,-6.905212403790717,47.32427415160356,2,0.1507518796992481,0.5522556390977443,7.774601157108691,12.544887758758206,3,0.18233082706766918,0.17142857142857143
506,1949,Earth,Life on Earth,Life on Earth,2,1.936732,2.9550033,140.41889065261634,63.65975406877099,2,0.8729323308270677,0.675187969924812,94.853031537928,84.702801715486,3,0.8766917293233083,0.8834586466165414
507,1949,Earth,Life on Earth > Challenges for life on Earth,Challenges for life on Earth,3,3.013417,2.4314775,5.163585271848099,115.05046983435605,2,0.19548872180451127,0.8906015037593985,70.6302182987075,21.153984622727275,3,0.7928571428571428,0.34135338345864663
508,1949,Earth,Human geography,Human geography,2,5.2980714,1.4863447,115.68050510667987,74.43289664003498,2,0.8120300751879699,0.7436090225563909,22.362685480677484,17.87034501390038,3,0.3548872180451128,0.2793233082706767
509,1949,Earth,Human geography > Natural resources and land use,Natural resources and land use,3,3.0635514,2.205753,-12.453897604697516,16.6257417135743,2,0.1319548872180451,0.21503759398496242,39.93314914566801,10.97611901753082,3,0.5590225563909774,0.14097744360902256
510,1949,Earth,Human geography > Humans and the environment,Humans and the environment,3,2.9978576,2.439902,62.964661008126356,17.0693653468587,2,0.568796992481203,0.21804511278195488,2.7104751431096497,40.36765672560189,3,0.13909774436090225,0.6154135338345864
511,1949,Earth,Cultural and historical viewpoint,Cultural and historical viewpoint,2,5.483458,4.335897,42.122404464064374,55.0992205993376,2,0.4293233082706767,0.6221804511278195,94.0405662633954,60.56778830004774,3,0.8740601503759399,0.7845864661654135
512,1967,Ecology,Introduction,Introduction,0,2.0911634,1.9354874,6.433077001818808,13.698955142232604,2,0.1988721804511278,0.17330827067669172,21.26518877004716,22.57223721176941,3,0.33909774436090223,0.36165413533834584
513,1967,Ecology,"Levels, scope, and scale of organization","Levels, scope, and scale of organization",2,2.1002164,2.0608366,62.49986073622941,28.9109603009931,2,0.5646616541353383,0.37030075187969924,98.96829763623693,40.22471396168581,3,0.8872180451127819,0.6146616541353384
514,1967,Ecology,"Levels, scope, and scale of organization > Hierarchy",Hierarchy,3,1.9865273,2.1736834,-142.64785439167835,144.63691018213063,2,0.006015037593984963,0.9406015037593985,123.35768170613562,112.00998388487481,3,0.9387218045112782,0.9481203007518797
515,1967,Ecology,"Levels, scope, and scale of organization > Biodiversity",Biodiversity,3,2.247827,2.0277164,-126.83627818074474,256.2959583195824,2,0.009022556390977444,0.9939849624060151,115.07480238981331,13.71902481052809,3,0.924436090225564,0.19548872180451127
516,1967,Ecology,"Levels, scope, and scale of organization > Habitat",Habitat,3,2.1432133,2.3157337,70.32502842944996,94.13857457601185,2,0.6195488721804512,0.8308270676691729,164.8905282306845,107.90401007151554,3,0.9759398496240601,0.9413533834586466
517,1967,Ecology,"Levels, scope, and scale of organization > Niche",Niche,3,2.0492427,2.0066764,350.5417034472205,257.63280202098565,2,0.9917293233082707,0.9943609022556391,163.01910804908485,82.6278487736024,3,0.9740601503759398,0.8744360902255639
518,1967,Ecology,"Levels, scope, and scale of organization > Niche construction",Niche construction,3,2.0999157,2.219696,154.25724311546003,27.539133617915347,2,0.8977443609022556,0.3530075187969925,88.58542857683109,23.629746562317727,3,0.8575187969924812,0.3774436090225564
519,1967,Ecology,"Levels, scope, and scale of organization > Biome",Biome,3,2.2166312,2.582095,135.65583838563686,109.25622449750762,2,0.8631578947368421,0.8774436090225564,93.69556216050677,100.28772101874115,3,0.8736842105263158,0.9281954887218045
520,1967,Ecology,"Levels, scope, and scale of organization > Biosphere",Biosphere,3,2.033455,2.277709,199.03808324393142,53.380690844186816,2,0.9503759398496241,0.6082706766917293,72.27566363172686,56.88354574111087,3,0.7981203007518797,0.7571428571428571
521,1967,Ecology,"Levels, scope, and scale of organization > Population ecology",Population ecology,3,1.9088422,1.6549419,27.71090443969353,1.948475799097473,2,0.331203007518797,0.030827067669172932,32.53670472902649,16.959585134043575,3,0.48233082706766917,0.26165413533834586
522,1967,Ecology,"Levels, scope, and scale of organization > Metapopulations and migration",Metapopulations and migration,3,1.9192941,1.7079763,4.13933345026528,40.14580382790461,2,0.19097744360902255,0.4864661654135338,56.205020740799256,37.24256320650428,3,0.7075187969924812,0.5781954887218045
523,1967,Ecology,"Levels, scope, and scale of organization > Community ecology",Community ecology,3,2.121291,1.9632109,136.1800521692794,114.78479301068569,2,0.8639097744360902,0.8902255639097745,126.67704945417461,39.363347367327634,3,0.943609022556391,0.6048872180451128
524,1967,Ecology,"Levels, scope, and scale of organization > Ecosystem ecology",Ecosystem ecology,3,2.095759,2.0044093,115.77488479462639,81.36416863452631,2,0.812406015037594,0.7800751879699248,72.9457004569581,48.23801667673321,3,0.8,0.6924812030075188
525,1967,Ecology,"Levels, scope, and scale of organization > Food webs",Food webs,3,2.2647376,2.0494173,175.43658976790758,42.93120626454844,2,0.9300751879699248,0.5154135338345864,79.32099999183195,35.60201951386836,3,0.8285714285714286,0.5597744360902256
526,1967,Ecology,"Levels, scope, and scale of organization > Trophic levels",Trophic levels,3,2.3419201,2.0416057,116.16282004747714,26.185004988098374,2,0.8146616541353383,0.33345864661654134,56.2771541818361,78.00818657872259,3,0.7082706766917293,0.8575187969924812
527,1967,Ecology,"Levels, scope, and scale of organization > Keystone species",Keystone species,3,2.2635195,1.9456855,191.52583669056486,103.41911922270909,2,0.9424812030075188,0.8601503759398497,103.00334237589715,47.70766448842216,3,0.8988721804511278,0.687593984962406
528,1967,Ecology,Complexity,Complexity,2,2.010534,2.0851963,93.71298401202122,65.51884465197539,2,0.7293233082706767,0.6894736842105263,50.75561072065448,52.65441465396123,3,0.66203007518797,0.725187969924812
529,1967,Ecology,Complexity > Holism,Holism,3,1.9747957,2.203444,197.16938078506894,14.644477429629037,2,0.9488721804511279,0.18609022556390978,85.4903961485479,118.50871571377779,3,0.849624060150376,0.9578947368421052
530,1967,Ecology,Relation to evolution,Relation to evolution,2,1.979264,1.79383,171.8756135474963,207.65507316011096,2,0.924436090225564,0.9845864661654136,59.209515216037346,31.504799998961616,3,0.7233082706766917,0.5045112781954887
531,1967,Ecology,Relation to evolution > Behavioural ecology,Behavioural ecology,3,1.9807473,1.6401143,11.992833556778246,17.447335542619246,2,0.22857142857142856,0.22180451127819548,70.13805707664834,22.635463283326672,3,0.7906015037593985,0.36278195488721804
532,1967,Ecology,Relation to evolution > Cognitive ecology,Cognitive ecology,3,2.0691395,1.8157504,117.37214961996658,38.4746379116861,2,0.8180451127819549,0.4706766917293233,110.01882860897656,57.25252879221136,3,0.9161654135338346,0.7601503759398496
533,1967,Ecology,Relation to evolution > Social ecology,Social ecology,3,1.9756403,1.5004282,101.8942543711224,54.086935568760985,2,0.7635338345864662,0.6157894736842106,132.35091678611212,82.61389643777028,3,0.9522556390977444,0.8740601503759399
534,1967,Ecology,Relation to evolution > Coevolution,Coevolution,3,2.2005992,1.7196755,161.32442553209307,31.096293541398637,2,0.9101503759398496,0.39473684210526316,46.458281955287994,38.01618539443385,3,0.6270676691729323,0.5868421052631579
535,1967,Ecology,Relation to evolution > Biogeography,Biogeography,3,2.0146394,1.8371358,-107.72054995906663,23.130927667113497,2,0.015037593984962405,0.29962406015037596,26.47574814895016,57.00232697179048,3,0.40225563909774437,0.7586466165413533
536,1967,Ecology,Relation to evolution > Biogeography > r/K selection theory,r/K selection theory,4,1.6214652,1.467468,106.90466145188097,17.75995739471645,2,0.7830827067669173,0.22706766917293233,35.22491424600233,63.60419866608857,3,0.5109022556390977,0.8018796992481203
537,1967,Ecology,Relation to evolution > Molecular ecology,Molecular ecology,3,1.8929834,1.692788,205.1672474099796,68.02869283825456,2,0.9530075187969925,0.7033834586466166,64.21937214760858,9.440162240767517,3,0.7522556390977444,0.11090225563909774
538,1967,Ecology,Human ecology > A dual discipline,A dual discipline,3,2.057121,1.9095173,41.308959147722284,31.91758252872468,2,0.424812030075188,0.4041353383458647,100.17572405142703,31.405838293331396,3,0.8902255639097745,0.5026315789473684
539,1967,Ecology,Human ecology > Restoration Ecology,Restoration Ecology,3,2.11708,1.9216806,99.79928843267092,84.50859735533875,2,0.7545112781954887,0.793609022556391,44.52087679648815,75.28971216415555,3,0.6086466165413534,0.8484962406015037
540,1967,Ecology,Relation to the environment,Relation to the environment,2,2.1118417,2.3035107,278.52727567090994,100.61979746212923,2,0.9789473684210527,0.85,124.20547696057226,74.77483085266095,3,0.9406015037593985,0.8473684210526315
541,1967,Ecology,Relation to the environment > Disturbance and resilience,Disturbance and resilience,3,2.3728504,2.0965083,104.91862176895405,53.75705247161127,2,0.7733082706766917,0.6127819548872181,75.36745965444321,33.651306504541125,3,0.8131578947368421,0.5375939849624061
542,1967,Ecology,Relation to the environment > Metabolism and the early atmosphere,Metabolism and the early atmosphere,3,1.5814939,3.2899313,25.705705419595162,18.156658070315913,2,0.318796992481203,0.2349624060150376,49.16021919888454,27.796964905734004,3,0.65,0.4413533834586466
543,1967,Ecology,"Relation to the environment > Radiation: heat, temperature and light","Radiation: heat, temperature and light",3,1.8486179,2.533764,21.07207627667706,0.6234890956512137,2,0.2789473684210526,0.010526315789473684,34.71795059015593,94.15935454693084,3,0.5060150375939849,0.9097744360902256
544,1967,Ecology,Relation to the environment > Physical environments > Water,Water,4,2.100522,2.9988716,140.76426527709236,16.573877600238895,2,0.8740601503759399,0.2131578947368421,88.99123531630964,92.72419263407865,3,0.8590225563909775,0.9071428571428571
545,1967,Ecology,Relation to the environment > Physical environments > Gravity,Gravity,4,2.1156807,2.7325695,89.06704101263226,47.13402653125994,2,0.7112781954887218,0.5503759398496241,24.16732243883597,13.758470389355514,3,0.37593984962406013,0.19699248120300752
546,1967,Ecology,Relation to the environment > Physical environments > Pressure,Pressure,4,2.1281836,2.9005964,42.670570289894165,49.36312095229215,2,0.4345864661654135,0.5721804511278196,5.065662604989729,21.10903112925646,3,0.15601503759398497,0.34022556390977443
547,1967,Ecology,Relation to the environment > Physical environments > Wind and turbulence,Wind and turbulence,4,2.3768458,2.9622834,54.23261946073274,10.77927917253552,2,0.5090225563909775,0.1368421052631579,21.934572559478983,20.413448529235477,3,0.3481203007518797,0.3293233082706767
548,1967,Ecology,Relation to the environment > Physical environments > Fire,Fire,4,1.7996538,3.032588,84.84798218622619,4.8080073974029585,2,0.6894736842105263,0.06954887218045112,98.42922126432647,11.771920913015768,3,0.8860902255639098,0.15676691729323308
549,1967,Ecology,Relation to the environment > Physical environments > Soils,Soils,4,2.2105813,2.4546895,83.95560820677336,43.27227414048603,2,0.6849624060150376,0.5191729323308271,60.73791495006518,46.83765842261067,3,0.7338345864661654,0.6800751879699248
550,1967,Ecology,Relation to the environment > Physical environments > Biogeochemistry and climate,Biogeochemistry and climate,4,1.9480212,2.3960886,61.126776304885794,38.69075966458174,2,0.5548872180451128,0.4725563909774436,68.2869601455992,10.705313002153579,3,0.7774436090225564,0.1387218045112782
551,1967,Ecology,History > Early beginnings,Early beginnings,3,1.8044794,1.8819687,169.64263265663723,103.81158383450781,2,0.9203007518796993,0.8616541353383459,32.862179711972004,30.970052033820092,3,0.4857142857142857,0.49699248120300754
552,1967,Ecology,History > Since 1900,Since 1900,3,1.9714075,1.838858,57.16326147497374,12.231081315193354,2,0.5274436090225564,0.1548872180451128,41.56869914347298,18.658002067315405,3,0.5763157894736842,0.29699248120300753
553,1988,Education,Introduction,Introduction,0,9.220347,3.0615423,54.8701656053755,25.975937697352283,2,0.5161654135338346,0.3300751879699248,20.367877940877687,41.840680480411805,3,0.32669172932330826,0.631203007518797
554,1988,Education,Definitions,Definitions,2,9.161435,3.1671977,28.568620307802398,10.60175803251206,2,0.337593984962406,0.1330827067669173,-1.2813431114123628,29.00310372916113,3,0.11315789473684211,0.4635338345864662
555,1988,Education,Types,Types,2,9.16692,3.169798,136.99123551722843,31.52043793086771,2,0.8657894736842106,0.40075187969924814,20.948844363345216,10.088084184152422,3,0.33345864661654134,0.12255639097744361
556,1988,Education,"Types > Formal, non-formal, and informal","Formal, non-formal, and informal",3,9.20205,3.1029239,40.268849630965164,66.4704996486247,2,0.4169172932330827,0.6943609022556391,-5.75753284382678,17.053207066747564,3,0.08984962406015037,0.2642857142857143
557,1988,Education,Types > Levels,Levels,3,9.189975,3.1224966,8.122052970395735,9.60013150086995,2,0.20676691729323307,0.12142857142857143,-22.771518105950765,23.54572318085495,3,0.03383458646616541,0.374812030075188
558,1988,Education,Types > Others,Others,3,9.133468,3.2144818,15.392861182192126,23.349506620074646,2,0.24812030075187969,0.30338345864661653,-16.966259073000696,21.632200992407107,3,0.04548872180451128,0.34962406015037595
559,1988,Education,Role in society,Role in society,2,9.2607355,3.020069,12.17595196268151,17.595694481473448,2,0.22969924812030076,0.22556390977443608,-4.15147179687061,13.107205489457785,3,0.09699248120300752,0.18458646616541352
560,1988,Education,Role of institutions,Role of institutions,2,9.235651,3.076413,33.993558541867316,17.981581659364412,2,0.37330827067669176,0.2319548872180451,-1.6505295546666965,6.909294909144822,3,0.11127819548872181,0.06804511278195488
561,1988,Education,Factors of educational success,Factors of educational success,2,9.233215,3.188752,34.17750851778048,28.295931824860833,2,0.374812030075188,0.36390977443609024,-19.137980909487382,31.999075888962796,3,0.042105263157894736,0.5112781954887218
562,1988,Education,Factors of educational success > Psychological,Psychological,3,9.187455,3.3255246,29.322495372449158,14.202653702168059,2,0.34398496240601506,0.18195488721804512,21.048608548289877,8.000821567891586,3,0.33533834586466166,0.08796992481203007
563,1988,Education,Factors of educational success > Sociological,Sociological,3,9.266715,3.1774292,24.508375530755067,4.775742630278122,2,0.3082706766917293,0.06879699248120301,-4.0339182841561305,13.449865384651808,3,0.09849624060150376,0.1906015037593985
564,1988,Education,Factors of educational success > Technology and others,Technology and others,3,9.209945,3.1202338,-13.6083254985112,29.11584294894893,2,0.12781954887218044,0.3736842105263158,-26.476541348609658,7.834718491244187,3,0.02593984962406015,0.08458646616541353
565,1988,Education,Education studies,Education studies,2,9.063826,3.2826443,9.530491624246043,53.32956719012149,2,0.2161654135338346,0.6078947368421053,-32.9298201383629,16.659729565065675,3,0.017293233082706767,0.256390977443609
566,1988,Education,Education studies > Subfields,Subfields,3,9.076696,3.358513,39.31545315004382,10.228118869318378,2,0.406390977443609,0.13045112781954887,-8.667179255966913,19.92571901038561,3,0.07443609022556391,0.31917293233082705
567,1988,Education,Education studies > Aims and ideologies,Aims and ideologies,3,9.180706,3.148358,21.83010804044055,48.15686313838471,2,0.2860902255639098,0.5597744360902256,-19.304688545047874,14.430282003569395,3,0.04172932330827068,0.21015037593984962
568,1988,Education,Education studies > Learning theories,Learning theories,3,8.915775,4.227717,42.328154203794206,64.31111782174608,2,0.4323308270676692,0.6789473684210526,-21.875465776252025,20.562651646833466,3,0.035338345864661655,0.331203007518797
569,1988,Education,Education studies > Teaching methods,Teaching methods,3,9.114388,3.2692258,71.27307592832857,74.83419736010647,2,0.6240601503759399,0.7469924812030075,12.68365608244689,4.286734019508153,3,0.23082706766917294,0.029699248120300753
570,1988,Education,History,History,2,9.092239,2.9777036,466.0778304778639,6.438035812596586,2,0.9984962406015038,0.0868421052631579,143.9625068512539,60.36299228688218,3,0.9612781954887218,0.7827067669172932
571,1988,Education,History > Prehistory,Prehistory,3,9.086716,2.7332006,79.4825285588377,44.959906878618476,2,0.6665413533834587,0.5338345864661654,0.4596095492858083,11.517540028525264,3,0.12218045112781954,0.15037593984962405
572,1988,Education,History > Ancient era,Ancient era,3,9.294737,2.783167,28.943259993934007,15.736969130062784,2,0.34135338345864663,0.20338345864661656,6.646018580821367,11.628147850125064,3,0.17218045112781954,0.15263157894736842
573,1988,Education,History > Medieval era,Medieval era,3,8.364188,1.8101286,-29.189284720327226,47.294286185454766,2,0.08984962406015037,0.5518796992481203,-21.027003978566878,3.063469361111247,3,0.038345864661654135,0.015413533834586466
574,1988,Education,History > Modern era,Modern era,3,8.576248,0.6657467,46.28085951185182,51.26623299988105,2,0.46090225563909776,0.5894736842105263,7.870806376652072,20.57022724882571,3,0.18345864661654135,0.33157894736842103
575,1988,Education,History > Contemporary era,Contemporary era,3,9.219556,3.0561655,39.843750215079794,35.857104421068215,2,0.412406015037594,0.4477443609022556,-17.601044412777682,24.841599443221845,3,0.04473684210526316,0.39323308270676693
576,2035,Electricity,Introduction,Introduction,0,4.943584,5.60809,13.80467839442834,46.99404028253647,2,0.23834586466165414,0.5484962406015037,-12.505599443992253,94.37250147981676,3,0.060526315789473685,0.9101503759398496
577,2035,Electricity,History,History,2,4.9784703,5.454557,19.695860917264987,4.137144907031968,2,0.2725563909774436,0.06127819548872181,19.66644354152071,7.086251727122767,3,0.32105263157894737,0.07255639097744361
578,2035,Electricity,Concepts > Electric charge,Electric charge,3,4.455051,5.5234866,12.274310849329193,6.006670469858673,2,0.23082706766917294,0.08195488721804511,-15.137635005264345,19.510587454818115,3,0.05075187969924812,0.31353383458646616
579,2035,Electricity,Concepts > Electric current,Electric current,3,4.952335,5.593505,21.788299411214687,11.03534568590704,2,0.28458646616541355,0.14097744360902256,10.835369511532944,18.25542541108112,3,0.21466165413533836,0.2894736842105263
580,2035,Electricity,Concepts > Electric field,Electric field,3,4.862497,5.6373687,73.18994237701529,24.182097011812928,2,0.6345864661654136,0.31353383458646616,18.264741572939922,10.170407261359252,3,0.2981203007518797,0.12443609022556391
581,2035,Electricity,Concepts > Electric potential,Electric potential,3,4.7096567,5.7501454,-59.450571064147944,60.218641146494434,2,0.043233082706766915,0.6586466165413534,24.89568169199858,7.023079284577631,3,0.3849624060150376,0.07067669172932331
582,2035,Electricity,Concepts > Electromagnets,Electromagnets,3,4.9748015,5.5553036,28.56233127246103,6.5376304550275455,2,0.337218045112782,0.08909774436090226,22.454885826654166,13.30990706420159,3,0.35526315789473684,0.18834586466165412
583,2035,Electricity,Concepts > Electric circuits,Electric circuits,3,4.908614,5.7374945,7.416974038264505,19.341417471722355,2,0.20225563909774436,0.24887218045112783,5.50863016077303,8.09636829566008,3,0.15977443609022557,0.09022556390977443
584,2035,Electricity,Concepts > Electric power,Electric power,3,4.7752886,5.747365,-0.5534325001502456,27.24059319396448,2,0.17481203007518797,0.3469924812030075,-13.805735774278881,30.115954912595683,3,0.05338345864661654,0.4830827067669173
585,2035,Electricity,Concepts > Electronics,Electronics,3,6.592357,6.3952627,88.93812596585053,15.042692508800206,2,0.7109022556390977,0.19323308270676692,50.81257559065355,11.23690753381446,3,0.662406015037594,0.1462406015037594
586,2035,Electricity,Concepts > Electromagnetic wave,Electromagnetic wave,3,5.004559,5.603953,-194.92325356489852,140.09040942057203,2,0.002255639097744361,0.9342105263157895,-7.75971949340185,120.55263742991028,3,0.0793233082706767,0.9609022556390977
587,2035,Electricity,"Production, storage and uses > Generation and transmission",Generation and transmission,3,4.91524,5.427481,67.49684133368669,0.27150504492863187,2,0.6018796992481203,0.005639097744360902,79.36010643506482,23.265093725868667,3,0.8289473684210527,0.37293233082706767
588,2035,Electricity,"Production, storage and uses > Transmission and storage",Transmission and storage,3,4.8161106,5.4013686,-55.88190166306609,17.18059092446637,2,0.04774436090225564,0.21954887218045113,69.4197524864931,109.714707861766,3,0.7857142857142857,0.9443609022556391
589,2035,Electricity,"Production, storage and uses > Applications",Applications,3,4.9085712,5.4500074,-9.247236229347727,70.66082661872261,2,0.1424812030075188,0.7203007518796992,67.44107987476639,14.475073348072081,3,0.7718045112781955,0.21165413533834587
590,2035,Electricity,Electricity and the natural world > Physiological effects,Physiological effects,3,4.914076,5.526635,-180.0363983822521,43.93250878278778,2,0.002631578947368421,0.5259398496240602,49.884602894510174,49.10558635142068,3,0.656390977443609,0.7018796992481203
591,2035,Electricity,Electricity and the natural world > Electrical phenomena in nature,Electrical phenomena in nature,3,4.936754,5.5382395,-131.52338172190136,110.0718443677974,2,0.007894736842105263,0.8804511278195488,37.989103605921336,76.91580974109411,3,0.5402255639097744,0.8548872180451128
592,2035,Electricity,Cultural perception,Cultural perception,2,4.985085,5.481127,-61.351863969917254,85.89464662319455,2,0.04097744360902256,0.7988721804511278,86.86751358172346,140.05808119153303,3,0.8530075187969924,0.9781954887218045
593,2064,Emotion,Introduction,Introduction,0,9.453629,4.7151093,8.082074981440964,64.40018814355747,2,0.20601503759398496,0.6800751879699248,-19.433665226476737,53.964872953574165,3,0.041353383458646614,0.7364661654135338
594,2064,Emotion,Etymology,Etymology,2,9.440362,4.6855297,7.658792672535995,96.43352655685703,2,0.20300751879699247,0.8387218045112782,27.751215621183984,39.658324925841,3,0.42330827067669174,0.6067669172932331
595,2064,Emotion,History,History,2,9.3651495,4.6212835,66.85960085857363,27.63411856796807,2,0.5939849624060151,0.3545112781954887,0.21122377764427824,83.22101526042785,3,0.12142857142857143,0.8785714285714286
596,2064,Emotion,Definitions,Definitions,2,9.51998,4.761024,100.54639171823158,58.87473038999305,2,0.7582706766917293,0.6492481203007519,123.7752495117445,91.91098775567418,3,0.9394736842105263,0.9041353383458647
597,2064,Emotion,Components,Components,2,9.532065,4.737506,-99.9095248490992,168.15903497230053,2,0.01804511278195489,0.9650375939849624,138.45755987400102,55.14803224841302,3,0.956390977443609,0.7458646616541353
598,2064,Emotion,Differentiation,Differentiation,2,9.456548,4.7319484,91.94767977563261,84.05886067126775,2,0.7229323308270676,0.7921052631578948,61.48282590489145,82.34288618453697,3,0.73796992481203,0.8733082706766917
599,2064,Emotion,Classification,Classification,2,9.444343,4.6846356,345.7834769752612,10.6754104394076,2,0.9906015037593985,0.13458646616541353,233.30112849814404,243.1056897224769,3,0.9958646616541353,0.9988721804511278
600,2064,Emotion,Classification > Basic emotions theory,Basic emotions theory,3,9.508538,4.704305,17.434948200052965,15.292638597328379,2,0.2567669172932331,0.1981203007518797,120.0383583260338,13.546594302020832,3,0.9345864661654135,0.19210526315789472
601,2064,Emotion,Classification > Multi-dimensional analysis theory,Multi-dimensional analysis theory,3,9.507579,4.717004,103.76181803541371,4.532078541733953,2,0.7695488721804511,0.06541353383458647,55.2389288954868,12.539393278986518,3,0.7,0.17105263157894737
602,2064,Emotion,Theories > Pre-modern history,Pre-modern history,3,9.388997,4.554734,64.41394165761957,30.502266510463183,2,0.5785714285714286,0.38834586466165416,33.80827700881662,5.977322293609281,3,0.49699248120300754,0.05488721804511278
603,2064,Emotion,Theories > Western theological,Western theological,3,9.485718,4.707239,27.849060870902832,4.27625984776822,2,0.3323308270676692,0.062406015037593986,-3.1560492129379867,29.47534847994402,3,0.10112781954887218,0.4706766917293233
604,2064,Emotion,Theories > Evolutionary theories > 19th century,19th century,4,9.44053,4.646104,144.7110459528404,79.77888578288183,2,0.8804511278195488,0.7729323308270677,-5.772554874848564,61.48565016727392,3,0.08947368421052632,0.7902255639097744
605,2064,Emotion,Theories > Evolutionary theories > Contemporary,Contemporary,4,9.378104,4.6290884,67.07230280676171,75.55355972389441,2,0.5969924812030075,0.7511278195488722,96.6536128945949,116.65195579610405,3,0.880827067669173,0.9552631578947368
606,2064,Emotion,Theories > Somatic theories,Somatic theories,3,9.487958,4.678489,16.349307114239146,89.80749791470478,2,0.2518796992481203,0.8154135338345865,101.1075656747203,34.03878779236558,3,0.8921052631578947,0.543233082706767
607,2064,Emotion,Theories > Somatic theories > James–Lange theory,James–Lange theory,4,9.498941,4.7158713,-36.55105171939995,58.16111516301402,2,0.07481203007518797,0.6454887218045112,82.82128145107265,66.09646259855691,3,0.8406015037593985,0.812406015037594
608,2064,Emotion,Theories > Somatic theories > Cannon–Bard theory,Cannon–Bard theory,4,9.48702,4.688636,60.9957214153048,196.39512026809774,2,0.5537593984962406,0.9808270676691729,102.2867437699975,65.89061359171556,3,0.8981203007518797,0.8116541353383459
609,2064,Emotion,Theories > Somatic theories > Two-factor theory,Two-factor theory,4,9.526431,4.721623,53.381418447911955,5.527558747340605,2,0.5056390977443609,0.07781954887218046,154.3760284664319,10.468417415697465,3,0.9695488721804512,0.13233082706766916
610,2064,Emotion,Theories > Cognitive theories,Cognitive theories,3,9.472949,4.660141,287.451892092841,2.842209444135599,2,0.9815789473684211,0.040225563909774435,218.80407018485735,28.88884475367372,3,0.9921052631578947,0.4616541353383459
611,2064,Emotion,Theories > Cognitive theories > Two-Process Theory,Two-Process Theory,4,9.476057,4.7002287,111.22492405504255,197.9453343002622,2,0.7973684210526316,0.981203007518797,255.41489043635409,53.409348557948945,3,0.9973684210526316,0.7315789473684211
612,2064,Emotion,Theories > Situated perspective on emotion,Situated perspective on emotion,3,9.492237,4.6996017,119.41851131254849,119.84263837619449,2,0.8244360902255639,0.9030075187969925,150.4284226782969,67.11806770994005,3,0.9665413533834587,0.8184210526315789
613,2064,Emotion,Theories > Genetics,Genetics,3,9.165103,4.485998,23.514384652961425,15.04816987030153,2,0.3007518796992481,0.19360902255639098,56.4365840552548,28.793601455247334,3,0.7093984962406015,0.4605263157894737
614,2064,Emotion,Formation > Neurobiological explanation,Neurobiological explanation,3,9.404468,4.606606,104.51802551896527,19.55239949831784,2,0.7721804511278195,0.2518796992481203,91.31309523992068,54.042471979823596,3,0.8676691729323308,0.737218045112782
615,2064,Emotion,Formation > Neurobiological explanation > Prefrontal cortex,Prefrontal cortex,4,9.472581,4.6627917,91.22319504108981,24.26193312142848,2,0.7210526315789474,0.31466165413533836,133.89481566076287,109.99288117171358,3,0.9526315789473684,0.9454887218045113
616,2064,Emotion,Formation > Neurobiological explanation > Homeostatic/primordial emotion,Homeostatic/primordial emotion,4,9.550895,4.765627,101.69884005226808,12.064971793087466,2,0.762406015037594,0.1518796992481203,147.0354372068,32.19861723961099,3,0.9650375939849624,0.5150375939849624
617,2064,Emotion,Formation > Emergent explanation,Emergent explanation,3,9.495345,4.6775346,62.15765089897598,140.0247869964013,2,0.5616541353383459,0.9334586466165413,19.45561478116372,3.950768473014621,3,0.3157894736842105,0.02518796992481203
618,2064,Emotion,Disciplinary approaches,Disciplinary approaches,2,9.349559,4.697265,-1.4090904828390443,65.0073933979074,2,0.17142857142857143,0.6860902255639098,116.48879646164353,77.42736289767977,3,0.9285714285714286,0.8556390977443609
619,2064,Emotion,Disciplinary approaches > History of emotions,History of emotions,3,9.451747,4.660089,10.880709325454273,100.12062486585857,2,0.22330827067669173,0.8484962406015037,191.64189064333877,96.75707265448638,3,0.9864661654135338,0.9180451127819549
620,2064,Emotion,Disciplinary approaches > Sociology,Sociology,3,9.531171,4.7313576,-35.69981028978944,3.951257948059793,2,0.07706766917293233,0.058646616541353384,128.2920844328667,80.50340427088153,3,0.9458646616541353,0.8646616541353384
621,2064,Emotion,Disciplinary approaches > Psychotherapy and regulation,Psychotherapy and regulation,3,9.555144,4.758342,3.8507909661749977,119.2097764180832,2,0.19022556390977444,0.900375939849624,308.98344037016943,138.5669901142009,3,0.9984962406015038,0.9770676691729323
622,2064,Emotion,Disciplinary approaches > Cross-cultural research,Cross-cultural research,3,9.450378,4.590184,103.03212210744405,30.696094002202578,2,0.7676691729323308,0.39210526315789473,55.5593904256749,18.05917746737065,3,0.7026315789473684,0.2849624060150376
623,2064,Emotion,Disciplinary approaches > Computer science,Computer science,3,9.424016,4.7120657,59.333671089686106,78.17542034417968,2,0.543609022556391,0.7635338345864662,77.91328616469494,48.257768828932996,3,0.8221804511278196,0.6932330827067669
624,2064,Emotion,Effects on memory,Effects on memory,2,9.427873,4.701096,187.95812189590896,49.26285897600058,2,0.9398496240601504,0.5699248120300752,118.78740323095228,83.15881323347674,3,0.9319548872180451,0.8778195488721805
625,2064,Emotion,Notable theorists,Notable theorists,2,9.38136,4.704127,8.689522119727073,11.967072795515055,2,0.21090225563909776,0.1507518796992481,25.70664020865019,35.26217856835011,3,0.39360902255639096,0.5545112781954887
626,2082,Energy,Introduction,Introduction,0,4.581096,5.8925595,35.25216169930303,46.84810049831793,2,0.3823308270676692,0.5462406015037594,-6.211194634592695,38.52381570557286,3,0.08721804511278196,0.5932330827067669
627,2082,Energy,Forms,Forms,2,4.5310283,5.91477,4.697706538473627,15.595210271865536,2,0.1943609022556391,0.20112781954887218,13.761963855248004,44.51824911627895,3,0.24548872180451128,0.6578947368421053
628,2082,Energy,History,History,2,4.6536207,5.800287,22.460415092333438,29.04114723217359,2,0.29022556390977444,0.37218045112781956,-4.862130510061969,23.05386217043882,3,0.0924812030075188,0.368796992481203
629,2082,Energy,Units of measure,Units of measure,2,4.612953,5.821273,84.6934627003328,15.580116159782083,2,0.6890977443609022,0.20075187969924813,21.82373204439249,23.45136243131762,3,0.3458646616541353,0.37406015037593987
630,2082,Energy,Scientific use > Classical mechanics,Classical mechanics,3,4.6436334,5.8886514,6.9169951780823276,22.29323891072699,2,0.20037593984962407,0.2894736842105263,15.854367040449196,10.789865242711887,3,0.2710526315789474,0.13909774436090225
631,2082,Energy,Scientific use > Chemistry,Chemistry,3,4.453856,5.8048625,-60.406797994956214,19.3591792103088,2,0.041353383458646614,0.24962406015037594,-49.74583402620828,15.104321007247417,3,0.006766917293233083,0.22518796992481202
632,2082,Energy,Scientific use > Biology,Biology,3,1.6620733,2.4847913,167.96630208997303,42.64718466378882,2,0.9172932330827067,0.51203007518797,83.06407544123662,24.34016266690365,3,0.8417293233082707,0.3887218045112782
633,2082,Energy,Scientific use > Biology > Humans,Humans,4,3.1941676,2.4630766,50.703780448555705,15.002130800297014,2,0.48796992481203005,0.19097744360902255,-17.790769692691416,18.019438238592354,3,0.0443609022556391,0.28308270676691727
634,2082,Energy,Scientific use > Biology > Cell metabolism,Cell metabolism,4,1.4857258,2.504026,20.54686870197831,10.070645184882581,2,0.27593984962406015,0.1274436090225564,32.690798565096195,64.28827294609526,3,0.4838345864661654,0.8056390977443609
635,2082,Energy,Scientific use > Earth sciences,Earth sciences,3,2.5668883,3.8665953,88.28344813384956,37.263151816815345,2,0.706766917293233,0.4605263157894737,22.60998390026739,63.62660049352425,3,0.35639097744360904,0.8022556390977443
636,2082,Energy,Scientific use > Cosmology,Cosmology,3,3.0035865,5.5836096,28.285684670890276,40.66948203197621,2,0.3357142857142857,0.4913533834586466,37.32515407102542,59.750820877513185,3,0.5319548872180451,0.7781954887218046
637,2082,Energy,Scientific use > Quantum mechanics,Quantum mechanics,3,4.596028,5.805952,27.07975457159605,12.953251718779011,2,0.32706766917293234,0.16353383458646617,19.30724566915147,12.95117714513822,3,0.31353383458646616,0.18082706766917292
638,2082,Energy,Scientific use > Relativity,Relativity,3,4.4730825,5.8596244,25.226148868639207,7.489915125879566,2,0.31390977443609025,0.09774436090225563,26.997323735919498,2.701849711283397,3,0.4112781954887218,0.013157894736842105
639,2082,Energy,Transformation,Transformation,2,4.5252028,5.920057,-23.68471195869242,34.61009027731734,2,0.10112781954887218,0.4345864661654135,20.316388192721192,20.08419557085224,3,0.32593984962406014,0.32142857142857145
640,2082,Energy,Transformation > Conservation of energy and mass in transformation,Conservation of energy and mass in transformation,3,4.4685926,5.8246717,-106.29045406143888,94.25673320340528,2,0.015413533834586466,0.8312030075187969,55.13149246715496,58.188468079188105,3,0.6988721804511279,0.7680451127819549
641,2082,Energy,Transformation > Reversible and non-reversible transformations,Reversible and non-reversible transformations,3,4.5355973,5.936172,65.2020035126925,23.60787300055167,2,0.5819548872180451,0.3067669172932331,4.940382137099494,109.83736291575158,3,0.1548872180451128,0.9447368421052632
642,2082,Energy,Conservation of energy,Conservation of energy,2,4.5453415,5.906139,21.32638356555446,28.5794855172865,2,0.281203007518797,0.36654135338345867,35.701307696402814,18.907824515552562,3,0.5142857142857142,0.3018796992481203
643,2082,Energy,Energy transfer > Closed systems,Closed systems,3,4.526721,5.94212,43.2068493849428,124.71277669058829,2,0.43721804511278195,0.9112781954887218,52.613919991058545,16.91467148486948,3,0.6785714285714286,0.26090225563909775
644,2082,Energy,Energy transfer > Open systems,Open systems,3,4.522417,5.9361286,-167.5873160035941,309.7677329738735,2,0.0033834586466165413,0.9977443609022556,41.446906418730684,211.8789795336735,3,0.5744360902255639,0.9947368421052631
645,2082,Energy,Thermodynamics > Internal energy,Internal energy,3,4.5099487,5.914859,61.52110836983671,71.63240159808461,2,0.5578947368421052,0.7270676691729323,62.915780585478096,21.66618529494867,3,0.7447368421052631,0.35
646,2082,Energy,Thermodynamics > First law of thermodynamics,First law of thermodynamics,3,4.5369706,5.913749,34.06154991349313,36.60177088080863,2,0.37406015037593987,0.45225563909774436,6.379549605905314,14.34986446103116,3,0.1680451127819549,0.20827067669172933
647,2082,Energy,Thermodynamics > Equipartition of energy,Equipartition of energy,3,4.525804,5.927755,-32.79874715481121,34.96161363881759,2,0.08270676691729323,0.4387218045112782,2.3792902845888304,17.67754989886102,3,0.13646616541353385,0.27669172932330827
648,2084,Engineering,Introduction,Introduction,0,6.685254,5.0819373,194.0918801504011,88.21987254699667,2,0.9466165413533835,0.8082706766917294,22.94306502375595,32.11581637703389,3,0.36390977443609024,0.5139097744360902
649,2084,Engineering,Definition,Definition,2,6.7031727,5.074769,-17.414388554461496,16.235746725443242,2,0.11842105263157894,0.2075187969924812,36.03148704114743,16.387819855396963,3,0.5184210526315789,0.2511278195488722
650,2084,Engineering,History,History,2,6.5835476,4.930534,45.687051242654526,54.94752137149109,2,0.456390977443609,0.6206766917293233,17.415971220712805,10.297831637082735,3,0.2857142857142857,0.1281954887218045
651,2084,Engineering,History > Ancient era,Ancient era,3,7.597751,1.9481981,61.033355007810314,47.66849116319302,2,0.5545112781954887,0.556015037593985,48.925701021882766,21.01821684409291,3,0.6458646616541354,0.3387218045112782
652,2084,Engineering,History > Middle Ages,Middle Ages,3,7.6601067,2.0487864,32.639650923928585,105.24572312319123,2,0.3650375939849624,0.8650375939849624,37.86082731326439,44.49015404363996,3,0.5383458646616541,0.6575187969924812
653,2084,Engineering,History > Industrial revolution,Industrial revolution,3,5.6660137,4.942403,84.56722470026293,63.86410067748709,2,0.687593984962406,0.6763157894736842,25.02828161429723,28.114836771073392,3,0.3879699248120301,0.4473684210526316
654,2084,Engineering,History > Development of new fields,Development of new fields,3,5.50696,5.1424727,77.46325430149415,35.75352770305859,2,0.6571428571428571,0.4462406015037594,79.20532391681364,13.150573067928907,3,0.8274436090225564,0.18571428571428572
655,2084,Engineering,Branches of engineering,Branches of engineering,2,6.70396,5.087807,196.53124662690726,34.6800283699347,2,0.9477443609022557,0.43533834586466164,8.275554151341865,19.237915704355263,3,0.18721804511278195,0.3086466165413534
656,2084,Engineering,Interdisciplinary engineering,Interdisciplinary engineering,2,6.7319965,5.051741,-59.03420573931225,66.17588734469,2,0.0443609022556391,0.6921052631578948,63.56002328588196,49.45110120489487,3,0.7473684210526316,0.705639097744361
657,2084,Engineering,Practice,Practice,2,6.7247524,5.0640383,400.869152934703,117.81758110931285,2,0.9958646616541353,0.8981203007518797,227.323093982002,97.96867677786355,3,0.9939849624060151,0.9221804511278195
658,2084,Engineering,Methodology,Methodology,2,6.7145104,5.1717973,81.92338339768904,14.139400259776691,2,0.6785714285714286,0.18045112781954886,-2.890884738953502,8.447159033163254,3,0.10338345864661654,0.0962406015037594
659,2084,Engineering,Methodology > Problem solving,Problem solving,3,6.71651,5.171845,88.03253285451581,130.83026734291016,2,0.7041353383458646,0.9187969924812031,7.74576943558201,136.48009545980977,3,0.18157894736842106,0.9740601503759398
660,2084,Engineering,Methodology > Computer use,Computer use,3,6.7120595,5.262625,35.73964554479316,28.07941144727739,2,0.38609022556390976,0.3597744360902256,79.23388556811608,30.35052723946621,3,0.8278195488721805,0.4853383458646617
661,2084,Engineering,Social context,Social context,2,6.7309246,5.0846734,101.00943671318473,82.55204674737926,2,0.7605263157894737,0.7853383458646617,-2.7824834943812546,74.43209658121721,3,0.1037593984962406,0.8454887218045113
662,2084,Engineering,Social context > Code of ethics,Code of ethics,3,6.746832,5.081048,36.69906784509047,22.34960175941169,2,0.3924812030075188,0.29097744360902256,-37.05804146203007,7.531088483763879,3,0.012781954887218045,0.08007518796992481
663,2084,Engineering,Relationships with other disciplines > Science,Science,3,6.7104263,5.1865964,78.79764328861191,26.920628513899175,2,0.662406015037594,0.34135338345864663,13.926947033521628,15.886001002213636,3,0.24774436090225563,0.2394736842105263
664,2084,Engineering,Relationships with other disciplines > Medicine and biology,Medicine and biology,3,7.126332,4.786246,111.86202592454552,91.60706855625833,2,0.8003759398496241,0.8229323308270676,13.693098424853991,36.05244449159027,3,0.24398496240601503,0.5646616541353383
665,2084,Engineering,Relationships with other disciplines > Art,Art,3,10.248205,0.0870797,-56.165258958240514,72.340357018623,2,0.04736842105263158,0.7330827067669173,150.87539350959324,82.28254545650965,3,0.9676691729323308,0.8729323308270677
666,2084,Engineering,Relationships with other disciplines > Business,Business,3,6.684115,5.1252646,-39.394442521003306,92.67031983740038,2,0.07030075187969925,0.824812030075188,34.007656033893284,33.096955338904365,3,0.4988721804511278,0.5293233082706766
667,2084,Engineering,Relationships with other disciplines > Other fields,Other fields,3,6.795898,4.9878855,107.81666776365437,98.53497261146485,2,0.7849624060150376,0.8439849624060151,-43.50215980318285,74.07095554402808,3,0.009398496240601503,0.8439849624060151
668,2090,Entertainment,Introduction,Introduction,0,11.125984,1.2877024,-77.48983736325364,153.24936279084363,2,0.02857142857142857,0.95,-52.49720633019615,7.284424299916924,3,0.005263157894736842,0.07593984962406015
669,2090,Entertainment,Etymology,Etymology,2,11.097496,1.4863027,84.63174603233522,90.0509975689941,2,0.6879699248120301,0.8172932330827067,7.511814849724587,27.709354067762522,3,0.18045112781954886,0.4406015037593985
670,2090,Entertainment,Psychology and philosophy,Psychology and philosophy,2,10.70209,1.5127141,-70.30500569760946,57.80482701217922,2,0.03383458646616541,0.6421052631578947,33.81656717639958,72.27111420748062,3,0.49736842105263157,0.8368421052631579
671,2090,Entertainment,History,History,2,10.565379,1.3360083,48.208716630698675,19.751466219468217,2,0.47368421052631576,0.25526315789473686,26.96746879363826,9.827076100327046,3,0.4105263157894737,0.11804511278195488
672,2090,Entertainment,History > Court entertainment,Court entertainment,3,10.684808,1.2867151,51.86804610778985,14.166454843082603,2,0.49661654135338346,0.181203007518797,20.373057316349758,2.4585795853468575,3,0.32706766917293234,0.010526315789473684
673,2090,Entertainment,History > Public punishment,Public punishment,3,10.833804,1.2772237,28.06591230620112,17.511249992275555,2,0.3330827067669173,0.2236842105263158,22.285360546292903,19.66735341289872,3,0.3530075187969925,0.3150375939849624
674,2090,Entertainment,Children,Children,2,10.682583,1.4147761,21.830065945054276,20.510683539287076,2,0.2857142857142857,0.26165413533834586,15.07476138940774,5.3557597835786925,3,0.2639097744360902,0.04473684210526316
675,2090,Entertainment,Forms > Banquets,Banquets,3,10.839983,1.2210428,-4.008854859406771,46.46546086827575,2,0.1631578947368421,0.5428571428571428,-6.903553762548089,6.708567572827866,3,0.0849624060150376,0.06503759398496241
676,2090,Entertainment,Forms > Music,Music,3,11.405223,1.4073532,114.66296396484861,63.39769828851877,2,0.8090225563909774,0.6736842105263158,19.2842509508659,7.939257582950675,3,0.31203007518796994,0.08646616541353383
677,2090,Entertainment,Forms > Games,Games,3,12.586673,0.024800977,89.0724904577144,25.910115762378656,2,0.7116541353383459,0.32894736842105265,38.34376530938908,14.12926255496959,3,0.543984962406015,0.20300751879699247
678,2090,Entertainment,Forms > Literature,Literature,3,10.620384,1.4383554,18.487632524266857,24.969149866379336,2,0.2650375939849624,0.32142857142857145,31.768365166619333,8.381797902974826,3,0.4710526315789474,0.09398496240601503
679,2090,Entertainment,Forms > Comedy,Comedy,3,11.076099,1.180569,67.0023141698345,8.902444969511647,2,0.5954887218045113,0.11240601503759398,21.2700562760794,29.79069827321606,3,0.3394736842105263,0.4785714285714286
680,2090,Entertainment,Forms > Performance,Performance,3,11.170811,1.2283509,39.79900601707324,31.768642379611666,2,0.4120300751879699,0.40225563909774437,14.968003741296565,28.0956877831328,3,0.262406015037594,0.44661654135338347
681,2090,Entertainment,Forms > Performance > Storytelling,Storytelling,4,10.618763,1.4469877,71.86125206898258,52.027943206622965,2,0.6281954887218045,0.5962406015037593,13.043934805096873,4.66647330604501,3,0.23533834586466165,0.03383458646616541
682,2090,Entertainment,Forms > Performance > Theatre,Theatre,4,10.745724,1.2937621,92.66337422485313,48.46569481341551,2,0.7259398496240601,0.5620300751879699,-0.9390091132442299,17.17605599699621,3,0.11616541353383458,0.26654135338345863
683,2090,Entertainment,Forms > Performance > Cinema and film,Cinema and film,4,10.897703,1.5409733,99.13039438502196,45.424656711339544,2,0.7515037593984962,0.5364661654135339,19.003958391061687,2.5900325701138533,3,0.3090225563909774,0.012030075187969926
684,2090,Entertainment,Forms > Performance > Dance,Dance,4,11.137606,1.1352946,30.319215993742226,1.328326601813037,2,0.35037593984962406,0.02142857142857143,1.8010590578496346,9.28921461094206,3,0.13270676691729325,0.10939849624060151
685,2090,Entertainment,Forms > Performance > Animals,Animals,4,10.760154,1.244578,52.30344727441795,25.037943232474607,2,0.5,0.3218045112781955,1.9757226774296885,19.761448440522862,3,0.13421052631578947,0.3161654135338346
686,2090,Entertainment,Forms > Performance > Circus,Circus,4,11.140181,1.1567843,131.11058522775053,167.85960926661969,2,0.8530075187969924,0.9642857142857143,41.099566506323804,16.967950998706005,3,0.5714285714285714,0.262406015037594
687,2090,Entertainment,Forms > Performance > Magic,Magic,4,11.157779,1.2059113,118.84488704659918,57.90109322541915,2,0.8225563909774436,0.6428571428571429,-7.059161410741409,25.188279777986477,3,0.08383458646616541,0.4
688,2090,Entertainment,Forms > Performance > Street performance,Street performance,4,11.302847,1.2349961,98.77967563113762,16.621340121757513,2,0.7492481203007518,0.21466165413533836,18.777537360059373,21.00270481078583,3,0.30526315789473685,0.3383458646616541
689,2090,Entertainment,Forms > Performance > Parades,Parades,4,10.796286,1.2232455,124.32705180617458,49.557485600412136,2,0.8368421052631579,0.574812030075188,46.752225763022636,26.73058273053954,3,0.6296992481203008,0.425187969924812
690,2090,Entertainment,Forms > Performance > Fireworks,Fireworks,4,10.772048,1.2389091,115.82847673918246,56.18229670442665,2,0.812781954887218,0.6300751879699248,42.31937957932951,33.96504896476652,3,0.5860902255639098,0.5424812030075188
691,2090,Entertainment,Forms > Sport,Sport,3,12.081411,0.33686036,80.21317525454059,119.69445488674509,2,0.6703007518796993,0.9018796992481203,-15.673342313395386,42.39209847789101,3,0.04962406015037594,0.6353383458646616
692,2090,Entertainment,"Forms > Fairs, expositions, shopping","Fairs, expositions, shopping",3,10.88318,1.5942135,66.10591385560292,13.498001640470937,2,0.5883458646616542,0.1699248120300752,43.473934402352164,23.773133095120354,3,0.5969924812030075,0.3800751879699248
693,2090,Entertainment,Safety,Safety,2,10.894522,1.2454959,-13.224113457988564,23.955804248759794,2,0.12969924812030076,0.31240601503759396,-23.503035815279176,5.511769870945481,3,0.032330827067669175,0.046992481203007516
694,2090,Entertainment,Industry,Industry,2,11.062219,1.3920685,73.71334713933149,32.2709510739101,2,0.6368421052631579,0.4101503759398496,7.891288413980735,6.8165909211041456,3,0.1838345864661654,0.06654135338345865
695,2090,Entertainment,Architecture > Architecture for entertainment,Architecture for entertainment,3,10.86983,1.1088822,61.451962663124014,13.426770345089729,2,0.5571428571428572,0.16917293233082706,-15.75555045828547,17.327484712689454,3,0.04887218045112782,0.2714285714285714
696,2090,Entertainment,Architecture > Architecture as entertainment,Architecture as entertainment,3,10.596775,0.11221856,16.229105122914206,8.438536817564867,2,0.25150375939849623,0.10751879699248121,0.6961398515040275,8.718738371699034,3,0.12406015037593984,0.09849624060150376
697,2090,Entertainment,Effects of developments in electronic media > Globalisation,Globalisation,3,10.974461,1.7151684,7.981643929441797,7.6926684976715745,2,0.20488721804511278,0.09924812030075188,53.7651181473991,32.04231105381925,3,0.6883458646616541,0.512406015037594
698,2090,Entertainment,Effects of developments in electronic media > Obsolescence,Obsolescence,3,10.853453,1.8263334,23.823843768685233,20.593811373379957,2,0.3037593984962406,0.2631578947368421,14.552619878450367,4.691539974125499,3,0.2556390977443609,0.03458646616541353
699,2090,Entertainment,Effects of developments in electronic media > Convergence,Convergence,3,10.910859,1.7490227,68.73081750602336,5.427709693474628,2,0.6071428571428571,0.07669172932330827,44.54199163717621,14.168447548999707,3,0.6097744360902255,0.20451127819548873
700,2139,Ethnicity,Introduction,Introduction,0,9.083667,-0.57120097,-88.98010029576788,117.6967041190746,2,0.02142857142857143,0.8973684210526316,36.52404066885629,19.942390446077813,3,0.524812030075188,0.31954887218045114
701,2139,Ethnicity,Terminology,Terminology,2,9.067017,-0.60311055,-102.07049558056563,64.82411811057572,2,0.017669172932330827,0.6845864661654135,36.369511918592984,75.51862158726162,3,0.5229323308270677,0.8492481203007519
702,2139,Ethnicity,Definitions and conceptual history,Definitions and conceptual history,2,9.056981,-0.5957312,37.077742011715436,18.721351172207317,2,0.39398496240601505,0.24135338345864663,54.765745286269954,15.068060449160878,3,0.6951127819548872,0.22406015037593985
703,2139,Ethnicity,Definitions and conceptual history > Approaches to understanding ethnicity,Approaches to understanding ethnicity,3,9.100888,-0.6524777,-28.914901910097257,90.25901807056901,2,0.0906015037593985,0.8180451127819549,71.767715048438,91.83364117575744,3,0.7958646616541354,0.9033834586466165
704,2139,Ethnicity,Definitions and conceptual history > Ethnicity theory in the United States,Ethnicity theory in the United States,3,9.081379,-0.60951775,-3.868405411048178,29.072770295939478,2,0.16428571428571428,0.37293233082706767,22.80015784032417,20.821370085213438,3,0.3609022556390977,0.3349624060150376
705,2139,Ethnicity,Ethnicity and nationality,Ethnicity and nationality,2,8.933665,-0.71926284,22.14814299601231,55.71547202180767,2,0.2887218045112782,0.6255639097744361,27.23486147370022,48.3041536651002,3,0.4150375939849624,0.693984962406015
706,2139,Ethnicity,Ethnicity and race,Ethnicity and race,2,9.1027975,-0.65088034,75.06540952195988,40.68154852583684,2,0.643609022556391,0.4917293233082707,27.368404328831854,16.592742700462377,3,0.4169172932330827,0.2556390977443609
707,2139,Ethnicity,Ethno-national conflict,Ethno-national conflict,2,8.929729,-0.7696534,-18.48816259187526,58.80120661944593,2,0.11240601503759398,0.6488721804511278,113.11521289068865,43.930167184992285,3,0.9225563909774436,0.649624060150376
708,2139,Ethnicity,Ethnic groups by continent > Africa,Africa,3,5.545449,1.2988241,190.74382623738282,132.824434680195,2,0.9413533834586466,0.9210526315789473,29.720629467948413,24.205756991643018,3,0.4462406015037594,0.38533834586466165
709,2139,Ethnicity,Ethnic groups by continent > Asia,Asia,3,5.6267214,1.0973364,-52.50358760132809,135.08423633907117,2,0.05075187969924812,0.9240601503759398,24.442540125710483,59.72853838601778,3,0.37969924812030076,0.7778195488721804
710,2139,Ethnicity,Ethnic groups by continent > Europe,Europe,3,5.55513,1.3064853,-46.106256881620325,56.57061826463984,2,0.05902255639097744,0.6327067669172932,35.77964669342156,35.448050942482105,3,0.5154135338345864,0.5575187969924812
711,2139,Ethnicity,Ethnic groups by continent > North America,North America,3,5.956577,0.8404847,29.147926121069464,11.21165501213078,2,0.3424812030075188,0.14210526315789473,14.142124507806976,9.269176811436148,3,0.2507518796992481,0.10864661654135338
712,2139,Ethnicity,Ethnic groups by continent > Oceania,Oceania,3,5.7011065,0.63202274,26.66760041345356,42.87217098622809,2,0.3233082706766917,0.5142857142857142,3.7410836908991314,11.572597394891382,3,0.14548872180451128,0.1511278195488722
713,2139,Ethnicity,Ethnic groups by continent > Oceania > Australia,Australia,4,5.8460693,0.72683996,212.3536137841088,164.51181891755124,2,0.9571428571428572,0.9612781954887218,22.518740670234227,57.43486635788855,3,0.3556390977443609,0.7612781954887218
714,2157,Europe,Introduction,Introduction,0,5.1623454,1.1920764,45.16403325144837,13.825808455824895,2,0.45300751879699247,0.17518796992481203,26.544884570762154,9.747036117750149,3,0.4048872180451128,0.11616541353383458
715,2157,Europe,Etymology,Etymology,2,5.473961,1.5408658,74.41043632091389,23.72843360439712,2,0.6398496240601503,0.3082706766917293,49.17770677454069,7.0498263157068095,3,0.650375939849624,0.07142857142857142
716,2157,Europe,Definition > Contemporary definition,Contemporary definition,3,5.1962514,1.3008187,-14.245336611649268,67.76374620021454,2,0.12631578947368421,0.7003759398496241,63.11254096521038,30.771508561340298,3,0.7458646616541353,0.493609022556391
717,2157,Europe,Definition > History of the concept > Early history,Early history,4,5.4079847,1.3654219,75.1311195377165,13.557897680865468,2,0.6443609022556391,0.17105263157894737,37.21757607239869,20.996903722350382,3,0.5304511278195488,0.3379699248120301
718,2157,Europe,Definition > History of the concept > Modern definitions,Modern definitions,4,5.2719584,1.2603452,61.43658543652341,92.89784284539334,2,0.5567669172932331,0.825563909774436,88.00633768372677,51.48375405067453,3,0.856390977443609,0.7199248120300752
719,2157,Europe,History > Prehistory,Prehistory,3,7.100255,1.6176525,-65.31074162120402,94.01345447020226,2,0.0387218045112782,0.8304511278195489,55.56234174975683,56.79703965664356,3,0.7030075187969925,0.7560150375939849
720,2157,Europe,History > Classical antiquity,Classical antiquity,3,8.178482,0.98861736,10.322186841484205,40.8100171111007,2,0.2206766917293233,0.493609022556391,64.64569251963266,29.42515269958554,3,0.7548872180451128,0.4695488721804511
721,2157,Europe,History > Early Middle Ages,Early Middle Ages,3,8.122775,0.89780444,22.845468809742812,15.650794221054255,2,0.2924812030075188,0.2026315789473684,19.605279606529905,37.82622989186825,3,0.31992481203007517,0.5853383458646616
722,2157,Europe,History > High and Late Middle Ages,High and Late Middle Ages,3,8.277649,0.6749124,-58.01233516100011,34.1388898484561,2,0.04473684210526316,0.43007518796992483,49.7309296317334,45.74412972756957,3,0.6556390977443609,0.6691729323308271
723,2157,Europe,History > Early modern period,Early modern period,3,8.630926,0.50350493,-65.84865482832075,90.58387754626642,2,0.038345864661654135,0.818796992481203,52.16325706808032,104.0771217167777,3,0.6740601503759398,0.9353383458646617
724,2157,Europe,History > 18th and 19th centuries,18th and 19th centuries,3,7.782697,0.081216566,-43.43435599691229,99.87782872102174,2,0.06315789473684211,0.8477443609022557,51.64210134986708,11.963699595801641,3,0.6687969924812031,0.16165413533834586
725,2157,Europe,History > 20th century to the present,20th century to the present,3,7.4639606,-0.3892278,45.54495422350475,69.05820085616259,2,0.4548872180451128,0.7075187969924812,89.11951832960683,22.302441993587387,3,0.8593984962406015,0.35714285714285715
726,2157,Europe,Geography,Geography,2,4.869868,1.3644456,25.66260396787837,23.480852813072257,2,0.31842105263157894,0.30526315789473685,22.817784763960045,41.49896131720385,3,0.3612781954887218,0.6281954887218045
727,2157,Europe,Geography > Climate,Climate,3,4.664736,1.3010187,-16.908960368498988,64.42640572776091,2,0.12030075187969924,0.6808270676691729,66.02440042377323,71.73388171083377,3,0.7635338345864662,0.8357142857142857
728,2157,Europe,Geography > Geology,Geology,3,4.4850297,1.5704659,45.10791021369867,15.010227338849486,2,0.45263157894736844,0.1913533834586466,82.71737447755173,8.70357121464532,3,0.8398496240601504,0.0981203007518797
729,2157,Europe,Geography > Flora,Flora,3,4.66143,1.4207793,14.590449928864597,50.796500241006235,2,0.24436090225563908,0.5857142857142857,39.45423271940714,11.286345916856389,3,0.5556390977443609,0.1469924812030075
730,2157,Europe,Geography > Fauna,Fauna,3,4.63742,1.4156106,64.5786997998351,33.682697112242735,2,0.5796992481203007,0.4255639097744361,51.6703939838531,26.74515273512135,3,0.6699248120300751,0.4255639097744361
731,2157,Europe,Politics,Politics,2,8.148646,-1.6663759,89.84748525489817,34.89321615770724,2,0.7154135338345865,0.43759398496240604,89.68581892419256,18.004508138747667,3,0.8620300751879699,0.28270676691729324
732,2157,Europe,List of states and territories,List of states and territories,2,5.222436,1.0500337,36.46151346505562,93.8709460460293,2,0.3906015037593985,0.8289473684210527,98.2352311831287,133.49386928522395,3,0.8853383458646616,0.9729323308270676
733,2157,Europe,Economy,Economy,2,5.3069,1.0541226,-14.349659004976328,25.665824581579468,2,0.1255639097744361,0.32706766917293234,58.114200901857515,12.883352973192082,3,0.7203007518796992,0.17894736842105263
734,2157,Europe,Economy > Economic history,Economic history,3,7.502305,-0.14879899,-11.212352734011343,9.176958947872857,2,0.1349624060150376,0.11616541353383458,49.31772817135447,16.03598895700309,3,0.6515037593984963,0.24285714285714285
735,2157,Europe,Demographics,Demographics,2,5.3964744,1.3461391,21.121974129165373,6.522782764504902,2,0.2793233082706767,0.0887218045112782,57.11008957178407,37.398364977796376,3,0.7154135338345865,0.5789473684210527
736,2157,Europe,Demographics > Ethnic groups,Ethnic groups,3,5.558717,1.2645972,113.5219042912749,50.239695885705636,2,0.8033834586466165,0.5812030075187969,143.63152076764734,42.5845506697342,3,0.9609022556390977,0.6379699248120301
737,2157,Europe,Demographics > Migration,Migration,3,5.453023,1.167136,-4.749584752942447,114.24424477985237,2,0.1593984962406015,0.8894736842105263,87.82258217491352,55.87906675106169,3,0.8556390977443609,0.7492481203007518
738,2157,Europe,Demographics > Languages,Languages,3,5.6215844,1.3152096,71.60750804611288,24.385116662623567,2,0.6263157894736842,0.3165413533834586,100.15691276279269,56.36653267586339,3,0.8898496240601503,0.7537593984962406
739,2157,Europe,Demographics > Religion,Religion,3,6.5527515,2.611124,92.31337778732093,64.39015300529184,2,0.7240601503759398,0.6796992481203008,7.132137466982418,7.099883660517271,3,0.17819548872180452,0.07293233082706767
740,2157,Europe,Demographics > Major cities and urban areas,Major cities and urban areas,3,5.1989756,1.1799284,77.82188287402492,6.720204355941274,2,0.6578947368421053,0.09172932330827067,39.1461314887183,19.226850064798224,3,0.5537593984962406,0.3082706766917293
741,2157,Europe,Culture,Culture,2,5.56042,1.296773,135.4615896589532,69.94449054770116,2,0.8627819548872181,0.7157894736842105,94.80444755303903,35.83711517589248,3,0.8763157894736842,0.562781954887218
742,2157,Europe,Culture > Sport,Sport,3,12.230308,0.20639908,90.70617246216733,61.279702791202546,2,0.718421052631579,0.6631578947368421,63.759367590381736,24.310300470587908,3,0.7488721804511278,0.387593984962406
743,2157,Europe,Culture > Social dimension,Social dimension,3,7.823067,-0.98232144,165.7927143591898,122.82140781391124,2,0.9150375939849624,0.9082706766917293,65.1106384945979,65.2657371635275,3,0.7575187969924813,0.8093984962406015
744,2171,Evolution,Introduction,Introduction,0,1.5050108,1.4040173,35.119496071470635,19.015753163526952,2,0.3804511278195489,0.24473684210526317,30.100596574004715,4.460432345864018,3,0.45037593984962404,0.031203007518796993
745,2171,Evolution,Heredity,Heredity,2,1.3293834,1.4548365,-35.68448694718496,76.82389359519983,2,0.0774436090225564,0.7563909774436091,44.53198038301142,24.024685662961886,3,0.6093984962406015,0.3830827067669173
746,2171,Evolution,Sources of variation,Sources of variation,2,1.5023878,1.3893472,181.8685906000141,34.83038573809579,2,0.9357142857142857,0.4368421052631579,34.89658012359444,108.89124076307579,3,0.5067669172932331,0.9424812030075188
747,2171,Evolution,Sources of variation > Mutation,Mutation,3,1.3258194,1.478546,-9.515869619799403,20.46127725071025,2,0.1406015037593985,0.26127819548872183,42.168152154189464,35.58477066674008,3,0.5853383458646616,0.5586466165413534
748,2171,Evolution,Sources of variation > Sex and recombination,Sex and recombination,3,0.94481194,1.3629645,42.64140337253439,39.38765176027324,2,0.4338345864661654,0.4800751879699248,49.366656402475854,40.67223927728309,3,0.6522556390977443,0.6206766917293233
749,2171,Evolution,Sources of variation > Gene flow,Gene flow,3,1.3327287,1.4915149,18.211930631715266,30.04941546700608,2,0.26278195488721806,0.3838345864661654,13.210188296626042,37.610977725636104,3,0.23721804511278197,0.5819548872180451
750,2171,Evolution,Sources of variation > Epigenetics,Epigenetics,3,1.3430524,1.4399949,-60.245124331636234,136.10114551461848,2,0.04172932330827068,0.9263157894736842,46.9186724892669,33.87424406623054,3,0.631203007518797,0.5409774436090226
751,2171,Evolution,Evolutionary forces,Evolutionary forces,2,1.5320029,1.3392409,29.204817938815946,88.54209986562894,2,0.34285714285714286,0.8101503759398496,62.320259346245614,64.15509611247874,3,0.7421052631578947,0.8052631578947368
752,2171,Evolution,Evolutionary forces > Natural selection,Natural selection,3,1.5193422,1.3389882,36.86494833980655,49.960248029854796,2,0.39285714285714285,0.5789473684210527,24.464971829709246,36.21182208874974,3,0.3800751879699248,0.5669172932330827
753,2171,Evolution,Evolutionary forces > Genetic drift,Genetic drift,3,1.4299381,1.3690186,-10.62271591191583,30.544050582615082,2,0.13796992481203008,0.3894736842105263,32.215340189066374,71.49842015381428,3,0.4770676691729323,0.8345864661654135
754,2171,Evolution,Evolutionary forces > Mutation bias,Mutation bias,3,1.3828343,1.3760165,7.357486649059146,0.5880108253322304,2,0.2018796992481203,0.009022556390977444,51.305126902303044,47.79188548782617,3,0.6661654135338346,0.6890977443609022
755,2171,Evolution,Evolutionary forces > Mutation bias > Genetic hitchhiking,Genetic hitchhiking,4,1.3241347,1.3909286,-12.784989198865404,140.07437978114527,2,0.13045112781954887,0.9338345864661655,96.21564084547309,28.03597383211675,3,0.8793233082706767,0.44548872180451127
756,2171,Evolution,Evolutionary forces > Mutation bias > Sexual selection,Sexual selection,4,1.4796392,1.2519941,133.91831320902818,152.4877762207079,2,0.8597744360902255,0.9488721804511279,111.67106848977896,17.026146788555486,3,0.9199248120300751,0.2631578947368421
757,2171,Evolution,Natural outcomes,Natural outcomes,2,1.6086338,1.4162728,-10.92311861847586,24.351263224002377,2,0.13609022556390976,0.3157894736842105,31.178448684151846,28.8352491429141,3,0.46278195488721807,0.46090225563909776
758,2171,Evolution,Natural outcomes > Adaptation,Adaptation,3,1.5469935,1.3860132,13.503927666930533,16.221277329899603,2,0.23646616541353382,0.20714285714285716,25.650385408309116,7.160821146225902,3,0.39285714285714285,0.07406015037593985
759,2171,Evolution,Natural outcomes > Coevolution,Coevolution,3,1.7898374,1.4350027,-25.52818347229737,57.64317228075255,2,0.09774436090225563,0.6398496240601503,44.087414178653894,20.150074550619852,3,0.6037593984962406,0.3229323308270677
760,2171,Evolution,Natural outcomes > Cooperation,Cooperation,3,2.0390236,1.5409706,-90.91691692440907,48.97708403712093,2,0.020676691729323307,0.5657894736842105,41.83543561853,57.47580409657433,3,0.5796992481203007,0.7616541353383459
761,2171,Evolution,Natural outcomes > Speciation,Speciation,3,1.5140568,1.4635767,-71.83353068881527,25.102825255680948,2,0.032330827067669175,0.3229323308270677,11.335976860956512,4.914748153955128,3,0.21804511278195488,0.039473684210526314
762,2171,Evolution,Natural outcomes > Extinction,Extinction,3,1.8092793,1.5625255,-33.28525908010535,51.95800555143469,2,0.08007518796992481,0.5958646616541353,31.33817819196104,20.560547623229272,3,0.46654135338345865,0.3308270676691729
763,2171,Evolution,Applications,Applications,2,1.525049,1.3320098,-133.4625951554106,92.68938833904083,2,0.007518796992481203,0.825187969924812,45.03313428798709,71.55813464850955,3,0.6135338345864662,0.8353383458646616
764,2171,Evolution,Evolutionary history of life > Origin of life,Origin of life,3,1.3290095,3.05031,9.529203176341642,22.86493244340425,2,0.21578947368421053,0.29661654135338344,32.99506075803554,11.47070522506898,3,0.48796992481203005,0.14962406015037594
765,2171,Evolution,Evolutionary history of life > Common descent,Common descent,3,1.3038441,1.7900313,39.42444510192574,45.58113078141045,2,0.4075187969924812,0.5383458646616541,45.7776090480574,32.82708377883107,3,0.6203007518796992,0.525187969924812
766,2171,Evolution,Evolutionary history of life > Evolution of life,Evolution of life,3,1.1324228,2.77094,26.048678501301733,23.60103561627353,2,0.32142857142857145,0.30639097744360905,15.255153275334443,9.010283407035882,3,0.2657894736842105,0.1037593984962406
767,2171,Evolution,History of evolutionary thought > Classical antiquity,Classical antiquity,3,1.6470959,1.8424735,157.95199797639802,71.95124016451956,2,0.9041353383458647,0.7304511278195489,141.97778155524253,45.59198371646429,3,0.9601503759398496,0.6661654135338346
768,2171,Evolution,History of evolutionary thought > Middle Ages,Middle Ages,3,5.188891,4.3575516,-125.03382826538801,138.94503727571401,2,0.009774436090225564,0.9304511278195489,48.93455332445325,94.37645684650045,3,0.6466165413533834,0.9105263157894737
769,2171,Evolution,History of evolutionary thought > Pre-Darwinian,Pre-Darwinian,3,1.5060736,1.7794446,-22.2374124949104,69.13641575245967,2,0.10639097744360902,0.7097744360902256,21.16491956008341,40.60462425132317,3,0.3379699248120301,0.618421052631579
770,2171,Evolution,History of evolutionary thought > Darwinian revolution,Darwinian revolution,3,1.597831,1.4630915,-112.39462791023288,78.57617695609974,2,0.013533834586466165,0.7669172932330827,74.1207585019131,83.4850090975863,3,0.8075187969924812,0.8796992481203008
771,2171,Evolution,History of evolutionary thought > Pangenesis and heredity,Pangenesis and heredity,3,1.4075568,1.4058769,135.33601590973518,38.15724889796879,2,0.862406015037594,0.46766917293233085,55.095804099517316,66.27860516026739,3,0.6984962406015037,0.8142857142857143
772,2171,Evolution,History of evolutionary thought > The 'modern synthesis',The 'modern synthesis',3,1.4552892,1.375295,252.14655775435966,98.62536762859854,2,0.9733082706766917,0.8447368421052631,111.11771794731006,41.20127972854833,3,0.9187969924812031,0.6248120300751879
773,2171,Evolution,History of evolutionary thought > Further syntheses,Further syntheses,3,1.4253095,1.4941761,238.10163048453492,28.717637764847364,2,0.9680451127819549,0.3680451127819549,84.48193825588508,36.93922360993021,3,0.8469924812030075,0.5740601503759398
774,2171,Evolution,Social and cultural responses,Social and cultural responses,2,1.5465053,1.3898355,50.153253068593145,62.576445727609,2,0.4853383458646617,0.6680451127819549,66.75824374058229,78.52004908280949,3,0.7680451127819549,0.8590225563909775
775,2207,Family,Introduction,Introduction,0,9.833545,-1.244348,55.6234068515772,50.978802379447856,2,0.5195488721804511,0.5868421052631579,28.871490318991814,25.077558476095493,3,0.43759398496240604,0.3973684210526316
776,2207,Family,Social,Social,2,9.784748,-1.3459682,27.484224182161753,28.323832709727476,2,0.3304511278195489,0.36428571428571427,36.99870848041293,50.73991216996921,3,0.5285714285714286,0.7146616541353383
777,2207,Family,Social > Size,Size,3,5.759902,1.7683265,67.96797336317147,69.82782589373011,2,0.6048872180451128,0.7139097744360903,76.43418629496296,60.114076570606755,3,0.8169172932330827,0.780827067669173
778,2207,Family,Types,Types,2,9.700484,-1.257657,60.38378986030822,29.123529778084205,2,0.55,0.37406015037593987,101.216240125731,27.658176633945825,3,0.8928571428571429,0.4394736842105263
779,2207,Family,Types > Multigenerational family,Multigenerational family,3,9.798776,-1.291339,-3.2929116311115343,3.174409646097197,2,0.1661654135338346,0.04661654135338346,-26.534090103404324,6.192134640937369,3,0.02556390977443609,0.057518796992481205
780,2207,Family,Types > Conjugal (nuclear) family,Conjugal (nuclear) family,3,9.871742,-1.3207203,2.9722548492043828,142.8237959935108,2,0.18646616541353384,0.937218045112782,92.66154673989199,107.67452927887842,3,0.8706766917293233,0.9409774436090226
781,2207,Family,Types > Single-parent family,Single-parent family,3,9.910182,-1.3101761,-13.710666899317122,15.609720365480602,2,0.12706766917293233,0.2018796992481203,12.040048952267105,24.50244629122901,3,0.22481203007518796,0.3902255639097744
782,2207,Family,Types > Matrifocal family,Matrifocal family,3,9.908808,-1.3061519,137.7265390791045,52.331558259278516,2,0.868421052631579,0.5992481203007519,67.75843679859577,48.9543117770678,3,0.7736842105263158,0.6996240601503759
783,2207,Family,Types > Extended family,Extended family,3,9.872667,-1.2881014,27.425236511154296,58.77918200754463,2,0.32969924812030077,0.6481203007518797,76.05920347615215,46.11624867960785,3,0.8154135338345865,0.6729323308270677
784,2207,Family,Types > Family of choice,Family of choice,3,9.901317,-1.2879093,57.67295551770387,2.285774675029659,2,0.531578947368421,0.033458646616541354,14.522485776731065,7.008053939916554,3,0.25526315789473686,0.07030075187969925
785,2207,Family,Types > Blended family,Blended family,3,9.873026,-1.3203195,28.73085441537214,16.068195459126567,2,0.3387218045112782,0.2056390977443609,26.723895150876235,1.9250714508252251,3,0.40714285714285714,0.006390977443609023
786,2207,Family,Types > Monogamous family,Monogamous family,3,9.866995,-1.3567307,-2.982284288435501,136.4209114634148,2,0.16691729323308271,0.9266917293233082,32.912466272431935,30.60625758241353,3,0.4864661654135338,0.49097744360902257
787,2207,Family,Types > Polygamous family,Polygamous family,3,9.883183,-1.3319877,44.25365167298155,42.91691547024184,2,0.44548872180451127,0.5146616541353384,33.3219157940552,73.49244447730916,3,0.4913533834586466,0.8398496240601504
788,2207,Family,Kinship terminology > Degrees of kinship,Degrees of kinship,3,9.999408,-1.3138058,174.8909818114211,5.088086526384104,2,0.9293233082706767,0.07255639097744361,86.2839106057829,48.17168175263533,3,0.8518796992481203,0.6917293233082706
789,2207,Family,Kinship terminology > Terminologies,Terminologies,3,9.840252,-1.2298001,17.557133335365815,0.7156193122161504,2,0.2586466165413534,0.011654135338345865,106.60631147448801,35.30292940586091,3,0.9075187969924812,0.5552631578947368
790,2207,Family,Roles,Roles,2,9.903181,-1.2998737,170.57936863569705,87.59360892177129,2,0.9218045112781955,0.806015037593985,95.55044785131595,14.724255448865067,3,0.8778195488721805,0.21503759398496242
791,2207,Family,Roles > Nuclear family,Nuclear family,3,10.016673,-1.2909868,40.59300257481566,4.675023001358383,2,0.4199248120300752,0.06691729323308271,19.59479789180408,8.318427326534673,3,0.31917293233082705,0.09210526315789473
792,2207,Family,Roles > Collateral relatives,Collateral relatives,3,9.994112,-1.3260717,36.0257387436978,5.302094942204684,2,0.38834586466165416,0.0755639097744361,29.67329542860114,6.652788713424071,3,0.44548872180451127,0.06428571428571428
793,2207,Family,Roles > Aggregate relatives,Aggregate relatives,3,10.026077,-1.3094674,23.35857026966368,31.563174340576953,2,0.2981203007518797,0.40150375939849625,-6.174377722928916,0.28719974866393794,3,0.08796992481203007,0.00037593984962406017
794,2207,Family,Types of kinship > Patrilineal,Patrilineal,3,9.984266,-1.2702668,80.13624323895596,168.13589035492333,2,0.6699248120300751,0.9646616541353383,101.81813997834219,112.72966609793808,3,0.8958646616541354,0.9492481203007519
795,2207,Family,Types of kinship > Matrilineal,Matrilineal,3,9.939593,-1.2429657,30.275210351730045,52.96514473013541,2,0.35,0.6033834586466166,31.236144260533127,44.574132578128655,3,0.4635338345864662,0.6582706766917293
796,2207,Family,Types of kinship > Bilateral descent,Bilateral descent,3,10.001142,-1.2678276,-70.18757731198681,105.78689660782659,2,0.034210526315789476,0.8665413533834586,59.639192940886836,121.3679412460603,3,0.7266917293233083,0.9627819548872181
797,2207,Family,History of theories,History of theories,2,9.56635,-1.1650699,22.78355495724954,38.06491556253477,2,0.29172932330827067,0.46616541353383456,63.976485039894264,90.56197032244606,3,0.7507518796992482,0.8992481203007519
798,2207,Family,History of theories > The nuclear family in industrial society,The nuclear family in industrial society,3,9.8214855,-1.2821069,-25.753627427741158,43.88353479567093,2,0.09699248120300752,0.5255639097744361,26.564227635703123,13.874174311913269,3,0.4056390977443609,0.19774436090225564
799,2207,Family,History of theories > The postmodern family,The postmodern family,3,9.668555,-1.4859339,28.834611413115987,13.503877923882673,2,0.34097744360902255,0.17030075187969926,11.740807084650982,28.655959223706862,3,0.22180451127819548,0.45714285714285713
800,2207,Family,Domestic violence,Domestic violence,2,9.840741,-1.4799286,41.90260217726596,31.26347013927406,2,0.4274436090225564,0.3969924812030075,31.778241177716982,63.27322541108556,3,0.4714285714285714,0.7996240601503759
801,2207,Family,Domestic violence > Family violence,Family violence,3,9.851399,-1.5366682,48.75627062998271,44.65992180229255,2,0.4778195488721805,0.530827067669173,43.14661880319816,10.43226260888516,3,0.5943609022556391,0.13007518796992482
802,2207,Family,Domestic violence > Family violence > Parental abuse of children (child abuse),Parental abuse of children (child abuse),4,9.876263,-1.5162514,226.2878413627715,88.42453389968679,2,0.9635338345864661,0.8093984962406015,122.3176934906063,40.51819533862707,3,0.9368421052631579,0.6172932330827068
803,2207,Family,Domestic violence > Family violence > Parental abuse by children,Parental abuse by children,4,9.979294,-1.5595381,95.99026778130136,17.644875771174895,2,0.7387218045112782,0.22631578947368422,90.3622466172078,18.753364107462374,3,0.8654135338345864,0.2992481203007519
804,2207,Family,Domestic violence > Family violence > Elder abuse,Elder abuse,4,9.930864,-1.5009576,47.95119284247241,1.4614209027157652,2,0.4714285714285714,0.02406015037593985,1.1046811337735722,49.64456708591975,3,0.12706766917293233,0.706766917293233
805,2207,Family,Domestic violence > Forced and child marriage,Forced and child marriage,3,9.759038,-1.507134,49.51734732856926,113.12548523341789,2,0.4830827067669173,0.887593984962406,112.53013540030538,78.29889571866974,3,0.9214285714285714,0.8586466165413534
806,2207,Family,The concept of family honour,The concept of family honour,2,9.869319,-1.2408878,-13.103385022939172,107.86222615058526,2,0.13007518796992482,0.8710526315789474,57.73521485547394,90.5750474632591,3,0.718421052631579,0.899624060150376
807,2207,Family,"Economic issues > Dowry, bride price and dower","Dowry, bride price and dower",3,9.815941,-1.458373,9.75643289900026,112.54541617245616,2,0.21766917293233082,0.8857142857142857,83.03196117215987,60.75481549433555,3,0.8413533834586466,0.7853383458646617
808,2207,Family,Economic issues > Property regimes and taxation,Property regimes and taxation,3,9.495689,-1.6533834,-41.770667404651405,89.10862706383524,2,0.06616541353383458,0.8112781954887218,99.0463575345017,142.38161911330238,3,0.887593984962406,0.9800751879699248
809,2207,Family,Rights and laws > Family rights,Family rights,3,9.685397,-1.4402957,122.6556818174657,19.020583315176705,2,0.8327067669172933,0.24511278195488723,40.3266926484204,4.578894237743572,3,0.562781954887218,0.032330827067669175
810,2207,Family,Rights and laws > Reproductive rights,Reproductive rights,3,9.670867,-1.4719265,25.013845388886843,44.83417281733333,2,0.31203007518796994,0.5330827067669173,54.65342992106407,30.353320115173165,3,0.693609022556391,0.4857142857142857
811,2207,Family,Rights and laws > Parents' rights,Parents' rights,3,9.7577915,-1.5613143,35.913528321230345,21.49379533301475,2,0.38721804511278196,0.28270676691729324,-6.694572596942341,30.10886730397987,3,0.08571428571428572,0.48270676691729325
812,2207,Family,Rights and laws > Children's rights,Children's rights,3,9.711554,-1.5064536,382.65431652312833,27.257869691426095,2,0.9943609022556391,0.34774436090225563,181.47403717177087,35.28705896144391,3,0.9834586466165414,0.5548872180451128
813,2207,Family,Rights and laws > Marriage rights,Marriage rights,3,9.518717,-1.6304439,240.51539248478213,86.21923624304314,2,0.968421052631579,0.8007518796992481,243.27162696288292,10.466574236696191,3,0.9966165413533835,0.131203007518797
814,2207,Family,Rights and laws > Legal reforms > Gender equality,Gender equality,4,9.57064,-1.5524092,31.720971005258022,29.57104580653502,2,0.3586466165413534,0.3793233082706767,27.370046284982873,43.766826789323225,3,0.41729323308270677,0.6469924812030076
815,2207,Family,Rights and laws > Legal reforms > Divorce,Divorce,4,9.514461,-1.624442,37.1226565916009,98.99970755447364,2,0.39473684210526316,0.8458646616541353,54.504790343216165,30.565071662599248,3,0.6932330827067669,0.49022556390977445
816,2207,Family,Health > Family medicine,Family medicine,3,7.2029495,4.6612325,134.94396798235272,259.0430830483864,2,0.8609022556390977,0.9947368421052631,170.5178247861352,86.77882831668143,3,0.9800751879699248,0.8906015037593985
817,2207,Family,Health > Maternal mortality,Maternal mortality,3,5.67898,2.3291988,80.90859504845241,17.860579695171094,2,0.6736842105263158,0.22857142857142856,60.65748431282583,20.383433422777642,3,0.7327067669172932,0.32857142857142857
818,2207,Family,Health > Infant and child mortality,Infant and child mortality,3,5.7112823,2.2152798,127.84121990558874,147.7986919941873,2,0.8469924812030075,0.943609022556391,73.21372226776289,32.05089199212483,3,0.8018796992481203,0.512781954887218
819,2207,Family,Politics,Politics,2,9.802264,-1.4099678,43.80975839936295,102.08832366170994,2,0.44285714285714284,0.8537593984962406,-11.19711852712897,71.1757660238565,3,0.06503759398496241,0.8334586466165413
820,2207,Family,Work–family balance,Work–family balance,2,9.736758,-1.3538774,43.67088947272151,61.277341462187266,2,0.4413533834586466,0.662781954887218,89.55641976131812,20.15542849426232,3,0.8612781954887218,0.3236842105263158
821,2207,Family,Work–family balance > Protection of private and family life,Protection of private and family life,3,9.569774,-1.549035,2.2756201657002126,44.077699904078926,2,0.18458646616541352,0.5274436090225564,17.79095746450766,17.061347025216776,3,0.29097744360902256,0.2646616541353383
822,2207,Family,Criticism,Criticism,2,9.438254,-1.1642896,37.111492196444004,32.357566567333826,2,0.3943609022556391,0.4116541353383459,116.77497075038961,46.72958851258556,3,0.9293233082706767,0.6785714285714286
823,2207,Family,The family and social justice,The family and social justice,2,9.593547,-1.3651608,27.24319731111811,56.33089354363502,2,0.32857142857142857,0.6304511278195488,20.56234453458804,8.35169764823007,3,0.3293233082706767,0.09285714285714286
824,2207,Family,Global trends in family composition,Global trends in family composition,2,5.808495,1.7529873,41.892498306262915,70.0385437925835,2,0.4270676691729323,0.7161654135338346,24.92208462726929,9.20460165458341,3,0.38571428571428573,0.10714285714285714
825,2271,Fire,Introduction,Introduction,0,3.7228372,4.1074576,-33.02519927297972,12.725679292706975,2,0.081203007518797,0.16052631578947368,-31.18256087278459,4.016816969341876,3,0.021052631578947368,0.02593984962406015
826,2271,Fire,Etymology,Etymology,2,5.8422055,3.6544504,165.9845418420835,111.87457514237383,2,0.9154135338345865,0.8834586466165414,6.2282894159913935,87.11135305600818,3,0.1661654135338346,0.8913533834586466
827,2271,Fire,History > Fossil record,Fossil record,3,1.6124959,3.1431468,16.949514273163228,69.48562852798464,2,0.25413533834586466,0.7120300751879699,74.81260923645067,56.96470743940922,3,0.8109022556390978,0.7582706766917293
828,2271,Fire,History > Human control,Human control,3,3.9087071,3.8851833,430.76225216508766,90.65110762242824,2,0.9977443609022556,0.8191729323308271,199.47412604134433,151.08093453951318,3,0.987593984962406,0.9838345864661654
829,2271,Fire,History > Human control > Early human control,Early human control,4,4.085904,3.851137,106.97792077603611,45.21605087029649,2,0.7838345864661654,0.5349624060150376,69.68689760034887,33.401016169453186,3,0.7879699248120301,0.5334586466165413
830,2271,Fire,History > Human control > Later human control,Later human control,4,4.3223515,4.2388906,207.6797095913963,141.33598463763516,2,0.9545112781954888,0.9353383458646617,41.218461875297486,53.29270544919441,3,0.5721804511278196,0.7296992481203007
831,2271,Fire,History > Human control > Use in war,Use in war,4,4.214197,3.9775083,14.351615159679088,26.547621443023257,2,0.24285714285714285,0.33646616541353386,32.75641697773009,34.66396055898899,3,0.4845864661654135,0.5492481203007519
832,2271,Fire,History > Human control > Productive use for energy,Productive use for energy,4,3.743756,4.086057,49.781034177658746,25.92420452398803,2,0.4842105263157895,0.3293233082706767,13.907616418023004,53.2936714367548,3,0.24661654135338346,0.7300751879699248
833,2271,Fire,Physical properties > Chemistry,Chemistry,3,3.6663387,4.2592854,26.020159834177214,68.74498269024592,2,0.3206766917293233,0.706015037593985,46.04455711440219,32.855453474634274,3,0.6240601503759399,0.5263157894736842
834,2271,Fire,Physical properties > Flame,Flame,3,3.519337,4.3088512,54.473934621913926,12.616332942119431,2,0.51203007518797,0.1582706766917293,69.15320949056067,54.62581853695365,3,0.7842105263157895,0.7417293233082707
835,2271,Fire,Physical properties > Flame > Typical adiabatic temperatures,Typical adiabatic temperatures,4,3.493381,4.3370166,59.12402137848828,17.9022183165767,2,0.5406015037593985,0.22969924812030076,23.601526101904742,27.544756214537024,3,0.37330827067669176,0.43721804511278195
836,2271,Fire,Fire science > Ecology,Ecology,3,2.1578746,2.367089,59.13634632378983,100.35277857520555,2,0.5409774436090226,0.8488721804511278,-8.042600257145542,83.80317670856154,3,0.0774436090225564,0.880827067669173
837,2271,Fire,Fire science > Firefighting,Firefighting,3,3.9356422,3.9926376,162.5959682528675,159.51809923934192,2,0.9109022556390978,0.956766917293233,71.56463823872913,74.04895462792322,3,0.7951127819548872,0.843609022556391
838,2271,Fire,"Fire science > Management, prevention and protection systems","Management, prevention and protection systems",3,3.985352,3.99995,87.61239293547636,78.33835990922995,2,0.7011278195488722,0.7657894736842106,28.079536003370112,20.06342895836561,3,0.4263157894736842,0.32105263157894737
839,2271,Fire,In culture,In culture,2,4.2402716,3.936031,48.789758341846635,21.44875910754313,2,0.4781954887218045,0.2819548872180451,1.8410851930585312,49.449138086396054,3,0.1330827067669173,0.7052631578947368
840,2307,Folklore,Introduction,Introduction,0,9.61206,1.1336197,62.84795295418769,116.16128458488828,2,0.5676691729323309,0.893984962406015,63.8359037136045,46.55767452590699,3,0.7492481203007518,0.6766917293233082
841,2307,Folklore,Overview,Overview,2,9.585818,1.1242318,-41.33094447975032,56.808238255218285,2,0.06729323308270677,0.6338345864661654,43.83181252150001,97.43749044556704,3,0.6018796992481203,0.9203007518796993
842,2307,Folklore,Origin and development of folklore studies,Origin and development of folklore studies,2,9.519912,1.0879636,23.9164765353349,14.97194121326439,2,0.30413533834586465,0.19022556390977444,41.53159256792833,14.446199205049526,3,0.575563909774436,0.21090225563909776
843,2307,Folklore,"Definition of ""folk""","Definition of ""folk""",2,9.591326,1.1323442,102.51727436346214,42.606898535489,2,0.7654135338345864,0.5116541353383459,13.681886493172636,7.6586797561966,3,0.24285714285714285,0.08270676691729323
844,2307,Folklore,Folklore genres,Folklore genres,2,9.666085,1.1565186,56.987685933799,18.187542644773394,2,0.5266917293233083,0.23533834586466165,19.421217439274667,18.90137915168208,3,0.31466165413533836,0.3015037593984962
845,2307,Folklore,Folklore genres > Verbal tradition,Verbal tradition,3,9.669383,1.2337849,66.28683624144422,5.436965209044756,2,0.5894736842105263,0.07706766917293233,18.705754787648065,10.700580072085208,3,0.30451127819548873,0.13796992481203008
846,2307,Folklore,Folklore genres > Material culture,Material culture,3,9.64869,1.142534,33.67653383072968,8.654764850242842,2,0.3706766917293233,0.10977443609022557,21.665401136803457,3.702671327672498,3,0.343609022556391,0.021052631578947368
847,2307,Folklore,Folklore genres > Customs,Customs,3,9.681247,1.1704545,60.69143263672417,38.09182596778761,2,0.5511278195488721,0.46654135338345865,38.64113623113958,23.730045547226393,3,0.5473684210526316,0.3793233082706767
848,2307,Folklore,Folklore genres > Childlore and games,Childlore and games,3,9.727515,1.1366289,101.69306204867499,1.542586757093721,2,0.76203007518797,0.02556390977443609,43.71473363361375,8.05125477877409,3,0.6,0.0887218045112782
849,2307,Folklore,Folklore genres > Folk history,Folk history,3,9.579763,1.1581755,84.9197011099398,37.82657757752789,2,0.6902255639097744,0.46466165413533833,10.771610643865026,13.604719201169539,3,0.21353383458646616,0.19398496240601504
850,2307,Folklore,Folklore performance in context,Folklore performance in context,2,9.639373,1.1961992,125.92698858104568,97.74167138531811,2,0.8413533834586466,0.8421052631578947,40.06260045932242,44.59482835711947,3,0.5609022556390978,0.6586466165413534
851,2307,Folklore,Folklore performance in context > Backstory,Backstory,3,9.608205,1.1637276,110.35426662123072,47.91829181624513,2,0.794360902255639,0.5575187969924812,33.71778182697977,5.462735845109233,3,0.49586466165413534,0.0462406015037594
852,2307,Folklore,Folklore performance in context > Tradition-bearer and audience,Tradition-bearer and audience,3,9.599064,1.2022815,94.97776301524223,40.64489088563517,2,0.7349624060150376,0.49097744360902257,6.572813089312631,12.695854775273125,3,0.17030075187969926,0.17593984962406015
853,2307,Folklore,Folklore performance in context > Framing the performance,Framing the performance,3,9.758376,1.2329725,82.45390267900693,30.484391539196658,2,0.6804511278195489,0.3879699248120301,21.981093793225284,16.423654686324355,3,0.34849624060150375,0.25263157894736843
854,2307,Folklore,Folklore performance in context > In the subjunctive voice,In the subjunctive voice,3,9.862956,1.30664,95.02169012167288,5.357811418776662,2,0.7353383458646616,0.07593984962406015,74.22126426716956,22.958712163253043,3,0.8090225563909774,0.3672932330827068
855,2307,Folklore,Folklore performance in context > Anderson's law of auto-correction,Anderson's law of auto-correction,3,9.636688,1.1764491,36.171254315215904,17.420286963402653,2,0.3898496240601504,0.22105263157894736,24.488260405691378,5.071354108078037,3,0.3804511278195489,0.041353383458646614
856,2307,Folklore,Folklore performance in context > Context of material lore,Context of material lore,3,9.591661,1.1140844,60.347349598700575,9.029085623018407,2,0.5492481203007519,0.11428571428571428,55.54408070508927,27.047549441720328,3,0.7022556390977444,0.43007518796992483
857,2307,Folklore,Folklore performance in context > Toelken's conservative-dynamic continuum,Toelken's conservative-dynamic continuum,3,9.65692,1.1868333,44.77968110673615,13.739918072373227,2,0.4492481203007519,0.17443609022556392,32.272641865982116,22.696238915635043,3,0.4785714285714286,0.36353383458646615
858,2307,Folklore,Folklore performance in context > In the electronic age,In the electronic age,3,9.684569,1.1917833,29.476711416132492,25.283254214928004,2,0.3447368421052632,0.324812030075188,8.209019171593342,10.890647986885464,3,0.18571428571428572,0.13984962406015036
859,2412,Game,Introduction,Introduction,0,12.564483,0.04393974,26.175700835509726,94.87172236407449,2,0.3218045112781955,0.8327067669172933,-86.49235606787046,101.59851018831114,3,0.0015037593984962407,0.9296992481203008
860,2412,Game,Definitions > Ludwig Wittgenstein,Ludwig Wittgenstein,3,12.453559,0.11579925,44.84457147330831,65.81782639803056,2,0.45037593984962404,0.6909774436090226,-16.55106126844757,34.171511177300026,3,0.04736842105263158,0.5447368421052632
861,2412,Game,Definitions > Roger Caillois,Roger Caillois,3,12.573693,0.03688301,72.05994093933415,70.80294574763825,2,0.6296992481203008,0.7218045112781954,76.33969333566812,28.739505075112678,3,0.8165413533834587,0.45939849624060153
862,2412,Game,Definitions > Chris Crawford,Chris Crawford,3,12.555584,0.043679193,5.364206258723063,10.774422076918917,2,0.19586466165413532,0.13646616541353385,69.65815283241037,51.092048665000725,3,0.7875939849624061,0.7169172932330827
863,2412,Game,Definitions > Other definitions,Other definitions,3,12.561626,0.04900429,13.54307336519231,11.293910787472765,2,0.23684210526315788,0.14398496240601505,14.291485447995791,10.43543944884082,3,0.25225563909774434,0.13045112781954887
864,2412,Game,Gameplay elements and classification > Tools,Tools,3,12.621011,-0.010316333,-50.65237420887165,69.12727434952147,2,0.05488721804511278,0.7090225563909774,9.59538401409752,40.14780141216779,3,0.20150375939849624,0.6142857142857143
865,2412,Game,Gameplay elements and classification > Rules and aims,Rules and aims,3,12.598961,0.00612051,-9.494360810757954,67.78523981046338,2,0.14135338345864662,0.7007518796992481,76.0919828157628,61.56149688948966,3,0.8157894736842105,0.7917293233082707
866,2412,Game,"Gameplay elements and classification > Skill, strategy, and chance","Skill, strategy, and chance",3,12.663787,-0.044133876,8.978879344433317,125.61567943054477,2,0.21390977443609022,0.9116541353383458,104.15864228455841,58.148793997258515,3,0.9015037593984963,0.7669172932330827
867,2412,Game,Gameplay elements and classification > Single-player games,Single-player games,3,12.545648,0.06661767,106.12451845276246,28.918882095933398,2,0.7785714285714286,0.37105263157894736,199.2887663114179,61.212539929449264,3,0.987218045112782,0.7883458646616541
868,2412,Game,Gameplay elements and classification > Multiplayer games,Multiplayer games,3,12.561736,0.044937592,363.282602461537,195.94671314804563,2,0.9924812030075187,0.9804511278195489,184.13297878904487,40.954013546452,3,0.9838345864661654,0.6218045112781955
869,2412,Game,Gameplay elements and classification > Multiplayer games > Game theory,Game theory,4,7.0210147,-1.722911,67.00569689743541,16.17454494618379,2,0.5958646616541353,0.206390977443609,54.19881259463104,18.978099196154155,3,0.6913533834586466,0.3030075187969925
870,2412,Game,Types > Sports,Sports,3,12.173146,0.24504444,32.92051937368057,81.26150758976985,2,0.36654135338345867,0.7796992481203008,128.7481592062356,25.459347951760037,3,0.9473684210526315,0.4041353383458647
871,2412,Game,Types > Sports > Lawn games,Lawn games,4,12.603568,0.013417174,-1.8204824290079706,49.32717798157348,2,0.16954887218045112,0.5718045112781955,67.8685470862532,167.8885706253991,3,0.774812030075188,0.9898496240601504
872,2412,Game,Types > Tabletop games,Tabletop games,3,12.614057,0.0032156145,25.417288595127786,22.72693493960505,2,0.3161654135338346,0.2951127819548872,175.73629912711274,30.713638634093044,3,0.9815789473684211,0.4924812030075188
873,2412,Game,Types > Tabletop games > Dexterity and coordination games,Dexterity and coordination games,4,12.635217,-0.015042795,-287.92723929763577,73.55721537921086,2,0.00037593984962406017,0.7383458646616541,39.030919390885664,80.8627757737195,3,0.5522556390977443,0.8665413533834586
874,2412,Game,Types > Tabletop games > Board games,Board games,4,12.648318,-0.027165605,82.34591889803178,35.23658556746296,2,0.6800751879699248,0.4406015037593985,79.77848775739233,24.329838929640832,3,0.8312030075187969,0.38834586466165416
875,2412,Game,Types > Tabletop games > Card games,Card games,4,12.676388,-0.052163556,78.95231968429819,10.747612893080023,2,0.6642857142857143,0.13533834586466165,145.28829186876314,14.747107391158007,3,0.9620300751879699,0.21578947368421053
876,2412,Game,Types > Tabletop games > Dice games,Dice games,4,12.65457,-0.030888885,-53.308724120313194,105.36529525675306,2,0.05037593984962406,0.8657894736842106,134.2220482403711,69.23958514198009,3,0.9530075187969925,0.825563909774436
877,2412,Game,Types > Tabletop games > Domino and tile games,Domino and tile games,4,12.70788,-0.084080875,6.723743382155959,71.59274924322946,2,0.2,0.7266917293233083,108.32642330413398,55.539878467726396,3,0.91203007518797,0.7481203007518797
878,2412,Game,Types > Tabletop games > Pencil and paper games,Pencil and paper games,4,12.643208,-0.021328885,176.0465043302433,29.30965130738322,2,0.9308270676691729,0.37706766917293233,76.59321463560356,46.50449000756798,3,0.8172932330827067,0.6759398496240602
879,2412,Game,Types > Tabletop games > Guessing games,Guessing games,4,12.629484,-0.008647932,71.33854733769147,14.11782432430197,2,0.6248120300751879,0.1793233082706767,108.79183321925315,34.59191432481098,3,0.9131578947368421,0.5477443609022556
880,2412,Game,Types > Video games,Video games,3,12.593168,0.02177676,84.48932069597458,102.43838098913615,2,0.6864661654135338,0.856015037593985,55.68585749744965,78.08136192973221,3,0.7041353383458646,0.8582706766917293
881,2412,Game,Types > Video games > Online games,Online games,4,12.554597,0.055576306,100.32002557711124,19.179689904602704,2,0.7556390977443609,0.24736842105263157,59.9365427060448,162.18853324621836,3,0.7281954887218045,0.9883458646616541
882,2412,Game,Types > Role-playing games,Role-playing games,3,12.578217,0.022460492,124.79453200738423,69.13538945506312,2,0.8383458646616542,0.7093984962406015,48.61010013039586,60.29837058062361,3,0.6428571428571429,0.7819548872180451
883,2412,Game,Types > Business games,Business games,3,12.626932,-0.008477078,71.73286786523602,32.21322532217994,2,0.6278195488721805,0.40864661654135337,28.118526476320028,119.82129446201223,3,0.4274436090225564,0.9590225563909774
884,2412,Game,Types > Simulation,Simulation,3,12.588819,0.020784441,102.5036149808648,1.0942254294181757,2,0.7650375939849624,0.016917293233082706,46.27935658683887,62.87153275182193,3,0.6255639097744361,0.7977443609022556
885,2458,Geometry,Introduction,Introduction,0,8.207435,8.118872,4.277956434482018,53.012530564795775,2,0.1913533834586466,0.6041353383458646,19.021146519618505,21.807981784073842,3,0.3101503759398496,0.35150375939849626
886,2458,Geometry,History,History,2,7.782198,7.8027864,4.462166825894068,3.313239444605248,2,0.19210526315789472,0.04774436090225564,4.2786132970399775,1.3408375684167686,3,0.14887218045112782,0.002631578947368421
887,2458,Geometry,Main concepts > Axioms,Axioms,3,8.117267,8.049349,56.77876119139524,41.07798739583925,2,0.5255639097744361,0.4988721804511278,23.64695014171569,4.654445363378134,3,0.3736842105263158,0.03308270676691729
888,2458,Geometry,Main concepts > Spaces and subspaces > Points,Points,4,8.23009,8.165716,39.96832214703046,19.844569822207227,2,0.41353383458646614,0.2556390977443609,21.54674684289192,26.076012798832203,3,0.34210526315789475,0.4169172932330827
889,2458,Geometry,Main concepts > Spaces and subspaces > Lines,Lines,4,8.259698,8.170787,35.697020713431655,35.4797717424749,2,0.38571428571428573,0.4421052631578947,23.581980670482753,2.5358443259452548,3,0.37218045112781956,0.011278195488721804
890,2458,Geometry,Main concepts > Spaces and subspaces > Planes,Planes,4,8.275119,8.209406,27.045171842871543,52.20942002164917,2,0.3263157894736842,0.5977443609022557,87.12417097491557,20.743983864409667,3,0.8541353383458646,0.33458646616541354
891,2458,Geometry,Main concepts > Spaces and subspaces > Curves,Curves,4,8.284037,8.211027,41.97121938710315,30.012982040777487,2,0.42781954887218043,0.3830827067669173,9.301951643982422,7.999314169777815,3,0.1988721804511278,0.08759398496240602
892,2458,Geometry,Main concepts > Spaces and subspaces > Surfaces,Surfaces,4,8.305707,8.239503,31.83745902946364,53.847621232453854,2,0.3593984962406015,0.6139097744360902,68.98876787408646,15.405868992758192,3,0.7830827067669173,0.22969924812030076
893,2458,Geometry,Main concepts > Spaces and subspaces > Manifolds,Manifolds,4,8.325382,8.239831,88.48839261794528,14.05535964904078,2,0.7075187969924812,0.17857142857142858,95.8522969235111,31.880141545759997,3,0.8785714285714286,0.5105263157894737
894,2458,Geometry,Main concepts > Angles,Angles,3,8.228549,8.146728,-70.13079888084962,1.2272563911113965,2,0.03458646616541353,0.019548872180451128,9.162963536619813,12.039085672817631,3,0.19661654135338347,0.16278195488721806
895,2458,Geometry,"Main concepts > Measures: length, area, and volume","Measures: length, area, and volume",3,8.225247,8.121828,80.57857042262125,21.039285270178556,2,0.6718045112781955,0.2699248120300752,30.575362723801742,25.10759991037648,3,0.4556390977443609,0.3981203007518797
896,2458,Geometry,"Main concepts > Measures: length, area, and volume > Metrics and measures",Metrics and measures,4,8.280942,8.143461,81.87545094093586,159.71837047508697,2,0.6774436090225564,0.9575187969924812,38.8020125273596,11.674959026497085,3,0.5488721804511278,0.15413533834586465
897,2458,Geometry,Main concepts > Congruence and similarity,Congruence and similarity,3,8.230948,8.176084,28.285662288959987,55.330576426946635,2,0.33533834586466166,0.6236842105263158,23.332729839288703,8.975698816560625,3,0.3672932330827068,0.10300751879699248
898,2458,Geometry,Main concepts > Compass and straightedge constructions,Compass and straightedge constructions,3,8.100291,8.048638,68.43089312754283,29.130394835906376,2,0.606390977443609,0.3744360902255639,92.85877710287639,6.152156849867772,3,0.8714285714285714,0.05714285714285714
899,2458,Geometry,Main concepts > Dimension,Dimension,3,8.211681,8.196288,-96.17817010591033,122.47897462011309,2,0.018796992481203006,0.9075187969924812,42.172005973996555,30.445764970732785,3,0.5857142857142857,0.48834586466165414
900,2458,Geometry,Main concepts > Symmetry,Symmetry,3,8.193497,8.135456,1.695737914356147,6.800149343206625,2,0.18195488721804512,0.09210526315789473,12.552974449956311,3.555960053948789,3,0.23045112781954888,0.017293233082706767
901,2458,Geometry,Contemporary geometry > Euclidean geometry,Euclidean geometry,3,8.290935,8.198389,52.025315647303024,52.37381078107164,2,0.4981203007518797,0.599624060150376,36.033599324861676,19.565828211581458,3,0.518796992481203,0.3142857142857143
902,2458,Geometry,Contemporary geometry > Differential geometry,Differential geometry,3,8.278323,8.201571,51.28990850538699,42.68251202987394,2,0.4917293233082707,0.5131578947368421,-2.8970714715294315,12.907030666318727,3,0.10300751879699248,0.1800751879699248
903,2458,Geometry,Contemporary geometry > Topology,Topology,3,8.285244,8.254642,88.22947426632761,76.87558218270179,2,0.706015037593985,0.7571428571428571,62.28793867354356,20.097536416572684,3,0.7417293233082707,0.3218045112781955
904,2458,Geometry,Contemporary geometry > Algebraic geometry,Algebraic geometry,3,8.103334,8.111011,-33.98232617041328,58.99979799792198,2,0.07857142857142857,0.6515037593984963,-39.29494499066118,91.86350826787535,3,0.011278195488721804,0.9037593984962407
905,2458,Geometry,Contemporary geometry > Complex geometry,Complex geometry,3,8.228551,8.179839,-3.299821344681139,0.6231119619541722,2,0.16578947368421051,0.010150375939849625,14.355843873496452,1.1115670754823188,3,0.25263157894736843,0.0018796992481203006
906,2458,Geometry,Contemporary geometry > Discrete geometry,Discrete geometry,3,8.207535,8.034543,69.8809629828953,38.46567970072358,2,0.6154135338345864,0.4703007518796993,29.10052423766737,14.486400563181697,3,0.4394736842105263,0.21203007518796993
907,2458,Geometry,Contemporary geometry > Computational geometry,Computational geometry,3,8.216554,8.030155,106.78303097776082,65.60718917588856,2,0.781578947368421,0.6898496240601504,18.014939970954625,10.947694765668878,3,0.2951127819548872,0.14022556390977445
908,2458,Geometry,Contemporary geometry > Geometric group theory,Geometric group theory,3,8.10192,8.167777,26.852467678249766,73.30245935433396,2,0.3240601503759398,0.7364661654135338,25.148153939138314,82.65833458831804,3,0.3887218045112782,0.8751879699248121
909,2458,Geometry,Contemporary geometry > Convex geometry,Convex geometry,3,8.188173,8.077056,-4.467770429279705,7.94723878590425,2,0.1612781954887218,0.10112781954887218,18.857130536022243,15.385650235730706,3,0.30601503759398496,0.22932330827067668
910,2458,Geometry,Applications > Art,Art,3,8.257218,8.145364,-19.03155296744528,42.39591291098652,2,0.11127819548872181,0.5090225563909775,40.717371600101224,3.8478195416496233,3,0.5684210526315789,0.02443609022556391
911,2458,Geometry,Applications > Architecture,Architecture,3,8.3301735,8.18006,110.85509902763381,52.44891920087737,2,0.7962406015037594,0.600375939849624,65.9202896748195,28.259011065505106,3,0.762781954887218,0.4507518796992481
912,2458,Geometry,Applications > Physics,Physics,3,8.284947,8.200701,99.68123274194447,43.237328234481645,2,0.7533834586466165,0.5180451127819549,40.13452288711199,23.311180442129984,3,0.5616541353383459,0.3736842105263158
913,2458,Geometry,Applications > Other fields of mathematics,Other fields of mathematics,3,7.9833817,7.922203,8.28611142743782,27.868283649785653,2,0.20789473684210527,0.35789473684210527,27.57745765586732,5.711649300351339,3,0.42105263157894735,0.05150375939849624
914,2812,History,Introduction,Introduction,0,8.699289,2.1195037,65.15462272143874,35.842417944197564,2,0.5815789473684211,0.4469924812030075,-8.818292796233761,14.973387381689854,3,0.07330827067669173,0.22105263157894736
915,2812,History,Definition,Definition,2,8.709812,2.1031816,44.944914624369964,54.39180193762942,2,0.4507518796992481,0.618421052631579,-13.746354339022071,8.94755646694306,3,0.05413533834586466,0.1018796992481203
916,2812,History,Definition > Purpose,Purpose,3,8.767964,2.1536417,100.82500031795088,50.53009422283667,2,0.7597744360902255,0.5845864661654135,24.843160852811366,31.55899041738018,3,0.38421052631578945,0.5063909774436091
917,2812,History,Definition > Etymology,Etymology,3,8.623307,2.103199,53.07295746208433,54.9658272975379,2,0.5037593984962406,0.6210526315789474,-17.54100035461476,24.93086542583657,3,0.045112781954887216,0.3951127819548872
918,2812,History,Methods,Methods,2,8.7484455,2.1572406,196.42696706007524,146.49043609283336,2,0.9473684210526315,0.9417293233082706,80.84692245636954,44.39043836785749,3,0.8349624060150376,0.6560150375939849
919,2812,History,Methods > Sources and source criticism,Sources and source criticism,3,8.723418,2.1066475,65.38044556390378,49.46184432609655,2,0.5827067669172933,0.5733082706766918,24.64842700931047,36.94833706250938,3,0.3830827067669173,0.5744360902255639
920,2812,History,Methods > Synthesis and schools of thought,Synthesis and schools of thought,3,8.721633,2.1004405,77.38636948286278,46.652537258207545,2,0.6567669172932331,0.544360902255639,27.84681239894705,32.81344088257382,3,0.424812030075188,0.524812030075188
921,2812,History,Areas of study,Areas of study,2,8.663009,2.0518832,90.18635528015409,83.0059116574615,2,0.7165413533834587,0.7872180451127819,19.45162208680192,40.06980670884263,3,0.3154135338345865,0.6127819548872181
922,2812,History,Areas of study > By period,By period,3,7.8387494,1.1913846,47.0050297771649,9.38893208394541,2,0.4650375939849624,0.11917293233082707,14.200187709490935,9.932242297906447,3,0.2511278195488722,0.12067669172932331
923,2812,History,Areas of study > By geographic location,By geographic location,3,7.5525346,0.95254827,51.98970523267511,21.50435482229566,2,0.49736842105263157,0.28308270676691727,7.251293259388248,3.8380861775408928,3,0.17857142857142858,0.02368421052631579
924,2812,History,Areas of study > By theme,By theme,3,8.675459,2.0319703,32.219009304723095,15.129612154414929,2,0.36165413533834584,0.19548872180451127,-2.7513258696651035,3.053558990118422,3,0.10451127819548872,0.015037593984962405
925,2812,History,Areas of study > Others,Others,3,8.700908,2.0881553,63.81881866653087,36.196695828751814,2,0.575187969924812,0.4507518796992481,6.867940969691708,32.794741750503256,3,0.17518796992481203,0.5244360902255639
926,2812,History,Evolution of the discipline,Evolution of the discipline,2,8.971964,2.022034,84.6415729635773,21.020450957684734,2,0.6883458646616541,0.26954887218045115,21.094513820157655,15.368311507916461,3,0.337218045112782,0.2281954887218045
927,2812,History,Related fields > Historiography,Historiography,3,8.699694,2.1337957,59.81278575137599,64.28665626922052,2,0.5466165413533834,0.6785714285714286,-24.77159656760313,24.86219383151451,3,0.029699248120300753,0.39398496240601505
928,2812,History,Related fields > Philosophy of history,Philosophy of history,3,8.726594,2.170814,91.50432254681678,86.90012700226148,2,0.7218045112781954,0.8045112781954887,-7.483493964319632,27.094485221440028,3,0.08157894736842106,0.43082706766917295
929,2812,History,Related fields > Philosophy of history > Historical objectivity,Historical objectivity,4,8.739196,2.1524787,94.3774380737207,123.96852731788302,2,0.7323308270676692,0.9093984962406015,16.985989057373786,33.9305211036107,3,0.28270676691729324,0.5413533834586466
930,2812,History,Related fields > Education,Education,3,8.780704,2.2056513,41.122659117507446,52.960265392763674,2,0.42330827067669174,0.6030075187969924,12.41227320455284,18.17508345590883,3,0.22857142857142856,0.2879699248120301
931,2812,History,Related fields > Other fields,Other fields,3,8.692414,2.111204,3.21526884746648,19.254505159183896,2,0.18721804511278195,0.24849624060150377,-33.02036187424137,14.161669628730424,3,0.016165413533834588,0.20413533834586467
932,2930,Home,Introduction,Introduction,0,9.849939,-0.76212484,1.3618059130911622,14.437690548543294,2,0.181203007518797,0.18421052631578946,5.096958672333733,38.851150902048744,3,0.15676691729323308,0.5973684210526315
933,2930,Home,History > Prehistoric,Prehistoric,3,7.049013,1.6482049,136.7514278197703,105.2110904627551,2,0.8654135338345864,0.8646616541353384,-2.7011060938141287,23.64101529807806,3,0.10601503759398496,0.37819548872180453
934,2930,Home,History > Ancient,Ancient,3,7.6736345,1.3895161,111.85895389513007,85.93151044956527,2,0.8,0.7996240601503759,17.62753757011444,14.38876954795247,3,0.28909774436090224,0.20864661654135339
935,2930,Home,History > Post-classical,Post-classical,3,8.650737,0.48351488,46.08418411392313,25.896460243761602,2,0.45902255639097744,0.32857142857142857,3.719155458443413,19.018640964070705,3,0.14473684210526316,0.30488721804511276
936,2930,Home,History > Modern era,Modern era,3,9.849577,-0.8957562,68.85953264989271,16.299549215902584,2,0.6082706766917293,0.20789473684210527,26.27194113057283,4.854617723387879,3,0.39962406015037594,0.03759398496240601
937,2930,Home,Common types,Common types,2,9.873786,-0.81977904,72.63056777754747,9.57464027295161,2,0.6323308270676692,0.12105263157894737,40.71855039185524,18.200694545570208,3,0.568796992481203,0.2887218045112782
938,2930,Home,Common types > House,House,3,9.879919,-0.7390834,70.34824167767474,21.34240882689266,2,0.6203007518796992,0.2789473684210526,14.210374100860937,52.23393839308617,3,0.25150375939849623,0.7218045112781954
939,2930,Home,Common types > Moveable structures,Moveable structures,3,9.84327,-0.7275852,21.707246410657326,62.74531339286174,2,0.28421052631578947,0.6691729323308271,49.97818521628579,45.55063647550012,3,0.6578947368421053,0.6657894736842105
940,2930,Home,Tenure > Homelessness,Homelessness,3,9.808814,-0.79102355,83.70439028731042,34.93618143703686,2,0.6845864661654135,0.43834586466165415,42.06839042262026,27.57555545127568,3,0.5834586466165413,0.43796992481203006
941,2930,Home,Anthropogenic significance,Anthropogenic significance,2,9.860054,-0.8117186,87.80650749250925,6.97047585783648,2,0.7018796992481203,0.0924812030075188,49.3136049777697,11.67535628846312,3,0.6511278195488722,0.1545112781954887
942,2981,Human,Introduction,Introduction,0,6.743889,1.9286941,-14.740124991219414,12.941362103678097,2,0.12481203007518797,0.1631578947368421,-10.900199426185296,6.817896828697366,3,0.06729323308270677,0.06691729323308271
943,2981,Human,Etymology and definition,Etymology and definition,2,6.600457,1.8185481,48.29096136429183,31.43695347852863,2,0.47443609022556393,0.39962406015037594,65.25192943266296,29.84858393556014,3,0.7586466165413533,0.48045112781954885
944,2981,Human,Evolution,Evolution,2,6.7057686,1.7089974,6.599045002002917,7.092645412924608,2,0.19962406015037593,0.0943609022556391,10.290643900349124,15.211518699890059,3,0.21090225563909776,0.22631578947368422
945,2981,Human,History > Prehistory,Prehistory,3,7.3244877,1.5240892,57.18193011574208,26.402760911813875,2,0.5278195488721804,0.33458646616541354,13.670736158706154,1.3097643871922808,3,0.24210526315789474,0.002255639097744361
946,2981,Human,History > Ancient,Ancient,3,7.7697973,1.3428198,40.38374522572317,39.77833601893388,2,0.4180451127819549,0.4830827067669173,-14.637920124192846,5.010825970223891,3,0.05112781954887218,0.04097744360902256
947,2981,Human,History > Post-classical,Post-classical,3,7.896378,0.6972762,53.06074976963037,70.10227120169336,2,0.5033834586466165,0.7172932330827068,3.1186048445937096,47.29853787775533,3,0.14135338345864662,0.6834586466165413
948,2981,Human,History > Modern,Modern,3,8.067188,0.40811983,102.31337145244066,56.90634964930264,2,0.7646616541353384,0.6349624060150376,33.0049872975249,33.55928053767839,3,0.48834586466165414,0.5364661654135339
949,2981,Human,Habitat and population,Habitat and population,2,5.1825967,1.5773232,13.902227048791609,14.177210958233463,2,0.23909774436090225,0.18157894736842106,27.72519019059821,6.808829270134966,3,0.42293233082706766,0.06616541353383458
950,2981,Human,Biology > Anatomy and physiology,Anatomy and physiology,3,6.1839275,1.93762,19.562237891584715,109.11417088179464,2,0.2710526315789474,0.8766917293233083,78.50808254996315,20.27875558051034,3,0.824812030075188,0.3255639097744361
951,2981,Human,Biology > Genetics,Genetics,3,6.0884485,1.908868,95.94589677034062,47.12444719856941,2,0.7383458646616541,0.5496240601503759,35.04034506295115,2.8680228526562814,3,0.5090225563909775,0.013533834586466165
952,2981,Human,Biology > Life cycle,Life cycle,3,5.978478,2.058817,125.7233428169001,10.712640029866801,2,0.8406015037593985,0.1349624060150376,44.103118740750915,26.306012675845135,3,0.6045112781954888,0.4191729323308271
953,2981,Human,Biology > Diet,Diet,3,3.2170477,2.2494195,3.304024575447505,43.57043640809647,2,0.18796992481203006,0.5233082706766917,11.75785326121308,24.374914257529895,3,0.22255639097744362,0.3890977443609023
954,2981,Human,Biology > Biological variation,Biological variation,3,6.042115,1.9371746,-4.77975869032953,41.88100175706854,2,0.15902255639097745,0.5041353383458647,60.26832280274909,120.47237058107183,3,0.7296992481203007,0.9605263157894737
955,2981,Human,Psychology,Psychology,2,8.549224,4.2647815,-102.26213748079066,191.43305789214426,2,0.017293233082706767,0.9781954887218045,41.75729127785405,172.7259551533,3,0.5785714285714286,0.9913533834586467
956,2981,Human,Psychology > Sleep and dreaming,Sleep and dreaming,3,6.1430845,2.0293727,23.75877909922645,27.848776437102394,2,0.30338345864661653,0.35714285714285715,58.276463755828765,25.480202703887162,3,0.7206766917293234,0.4048872180451128
957,2981,Human,Psychology > Consciousness and thought,Consciousness and thought,3,8.561121,4.387483,34.49714427126744,51.27409202011783,2,0.37669172932330824,0.5898496240601504,67.5385747152503,91.24162957444773,3,0.7721804511278195,0.9015037593984963
958,2981,Human,Psychology > Motivation and emotion,Motivation and emotion,3,9.399016,4.678901,56.241221588836666,79.2965906607303,2,0.5233082706766917,0.7706766917293233,110.2168663481897,181.79781530605928,3,0.9165413533834587,0.9924812030075187
959,2981,Human,Psychology > Sexuality and love,Sexuality and love,3,9.077366,4.6069894,104.39675795826963,81.04105044958013,2,0.7718045112781955,0.7793233082706766,98.93861622440215,84.47100236947459,3,0.8868421052631579,0.8827067669172932
960,2981,Human,Culture,Culture,2,7.18137,2.1072965,241.66059509213116,52.321556545517595,2,0.969172932330827,0.5988721804511278,358.8060738070174,141.8959678210584,3,0.9992481203007518,0.9796992481203007
961,2981,Human,Culture > Language,Language,3,10.4708185,3.2418048,-124.05946688617027,43.33877953809708,2,0.010526315789473684,0.5214285714285715,116.79870631472387,53.00029538379669,3,0.9296992481203008,0.7274436090225563
962,2981,Human,Culture > The arts,The arts,3,10.476257,1.4102452,-113.23958969335305,87.37248407125729,2,0.013157894736842105,0.8052631578947368,-6.670916002983503,86.82001330564631,3,0.08609022556390977,0.8909774436090225
963,2981,Human,Culture > Tools and technologies,Tools and technologies,3,7.521042,1.980481,142.50565768670896,153.57483742072037,2,0.8766917293233083,0.9503759398496241,64.55766820863852,47.362184058397254,3,0.7541353383458647,0.6845864661654135
964,2981,Human,Culture > Religion and spirituality,Religion and spirituality,3,6.804793,3.0721543,88.81887562577265,74.08726920212683,2,0.7093984962406015,0.7406015037593985,22.874238423861666,95.1539476586251,3,0.362406015037594,0.912406015037594
965,2981,Human,Culture > Science and philosophy,Science and philosophy,3,6.9467387,4.4134717,74.19041244460306,41.37789618661034,2,0.6387218045112782,0.500375939849624,38.69216413233196,138.1898566931058,3,0.5477443609022556,0.9766917293233083
966,2981,Human,Society,Society,2,9.069999,-0.4922047,368.39857628500806,107.48851382250953,2,0.9932330827067669,0.8703007518796992,206.10705870100392,5.400465932628979,3,0.9894736842105263,0.04548872180451128
967,2981,Human,Society > Gender,Gender,3,9.376002,-0.84439623,-21.2853059065141,38.93449509203136,2,0.10902255639097744,0.47481203007518796,17.531135892209402,56.72790316780185,3,0.28721804511278193,0.7552631578947369
968,2981,Human,Society > Kinship,Kinship,3,9.8659,-1.2105099,93.83881215216626,58.79904377343161,2,0.7296992481203007,0.6484962406015038,10.030110511984587,97.33978905438958,3,0.2075187969924812,0.9195488721804511
969,2981,Human,Society > Ethnicity,Ethnicity,3,9.052013,-0.65014654,105.16839347764372,53.11736835685485,2,0.7740601503759399,0.6048872180451128,10.97025186417823,115.43326511057128,3,0.21578947368421053,0.9522556390977444
970,2981,Human,Society > Government and politics,Government and politics,3,8.200812,-1.5382206,69.66428136783726,23.051318105294534,2,0.6142857142857143,0.29849624060150376,18.52782837361099,22.462389605426907,3,0.3018796992481203,0.3593984962406015
971,2981,Human,Society > Trade and economics,Trade and economics,3,7.0329976,-0.06089399,230.01710480475185,74.13870435496926,2,0.9650375939849624,0.7413533834586467,88.02706305231906,43.47479504760178,3,0.8567669172932331,0.6451127819548872
972,2981,Human,Society > Conflict,Conflict,3,7.8137355,-0.5536926,49.21171207762153,53.045477819601295,2,0.48120300751879697,0.6045112781954888,14.684351740822061,17.08697558484637,3,0.2582706766917293,0.2650375939849624
973,2988,Human settlement,Introduction,Introduction,0,4.4735413,2.3509746,-29.962440112067522,38.80078365372401,2,0.08721804511278196,0.47368421052631576,-31.64302916631664,31.01946167472359,3,0.020676691729323307,0.4981203007518797
974,2988,Human settlement,History,History,2,7.0764403,1.5290096,-9.500662289102856,109.51997637346297,2,0.14097744360902256,0.8781954887218045,13.01314599748801,105.61752381046938,3,0.2349624060150376,0.9387218045112782
975,2988,Human settlement,History > In landscape history,In landscape history,3,4.479265,2.369028,10.221233565806322,142.26970198788823,2,0.2199248120300752,0.9364661654135338,-7.691328081007723,46.897621561622074,3,0.08007518796992481,0.681203007518797
976,2988,Human settlement,Statistics > Global trends,Global trends,3,5.000928,1.4241194,128.34899097763764,35.647434582759644,2,0.85,0.44360902255639095,38.49970883048941,44.94334693219224,3,0.5462406015037594,0.6612781954887218
977,2988,Human settlement,Statistics > Australia,Australia,3,4.4828687,2.3193448,95.77069216652717,107.98809540980831,2,0.737593984962406,0.8721804511278195,165.99845790064057,216.166979022363,3,0.9774436090225563,0.9954887218045113
978,2988,Human settlement,Statistics > Bosnia and Herzegovina,Bosnia and Herzegovina,3,4.518912,2.351947,160.0272794104572,65.88085843498315,2,0.9082706766917293,0.6913533834586466,146.00947528663292,59.34143372060309,3,0.9635338345864661,0.7755639097744361
979,2988,Human settlement,Statistics > Ireland,Ireland,3,4.501645,2.294756,172.05684547707745,50.70950831580826,2,0.925187969924812,0.5853383458646616,90.94867780010759,86.44383464638136,3,0.8672932330827068,0.8887218045112782
980,2988,Human settlement,Statistics > United Kingdom,United Kingdom,3,4.508188,2.304645,61.71268406363108,75.49951561255357,2,0.5601503759398496,0.750375939849624,39.97973085425264,94.07318804943355,3,0.5597744360902256,0.9090225563909774
981,2988,Human settlement,Statistics > United States,United States,3,4.4491553,2.3717139,5.524050616732854,32.56511304461909,2,0.19736842105263158,0.4139097744360902,51.69948442149109,78.55806131075524,3,0.6706766917293233,0.8593984962406015
982,2988,Human settlement,Geospatial modeling,Geospatial modeling,2,4.457931,2.3033268,96.52390124359228,90.85313184088346,2,0.7409774436090225,0.8195488721804511,-23.718659269172765,15.00632550638783,3,0.03195488721804511,0.22255639097744362
983,2988,Human settlement,Abandonment,Abandonment,2,4.478523,2.352661,47.245320201972845,75.05891363555291,2,0.46616541353383456,0.7484962406015038,58.516433104246964,114.76114007620254,3,0.7218045112781954,0.9507518796992481
984,3545,Land,Introduction,Introduction,0,2.8268404,3.1639497,72.3101580332784,66.33968174309037,2,0.630827067669173,0.6932330827067669,17.955307436729758,31.151089352074774,3,0.293609022556391,0.4996240601503759
985,3545,Land,Definition,Definition,2,2.9969814,2.9407384,155.72675665736037,232.93192965745519,2,0.8988721804511278,0.9917293233082707,111.938861654528,194.93717253189894,3,0.9203007518796993,0.9939849624060151
986,3545,Land,Etymology,Etymology,2,5.834757,3.6007125,93.93007908568201,93.94765857421069,2,0.7300751879699248,0.8293233082706767,29.47187736992109,42.28834887293212,3,0.4424812030075188,0.6342105263157894
987,3545,Land,Physical science,Physical science,2,3.7887702,3.2034574,210.65649868661018,77.90755961078484,2,0.956015037593985,0.76203007518797,64.65429564082477,44.212477175235996,3,0.7552631578947369,0.6545112781954887
988,3545,Land,Physical science > Formation,Formation,3,1.5528886,3.850216,42.43739245827433,30.33662754061875,2,0.4334586466165414,0.38609022556390976,19.58651783538296,32.377935814354295,3,0.318796992481203,0.5176691729323308
989,3545,Land,Physical science > Landmasses,Landmasses,3,4.866454,1.365069,-68.44734934496765,43.806827527323335,2,0.03684210526315789,0.525187969924812,-68.4194348151609,95.23358939058986,3,0.002631578947368421,0.912781954887218
990,3545,Land,Physical science > Terrain,Terrain,3,2.923305,3.198148,89.34554377158598,50.08496326790516,2,0.7139097744360903,0.5796992481203007,32.33450371902682,52.32830726229993,3,0.47969924812030074,0.7229323308270676
991,3545,Land,Physical science > Geomorphology,Geomorphology,3,3.288454,3.2830687,94.64338518882086,50.88459026457644,2,0.7334586466165414,0.5864661654135338,41.05975097798626,49.75595386892025,3,0.5710526315789474,0.7086466165413534
992,3545,Land,Physical science > Climate,Climate,3,2.5681443,3.104314,59.798173490468045,31.990916209370035,2,0.5462406015037594,0.4052631578947368,25.891858344116812,21.516237833936717,3,0.3962406015037594,0.3458646616541353
993,3545,Land,Features,Features,2,3.056423,3.2004943,192.31571022005403,21.403928178975,2,0.943984962406015,0.2804511278195489,8.05992958935493,16.307351403319938,3,0.1849624060150376,0.25
994,3545,Land,Features > Coasts and islands,Coasts and islands,3,2.5226736,3.3157375,66.4084530154178,53.760303632174015,2,0.5913533834586466,0.6131578947368421,1.4130104419540654,23.050778439835874,3,0.12894736842105264,0.3684210526315789
995,3545,Land,Features > Mountains and plateaus,Mountains and plateaus,3,2.9870148,3.2334256,53.82095603011167,33.00196644902814,2,0.5078947368421053,0.4191729323308271,55.30490511399271,95.8003545673364,3,0.7007518796992481,0.9146616541353384
996,3545,Land,Features > Plains and valleys,Plains and valleys,3,2.968313,3.2277682,15.384485041304913,14.556326713540273,2,0.24774436090225563,0.1849624060150376,5.525312113796107,63.351376365188415,3,0.16015037593984963,0.8003759398496241
997,3545,Land,Features > Caves and craters,Caves and craters,3,3.1221387,3.2964375,141.51381321383127,79.37462260372641,2,0.8748120300751879,0.7714285714285715,1.470239175506103,45.62335691060282,3,0.13045112781954887,0.6665413533834587
998,3545,Land,Layers,Layers,2,2.5780642,3.4274104,100.38121692130667,115.1025941500518,2,0.7567669172932331,0.8909774436090225,63.044799072568246,27.11366847742417,3,0.7451127819548872,0.4323308270676692
999,3545,Land,Layers > Land cover,Land cover,3,3.2231011,2.217536,13.476857686756613,99.78111808432199,2,0.23609022556390977,0.8473684210526315,13.010953309537273,5.845947002642866,3,0.23458646616541354,0.053759398496240604
1000,3545,Land,Layers > Soil,Soil,3,2.261549,2.5413058,-5.074213167080987,3.091916377480529,2,0.15639097744360902,0.04473684210526316,-5.937275985114574,21.80748782772293,3,0.0887218045112782,0.3511278195488722
1001,3545,Land,Layers > Continental crust,Continental crust,3,2.680647,3.4926338,90.45359141393742,101.54726145622881,2,0.7172932330827068,0.8515037593984962,14.44264340796631,33.14270910295022,3,0.25413533834586466,0.5296992481203008
1002,3545,Land,Life science,Life science,2,3.0382144,2.0803795,127.25179628493504,53.45520167950867,2,0.8462406015037593,0.6097744360902255,80.66379732332085,32.859406478397595,3,0.8338345864661654,0.5266917293233083
1003,3545,Land,Life science > Land biomes,Land biomes,3,2.4538445,2.7071671,-13.836234698203672,21.12772277042789,2,0.12669172932330827,0.2733082706766917,-10.165931417271953,21.26440247983379,3,0.06879699248120301,0.34210526315789475
1004,3545,Land,Life science > Fauna and flora,Fauna and flora,3,1.7967885,2.6448028,70.42189701919904,64.75662529311784,2,0.6210526315789474,0.6838345864661655,58.022596512268585,100.15469698534066,3,0.7199248120300752,0.9278195488721804
1005,3545,Land,Humans and land,Humans and land,2,3.139425,2.2089374,91.63686951728774,27.47452155976516,2,0.7221804511278196,0.3518796992481203,49.55217003405311,40.55426311199788,3,0.6537593984962407,0.6176691729323308
1006,3545,Land,Humans and land > Culture,Culture,3,6.018843,3.450555,-150.08307985473704,138.67263833625805,2,0.005263157894736842,0.9296992481203008,48.23674936590013,91.72079465090744,3,0.6398496240601503,0.9030075187969925
1007,3545,Land,Humans and land > Travel,Travel,3,6.080447,0.71548045,23.399642800472506,16.85293137324886,2,0.2992481203007519,0.2161654135338346,9.746747103000791,7.587922582665114,3,0.20300751879699247,0.081203007518797
1008,3545,Land,Humans and land > Trade,Trade,3,7.1086164,0.10358794,-25.91853585102333,53.99672837741528,2,0.0962406015037594,0.6150375939849624,31.61675853744346,17.86150334555476,3,0.4695488721804511,0.2789473684210526
1009,3545,Land,Humans and land > Land use,Land use,3,3.2269723,2.0664635,45.440969357834426,21.160313596203892,2,0.4537593984962406,0.2744360902255639,0.04958682783570471,3.587437939544813,3,0.12067669172932331,0.018421052631578946
1010,3545,Land,Humans and land > Law,Law,3,8.91852,-1.6486387,54.510448951532155,23.87344796870694,2,0.512781954887218,0.3105263157894737,-7.949367715545268,23.14168254470853,3,0.07781954887218046,0.3695488721804511
1011,3545,Land,Humans and land > Geopolitics,Geopolitics,3,7.713268,-0.5221246,46.090848066274404,11.806292061291682,2,0.45939849624060153,0.14887218045112782,16.386745809095235,25.040074902524456,3,0.27781954887218047,0.3969924812030075
1012,3545,Land,Environmental issues,Environmental issues,2,3.1264315,2.1512098,34.78655264919996,104.20912627598312,2,0.37819548872180453,0.862406015037594,-18.846937887574153,24.258721108502325,3,0.04285714285714286,0.3868421052631579
1013,3545,Land,Environmental issues > Soil degradation,Soil degradation,3,3.0892186,2.145286,20.188513678066787,18.516536418510103,2,0.27518796992481204,0.23834586466165414,3.8699231565408194,19.468149039874877,3,0.1462406015037594,0.31203007518796994
1014,3545,Land,Environmental issues > Pollution,Pollution,3,3.0326855,2.4296455,98.76967056401897,66.43170165975803,2,0.7488721804511278,0.693609022556391,11.823944387807808,35.63447388067049,3,0.22293233082706768,0.5601503759398496
1015,3545,Land,Environmental issues > Biodiversity loss,Biodiversity loss,3,2.7562723,1.9985301,62.95421700883105,102.05534883455846,2,0.5684210526315789,0.8533834586466166,-11.268002152529869,68.10562564151908,3,0.06428571428571428,0.8218045112781955
1016,3545,Land,Environmental issues > Resource depletion,Resource depletion,3,3.156747,2.1595647,81.60849390232796,4.904553798530402,2,0.6759398496240602,0.07142857142857142,16.786523430402685,21.537494040904516,3,0.28157894736842104,0.34661654135338343
1017,3551,Language,Introduction,Introduction,0,10.433584,3.132273,-75.84711344423602,124.64017945168071,2,0.029323308270676692,0.9109022556390978,31.11175359820524,14.061958477960049,3,0.4620300751879699,0.20037593984962407
1018,3551,Language,Definitions,Definitions,2,10.476848,3.0601912,17.47947925423076,51.78502966556152,2,0.2571428571428571,0.5932330827067669,96.91937373202025,2.457889958606604,3,0.8819548872180452,0.010150375939849625
1019,3551,Language,"Definitions > Mental faculty, organ or instinct","Mental faculty, organ or instinct",3,10.361338,3.1811552,-112.21120362125127,185.13511794945342,2,0.013909774436090226,0.974812030075188,62.32477041844598,130.5100541496439,3,0.7424812030075187,0.969172932330827
1020,3551,Language,Definitions > Formal symbolic system,Formal symbolic system,3,10.474092,3.1402984,20.842445930746727,59.60975462641191,2,0.27781954887218047,0.6552631578947369,79.3770989806126,95.71405984953961,3,0.8293233082706767,0.9142857142857143
1021,3551,Language,Definitions > Tool for communication,Tool for communication,3,10.526377,3.1903787,44.20706234298213,25.603827376151322,2,0.44511278195488724,0.32669172932330826,92.57821459632844,53.56447518505362,3,0.8699248120300752,0.7334586466165414
1022,3551,Language,Definitions > Human versus animal language,Human versus animal language,3,10.49123,3.255807,41.75403379361462,0.15536627913294038,2,0.4266917293233083,0.0015037593984962407,84.50098886145211,17.238140497891195,3,0.8473684210526315,0.26766917293233083
1023,3551,Language,Origin,Origin,2,10.428553,3.0247831,64.17520734386004,49.52601694140348,2,0.5766917293233083,0.5744360902255639,53.305962704465514,85.62721443308563,3,0.6842105263157895,0.8868421052631579
1024,3551,Language,Study,Study,2,10.491963,3.143651,400.545820858914,3.0736179836077007,2,0.9954887218045113,0.0443609022556391,163.38629176526334,68.9689076031605,3,0.974812030075188,0.8240601503759398
1025,3551,Language,Study > Subdisciplines,Subdisciplines,3,10.480681,3.1530786,29.21541878871652,13.048311969462992,2,0.3432330827067669,0.16390977443609023,96.28501834734477,109.28965521965306,3,0.8796992481203008,0.943609022556391
1026,3551,Language,Study > Early history,Early history,3,10.524561,3.1086943,71.07201397117296,15.036315382713187,2,0.6236842105263158,0.19210526315789472,105.1207453707878,58.845013256913155,3,0.9033834586466165,0.7725563909774437
1027,3551,Language,Study > Modern linguistics,Modern linguistics,3,10.526977,3.1542754,62.11444915331665,80.06184006619048,2,0.5612781954887218,0.775187969924812,119.79033885020722,47.950053670543646,3,0.9334586466165413,0.6906015037593985
1028,3551,Language,Physiological and neural architecture of language and speech,Physiological and neural architecture of language and speech,2,10.332712,3.213273,30.51008579763667,12.349466056607124,2,0.35150375939849626,0.15601503759398497,178.71260805898666,149.74046391763412,3,0.9823308270676692,0.9827067669172932
1029,3551,Language,Physiological and neural architecture of language and speech > The brain,The brain,3,10.076728,3.4524732,27.38934212061148,8.247339467416488,2,0.32894736842105265,0.10601503759398496,99.30566583208723,74.54168216288949,3,0.8883458646616541,0.8462406015037593
1030,3551,Language,Physiological and neural architecture of language and speech > Anatomy of speech,Anatomy of speech,3,10.332044,3.0180383,-9.391720284225952,31.406871130591533,2,0.14172932330827068,0.3988721804511278,84.04954827997743,59.12958882996269,3,0.8451127819548873,0.7736842105263158
1031,3551,Language,Modality,Modality,2,10.399259,3.0792308,39.995788823021485,28.875258098848505,2,0.4139097744360902,0.3699248120300752,-7.157491363372649,45.74024549030231,3,0.08195488721804511,0.6687969924812031
1032,3551,Language,Structure,Structure,2,10.459441,3.1365268,-67.37335797417147,134.74155475363517,2,0.03759398496240601,0.9229323308270677,146.30927188748356,113.36627986964326,3,0.9639097744360903,0.9496240601503759
1033,3551,Language,Structure > Semantics,Semantics,3,10.475766,3.1472824,99.67951215871194,39.09347843269014,2,0.7530075187969925,0.4774436090225564,103.2489752967756,77.05144830074674,3,0.899624060150376,0.8552631578947368
1034,3551,Language,Structure > Sounds and symbols,Sounds and symbols,3,10.333154,3.0155776,108.32504462614091,85.90987471666769,2,0.7868421052631579,0.7992481203007519,65.23850088934603,54.05232952906394,3,0.7582706766917293,0.737593984962406
1035,3551,Language,Structure > Grammar,Grammar,3,10.502346,3.1425955,106.08891373485613,40.92322832382683,2,0.7781954887218046,0.49624060150375937,78.68363003933436,64.82730792114407,3,0.825563909774436,0.8078947368421052
1036,3551,Language,Structure > Grammar > Grammatical categories,Grammatical categories,4,10.523015,3.1185677,225.81326001713632,73.40178792127345,2,0.9627819548872181,0.737218045112782,207.54342299907196,137.54716534851406,3,0.9906015037593985,0.9755639097744361
1037,3551,Language,Structure > Grammar > Word classes,Word classes,4,10.48246,3.1174624,111.85099111965063,82.16206694609929,2,0.7996240601503759,0.7838345864661654,38.931873203803754,29.789941474541497,3,0.5511278195488721,0.4781954887218045
1038,3551,Language,Structure > Grammar > Morphology,Morphology,4,10.454909,3.0984833,70.03031812387896,89.24107097458253,2,0.6176691729323308,0.812781954887218,68.85168113296469,66.69827907150346,3,0.781578947368421,0.8161654135338345
1039,3551,Language,Structure > Grammar > Syntax,Syntax,4,10.454235,3.0613778,39.07274652231973,35.72396096248908,2,0.4052631578947368,0.44548872180451127,67.6073087933817,37.122723561547545,3,0.7725563909774437,0.5766917293233083
1040,3551,Language,Structure > Typology and universals,Typology and universals,3,10.4415455,3.0918968,109.11427539955261,89.27519467797877,2,0.7894736842105263,0.8139097744360902,97.2913816074036,28.02568679753398,3,0.8823308270676692,0.44511278195488724
1041,3551,Language,Social contexts of use and transmission,Social contexts of use and transmission,2,10.379365,3.1297894,24.84591902997615,25.081611942970643,2,0.3097744360902256,0.3225563909774436,82.54607284647925,21.623165208509523,3,0.8387218045112782,0.34924812030075186
1042,3551,Language,Social contexts of use and transmission > Usage and meaning,Usage and meaning,3,10.470812,3.1150923,45.066360483297515,43.27337425594675,2,0.45225563909774436,0.5195488721804511,38.94222182154209,54.8630837534161,3,0.5515037593984963,0.7447368421052631
1043,3551,Language,Social contexts of use and transmission > Acquisition,Acquisition,3,10.274528,3.2078419,72.05916826173427,36.738543505022044,2,0.6293233082706767,0.45338345864661656,40.14575055079377,29.162165186482092,3,0.5620300751879699,0.46578947368421053
1044,3551,Language,Social contexts of use and transmission > Culture,Culture,3,10.400121,3.0819068,84.9209453975188,101.6128561245882,2,0.6906015037593985,0.8522556390977444,61.303940404319604,74.51263666101195,3,0.7368421052631579,0.8458646616541353
1045,3551,Language,"Social contexts of use and transmission > Writing, literacy and technology","Writing, literacy and technology",3,9.76229,2.4131885,60.39591119219098,17.687547201354878,2,0.5503759398496241,0.22669172932330828,46.861969871182,39.76598023632049,3,0.630827067669173,0.6090225563909775
1046,3551,Language,Social contexts of use and transmission > Change,Change,3,10.341845,3.0133295,29.23535541514472,23.77296557450489,2,0.343609022556391,0.3086466165413534,98.06074952403911,57.524612189880216,3,0.8842105263157894,0.76203007518797
1047,3551,Language,Social contexts of use and transmission > Contact,Contact,3,10.343103,3.0776744,63.15598152094675,29.2544623833595,2,0.5703007518796992,0.3763157894736842,67.96119975454353,3.5938778393891946,3,0.7755639097744361,0.019172932330827067
1048,3551,Language,Linguistic diversity,Linguistic diversity,2,5.652225,1.3063058,102.93650854016177,17.597468785471033,2,0.7669172932330827,0.22593984962406016,48.364343873448114,39.0953565165588,3,0.6406015037593985,0.6022556390977444
1049,3551,Language,Linguistic diversity > Languages and dialects,Languages and dialects,3,10.457579,3.1108878,85.56049928125248,165.17451693590587,2,0.6932330827067669,0.9616541353383459,84.74213772061802,217.31376492605514,3,0.8481203007518797,0.9958646616541353
1050,3551,Language,Linguistic diversity > Language families of the world,Language families of the world,3,5.689433,1.284513,80.03421800898168,80.73515893410651,2,0.6691729323308271,0.7774436090225564,12.31797049578889,79.35766762620443,3,0.2274436090225564,0.8627819548872181
1051,3551,Language,Linguistic diversity > Language endangerment,Language endangerment,3,10.24852,3.0667665,-19.7122647692168,39.88917779082851,2,0.11090225563909774,0.4845864661654135,30.803438388886693,42.38972437411257,3,0.4575187969924812,0.6349624060150376
1052,3642,Life,Introduction,Introduction,0,1.6722053,2.303809,137.22398529570748,116.99265420054238,2,0.8669172932330828,0.8951127819548872,6.582751360846049,56.96064312947562,3,0.17105263157894737,0.7578947368421053
1053,3642,Life,Definitions > Challenge,Challenge,3,1.7815199,2.2699213,21.444673516120734,9.076266958737804,2,0.28270676691729324,0.11503759398496241,-7.875841774598854,87.21246199099372,3,0.07894736842105263,0.8921052631578947
1054,3642,Life,Definitions > Descriptive,Descriptive,3,1.6710696,2.2100854,28.08114360794514,26.449620279973516,2,0.33345864661654134,0.33533834586466166,18.865349307168433,25.790332817947196,3,0.30639097744360905,0.4116541353383459
1055,3642,Life,Definitions > Physics,Physics,3,1.6655537,2.1727743,124.72394434413373,97.14210280287215,2,0.83796992481203,0.8409774436090226,21.683971229029382,150.8935776351053,3,0.34398496240601506,0.9834586466165414
1056,3642,Life,Definitions > Living systems,Living systems,3,1.7085906,2.2276647,100.7319003243958,117.04758118279986,2,0.7590225563909775,0.8954887218045112,19.177159066440478,172.87840858004284,3,0.31165413533834585,0.9917293233082707
1057,3642,Life,Definitions > Death,Death,3,5.471818,2.6230798,83.06810545090134,91.48433585892771,2,0.6823308270676691,0.8221804511278196,32.07163085202427,35.599048231834125,3,0.47481203007518796,0.5593984962406015
1058,3642,Life,Definitions > Viruses,Viruses,3,1.5253401,2.170438,-60.023462352405915,23.13585926849384,2,0.042105263157894736,0.3,5.197605803812265,28.106775139034806,3,0.15789473684210525,0.4469924812030075
1059,3642,Life,History of study > Materialism,Materialism,3,4.860453,4.4659076,69.1186598004729,155.5871188546085,2,0.6093984962406015,0.9533834586466166,0.14299689774735924,120.36743224578429,3,0.12105263157894737,0.9601503759398496
1060,3642,Life,History of study > Hylomorphism,Hylomorphism,3,4.853859,4.3826456,65.74943788639555,28.279821034566762,2,0.5853383458646616,0.36353383458646615,131.11182668510253,73.64927249884201,3,0.9503759398496241,0.8406015037593985
1061,3642,Life,History of study > Spontaneous generation,Spontaneous generation,3,1.5780727,1.8225081,58.413573190760744,10.616125892129492,2,0.5345864661654135,0.13345864661654136,14.999676426309223,15.783788258383405,3,0.2631578947368421,0.2387218045112782
1062,3642,Life,History of study > Vitalism,Vitalism,3,4.767837,4.4990106,88.90918850581028,20.38413687318882,2,0.7105263157894737,0.26015037593984963,45.87348356326029,69.82196498726746,3,0.6214285714285714,0.8274436090225564
1063,3642,Life,Development > Origin of life,Origin of life,3,1.3336258,3.1420333,135.0160214225488,58.9969104549399,2,0.8612781954887218,0.6511278195488722,72.09587970582531,1.9022809692698077,3,0.7962406015037594,0.006015037593984963
1064,3642,Life,Development > Evolution,Evolution,3,1.5119922,1.3771037,219.03610042609475,37.24291217127622,2,0.9609022556390977,0.46015037593984964,108.80179224421879,65.29998804395257,3,0.9135338345864662,0.8097744360902256
1065,3642,Life,Development > Fossils,Fossils,3,1.3607076,3.08603,283.0628718568313,71.08531302138661,2,0.9800751879699248,0.7225563909774436,156.53466623625343,20.048085318658025,3,0.9706766917293234,0.3206766917293233
1066,3642,Life,Development > Extinction,Extinction,3,1.7343299,1.435158,85.07692500917604,45.59612325295933,2,0.6917293233082706,0.5387218045112782,67.03410046562652,9.379315348531405,3,0.7691729323308271,0.11052631578947368
1067,3642,Life,Environmental conditions,Environmental conditions,2,1.980138,2.7152395,242.58314241394436,36.72318722677117,2,0.9695488721804512,0.45300751879699247,107.87890185449116,99.90807000399548,3,0.9112781954887218,0.9270676691729324
1068,3642,Life,Environmental conditions > Biosphere,Biosphere,3,2.0964072,2.8718202,-43.13432092246194,17.294990442530814,2,0.06353383458646616,0.22030075187969925,-11.598413581553402,39.12224957800727,3,0.062406015037593986,0.6030075187969924
1069,3642,Life,Environmental conditions > Range of tolerance,Range of tolerance,3,2.140599,2.4366992,100.44707272481043,32.97558455566192,2,0.7578947368421053,0.41842105263157897,170.2666348213522,79.2567909867353,3,0.9793233082706767,0.862406015037594
1070,3642,Life,Environmental conditions > Extremophiles,Extremophiles,3,2.022055,2.6639328,67.45325171614843,74.58011564448944,2,0.6007518796992481,0.7447368421052631,84.80250380362457,42.369088535824766,3,0.8488721804511278,0.6345864661654136
1071,3642,Life,Classification > Antiquity,Antiquity,3,1.4452254,2.0685303,51.693474613890686,83.5588928789076,2,0.4951127819548872,0.7894736842105263,31.717981376049934,59.10995374481807,3,0.4703007518796993,0.7733082706766917
1072,3642,Life,Classification > Linnaean,Linnaean,3,1.2405326,2.1372216,120.22944322673577,115.358694211836,2,0.8278195488721805,0.8917293233082707,50.361810017069125,38.25772615556299,3,0.6601503759398496,0.5890977443609022
1073,3642,Life,Classification > Metagenomic,Metagenomic,3,1.4279692,1.8696085,291.33310553707827,66.65497245596707,2,0.9830827067669173,0.6954887218045113,28.247557043708543,49.205829690424046,3,0.42857142857142855,0.7030075187969925
1074,3642,Life,Composition > Chemical elements,Chemical elements,3,1.626726,2.4378927,299.3947474104906,79.56764172352192,2,0.9842105263157894,0.7718045112781955,106.26413111752281,66.4337922823633,3,0.9060150375939849,0.8146616541353383
1075,3642,Life,Composition > DNA,DNA,3,1.1799774,1.9619899,59.82522408981992,14.71423634025808,2,0.5473684210526316,0.18834586466165412,-11.569122259418776,34.069070606222425,3,0.06278195488721805,0.543984962406015
1076,3642,Life,Composition > Cells,Cells,3,0.7031611,2.171917,61.315089217774464,37.22116034633154,2,0.5556390977443609,0.45864661654135336,59.2544139340961,16.934870438560505,3,0.7236842105263158,0.26127819548872183
1077,3642,Life,Composition > Multicellular structure,Multicellular structure,3,0.78686285,2.3115792,203.3410566899215,13.420394313485726,2,0.9518796992481203,0.168796992481203,66.85115245113677,103.88381068330108,3,0.7684210526315789,0.9338345864661655
1078,3642,Life,In the universe,In the universe,2,2.250877,4.5009456,54.53245218520553,36.53449003391514,2,0.5131578947368421,0.45150375939849624,88.29230219355948,38.43700328340932,3,0.8571428571428571,0.5924812030075188
1079,3642,Life,Artificial,Artificial,2,1.6470671,2.2281845,-80.60139639117075,22.403753999800728,2,0.02631578947368421,0.29172932330827067,24.937185860956465,50.919434978054035,3,0.38646616541353385,0.7157894736842105
1080,3668,Literature,Introduction,Introduction,0,10.376276,1.3232044,83.0800014510098,2.3243804265575165,2,0.6827067669172933,0.034210526315789476,9.920191185256115,48.60027882374414,3,0.20676691729323307,0.6977443609022557
1081,3668,Literature,Definitions,Definitions,2,10.370628,1.3349676,55.79533249506438,82.19732375654655,2,0.5203007518796993,0.7842105263157895,-46.06614484923452,117.06432367808465,3,0.008270676691729323,0.956015037593985
1082,3668,Literature,History > Oral literature,Oral literature,3,9.942097,1.4487853,54.070809931648874,1.1438963596321312,2,0.5086466165413533,0.01804511278195489,33.571920655006494,73.56324925149188,3,0.4943609022556391,0.8402255639097744
1083,3668,Literature,History > Oral literature > Oratory,Oratory,4,10.417427,1.3802496,59.36058391602975,108.43127760761365,2,0.544360902255639,0.8740601503759399,88.71729878825143,64.01593189115476,3,0.8582706766917293,0.8045112781954887
1084,3668,Literature,History > Writing,Writing,3,9.65928,2.3365104,185.7755260052387,34.83076326100311,2,0.9383458646616541,0.43721804511278195,127.40593437760167,56.94415437947875,3,0.9451127819548872,0.7575187969924813
1085,3668,Literature,History > Early written literature,Early written literature,3,9.969188,1.8309561,19.6456752449728,22.054947563306406,2,0.2721804511278195,0.2864661654135338,26.51208654721432,19.151008868950903,3,0.4037593984962406,0.30714285714285716
1086,3668,Literature,History > Publishing,Publishing,3,9.64709,1.5535969,-31.999047630358127,83.39225241077189,2,0.08458646616541353,0.7887218045112782,49.937451984565975,30.776234297307926,3,0.6571428571428571,0.493984962406015
1087,3668,Literature,History > University discipline > In England,In England,4,9.210003,0.97766376,95.30941079643321,19.991328193432505,2,0.7357142857142858,0.2571428571428571,74.18679087192133,9.093216190835268,3,0.8086466165413534,0.10413533834586466
1088,3668,Literature,History > Women and literature,Women and literature,3,10.083363,1.4235479,17.682080032930287,67.42986481346364,2,0.25977443609022555,0.6988721804511279,13.845961282795448,28.20562220919533,3,0.24586466165413534,0.4484962406015038
1089,3668,Literature,History > Children's literature,Children's literature,3,10.405883,1.4966141,121.68885746904755,3.4046758208993566,2,0.8315789473684211,0.05037593984962406,22.353108670396953,137.75539957906508,3,0.3545112781954887,0.9759398496240601
1090,3668,Literature,Study and criticism > Literary theory,Literary theory,3,10.329627,1.3326269,349.3445086949018,109.65461456821537,2,0.9913533834586467,0.8793233082706767,231.35944740321543,23.556235699431326,3,0.9954887218045113,0.375187969924812
1091,3668,Literature,Study and criticism > Literary fiction,Literary fiction,3,10.312246,1.3663851,8.157402438783127,70.20094815310155,2,0.20714285714285716,0.719172932330827,56.7511802649503,98.9387180294435,3,0.7124060150375939,0.9240601503759398
1092,3668,Literature,Study and criticism > The value of imaginative literature,The value of imaginative literature,3,9.229935,4.4142585,86.3354483089281,36.293094406902135,2,0.6977443609022557,0.45112781954887216,84.70783903431295,44.83506354913136,3,0.8477443609022557,0.6601503759398496
1093,3668,Literature,The influence of religious texts,The influence of religious texts,2,9.824052,1.923471,12.896990301427788,27.650089810537267,2,0.23308270676691728,0.35526315789473684,-3.957192566428171,20.16896199669983,3,0.09887218045112782,0.3244360902255639
1094,3668,Literature,Types > Poetry,Poetry,3,10.298968,1.4979074,18.914771563762102,2.7709905078115664,2,0.26879699248120303,0.039097744360902256,56.34633676843787,39.062413186414005,3,0.7086466165413534,0.6015037593984962
1095,3668,Literature,Types > Prose,Prose,3,10.155172,1.6025175,18.517122241689375,0.5530493200387911,2,0.2657894736842105,0.008270676691729323,59.68737454182227,16.774796975932606,3,0.7270676691729323,0.25902255639097743
1096,3668,Literature,Types > Prose > Novel,Novel,4,10.327754,1.339877,132.16272691679302,77.84544402690582,2,0.8556390977443609,0.7612781954887218,128.6201724606171,35.08743898432217,3,0.9469924812030075,0.5533834586466165
1097,3668,Literature,Types > Prose > Novella,Novella,4,10.322083,1.3847177,157.27095768039797,1.3507502654856434,2,0.9033834586466165,0.02180451127819549,132.1125388921435,31.72626503996966,3,0.9518796992481203,0.5090225563909775
1098,3668,Literature,Types > Prose > Short story,Short story,4,10.248785,1.3932669,231.17497567393434,64.68268590759533,2,0.9657894736842105,0.6827067669172933,230.73745449988152,114.50097707059231,3,0.9947368421052631,0.9503759398496241
1099,3668,Literature,Types > Prose > Non-fiction,Non-fiction,4,10.315256,1.4629679,236.36526257767298,57.55453676973791,2,0.9676691729323308,0.6394736842105263,53.76892049742671,155.80952676933705,3,0.6887218045112782,0.9857142857142858
1100,3668,Literature,Types > Drama,Drama,3,10.936195,1.1231549,108.26827239024303,97.78276557722121,2,0.7864661654135339,0.8428571428571429,11.725348389044449,12.028993183316382,3,0.22105263157894736,0.162406015037594
1101,3668,Literature,Law > Copyright,Copyright,3,10.223269,0.73722696,121.09315710131531,76.9449290889362,2,0.8312030075187969,0.7578947368421053,152.01032381838164,43.22215495700548,3,0.968796992481203,0.6424812030075188
1102,3668,Literature,Law > Copyright > United Kingdom,United Kingdom,4,10.34061,1.1118956,85.46083553352925,95.89837631896388,2,0.6928571428571428,0.837593984962406,107.44703462881252,47.22801211574915,3,0.9097744360902256,0.6823308270676691
1103,3668,Literature,Law > Copyright > United States,United States,4,10.032085,0.49375525,245.24802506445684,51.15749777463217,2,0.9706766917293234,0.58796992481203,141.11301019284375,51.44808892292221,3,0.9597744360902256,0.719172932330827
1104,3668,Literature,Law > Copyright > European Union,European Union,4,9.991782,0.42887086,75.59535678107474,3.3869570476666064,2,0.6466165413533834,0.05,68.56692468496418,8.275233426205139,3,0.7793233082706766,0.09135338345864662
1105,3668,Literature,Law > Copyright > Copyright in Japan,Copyright in Japan,4,9.972795,0.47108284,59.04386604672398,12.81634590872097,2,0.5398496240601504,0.16165413533834586,17.14699229011227,19.31571865043203,3,0.28458646616541355,0.3101503759398496
1106,3668,Literature,Law > Censorship,Censorship,3,10.303634,1.3775773,49.64727581394059,21.16198692040181,2,0.4838345864661654,0.27481203007518795,69.74182481906871,29.40873282004826,3,0.7883458646616541,0.4691729323308271
1107,3668,Literature,Awards,Awards,2,10.204959,1.4027542,20.06612917454653,71.84088678340207,2,0.27481203007518795,0.7285714285714285,39.54771327231777,47.3570191813532,3,0.556390977443609,0.6842105263157895
1108,3679,Logic,Introduction,Introduction,0,9.6456785,6.953907,-59.13858547550117,3.101505951767383,2,0.04398496240601504,0.045112781954887216,-21.680546714505464,35.59681095348214,3,0.036466165413533834,0.5590225563909774
1109,3679,Logic,Definition,Definition,2,9.6560955,6.976781,24.095378207351416,4.41064390014711,2,0.3056390977443609,0.06353383458646616,24.544485495840863,54.771451541086975,3,0.38082706766917296,0.7432330827067669
1110,3679,Logic,Definition > Formal logic,Formal logic,3,9.618283,6.978449,-15.965587108194931,3.504117520729344,2,0.12255639097744361,0.05150375939849624,2.602092920106918,19.321647796947143,3,0.13834586466165413,0.3105263157894737
1111,3679,Logic,Definition > Informal logic,Informal logic,3,9.713134,6.9388185,65.61699372519888,23.929825094899684,2,0.5845864661654135,0.31165413533834585,26.60937207033753,61.02842049822784,3,0.40601503759398494,0.7872180451127819
1112,3679,Logic,"Basic concepts > Premises, conclusions, and truth > Premises and conclusions",Premises and conclusions,4,9.767761,6.892513,82.52982074092517,31.346546682624595,2,0.6808270676691729,0.3981203007518797,41.72668096469096,10.502755417512802,3,0.5778195488721805,0.13345864661654136
1113,3679,Logic,"Basic concepts > Premises, conclusions, and truth > Internal structure",Internal structure,4,9.723555,6.9423795,42.303806197142926,17.915207611148023,2,0.4319548872180451,0.23045112781954888,1.4484845558568766,21.832937364515743,3,0.12969924812030076,0.3518796992481203
1114,3679,Logic,"Basic concepts > Premises, conclusions, and truth > Logical truth",Logical truth,4,9.715498,6.946438,124.61553043576706,63.649313638244024,2,0.837593984962406,0.674812030075188,-4.732892483601901,54.76818413234645,3,0.09360902255639098,0.7428571428571429
1115,3679,Logic,"Basic concepts > Premises, conclusions, and truth > Truth tables",Truth tables,4,9.721978,6.9506187,76.0168943623101,20.22516320492049,2,0.6484962406015038,0.25977443609022555,18.309403840418124,9.641405597766479,3,0.29887218045112784,0.11503759398496241
1116,3679,Logic,Basic concepts > Arguments and inferences,Arguments and inferences,3,9.782602,6.9064245,-24.418629232417018,42.3373904563885,2,0.09924812030075188,0.5078947368421053,57.809859905499934,2.871439885075258,3,0.718796992481203,0.013909774436090226
1117,3679,Logic,Basic concepts > Arguments and inferences > Deductive,Deductive,4,9.733317,6.9260488,-87.74276743128934,48.83993343351294,2,0.02218045112781955,0.5650375939849624,-15.690629284729182,27.097547889151258,3,0.04924812030075188,0.431203007518797
1118,3679,Logic,Basic concepts > Arguments and inferences > Ampliative,Ampliative,4,9.749724,6.88562,-80.75059663295764,29.271588271379425,2,0.02593984962406015,0.37669172932330824,32.83054587471515,13.90221476465986,3,0.4849624060150376,0.19849624060150375
1119,3679,Logic,Basic concepts > Fallacies,Fallacies,3,9.743383,6.925158,46.73842291704444,35.02389528130964,2,0.4642857142857143,0.4394736842105263,29.575837354807202,4.151145170925475,3,0.44398496240601504,0.027819548872180452
1120,3679,Logic,Basic concepts > Definitory and strategic rules,Definitory and strategic rules,3,9.746074,6.909987,35.60886608746922,52.439420674965,2,0.38533834586466165,0.6,65.57119707650604,31.138680328172494,3,0.7616541353383459,0.4992481203007519
1121,3679,Logic,Basic concepts > Formal systems,Formal systems,3,9.660819,6.975482,13.665777758197283,0.25346040461714586,2,0.23796992481203008,0.005263157894736842,11.915024715340442,54.098616621228246,3,0.2236842105263158,0.7383458646616541
1122,3679,Logic,Systems of logic,Systems of logic,2,9.616482,7.0033402,377.9512118662899,92.06747512142165,2,0.9939849624060151,0.8240601503759398,115.12183683994067,81.78823869373127,3,0.924812030075188,0.8710526315789474
1123,3679,Logic,Systems of logic > Aristotelian,Aristotelian,3,9.742389,6.9173517,-32.32228270721526,32.860569849955674,2,0.08383458646616541,0.4169172932330827,75.59137232607002,19.33047969584341,3,0.8139097744360902,0.31090225563909774
1124,3679,Logic,Systems of logic > Classical,Classical,3,9.6235695,7.007755,84.92877573666983,67.41495333888581,2,0.6909774436090226,0.6984962406015037,9.038658504433633,54.24288164953431,3,0.19473684210526315,0.7398496240601504
1125,3679,Logic,Systems of logic > Classical > Propositional logic,Propositional logic,4,9.705941,6.9686337,118.68674568757169,53.26325619552925,2,0.8218045112781955,0.6071428571428571,54.963948900421336,46.58437996394209,3,0.6969924812030075,0.6774436090225564
1126,3679,Logic,Systems of logic > Classical > First-order logic,First-order logic,4,9.732812,6.944111,51.54772597801582,13.688081031185137,2,0.4943609022556391,0.1725563909774436,63.33982924571048,21.605180815531707,3,0.7462406015037594,0.34774436090225563
1127,3679,Logic,Systems of logic > Extended,Extended,3,9.686665,6.962424,295.87257054148085,88.4289535965885,2,0.9838345864661654,0.8097744360902256,286.9520346879408,236.58651319514314,3,0.9981203007518797,0.9977443609022556
1128,3679,Logic,Systems of logic > Extended > Modal logic,Modal logic,4,9.666005,7.040381,-11.716184059486883,15.040506667136931,2,0.13383458646616542,0.1924812030075188,21.69663284788159,25.705042194569785,3,0.3447368421052632,0.4105263157894737
1129,3679,Logic,Systems of logic > Extended > Higher order logic,Higher order logic,4,9.699121,6.9993944,3.465209481387217,19.45453319679011,2,0.18909774436090226,0.25,-21.712686721780276,28.335939124516614,3,0.03609022556390978,0.4518796992481203
1130,3679,Logic,Systems of logic > Deviant,Deviant,3,9.669578,7.0132113,-106.019982955872,15.28508701383725,2,0.015789473684210527,0.19699248120300752,45.96981338666899,14.112087499184863,3,0.6229323308270677,0.2026315789473684
1131,3679,Logic,Systems of logic > Informal,Informal,3,9.719449,6.940331,66.0832357216909,10.914365813587894,2,0.587593984962406,0.1387218045112782,36.769010135202784,25.710433499773977,3,0.5266917293233083,0.41090225563909777
1132,3679,Logic,Areas of research,Areas of research,2,9.531741,6.912231,164.68268093635692,97.88717913758262,2,0.9135338345864662,0.8432330827067669,102.99882917548938,37.04073941939404,3,0.8984962406015038,0.575187969924812
1133,3679,Logic,Areas of research > Philosophy of logic and philosophical logic,Philosophy of logic and philosophical logic,3,9.572673,6.9156823,-16.737325319411,83.35756545170649,2,0.12142857142857143,0.7883458646616541,55.4792671989537,18.030387375507523,3,0.7018796992481203,0.28345864661654135
1134,3679,Logic,Areas of research > Metalogic,Metalogic,3,9.614079,6.9951596,-104.87117569904811,108.22680892338357,2,0.016165413533834588,0.8729323308270677,-14.418389004088306,116.089975413797,3,0.0518796992481203,0.9545112781954888
1135,3679,Logic,Areas of research > Mathematical logic,Mathematical logic,3,9.394495,7.145182,211.4895857093518,84.62963129583848,2,0.956390977443609,0.793984962406015,64.8140322435748,12.293999867033426,3,0.7563909774436091,0.16691729323308271
1136,3679,Logic,Areas of research > Computational logic,Computational logic,3,9.557765,6.9947853,95.33207766587131,63.73496431777687,2,0.7364661654135338,0.6759398496240602,20.993546857006596,12.567507826315932,3,0.33383458646616543,0.17218045112781954
1137,3679,Logic,Areas of research > Formal semantics of natural language,Formal semantics of natural language,3,9.562955,6.965988,385.5356361273103,40.60625248225784,2,0.9947368421052631,0.49022556390977445,40.500971964789,27.905800723987124,3,0.5646616541353383,0.44285714285714284
1138,3679,Logic,Areas of research > Epistemology of logic,Epistemology of logic,3,9.700166,6.8894734,69.33191656676289,49.70933056762867,2,0.6109022556390977,0.5763157894736842,65.4858913255055,11.783530227813333,3,0.7612781954887218,0.15714285714285714
1139,3679,Logic,History,History,2,7.9366837,7.4180846,-153.97761999518144,100.66201883270152,2,0.004887218045112782,0.850375939849624,25.7546594681743,62.78170794528795,3,0.39473684210526316,0.7973684210526316
1140,3881,Mass media,Introduction,Introduction,0,10.624728,2.160523,184.48267713442786,140.75355099630346,2,0.937218045112782,0.9349624060150376,-14.625483638929731,83.2090860518886,3,0.05150375939849624,0.8781954887218045
1141,3881,Mass media,Definition,Definition,2,10.61735,2.1046956,46.69556274391419,35.705543047374306,2,0.4639097744360902,0.44473684210526315,31.818720321161468,41.39823689674152,3,0.4725563909774436,0.6266917293233083
1142,3881,Mass media,Definition > Characteristics,Characteristics,3,10.665927,2.3782887,43.80232341800334,8.380178521497132,2,0.4424812030075188,0.10676691729323308,14.890612064990263,20.32057906924919,3,0.26127819548872183,0.32669172932330826
1143,3881,Mass media,Definition > Mainstream media,Mainstream media,3,10.638926,2.2038982,70.85524545737505,14.09353259819683,2,0.6229323308270677,0.17894736842105263,6.337186566264361,32.19781645026866,3,0.16766917293233083,0.5146616541353384
1144,3881,Mass media,History,History,2,10.077242,1.7497612,18.271024409919118,27.036069489531858,2,0.2631578947368421,0.3432330827067669,7.39288914153084,50.940045499353246,3,0.1793233082706767,0.7161654135338346
1145,3881,Mass media,History > Mergers and acquisitions,Mergers and acquisitions,3,10.608466,2.1311178,69.90658889382443,17.43743114118983,2,0.6161654135338346,0.22142857142857142,30.15375236913231,6.335548241591073,3,0.45150375939849624,0.059398496240601506
1146,3881,Mass media,Influence and sociology,Influence and sociology,2,10.574126,2.2117867,100.38645738183418,40.92038051939232,2,0.7571428571428571,0.49586466165413534,36.36019805088733,4.8939434736781875,3,0.5225563909774437,0.039097744360902256
1147,3881,Mass media,Influence and sociology > Racism and stereotyping,Racism and stereotyping,3,10.579589,2.2267463,44.59006362072969,38.9962753453493,2,0.4469924812030075,0.4763157894736842,14.119417530050773,25.659938576583418,3,0.2503759398496241,0.40864661654135337
1148,3881,Mass media,Ethical issues and criticism,Ethical issues and criticism,2,10.6149,2.193646,120.58187323873614,57.68191642451386,2,0.8289473684210527,0.6406015037593985,30.138740674338703,21.616398527433873,3,0.45112781954887216,0.34887218045112783
1149,3881,Mass media,Ethical issues and criticism > Criticism,Criticism,3,10.618215,2.1818585,63.522378930884,1.4215736078824566,2,0.5736842105263158,0.02293233082706767,20.99684909368337,27.71585890728312,3,0.33421052631578946,0.4409774436090226
1150,3881,Mass media,Forms > Broadcast media,Broadcast media,3,10.7320385,2.0793457,46.21826994639615,150.1076202631968,2,0.4605263157894737,0.9458646616541353,49.14389738518043,57.94596265637647,3,0.649624060150376,0.7650375939849624
1151,3881,Mass media,Forms > Film,Film,3,10.885197,0.8911563,108.46845007143459,79.05049949175928,2,0.7875939849624061,0.7695488721804511,86.79961184245501,30.165792110744082,3,0.8526315789473684,0.4838345864661654
1152,3881,Mass media,Forms > Video games,Video games,3,12.530498,0.07851289,173.10203476654544,51.13621607915804,2,0.9270676691729324,0.587593984962406,105.45109307007722,10.564641163046627,3,0.9041353383458647,0.13533834586466165
1153,3881,Mass media,Forms > Audio recording and reproduction,Audio recording and reproduction,3,11.465652,1.5601839,115.22321403322854,13.61180366200818,2,0.8097744360902256,0.17142857142857143,24.137663199616338,13.204280691365046,3,0.3755639097744361,0.1868421052631579
1154,3881,Mass media,Forms > Internet media,Internet media,3,10.624924,2.163939,17.430580324538543,25.120408626133145,2,0.256390977443609,0.3233082706766917,-6.981392217951179,17.981489428924615,3,0.08421052631578947,0.2819548872180451
1155,3881,Mass media,Forms > Mobile,Mobile,3,10.56448,2.0197594,84.50483598266787,33.84681980913526,2,0.6868421052631579,0.4270676691729323,72.41449344052914,15.441679535889099,3,0.7984962406015037,0.231203007518797
1156,3881,Mass media,Forms > Print media > Magazine,Magazine,4,10.415103,1.5804899,255.9537385083317,117.72503669669632,2,0.9744360902255639,0.8977443609022556,166.22251841193892,28.257410646076014,3,0.9778195488721805,0.45
1157,3881,Mass media,Forms > Print media > Newspaper,Newspaper,4,10.319458,1.8560374,11.507551167729684,95.36638615037407,2,0.22518796992481202,0.8345864661654135,11.757497870957815,39.91801675932794,3,0.22218045112781956,0.6112781954887218
1158,3881,Mass media,Forms > Outdoor media,Outdoor media,3,10.6411085,2.1000793,174.14643830049977,43.2923362500459,2,0.9285714285714286,0.5203007518796993,93.14875855000689,18.42660189590349,3,0.8721804511278195,0.2924812030075188
1159,3881,Mass media,Professions > Publishing,Publishing,3,10.315531,1.5124643,153.1494121095061,173.10942333815896,2,0.8947368421052632,0.968421052631579,59.62346448430231,28.977155487464124,3,0.7263157894736842,0.46278195488721807
1160,3881,Mass media,Professions > Publishing > Software publishing,Software publishing,4,10.291115,1.6576211,140.74559313844827,69.10507766585019,2,0.8736842105263158,0.7082706766917293,91.77604182112769,33.83746830496761,3,0.8680451127819548,0.5406015037593985
1161,4108,Moon,Introduction,Introduction,0,1.2538701,4.810079,70.44149989338464,21.17737285800648,2,0.6214285714285714,0.27556390977443607,26.54010294735781,14.337437118894922,3,0.4045112781954887,0.2075187969924812
1162,4108,Moon,Names and etymology,Names and etymology,2,5.685971,3.8389726,151.85849271732687,72.58437686417885,2,0.8924812030075188,0.7342105263157894,55.59618741011875,33.15621826448205,3,0.7033834586466166,0.5300751879699248
1163,4108,Moon,Names and etymology > Classification,Classification,3,1.3455176,4.94836,120.74493181269938,84.71969151059542,2,0.8296992481203007,0.7951127819548872,8.313970750595775,58.697707135737524,3,0.18834586466165412,0.7714285714285715
1164,4108,Moon,Natural history > Formation,Formation,3,1.3346608,4.4453897,39.48863160192182,18.507473851979217,2,0.40902255639097745,0.23796992481203008,34.041331547288465,3.6962247183375285,3,0.4996240601503759,0.020676691729323307
1165,4108,Moon,Natural history > Natural development,Natural development,3,1.1681815,4.6295023,28.274327801633916,82.6048596502816,2,0.3349624060150376,0.7860902255639097,13.733552995893882,45.40311254741022,3,0.24473684210526317,0.6646616541353384
1166,4108,Moon,Natural history > Lunar geologic timescale,Lunar geologic timescale,3,1.1297228,4.6699195,156.89404916760807,82.64050434412906,2,0.9022556390977443,0.7864661654135339,107.51448540265574,29.408326184417206,3,0.9105263157894737,0.468796992481203
1167,4108,Moon,Natural history > Future,Future,3,1.3809993,4.872143,91.0716207986402,1.9791336951117569,2,0.7203007518796992,0.031203007518796993,63.698532199386,16.534201484116405,3,0.7481203007518797,0.25375939849624063
1168,4108,Moon,Physical characteristics,Physical characteristics,2,1.257046,4.6853633,103.17113351778329,13.114378971674206,2,0.7684210526315789,0.16541353383458646,101.04955452724597,47.30631099324719,3,0.8917293233082707,0.6838345864661655
1169,4108,Moon,Physical characteristics > Size and mass,Size and mass,3,1.3958441,5.0197597,19.18751006621698,31.693284495179018,2,0.2699248120300752,0.4018796992481203,16.472189590394624,19.076449738474093,3,0.2785714285714286,0.30601503759398496
1170,4108,Moon,Physical characteristics > Structure,Structure,3,1.3669604,4.5304894,11.121265456507427,35.71001073257484,2,0.22481203007518796,0.44511278195488724,15.538687581948976,25.69701941177728,3,0.26804511278195486,0.40977443609022557
1171,4108,Moon,Physical characteristics > Gravitational field,Gravitational field,3,1.2245196,4.704939,57.78961684798813,62.679916133408476,2,0.5323308270676692,0.6684210526315789,54.986477928364785,61.37048067273134,3,0.6977443609022557,0.7894736842105263
1172,4108,Moon,Physical characteristics > Magnetic field,Magnetic field,3,1.3520079,4.590239,-55.442762352955455,14.638453662621748,2,0.04849624060150376,0.18571428571428572,24.351055225877058,33.51200635149125,3,0.37819548872180453,0.5345864661654135
1173,4108,Moon,Physical characteristics > Atmosphere,Atmosphere,3,1.2554505,4.5434055,11.8201321379427,30.99501635744417,2,0.2274436090225564,0.39398496240601505,8.864291740648119,48.41004668132835,3,0.19172932330827067,0.6951127819548872
1174,4108,Moon,Physical characteristics > Surface conditions,Surface conditions,3,1.18725,4.6304255,119.15007397289747,44.418461090596004,2,0.8236842105263158,0.5300751879699248,21.294772011334903,9.809419832122721,3,0.3398496240601504,0.11766917293233083
1175,4108,Moon,Physical characteristics > Surface features,Surface features,3,1.1241229,4.6378694,17.491231864253407,23.80110428667342,2,0.2575187969924812,0.3090225563909774,-14.04523240795082,27.017426922269486,3,0.05263157894736842,0.42969924812030075
1176,4108,Moon,Physical characteristics > Surface features > Volcanic features,Volcanic features,4,1.1237375,4.604018,84.09550930093393,79.04407790262954,2,0.6853383458646617,0.7691729323308271,34.74413752952429,54.80586660966888,3,0.5063909774436091,0.7436090225563909
1177,4108,Moon,Physical characteristics > Surface features > Impact craters,Impact craters,4,1.126341,4.5933776,106.83650342152526,18.251269121201894,2,0.7827067669172932,0.23609022556390977,8.244244627664921,39.38018140572224,3,0.1868421052631579,0.6052631578947368
1178,4108,Moon,Physical characteristics > Surface features > Lunar swirls,Lunar swirls,4,1.1531429,4.61037,21.583176010873853,109.77819911354315,2,0.28308270676691727,0.8796992481203008,111.1311079628536,56.22448831861508,3,0.9191729323308271,0.7522556390977444
1179,4108,Moon,Physical characteristics > Presence of water,Presence of water,3,1.1267868,4.5087748,32.56457128125517,37.23008979196892,2,0.3631578947368421,0.45902255639097744,32.27857136873371,14.592937574895817,3,0.4789473684210526,0.21353383458646616
1180,4108,Moon,Earth–Moon system > Orbit,Orbit,3,1.3173124,4.871246,11.692789357420036,73.82905885155114,2,0.22631578947368422,0.7398496240601504,47.79035713197703,24.467311414993233,3,0.6368421052631579,0.3894736842105263
1181,4108,Moon,Earth–Moon system > Orbit > Orbital center,Orbital center,4,1.3143561,4.8915405,67.94851869791142,60.003601848612476,2,0.6045112781954888,0.6575187969924812,27.550362050261374,54.96857288756427,3,0.42030075187969923,0.7451127819548872
1182,4108,Moon,Earth–Moon system > Tidal effects,Tidal effects,3,1.3090777,4.68664,102.66457760300035,28.77149206348613,2,0.7657894736842106,0.3684210526315789,87.17825709016519,19.002727436160903,3,0.8545112781954888,0.30413533834586465
1183,4108,Moon,Earth–Moon system > System evolution,System evolution,3,1.310409,4.807017,74.48612876307484,17.979759375167582,2,0.6409774436090225,0.23157894736842105,19.640314551891965,32.21061224356511,3,0.3206766917293233,0.5154135338345864
1184,4108,Moon,Orientation and appearance,Orientation and appearance,2,1.3045549,4.8419366,13.440267802959513,20.731169005139265,2,0.2357142857142857,0.2657894736842105,46.66437857136361,34.2354893401953,3,0.6289473684210526,0.5451127819548872
1185,4108,Moon,Orientation and appearance > Rotation,Rotation,3,1.3115778,4.8269706,42.135937205980746,42.555759857305546,2,0.43007518796992483,0.5109022556390977,36.23291783263843,38.26195318973001,3,0.5206766917293233,0.5898496240601504
1186,4108,Moon,Orientation and appearance > Illumination and phases,Illumination and phases,3,1.2857841,4.7893696,113.71322126156429,109.31587093108513,2,0.8056390977443609,0.8778195488721805,13.716381654681584,60.19162519368053,3,0.24436090225563908,0.781578947368421
1187,4108,Moon,Orientation and appearance > Illumination and phases > Observational phenomena,Observational phenomena,4,1.1265419,4.60089,-18.921723813397215,78.26139063875269,2,0.11165413533834587,0.7646616541353384,-25.581937716598926,44.03395544696227,3,0.027819548872180452,0.6518796992481203
1188,4108,Moon,Orientation and appearance > Albedo and true color of the surface,Albedo and true color of the surface,3,1.19354,4.663107,85.04142789005867,63.154009754948056,2,0.6913533834586466,0.6714285714285714,5.58102811448536,33.55781586439771,3,0.16090225563909774,0.5360902255639097
1189,4108,Moon,Orientation and appearance > Eclipses,Eclipses,3,1.3575859,4.8830547,25.726063827904817,28.42700986818436,2,0.31917293233082705,0.36466165413533835,0.5082361949044447,55.52391260990386,3,0.12330827067669173,0.7477443609022556
1190,4108,Moon,History of exploration and human presence > Pre-telescopic observation (before 1609),Pre-telescopic observation (before 1609),3,5.5448594,4.293748,24.420714893340673,14.71272771464948,2,0.3075187969924812,0.18796992481203006,44.94943238890294,7.186101344480442,3,0.612406015037594,0.07443609022556391
1191,4108,Moon,History of exploration and human presence > Telescopic exploration (1609–1959),Telescopic exploration (1609–1959),3,5.4091535,4.6115217,54.294376575783375,33.92560003099348,2,0.5101503759398496,0.42857142857142855,45.697051854211736,63.588673834059634,3,0.6195488721804512,0.8015037593984963
1192,4108,Moon,History of exploration and human presence > First missions to the Moon (1959–1976),First missions to the Moon (1959–1976),3,0.84263086,4.892106,34.43306945155757,49.11952107063028,2,0.3763157894736842,0.5676691729323309,50.153493955624675,23.58824988208019,3,0.6590225563909774,0.3763157894736842
1193,4108,Moon,History of exploration and human presence > Moon Treaty and explorational absence (1976–1990),Moon Treaty and explorational absence (1976–1990),3,0.80464196,4.889636,54.418665684059356,11.58597293700566,2,0.5116541353383459,0.14661654135338345,31.427273664833226,36.70622325159143,3,0.4680451127819549,0.5718045112781955
1194,4108,Moon,History of exploration and human presence > Renewed exploration (1990–present),Renewed exploration (1990–present),3,0.85030067,4.866246,60.37207340196643,1.6755370075248353,2,0.5496240601503759,0.027819548872180452,45.53175310057284,18.240736299155227,3,0.618421052631579,0.28909774436090224
1195,4108,Moon,History of exploration and human presence > Future,Future,3,0.81894237,4.856399,108.80715645639215,40.38160867225252,2,0.7883458646616541,0.48872180451127817,32.49279904305907,36.58612558936718,3,0.48195488721804514,0.5703007518796992
1196,4108,Moon,Human presence,Human presence,2,0.8098349,4.8947763,126.02485947950203,66.33362387759846,2,0.8421052631578947,0.6928571428571428,47.5874281809483,56.17229267376534,3,0.6357142857142857,0.7518796992481203
1197,4108,Moon,Human presence > Human impact,Human impact,3,0.86755455,4.8188486,61.410468757172396,16.606456128574237,2,0.556390977443609,0.21353383458646616,-1.1612614262914,31.376942723162664,3,0.11390977443609022,0.5018796992481203
1198,4108,Moon,Human presence > Astronomy from the Moon,Astronomy from the Moon,3,0.9076028,4.9238567,20.60424720064401,4.091848786217649,2,0.27669172932330827,0.060526315789473685,47.64739442218909,69.24091956681924,3,0.6360902255639098,0.8259398496240602
1199,4108,Moon,Human presence > Living on the Moon,Living on the Moon,3,0.98482,4.7157326,89.27844735056735,17.920385977280453,2,0.7131578947368421,0.23082706766917294,72.91547670874293,7.070874538634199,3,0.7996240601503759,0.07180451127819548
1200,4108,Moon,Legal status,Legal status,2,0.78223264,4.870431,33.76383150688585,33.304729063095756,2,0.37180451127819547,0.42255639097744363,34.09149596295506,18.73794237915304,3,0.5,0.29849624060150376
1201,4108,Moon,Legal status > Coordination and regulation,Coordination and regulation,3,0.787712,4.8780885,8.036188859577216,12.16236018003403,2,0.2056390977443609,0.15338345864661654,-2.9251612001388083,5.102371192196936,3,0.10263157894736842,0.04172932330827068
1202,4108,Moon,In culture and life > Timekeeping,Timekeeping,3,5.6452675,4.119325,62.63053616036659,20.016007813578128,2,0.5657894736842105,0.2586466165413534,74.99896683156949,67.12255391899865,3,0.8120300751879699,0.818796992481203
1203,4108,Moon,In culture and life > Cultural representation,Cultural representation,3,5.5074444,4.195424,145.64793823860953,121.3180952573348,2,0.8823308270676692,0.9060150375939849,61.35353692922477,44.404166845279875,3,0.737593984962406,0.656390977443609
1204,4108,Moon,In culture and life > Cultural representation > Crescent,Crescent,4,5.7579327,3.8760948,3.391427878977634,73.28875087348968,2,0.1887218045112782,0.7357142857142858,44.24611692102508,4.969459759571236,3,0.606390977443609,0.03984962406015038
1205,4108,Moon,In culture and life > Cultural representation > Other associations,Other associations,4,5.761767,3.8081405,17.57299148121183,92.90402236706926,2,0.25902255639097743,0.8259398496240602,45.95364035744314,30.469917253422004,3,0.6225563909774436,0.48872180451127817
1206,4108,Moon,In culture and life > Representation in modern culture,Representation in modern culture,3,0.7684608,4.91208,64.08121945260785,10.084250899510822,2,0.5759398496240602,0.12781954887218044,49.10189439272123,43.03872827123143,3,0.6488721804511278,0.6406015037593985
1207,4108,Moon,In culture and life > Lunar effect,Lunar effect,3,1.2404209,4.7385764,33.970061542366935,33.989470612110104,2,0.3725563909774436,0.42894736842105263,60.20077499912795,19.071108328844627,3,0.7293233082706767,0.3056390977443609
1208,4108,Moon,Explanatory notes > Cartographic resources,Cartographic resources,3,1.1570032,4.602729,49.05286754552307,9.856963738514404,2,0.4793233082706767,0.1255639097744361,110.98739714378075,51.47644811908989,3,0.9184210526315789,0.7195488721804512
1209,4160,Music,Introduction,Introduction,0,11.665981,1.6400741,143.64737995209543,112.6444985051453,2,0.8785714285714286,0.8864661654135338,39.06858609503242,81.42068472881367,3,0.5533834586466165,0.868421052631579
1210,4160,Music,Etymology and terminology,Etymology and terminology,2,11.286309,1.6911727,116.58163943871583,142.2641258876527,2,0.8161654135338345,0.9360902255639098,-8.468377840032948,82.68480060904383,3,0.07593984962406015,0.8755639097744361
1211,4160,Music,History > Origins and prehistory,Origins and prehistory,3,11.183317,1.9510095,176.55377076158047,173.88302894572533,2,0.9319548872180451,0.968796992481203,18.52467641606243,110.52156129666584,3,0.3015037593984962,0.9462406015037594
1212,4160,Music,History > Antiquity,Antiquity,3,10.802616,1.6916409,-1.2552369687883953,47.57964902115423,2,0.1718045112781955,0.5548872180451128,28.309648986923744,30.54020410754926,3,0.4293233082706767,0.48984962406015037
1213,4160,Music,History > Asian cultures,Asian cultures,3,10.83033,1.643882,-41.53761636751847,55.30469638722654,2,0.06691729323308271,0.6233082706766917,30.352105219884308,3.1799511441337005,3,0.45338345864661656,0.015789473684210527
1214,4160,Music,History > Western classical > Early music,Early music,4,10.932127,1.4054213,-30.59638774547428,137.67243783408782,2,0.08609022556390977,0.9278195488721804,65.47598303678681,55.07941256748036,3,0.7609022556390977,0.7454887218045113
1215,4160,Music,History > Western classical > Common practice period > Baroque,Baroque,5,11.07501,1.4139786,37.21527683145359,169.83747027829142,2,0.3954887218045113,0.9657894736842105,-11.607868940264124,94.07988738436744,3,0.06203007518796992,0.9093984962406015
1216,4160,Music,History > Western classical > Common practice period > Classicism,Classicism,5,11.257307,1.4450138,58.40112917898496,4.660652804195164,2,0.5342105263157895,0.06616541353383458,85.19630826640059,58.126549487819474,3,0.8492481203007519,0.7665413533834586
1217,4160,Music,History > Western classical > Common practice period > Romanticism,Romanticism,5,11.30419,1.4862458,88.2567357559719,6.465250820213532,2,0.706390977443609,0.08796992481203007,121.1356383636382,104.39605847996434,3,0.9357142857142857,0.9360902255639098
1218,4160,Music,History > 20th and 21st century,20th and 21st century,3,11.445988,1.5162301,-48.502002132735655,3.659093291805848,2,0.056766917293233084,0.053759398496240604,17.580068288112713,29.149541883099598,3,0.2879699248120301,0.46541353383458645
1219,4160,Music,Creation > Composition,Composition,3,11.719723,1.5802846,56.301814871616926,11.876610596401639,2,0.5240601503759399,0.14962406015037594,13.911723927363646,11.66204866315015,3,0.24736842105263157,0.1537593984962406
1220,4160,Music,Creation > Performance,Performance,3,11.656,1.5116081,112.79889005611797,8.544283536266722,2,0.8022556390977443,0.10864661654135338,65.27786851064587,49.16923892387019,3,0.7593984962406015,0.7026315789473684
1221,4160,Music,Creation > Improvisation,Improvisation,3,11.677032,1.5738435,25.62616983875113,26.3429085035609,2,0.3180451127819549,0.33421052631578946,42.599945435698025,67.33781101328125,3,0.5898496240601504,0.8195488721804511
1222,4160,Music,Art and entertainment,Art and entertainment,2,11.578347,1.5485132,27.40934565957663,74.16973809082823,2,0.3293233082706767,0.7417293233082707,46.13733562433745,12.166056711281543,3,0.6248120300751879,0.1650375939849624
1223,4160,Music,Art and entertainment > Notation,Notation,3,11.749857,1.6324056,-29.420708481711156,108.45282386254964,2,0.08909774436090226,0.8748120300751879,4.133735532701127,30.0187468304422,3,0.1481203007518797,0.48195488721804514
1224,4160,Music,Art and entertainment > Oral and aural tradition,Oral and aural tradition,3,11.506793,1.6331258,-18.414124822734305,28.191151784756787,2,0.11278195488721804,0.3620300751879699,129.39815181893223,90.00485087898646,3,0.9477443609022557,0.8977443609022556
1225,4160,Music,Elements,Elements,2,11.806011,1.661068,9.638571072060383,102.94499145773459,2,0.21654135338345865,0.8578947368421053,92.73472380436516,141.80165282826928,3,0.8710526315789474,0.9793233082706767
1226,4160,Music,Elements > Pitch,Pitch,3,11.773592,1.6463225,105.07434066557084,57.69582845547699,2,0.7736842105263158,0.6409774436090225,80.78415960359955,127.45643864049937,3,0.8345864661654135,0.9669172932330827
1227,4160,Music,Elements > Melody,Melody,3,11.798975,1.6002761,51.63008851684852,29.248880421885143,2,0.49473684210526314,0.37593984962406013,6.770576541527348,19.288989834038606,3,0.17443609022556392,0.3093984962406015
1228,4160,Music,Elements > Harmony,Harmony,3,11.769057,1.6258475,80.76017901552535,107.96162606917342,2,0.6721804511278195,0.8714285714285714,-26.631807474400375,115.28771411029932,3,0.02443609022556391,0.9518796992481203
1229,4160,Music,Elements > Rhythm,Rhythm,3,11.774672,1.6059086,217.4788508469733,40.69896891389149,2,0.9593984962406015,0.4921052631578947,68.94716016517341,11.877733905292818,3,0.7827067669172932,0.1586466165413534
1230,4160,Music,Elements > Texture,Texture,3,11.806582,1.6400518,125.07789520814725,27.92965927742792,2,0.8387218045112782,0.3586466165413534,100.29582166742505,73.33888140450404,3,0.8906015037593985,0.8390977443609022
1231,4160,Music,Elements > Timbre,Timbre,3,11.797653,1.650318,192.12081112661195,65.67637442512202,2,0.943609022556391,0.6902255639097744,78.07944733117269,38.607678827027705,3,0.8229323308270676,0.5951127819548873
1232,4160,Music,Elements > Expression,Expression,3,11.850492,1.6670557,12.528692524069797,1.0944588980823158,2,0.2319548872180451,0.017293233082706767,29.478400726505456,152.03159970941113,3,0.44285714285714284,0.9842105263157894
1233,4160,Music,Elements > Form,Form,3,11.787122,1.6335019,49.16012614173524,19.65062118809707,2,0.48045112781954885,0.25300751879699246,82.66125131607755,23.63060387962884,3,0.8390977443609022,0.37781954887218044
1234,4160,Music,Philosophy,Philosophy,2,11.595087,1.7161514,42.35355897982292,53.42788431439629,2,0.4327067669172932,0.6086466165413534,55.76003081789967,20.714682873669137,3,0.7048872180451128,0.33345864661654134
1235,4160,Music,Psychology,Psychology,2,11.706349,1.8970444,143.4939172911137,68.87476082133131,2,0.8778195488721805,0.706766917293233,177.2001913314986,74.88522656616294,3,0.9819548872180451,0.8481203007518797
1236,4160,Music,Psychology > Neuroscience,Neuroscience,3,11.647747,2.0574017,139.21314085542804,79.36941196849912,2,0.8699248120300752,0.7710526315789473,79.31761652151452,31.348911199077314,3,0.8281954887218045,0.5011278195488722
1237,4160,Music,Psychology > Cognitive musicology,Cognitive musicology,3,11.672821,1.976246,289.3923099163775,170.8570394972672,2,0.9823308270676692,0.9665413533834587,-36.958675696413806,178.92188539870523,3,0.013533834586466165,0.9921052631578947
1238,4160,Music,Psychology > Psychoacoustics,Psychoacoustics,3,11.707399,1.9857078,50.49315397851156,110.10198814975263,2,0.4860902255639098,0.880827067669173,81.75737396965444,14.857810913679861,3,0.8368421052631579,0.21954887218045113
1239,4160,Music,Psychology > Evolutionary musicology,Evolutionary musicology,3,11.606231,1.9937875,302.6687786409224,86.6794152762977,2,0.9845864661654136,0.8033834586466165,228.50752230865183,168.85598776980763,3,0.9943609022556391,0.9902255639097745
1240,4160,Music,Psychology > Cultural effects,Cultural effects,3,11.517739,1.8381292,289.4279190788184,33.10201602840997,2,0.9827067669172932,0.4206766917293233,119.83486578628556,84.52308697016637,3,0.9338345864661655,0.8830827067669172
1241,4160,Music,Psychology > Perceptual,Perceptual,3,11.768287,1.7034721,132.8239450625628,147.08373173678496,2,0.8575187969924812,0.9424812030075188,-9.173601889973279,27.22664198248881,3,0.07293233082706767,0.4342105263157895
1242,4160,Music,Sociological aspects,Sociological aspects,2,11.555292,1.6318843,-104.47715180200012,134.28774763718206,2,0.016917293233082706,0.9221804511278195,1.6962265986620995,94.01091568179686,3,0.13233082706766916,0.9086466165413534
1243,4160,Music,Sociological aspects > Role of women,Role of women,3,11.50383,1.558113,26.278793507123915,12.897442715182875,2,0.3225563909774436,0.162406015037594,83.49290503644733,54.68999630105794,3,0.8432330827067669,0.7421052631578947
1244,4160,Music,Media and technology,Media and technology,2,11.33424,1.6022415,25.607084878008447,38.88561088596314,2,0.3176691729323308,0.47406015037593985,58.498167010282856,48.43228846622141,3,0.7214285714285714,0.6958646616541353
1245,4160,Music,Education > Non-institutional,Non-institutional,3,11.548741,1.5948378,-99.19687327148985,89.81568985123141,2,0.018421052631578946,0.8157894736842105,75.87988562701868,117.27786727811736,3,0.8150375939849624,0.956390977443609
1246,4160,Music,Education > Institutional,Institutional,3,11.56544,1.5731089,10.605055812029509,84.4511557490999,2,0.22180451127819548,0.793233082706767,6.154921805147789,115.45292376576094,3,0.1650375939849624,0.9526315789473684
1247,4160,Music,Academic study > Musicology,Musicology,3,11.67308,1.7999341,135.047449214103,0.6065271899407483,2,0.8616541353383459,0.009398496240601503,75.87074489849823,32.183115561850585,3,0.8146616541353383,0.5142857142857142
1248,4160,Music,Academic study > Music theory,Music theory,3,11.694216,1.6993749,64.23881086005807,59.59885304777443,2,0.5774436090225564,0.6548872180451127,150.97246671087467,81.75266348452189,3,0.9680451127819549,0.8706766917293233
1249,4160,Music,Academic study > Zoomusicology,Zoomusicology,3,11.67744,1.9620668,-51.676162167930855,165.90172831766978,2,0.0518796992481203,0.9627819548872181,59.43314167002483,34.4112122855262,3,0.725187969924812,0.5462406015037594
1250,4160,Music,Academic study > Ethnomusicology,Ethnomusicology,3,11.349306,1.6288049,-40.167477310571115,119.40876417791793,2,0.06879699248120301,0.9015037593984963,32.06859299638769,34.889520587298435,3,0.47443609022556393,0.5507518796992481
1251,4160,Music,Therapy,Therapy,2,11.717079,1.7846553,14.860192421881015,47.77733273790587,2,0.24511278195488723,0.5567669172932331,28.55714610468139,6.647497968067333,3,0.4327067669172932,0.06390977443609022
1252,4335,North America,Introduction,Introduction,0,5.0266285,0.88636583,45.646905073151366,33.054021892817815,2,0.4556390977443609,0.4199248120300752,13.359269678955847,29.260832201176456,3,0.23909774436090225,0.46729323308270676
1253,4335,North America,Name,Name,2,5.766639,0.8267144,35.3367904292015,139.05645581743607,2,0.3838345864661654,0.9308270676691729,-24.77687695371451,102.89350363313956,3,0.029323308270676692,0.9319548872180451
1254,4335,North America,Definition,Definition,2,5.011582,0.86241037,90.41132475696898,77.07708226469653,2,0.7169172932330827,0.7582706766917293,-13.66549570601101,16.41008297189553,3,0.05488721804511278,0.2518796992481203
1255,4335,North America,Definition > Regions,Regions,3,4.96587,0.82099134,-38.92743701999741,5.867172715267719,2,0.07142857142857142,0.08007518796992481,-29.58146419303874,70.73244433877721,3,0.02180451127819549,0.8315789473684211
1256,4335,North America,History > Pre-Columbian era,Pre-Columbian era,3,6.6064157,0.9853972,50.11817026991122,35.572052133948404,2,0.4849624060150376,0.44285714285714284,20.218474674136278,54.7386278857706,3,0.325187969924812,0.7424812030075187
1257,4335,North America,"History > Post-contact, 1492–1910","Post-contact, 1492–1910",3,6.458964,0.5871959,67.54910237874745,0.8590806476310138,2,0.6026315789473684,0.014285714285714285,45.62240861607435,20.138368868808705,3,0.619172932330827,0.32218045112781957
1258,4335,North America,History > English settlements,English settlements,3,6.347596,0.6398294,67.4874845442906,27.511508460272225,2,0.6015037593984962,0.3526315789473684,28.39891395795622,34.06463760656869,3,0.431203007518797,0.543609022556391
1259,4335,North America,History > Seven Years' War,Seven Years' War,3,6.3820024,0.5090457,88.41207462312097,185.2193475205584,2,0.7071428571428572,0.975187969924812,-13.200841402102077,138.08841698460213,3,0.057518796992481205,0.9763157894736842
1260,4335,North America,History > American Revolution,American Revolution,3,6.909504,0.31845412,102.75865508792495,93.60105444884715,2,0.7665413533834586,0.8281954887218045,2.900937772064386,76.87701636389326,3,0.1406015037593985,0.8541353383458646
1261,4335,North America,History > Westward expansion,Westward expansion,3,6.3533316,0.5133211,120.57686364319125,87.66835943850185,2,0.8285714285714286,0.8071428571428572,29.486194497578698,51.691990200074585,3,0.4432330827067669,0.7203007518796992
1262,4335,North America,History > Canada and Panama Canal,Canada and Panama Canal,3,6.111816,0.4946155,45.67856974163355,61.26876074389395,2,0.456015037593985,0.662406015037594,4.4381840124497005,63.14562229689271,3,0.1511278195488722,0.7988721804511278
1263,4335,North America,Geography,Geography,2,4.9141703,0.7881931,7.722684723999171,2.483400156277858,2,0.20338345864661656,0.036466165413533834,40.340305613792594,91.51969808998405,3,0.5631578947368421,0.9026315789473685
1264,4335,North America,Geography > Canada,Canada,3,4.4905806,1.3804691,176.2837642259381,101.64488620739537,2,0.931203007518797,0.8526315789473684,37.90058855641313,41.02442827958404,3,0.5394736842105263,0.6225563909774436
1265,4335,North America,Geography > United States,United States,3,4.487784,1.4249613,168.0252625809918,128.86097609180374,2,0.9180451127819549,0.9165413533834587,33.03259745204263,77.67852692047735,3,0.48984962406015037,0.856390977443609
1266,4335,North America,Geography > Mexico,Mexico,3,4.5511003,1.3514864,88.09984401544048,84.02751263625512,2,0.7048872180451128,0.7917293233082707,13.181741797782932,74.24172800885498,3,0.23684210526315788,0.8447368421052631
1267,4335,North America,Geography > Climate,Climate,3,4.6736465,1.1718998,34.879409993842685,10.857633471065483,2,0.3793233082706767,0.13796992481203008,22.929571101194483,8.130337233077082,3,0.36353383458646615,0.0906015037593985
1268,4335,North America,Geography > Ecology,Ecology,3,6.6051764,1.1604606,146.50700214427079,57.00578873124832,2,0.8830827067669172,0.6368421052631579,68.06340058960615,13.09745668272702,3,0.7759398496240602,0.18421052631578946
1269,4335,North America,Geography > Geology > Geologic history,Geologic history,4,4.313034,1.5696791,-71.36871072476315,166.33955124428928,2,0.03270676691729323,0.9631578947368421,43.65324514785499,78.9306900334525,3,0.5988721804511278,0.8612781954887218
1270,4335,North America,Geography > Geology > Canada,Canada,4,4.096617,1.7630883,10.182114684868965,49.06505321017012,2,0.21917293233082707,0.5669172932330827,100.78271243768995,122.52124670269689,3,0.8913533834586466,0.9646616541353383
1271,4335,North America,Geography > Geology > United States,United States,4,4.414933,1.530534,51.532444307061624,4.150553241888191,2,0.493984962406015,0.061654135338345864,-20.920640966962768,33.95916249247627,3,0.039097744360902256,0.5421052631578948
1272,4335,North America,Geography > Geology > Central America,Central America,4,4.5044565,0.9758649,21.80205173372636,17.092599022516907,2,0.2849624060150376,0.21842105263157896,109.5944275412627,97.49319342145247,3,0.9154135338345865,0.9206766917293233
1273,4335,North America,Economy,Economy,2,5.0199203,0.6621966,64.39847781203477,24.904028730328456,2,0.5781954887218045,0.32105263157894737,87.59359286878157,52.62686942356768,3,0.8552631578947368,0.7244360902255639
1274,4335,North America,Economy > Transport,Transport,3,4.76823,0.1210434,68.79646157777411,10.751894889597521,2,0.6075187969924812,0.1357142857142857,69.62388550993727,96.30337688751445,3,0.7872180451127819,0.9169172932330827
1275,4335,North America,Economy > Communications,Communications,3,4.9816837,0.87562114,160.4808986038874,108.44753657480143,2,0.9086466165413534,0.8744360902255639,195.08613563107323,85.11105897142475,3,0.9868421052631579,0.8849624060150376
1276,4335,North America,Demographics,Demographics,2,4.9360666,0.80288154,164.17744397434973,124.44575834168414,2,0.912406015037594,0.9105263157894737,103.09186720880167,46.3849808157554,3,0.8992481203007519,0.6755639097744361
1277,4335,North America,Demographics > Languages,Languages,3,5.0120516,0.83656436,59.10040416861753,28.97346516340266,2,0.5402255639097744,0.37180451127819547,69.02605215259003,81.56416531798104,3,0.7834586466165413,0.8695488721804512
1278,4335,North America,Demographics > Indigenous languages,Indigenous languages,3,5.5889287,1.1958214,167.63796263312872,31.03313590721515,2,0.9169172932330827,0.3943609022556391,68.6227320967546,35.01126168081115,3,0.7800751879699248,0.5518796992481203
1279,4335,North America,Demographics > Religions,Religions,3,6.4679503,2.458344,27.1704203885244,4.220924267825582,2,0.32781954887218046,0.06203007518796992,-6.818591896291063,9.593138785770215,3,0.08533834586466166,0.11390977443609022
1280,4335,North America,Demographics > Population,Population,3,4.934455,0.86577505,38.650961077519824,18.215618402265942,2,0.4037593984962406,0.2357142857142857,47.54264667225642,85.99275720078161,3,0.6353383458646616,0.887593984962406
1281,4335,North America,Culture,Culture,2,5.019961,0.87604344,67.36704356408072,65.46685648974905,2,0.5988721804511278,0.6887218045112782,6.573563875457212,24.12974286443619,3,0.17067669172932332,0.38458646616541353
1282,4335,North America,Culture > Sport,Sport,3,5.028509,0.72707903,61.560049452995806,44.82159173582615,2,0.5586466165413534,0.5323308270676692,-8.135797738522523,37.816123793448625,3,0.07669172932330827,0.5842105263157895
1283,4697,Physics,Introduction,Introduction,0,5.100789,5.5684357,-39.25437341205508,22.56771701113637,2,0.07105263157894737,0.2924812030075188,-0.21314197683046054,12.867107001976017,3,0.11917293233082707,0.17857142857142858
1284,4697,Physics,History,History,2,6.8262596,4.186947,253.8775324237061,26.587772203075254,2,0.9740601503759398,0.337218045112782,186.9685336928931,28.73772834356782,3,0.9849624060150376,0.45902255639097744
1285,4697,Physics,History > Ancient astronomy,Ancient astronomy,3,5.4244027,4.6276784,-130.20705005355384,16.346708944781756,2,0.008646616541353383,0.20902255639097744,33.008420525853374,25.179759094943375,3,0.48872180451127817,0.39962406015037594
1286,4697,Physics,History > Natural philosophy,Natural philosophy,3,5.1965528,4.4488363,22.992221171196682,50.34797752625346,2,0.2951127819548872,0.5823308270676691,107.10772629881616,41.99855603653564,3,0.9086466165413534,0.6319548872180452
1287,4697,Physics,History > Aristotle and Hellenistic physics,Aristotle and Hellenistic physics,3,5.072566,4.4914083,196.97110425976837,140.20724446397617,2,0.9481203007518797,0.9345864661654135,28.727388634474934,108.89355225369788,3,0.4338345864661654,0.9428571428571428
1288,4697,Physics,History > Medieval European and Islamic,Medieval European and Islamic,3,5.976323,4.361454,32.15409108054261,0.9897256209210465,2,0.3605263157894737,0.016165413533834588,73.08896556960387,9.839929999178905,3,0.8007518796992481,0.11879699248120301
1289,4697,Physics,History > Scientific Revolution,Scientific Revolution,3,5.5232954,4.7649965,32.57668131749618,63.97181300907689,2,0.36390977443609024,0.6774436090225564,-3.638011089495588,58.43855988967187,3,0.1,0.7691729323308271
1290,4697,Physics,History > 19th century,19th century,3,5.093668,5.5821457,149.20829630951107,307.5308218508542,2,0.8860902255639098,0.9973684210526316,61.240838742031904,226.6331123806834,3,0.7364661654135338,0.9969924812030075
1291,4697,Physics,History > 20th century,20th century,3,5.206705,5.7388334,58.60748105002312,51.93936542822902,2,0.5360902255639097,0.5954887218045113,48.72843060811859,30.146203734532875,3,0.6447368421052632,0.48345864661654137
1292,4697,Physics,Core theories,Core theories,2,5.1745486,5.7658696,4.561357190890641,18.965444028323756,2,0.1924812030075188,0.24360902255639097,77.58792980516266,46.01741775960289,3,0.8214285714285714,0.6721804511278195
1293,4697,Physics,Core theories > Distinction between classical and modern physics,Distinction between classical and modern physics,3,5.178756,5.7939324,368.4293428944767,180.18524318350566,2,0.9936090225563909,0.9718045112781954,165.97549019882874,187.21023302096174,3,0.9770676691729323,0.9932330827067669
1294,4697,Physics,Core theories > Classical theory,Classical theory,3,5.0957155,5.7045813,72.79981260133594,64.0260314990887,2,0.6330827067669172,0.6781954887218045,48.40812133416233,15.520963014416884,3,0.6409774436090225,0.23345864661654137
1295,4697,Physics,Core theories > Modern theory,Modern theory,3,5.11396,5.778541,42.129563721768676,160.8784025426537,2,0.42969924812030075,0.9586466165413534,-26.621424031218783,57.62115646914289,3,0.02481203007518797,0.762406015037594
1296,4697,Physics,Research > Scientific method,Scientific method,3,7.4748125,5.516098,-10.783703194734475,44.359268303777085,2,0.13721804511278196,0.5296992481203008,26.49885892795628,98.08682995006802,3,0.40338345864661657,0.9229323308270677
1297,4697,Physics,Research > Theory and experiment,Theory and experiment,3,6.4953923,5.48523,150.80559761494777,10.6597479757705,2,0.8890977443609023,0.13421052631578947,82.78118394500343,83.28349646519088,3,0.8402255639097744,0.8789473684210526
1298,4697,Physics,Research > Scope and aims,Scope and aims,3,5.068509,5.6866765,32.4493666214635,6.365524510076365,2,0.36278195488721804,0.08571428571428572,41.30498986325756,53.211950412787246,3,0.5736842105263158,0.7289473684210527
1299,4697,Physics,Research > Current research,Current research,3,5.007167,5.732034,51.290616405189496,41.37850148265987,2,0.4921052631578947,0.5007518796992482,27.223780329952486,44.15434915058375,3,0.41466165413533834,0.6537593984962407
1300,4697,Physics,Branches and fields > Fields,Fields,3,5.1522965,5.735049,29.601609164390606,113.23364291601213,2,0.3454887218045113,0.8883458646616541,35.04228768398039,71.98326276928714,3,0.5093984962406015,0.8364661654135338
1301,4697,Physics,Branches and fields > Fields > Nuclear and particle,Nuclear and particle,4,4.264218,5.6375384,-4.315356118836968,50.56938712617803,2,0.1620300751879699,0.5849624060150376,29.70133386843511,25.13728285867101,3,0.44586466165413535,0.39849624060150374
1302,4697,Physics,"Branches and fields > Fields > Atomic, molecular, and optical","Atomic, molecular, and optical",4,4.366723,5.4753942,-33.666266471855316,2.8666775360196395,2,0.07894736842105263,0.0406015037593985,-11.374472155911505,12.72636428750678,3,0.06390977443609022,0.1763157894736842
1303,4697,Physics,Branches and fields > Fields > Condensed matter,Condensed matter,4,4.270222,5.4313064,78.47129147890354,58.953790322762025,2,0.6601503759398496,0.650375939849624,0.5009190162765703,39.79581418678687,3,0.12293233082706767,0.6093984962406015
1304,4697,Physics,Branches and fields > Fields > Astrophysics,Astrophysics,4,3.201755,5.834223,67.20848101595368,61.34249136832628,2,0.5984962406015037,0.6639097744360902,43.12897197155532,22.40698494991019,3,0.593609022556391,0.3575187969924812
1305,4697,Physics,Other aspects > Philosophy,Philosophy,3,7.0852184,5.594607,-72.92661189922089,33.89944133040215,2,0.031578947368421054,0.4281954887218045,22.639065455174787,9.264533561010168,3,0.35714285714285715,0.10827067669172932
1306,4697,Physics,Other aspects > Fundamental vs. applied physics,Fundamental vs. applied physics,3,5.1459813,5.6105833,-44.044688208511516,27.567986435315966,2,0.06127819548872181,0.3533834586466165,27.984197414653803,14.984216630160054,3,0.4259398496240602,0.22180451127819548
1307,4727,Plant,Introduction,Introduction,0,1.6313152,2.4260564,74.39287812949104,37.46592164253063,2,0.6394736842105263,0.462406015037594,23.474197271198932,32.73636373583354,3,0.3695488721804511,0.5236842105263158
1308,4727,Plant,Definition > Taxonomic history,Taxonomic history,3,1.3511268,2.0690753,195.44386997526357,10.621326657405072,2,0.9469924812030075,0.13383458646616542,100.4617391525697,61.70938475586235,3,0.8909774436090225,0.7921052631578948
1309,4727,Plant,Evolution > Diversity,Diversity,3,1.3370596,2.3836153,78.4038637557886,64.63384350646605,2,0.6597744360902256,0.6819548872180451,48.72559273565224,61.84902752483903,3,0.6443609022556391,0.793233082706767
1310,4727,Plant,Evolution > Evolutionary history,Evolutionary history,3,1.3876661,3.0462275,47.89343292579186,23.843433725706394,2,0.4706766917293233,0.3097744360902256,7.631049564525583,73.1875331853428,3,0.181203007518797,0.8383458646616542
1311,4727,Plant,Evolution > Phylogeny,Phylogeny,3,1.2478335,2.2322009,83.57777907959988,6.573578776393919,2,0.6842105263157895,0.09022556390977443,25.74186877366144,13.389176040322678,3,0.3943609022556391,0.18947368421052632
1312,4727,Plant,Physiology > Plant cells,Plant cells,3,0.6544929,2.2906852,21.011547804515295,29.18267571889647,2,0.2785714285714286,0.374812030075188,3.4900053349979956,86.36703685218374,3,0.14360902255639096,0.8879699248120301
1313,4727,Plant,Physiology > Plant structure,Plant structure,3,0.85781944,2.2478285,122.95241454994326,38.18091615821818,2,0.8338345864661654,0.4680451127819549,89.85615528048233,25.977286806505017,3,0.862406015037594,0.4150375939849624
1314,4727,Plant,Physiology > Photosynthesis,Photosynthesis,3,1.5777303,2.547622,47.71072112516878,22.690031568034804,2,0.468796992481203,0.293609022556391,21.07028746192725,38.15995173409925,3,0.3360902255639098,0.587593984962406
1315,4727,Plant,Physiology > Growth and repair,Growth and repair,3,1.9822567,2.4667954,166.75094442926735,70.72318558146546,2,0.9165413533834587,0.7214285714285714,33.44305264532597,79.41215731433164,3,0.4928571428571429,0.8631578947368421
1316,4727,Plant,Physiology > Reproduction > Sexual,Sexual,4,0.90406245,1.4142742,92.91812242981061,71.44010554101287,2,0.7274436090225563,0.7259398496240601,-7.558768460993799,98.5301567004015,3,0.081203007518797,0.9236842105263158
1317,4727,Plant,Physiology > Reproduction > Asexual,Asexual,4,0.98087186,1.431325,256.34178619535896,218.7405018909554,2,0.974812030075188,0.987218045112782,68.62202386163129,132.10503750239283,3,0.7796992481203008,0.9706766917293234
1318,4727,Plant,Physiology > Disease resistance,Disease resistance,3,1.9465228,2.3974116,152.40967364141142,29.212292838250676,2,0.893984962406015,0.3755639097744361,84.10242411119056,20.7370431825925,3,0.8454887218045113,0.33421052631578946
1319,4727,Plant,Physiology > Genomics,Genomics,3,1.2367027,2.3800054,209.1717657948147,11.699448196358745,2,0.9548872180451128,0.1481203007518797,113.97089640742018,33.644449254666696,3,0.9236842105263158,0.5372180451127819
1320,4727,Plant,Ecology > Distribution,Distribution,3,2.1475666,2.5202303,62.8386049021108,0.16174440247438823,2,0.5672932330827067,0.0018796992481203006,89.95362760450756,17.32481968302623,3,0.8631578947368421,0.2710526315789474
1321,4727,Plant,Ecology > Primary producers,Primary producers,3,1.8927637,2.6280074,111.72130728416165,20.714755063888997,2,0.7988721804511278,0.2654135338345865,41.23481772409004,16.72248288940903,3,0.5725563909774436,0.2578947368421053
1322,4727,Plant,Ecology > Ecological relationships,Ecological relationships,3,2.220095,1.7290411,-41.15346629177815,15.656759727379102,2,0.06766917293233082,0.20300751879699247,5.568758043392239,27.212239949840242,3,0.16052631578947368,0.4338345864661654
1323,4727,Plant,Ecology > Competition,Competition,3,1.7797899,2.5365167,29.638218660467757,86.45130679992255,2,0.3458646616541353,0.8018796992481203,53.90644220233329,26.80500294440794,3,0.6898496240601504,0.4263157894736842
1324,4727,Plant,Importance to humans > Food,Food,3,2.867538,1.8596365,32.9823539242644,14.271070366470505,2,0.3669172932330827,0.1830827067669173,27.450091814067907,17.969587730943957,3,0.418796992481203,0.28157894736842104
1325,4727,Plant,Importance to humans > Medicines,Medicines,3,2.782949,1.9674157,64.44542417279708,63.36229456879771,2,0.5789473684210527,0.6725563909774436,49.07988513305838,7.6817324011272,3,0.6477443609022556,0.0830827067669173
1326,4727,Plant,Importance to humans > Nonfood products,Nonfood products,3,2.8673706,1.9243062,53.56729910452746,26.011899631813527,2,0.5063909774436091,0.3304511278195489,106.41128331783666,25.64023992904143,3,0.9067669172932331,0.4075187969924812
1327,4727,Plant,Importance to humans > Ornamental plants,Ornamental plants,3,2.82255,1.8185161,110.25732016322719,27.181653286994287,2,0.793609022556391,0.3458646616541353,57.31199024324798,21.11707573431523,3,0.7161654135338346,0.34097744360902255
1328,4727,Plant,Importance to humans > In science,In science,3,2.7329204,1.6618047,33.034659106649976,142.4778266858892,2,0.3672932330827068,0.9368421052631579,59.031515343872286,94.95397476654271,3,0.7229323308270676,0.9116541353383458
1329,4727,Plant,"Importance to humans > In mythology, religion, and culture","In mythology, religion, and culture",3,5.8409047,3.366042,160.5146412280065,128.51938598103837,2,0.9090225563909774,0.9157894736842105,13.856040537843677,65.84714059691159,3,0.2462406015037594,0.8109022556390978
1330,4727,Plant,Importance to humans > Negative effects,Negative effects,3,2.8295102,1.8419077,-32.56090136049779,164.06044961334564,2,0.0830827067669173,0.9609022556390977,40.902845432247375,132.75992856788727,3,0.5699248120300752,0.9714285714285714
1331,4768,Politics,Introduction,Introduction,0,8.232015,-1.7167432,28.785153947387286,19.09506084002696,2,0.3398496240601504,0.24586466165413534,5.724704672768405,32.83230018488563,3,0.16278195488721806,0.5255639097744361
1332,4768,Politics,Etymology,Etymology,2,8.680292,-0.83788854,74.64553119549655,54.46128247842091,2,0.6421052631578947,0.619172932330827,69.47402376701885,14.638901038522187,3,0.7860902255639097,0.21390977443609022
1333,4768,Politics,Etymology > Definitions,Definitions,3,8.627062,-1.4487047,7.0768333717406815,7.624413978944303,2,0.20112781954887218,0.09849624060150376,17.609435465686047,32.08161500690711,3,0.2887218045112782,0.5131578947368421
1334,4768,Politics,Approaches > Extensive and limited,Extensive and limited,3,8.583388,-1.4907824,57.3076626204582,56.000884934302526,2,0.5285714285714286,0.6285714285714286,35.873954324547874,7.222841641789357,3,0.5169172932330827,0.07481203007518797
1335,4768,Politics,Approaches > Moralism and realism,Moralism and realism,3,8.635271,-1.4695594,155.85373471964692,158.30578199763073,2,0.899624060150376,0.956015037593985,22.261625366888694,86.75568445701664,3,0.3522556390977444,0.8902255639097745
1336,4768,Politics,Approaches > Conflict and co-operation,Conflict and co-operation,3,8.573589,-1.3248082,78.0969374668195,7.119162814294192,2,0.6593984962406015,0.09473684210526316,82.19336480950857,25.575148474826374,3,0.83796992481203,0.406390977443609
1337,4768,Politics,History > Early states,Early states,3,8.251221,-0.34167603,10.95818786808789,228.32461760595248,2,0.2236842105263158,0.9898496240601504,32.169464078379214,25.241648401579994,3,0.4766917293233083,0.40112781954887217
1338,4768,Politics,History > Early states > State formation,State formation,4,8.235268,-0.6731379,105.6104287675759,6.667003226524932,2,0.7763157894736842,0.09097744360902256,26.943642520579612,18.108614157354147,3,0.4101503759398496,0.2864661654135338
1339,4768,Politics,History > Early states > Ancient history,Ancient history,4,8.218778,-0.2899589,181.8550496622437,11.05164512593342,2,0.9353383458646617,0.14135338345864662,80.06117854477483,84.9995095065437,3,0.8327067669172933,0.8845864661654136
1340,4768,Politics,History > Modern states,Modern states,3,8.412359,-0.44305852,63.88007231158156,104.27676667010415,2,0.575563909774436,0.8627819548872181,6.648105517118782,48.58776748514883,3,0.1725563909774436,0.6969924812030075
1341,4768,Politics,History > Globalization,Globalization,3,7.982598,-1.4066103,44.77996728405972,31.410249555325578,2,0.4496240601503759,0.39924812030075185,20.346528264756937,36.261419443621804,3,0.3263157894736842,0.5684210526315789
1342,4768,Politics,Political science,Political science,2,7.785045,4.4036403,15.694634274948221,120.80601209747445,2,0.24924812030075189,0.9052631578947369,29.898388037038597,50.536607530982835,3,0.4484962406015038,0.7142857142857143
1343,4768,Politics,Political system,Political system,2,8.237713,-1.7926227,-9.114918152194742,56.37858538970766,2,0.1432330827067669,0.631203007518797,28.31449836323419,17.278654969334585,3,0.42969924812030075,0.26917293233082706
1344,4768,Politics,Political system > Forms of government,Forms of government,3,8.365695,-1.8730761,277.71005197385256,0.7351758178769658,2,0.9785714285714285,0.012406015037593985,165.3689920020045,88.8163553877207,3,0.9763157894736842,0.8954887218045112
1345,4768,Politics,Political system > Forms of government > Source of power,Source of power,4,8.330744,-1.9198121,127.08713264863417,34.64926377283913,2,0.8458646616541353,0.4349624060150376,30.284520158401232,16.199234861305303,3,0.45263157894736844,0.24774436090225563
1346,4768,Politics,Political system > Forms of government > Vertical integration,Vertical integration,4,8.252188,-1.7916733,115.8693635290964,44.34104958937636,2,0.8131578947368421,0.5293233082706766,44.16555258679178,38.85880034264972,3,0.6052631578947368,0.5981203007518797
1347,4768,Politics,Political system > State,State,3,8.52678,-1.317515,-8.067257312497345,23.899600047603123,2,0.14736842105263157,0.3112781954887218,53.526533889065206,55.905113902548926,3,0.6860902255639098,0.75
1348,4768,Politics,Political system > Constitutions,Constitutions,3,8.542142,-1.8982489,52.078198156818175,19.35179649874153,2,0.4988721804511278,0.24924812030075189,52.95646338151865,41.31622402314715,3,0.6804511278195489,0.6263157894736842
1349,4768,Politics,Political system > Political culture,Political culture,3,8.3422,-1.7447401,29.005581826431964,6.092916603691543,2,0.34210526315789475,0.08270676691729323,14.249501800704564,63.93398806861775,3,0.2518796992481203,0.8037593984962406
1350,4768,Politics,Political system > Political dysfunction > Political corruption,Political corruption,4,8.270048,-1.8463547,184.5052709971744,156.11286886639365,2,0.937593984962406,0.9545112781954888,36.74715178621086,40.013882201521106,3,0.5263157894736842,0.612406015037594
1351,4768,Politics,Political system > Political dysfunction > Proxy politics,Proxy politics,4,8.187135,-1.7887534,78.71446013309735,30.689166862310895,2,0.6616541353383458,0.3913533834586466,26.19061380377178,8.095831249475907,3,0.39849624060150374,0.08984962406015037
1352,4768,Politics,Levels of politics > Macropolitics,Macropolitics,3,8.169626,-1.709893,124.21291396254762,81.9970139543875,2,0.8364661654135338,0.7827067669172932,29.66803995566714,36.348027867985344,3,0.44511278195488724,0.5691729323308271
1353,4768,Politics,Levels of politics > Mesopolitics,Mesopolitics,3,8.22282,-1.7968754,114.42958298080957,162.92307383136244,2,0.8075187969924812,0.9601503759398496,18.631994014935383,15.701510549222935,3,0.30413533834586465,0.23759398496240602
1354,4768,Politics,Levels of politics > Micropolitics,Micropolitics,3,8.212939,-1.7878803,59.22153954759018,27.648919791356843,2,0.5421052631578948,0.3548872180451128,-46.818919506483574,4.3750187445205455,3,0.007894736842105263,0.03045112781954887
1355,4768,Politics,Political values > Democracy,Democracy,3,8.368915,-1.8808082,318.19591855945845,149.47315987594254,2,0.987593984962406,0.9454887218045113,251.36360699321838,20.711489098892528,3,0.9969924812030075,0.3330827067669173
1356,4768,Politics,Political values > Democracy > Aggregation,Aggregation,4,8.464742,-1.737001,-68.97576877569486,7.9222631645117145,2,0.03609022556390978,0.10037593984962406,122.83231996595505,153.16466412310388,3,0.937593984962406,0.9845864661654136
1357,4768,Politics,Political values > Democracy > Polyarchy,Polyarchy,4,8.51992,-1.714187,0.31334866203218326,128.27289015706376,2,0.17781954887218046,0.9150375939849624,204.40274211979226,127.30941508857278,3,0.9883458646616541,0.9665413533834587
1358,4768,Politics,Political values > Democracy > Deliberation,Deliberation,4,8.3517475,-1.8976318,-78.50558489163976,144.1083803038574,2,0.02706766917293233,0.9394736842105263,85.55769170458923,95.01624318388367,3,0.85,0.91203007518797
1359,4768,Politics,Political values > Equality,Equality,3,9.106834,-0.7708514,-8.764397116623307,22.075172014453994,2,0.14398496240601505,0.2868421052631579,66.4934890952605,69.29717461580564,3,0.7665413533834586,0.8263157894736842
1360,4768,Politics,Political values > Equality > Left–right spectrum,Left–right spectrum,4,8.518263,-1.5381855,36.28011144850273,1.3060353534184124,2,0.3902255639097744,0.021052631578947368,50.97179463817664,33.04716033969687,3,0.6642857142857143,0.5285714285714286
1361,4768,Politics,Political values > Freedom,Freedom,3,8.349519,-1.85881,206.63420236955696,22.801022747784582,2,0.9541353383458646,0.29586466165413533,18.554954810382323,8.29433533143107,3,0.3030075187969925,0.09172932330827067
1362,4768,Politics,Political values > Freedom > Authoritarianism and libertarianism,Authoritarianism and libertarianism,4,8.714965,-1.5014586,-12.689461045265894,110.26408647243488,2,0.13082706766917293,0.881203007518797,42.08503544801038,84.00662824028561,3,0.5838345864661654,0.881203007518797
1363,4879,Psychology,Introduction,Introduction,0,8.461457,4.6988635,14.884313246634946,122.94600063876351,2,0.24548872180451128,0.9086466165413534,39.78654611551871,47.97908896951143,3,0.5571428571428572,0.6909774436090226
1364,4879,Psychology,Etymology and definitions,Etymology and definitions,2,7.074751,4.1249914,-63.34474048373537,15.387242222056273,2,0.03984962406015038,0.19962406015037593,38.57702628133177,45.74669387816548,3,0.5469924812030075,0.6695488721804511
1365,4879,Psychology,History,History,2,8.603692,4.434632,34.05375702738037,57.33622682787163,2,0.3736842105263158,0.6383458646616541,92.38060531942843,38.259398439668146,3,0.8695488721804512,0.5894736842105263
1366,4879,Psychology,History > Beginning of experimental psychology,Beginning of experimental psychology,3,8.780128,4.7143807,48.04176959003924,9.148961279812935,2,0.4725563909774436,0.11578947368421053,37.80372967936213,30.61564158040553,3,0.5375939849624061,0.4913533834586466
1367,4879,Psychology,History > Consolidation and funding,Consolidation and funding,3,8.768171,4.62231,83.37525541230744,55.00986599594617,2,0.6834586466165413,0.6214285714285714,45.42219725837737,5.634516327722976,3,0.6180451127819548,0.05075187969924812
1368,4879,Psychology,History > Women in psychology > 1900–1949,1900–1949,4,8.923783,4.510894,75.66535991310795,3.2332872642454182,2,0.6473684210526316,0.046992481203007516,34.31864884458026,6.373130781480525,3,0.5022556390977444,0.060526315789473685
1369,4879,Psychology,History > Women in psychology > 1950–1999,1950–1999,4,8.922637,4.4155765,36.508750653058655,1.7015039157422123,2,0.39172932330827065,0.02857142857142857,18.83722275335542,3.845152688377109,3,0.3056390977443609,0.02406015037593985
1370,4879,Psychology,History > Women in psychology > 21st century,21st century,4,8.525827,4.769869,43.39296632757227,20.197236109798677,2,0.43909774436090226,0.2593984962406015,1.167956056923179,14.24047151960525,3,0.1274436090225564,0.20676691729323307
1371,4879,Psychology,Disciplinary organizations > Institutions,Institutions,3,8.639351,4.6985755,73.68124516162734,33.736063761466404,2,0.6364661654135338,0.4259398496240602,12.462547983818174,13.179880939694494,3,0.22894736842105262,0.18646616541353384
1372,4879,Psychology,Disciplinary organizations > Boundaries,Boundaries,3,8.716084,4.685592,132.73914604727895,215.13154260388362,2,0.8571428571428571,0.9860902255639098,5.683552688279858,14.155557560245578,3,0.1620300751879699,0.2037593984962406
1373,4879,Psychology,Major schools of thought > Biological,Biological,3,8.984588,4.5835595,57.3227957703269,0.22121906041187744,2,0.5289473684210526,0.004511278195488722,32.95594764397899,77.47866451964698,3,0.48721804511278194,0.856015037593985
1374,4879,Psychology,Major schools of thought > Behaviorist,Behaviorist,3,8.907822,4.6132584,132.44942873187534,67.9253265230935,2,0.856390977443609,0.7018796992481203,38.481784419685795,46.37338034915668,3,0.5451127819548872,0.675187969924812
1375,4879,Psychology,Major schools of thought > Cognitive,Cognitive,3,8.658696,4.602425,46.29426227015045,35.58525648240933,2,0.4612781954887218,0.4432330827067669,31.991327214483082,22.840386288271258,3,0.47330827067669173,0.36578947368421055
1376,4879,Psychology,Major schools of thought > Social,Social,3,8.619491,4.7091928,-12.033059486613649,39.29451608493151,2,0.13345864661654136,0.4793233082706767,16.386037737616533,33.67534766006899,3,0.2774436090225564,0.5379699248120301
1377,4879,Psychology,Major schools of thought > Psychoanalytic,Psychoanalytic,3,8.622798,4.644451,50.79835405091314,11.616775697045288,2,0.48909774436090225,0.14736842105263157,20.1019553380751,37.79260850696414,3,0.3240601503759398,0.5834586466165413
1378,4879,Psychology,Major schools of thought > Existential-humanistic,Existential-humanistic,3,8.923622,4.3721056,-26.85754213913542,80.95654450024097,2,0.09323308270676692,0.7789473684210526,30.892094400613303,6.7090562764078685,3,0.45864661654135336,0.06541353383458647
1379,4879,Psychology,Themes > Personality,Personality,3,9.063099,4.5626264,103.72461904851605,137.4841093230856,2,0.7691729323308271,0.9274436090225564,66.91229596306961,95.5276351226399,3,0.768796992481203,0.9135338345864662
1380,4879,Psychology,Themes > Unconscious mind,Unconscious mind,3,8.754804,4.6264286,114.1865842050137,84.22608120890851,2,0.8071428571428572,0.7924812030075188,12.385142542672645,34.622592385496986,3,0.2281954887218045,0.5481203007518797
1381,4879,Psychology,Themes > Motivation,Motivation,3,9.189469,4.6588454,118.56132937590536,77.86767897772322,2,0.8214285714285714,0.7616541353383459,42.63805371058347,44.031416902379455,3,0.5902255639097744,0.6515037593984963
1382,4879,Psychology,Themes > Development psychology,Development psychology,3,8.585883,4.545851,23.52152583288729,46.75663870185326,2,0.3011278195488722,0.5451127819548872,36.82993153689846,116.540613037057,3,0.5274436090225564,0.9548872180451128
1383,4879,Psychology,Themes > Genes and environment,Genes and environment,3,8.864981,4.9100323,55.38807457576996,29.949558659230068,2,0.5180451127819549,0.3827067669172932,34.117955255956055,41.002535743767865,3,0.500375939849624,0.6221804511278195
1384,4879,Psychology,Applications > Psychological testing,Psychological testing,3,8.816547,4.6185713,5.733860155538332,4.69311546815785,2,0.1981203007518797,0.06766917293233082,27.54649791140241,30.388294873092587,3,0.4199248120300752,0.4864661654135338
1385,4879,Psychology,Applications > Mental health care,Mental health care,3,8.535577,4.7713304,94.2606708025088,49.67322686736301,2,0.7308270676691729,0.575563909774436,39.2190393461509,28.30814396673601,3,0.5541353383458647,0.45150375939849624
1386,4879,Psychology,Applications > Education,Education,3,8.664353,4.526947,69.19019765898521,72.18552063872649,2,0.6097744360902255,0.7315789473684211,33.70794582101755,15.559020174005912,3,0.49548872180451126,0.23458646616541354
1387,4879,Psychology,Applications > Work,Work,3,8.579034,4.771985,48.20427865575474,33.58435907734662,2,0.47330827067669173,0.4244360902255639,21.2103987171017,19.56173208411461,3,0.3387218045112782,0.31390977443609025
1388,4879,Psychology,Applications > Military and intelligence,Military and intelligence,3,8.616987,4.7854285,25.392811976940592,0.5545638243991363,2,0.3157894736842105,0.008646616541353383,7.4768222031538585,18.0521697102941,3,0.1800751879699248,0.28421052631578947
1389,4879,Psychology,"Applications > Health, well-being, and social change > Social change",Social change,4,8.858882,4.295279,94.81436441418406,12.469539808357567,2,0.7342105263157894,0.15639097744360902,18.20015649867553,36.326593425810664,3,0.29699248120300753,0.568796992481203
1390,4879,Psychology,"Applications > Health, well-being, and social change > Medical applications",Medical applications,4,8.595583,4.752681,77.95504583437261,32.270463565109985,2,0.6590225563909774,0.40977443609022557,44.22694979510536,105.13676093854555,3,0.606015037593985,0.937593984962406
1391,4879,Psychology,"Applications > Health, well-being, and social change > Worker health, safety and wellbeing","Worker health, safety and wellbeing",4,8.570407,4.7407913,26.960534416511685,30.19863419047493,2,0.325187969924812,0.38458646616541353,9.553376186979857,32.966045321435146,3,0.20075187969924813,0.5274436090225564
1392,4879,Psychology,"Applications > Health, well-being, and social change > Occupational health psychology",Occupational health psychology,4,8.602426,4.771119,40.26489822907644,16.60966726589329,2,0.41654135338345866,0.21390977443609022,-20.103373759967926,23.027695891735714,3,0.0406015037593985,0.3680451127819549
1393,4879,Psychology,Research methods,Research methods,2,8.181699,5.5730076,172.0000029380409,129.99133159737056,2,0.924812030075188,0.9176691729323309,44.50519637339986,71.31305427866397,3,0.6082706766917293,0.8338345864661654
1394,4879,Psychology,Research methods > Controlled experiments,Controlled experiments,3,8.185964,5.5816965,-16.943036715303123,19.511337970488352,2,0.11992481203007518,0.2511278195488722,-5.472076492887388,38.859343738075346,3,0.09022556390977443,0.5984962406015037
1395,4879,Psychology,Research methods > Other types of studies,Other types of studies,3,8.20311,5.59761,65.87333768680313,26.861099437942695,2,0.5860902255639098,0.34022556390977443,73.87318823359752,59.53502989939097,3,0.8052631578947368,0.7770676691729324
1396,4879,Psychology,Research methods > Direct brain observation/manipulation,Direct brain observation/manipulation,3,8.518767,4.53758,65.48109733597477,24.362073989456043,2,0.5838345864661654,0.3161654135338346,51.7284410365123,20.99585962862881,3,0.6718045112781955,0.337593984962406
1397,4879,Psychology,Research methods > Computer simulation,Computer simulation,3,8.057559,7.0194054,275.8374235545942,143.17676618806888,2,0.9781954887218045,0.9383458646616541,91.84814458256112,10.467481499998513,3,0.868796992481203,0.1319548872180451
1398,4879,Psychology,Research methods > Animal studies,Animal studies,3,8.914447,4.6587324,-32.927528113721884,67.24978122562784,2,0.08157894736842106,0.6969924812030075,20.683326032821935,53.379491753882995,3,0.3304511278195489,0.731203007518797
1399,4879,Psychology,Research methods > Qualitative research,Qualitative research,3,8.122472,5.2283897,53.03648962763859,19.871342577338883,2,0.5030075187969925,0.256015037593985,53.52637213562557,77.92919767691446,3,0.6857142857142857,0.8567669172932331
1400,4879,Psychology,Research methods > Program evaluation,Program evaluation,3,7.204956,-1.6794401,30.627014181419824,69.89212090528936,2,0.3522556390977444,0.7142857142857143,21.890071254834396,32.696994746223076,3,0.3462406015037594,0.5233082706766917
1401,4879,Psychology,Contemporary issues > Metascience,Metascience,3,8.376571,4.992652,98.93932884062396,14.710015682531147,2,0.7511278195488722,0.187593984962406,34.98418893152188,11.897421796866407,3,0.5078947368421053,0.16052631578947368
1402,4879,Psychology,Contemporary issues > Metascience > Confirmation bias,Confirmation bias,4,8.430652,5.0581765,-10.801245687218174,44.074893006834245,2,0.1368421052631579,0.5270676691729324,48.108433648332,57.93655940623052,3,0.6387218045112782,0.7646616541353384
1403,4879,Psychology,Contemporary issues > Metascience > Replication,Replication,4,8.361275,5.0926204,54.902868543714035,34.375494702262955,2,0.5165413533834586,0.4323308270676692,22.921365264188683,39.41468349206064,3,0.3631578947368421,0.606015037593985
1404,4879,Psychology,Contemporary issues > Metascience > Misuse of statistics,Misuse of statistics,4,8.336305,5.362731,162.805729747755,237.8929806667557,2,0.9112781954887218,0.9921052631578947,124.73435350573997,46.14230937414869,3,0.9413533834586466,0.6733082706766917
1405,4879,Psychology,Contemporary issues > WEIRD bias,WEIRD bias,3,8.529295,4.9591894,30.787490310017937,8.10752008332977,2,0.3533834586466165,0.1037593984962406,25.225047854712543,9.63333911796526,3,0.3894736842105263,0.11428571428571428
1406,4879,Psychology,Contemporary issues > STRANGE bias,STRANGE bias,3,8.57955,4.943843,189.1146117054965,8.734851400047987,2,0.9409774436090226,0.11015037593984962,83.77271480952597,40.41182534151386,3,0.8443609022556391,0.6161654135338346
1407,4879,Psychology,Contemporary issues > Unscientific mental health training,Unscientific mental health training,3,8.361648,4.9915123,137.25077350114884,122.34799829876322,2,0.8672932330827068,0.9071428571428571,55.74309521610619,73.8720786680482,3,0.7045112781954888,0.8424812030075188
1408,4879,Psychology,Ethics,Ethics,2,8.783925,4.5075617,116.03746792973334,43.19257052800988,2,0.8142857142857143,0.5176691729323308,48.49019405412175,44.431785104008476,3,0.6421052631578947,0.6571428571428571
1409,4879,Psychology,Ethics > Ethics with Humans,Ethics with Humans,3,8.1554575,4.094766,103.94708857471319,97.3582449691489,2,0.7699248120300752,0.8413533834586466,27.423686759747337,31.548525194044526,3,0.41842105263157897,0.5060150375939849
1410,4879,Psychology,Ethics > Ethics with other animals,Ethics with other animals,3,8.857571,4.56236,9.46538005816899,56.95873523490158,2,0.21541353383458647,0.6360902255639098,67.23502930593871,80.2844871658684,3,0.7699248120300752,0.8642857142857143
1411,5024,Reproduction,Introduction,Introduction,0,0.95599663,1.4382137,47.20130284281417,88.23085535149245,2,0.46578947368421053,0.8086466165413534,76.94830262950457,29.62095557413233,3,0.8180451127819549,0.47481203007518796
1412,5024,Reproduction,Methods > Asexual,Asexual,3,0.9078212,1.4211178,77.56278089611756,78.10127170055313,2,0.6575187969924812,0.7631578947368421,115.24032581601777,10.263947356458608,3,0.925187969924812,0.12706766917293233
1413,5024,Reproduction,Methods > Sexual,Sexual,3,0.8684183,1.4426807,75.09158205884205,5.513012039439873,2,0.643984962406015,0.0774436090225564,-1.2372817089048727,22.427805005919257,3,0.11353383458646617,0.35827067669172935
1414,5024,Reproduction,Methods > Sexual > Allogamy,Allogamy,4,0.96704674,1.3726095,62.80919967543115,82.08721091718601,2,0.5669172932330827,0.7830827067669173,37.65606218380353,70.02917237712747,3,0.5353383458646617,0.8285714285714286
1415,5024,Reproduction,Methods > Sexual > Autogamy,Autogamy,4,0.9495623,1.3652012,105.50585578047625,7.240220830481542,2,0.7755639097744361,0.09548872180451128,124.72713685309849,73.67954426474046,3,0.9409774436090226,0.8413533834586466
1416,5024,Reproduction,Methods > Sexual > Mitosis and meiosis,Mitosis and meiosis,4,0.75353277,1.74287,48.34082623498147,21.10299957208548,2,0.47481203007518796,0.2714285714285714,32.44565334643107,26.360389846612463,3,0.48120300751879697,0.42030075187969923
1417,5024,Reproduction,Methods > Sexual > Gametogenesis,Gametogenesis,4,0.8356741,1.5065558,22.03627748369985,71.31247095163847,2,0.2879699248120301,0.725187969924812,9.222918811015637,38.85504056980871,3,0.19736842105263158,0.5977443609022557
1418,5024,Reproduction,Methods > Same-sex,Same-sex,3,0.82910734,1.4142139,-22.56831340784715,16.188035458021464,2,0.10563909774436091,0.20676691729323307,-1.7015664919107418,16.993777249829073,3,0.11090225563909774,0.26278195488721806
1419,5024,Reproduction,Strategies,Strategies,2,1.0179087,1.3325827,58.664907195112946,28.916724080579634,2,0.5364661654135339,0.3706766917293233,9.111885180342746,17.24994259354289,3,0.1962406015037594,0.26804511278195486
1420,5024,Reproduction,Strategies > Other types,Other types,3,0.9215559,1.4476978,69.73742684078297,35.9561302474661,2,0.6146616541353384,0.4484962406015038,34.565609759579566,53.94832796140477,3,0.5045112781954887,0.7360902255639098
1421,5024,Reproduction,Asexual vs. sexual reproduction,Asexual vs. sexual reproduction,2,0.9290457,1.3777691,116.8979779165303,9.269391609481842,2,0.8172932330827067,0.11766917293233083,33.68236121761327,52.3454582540076,3,0.4951127819548872,0.7233082706766917
1422,5024,Reproduction,Life without,Life without,2,1.5645375,2.214941,-7.4766230856248495,53.6258371495966,2,0.14962406015037594,0.6116541353383459,-0.4056016804435946,4.283361736650201,3,0.11842105263157894,0.029323308270676692
1423,5024,Reproduction,Lottery principle,Lottery principle,2,0.9947511,1.3358793,89.27656184145832,12.640070568038356,2,0.7127819548872181,0.1593984962406015,25.33771462825079,12.98418866237042,3,0.3898496240601504,0.18195488721804512
1424,5448,Solar System,Introduction,Introduction,0,1.557953,5.3058686,145.36847856396307,80.57183402745741,2,0.8819548872180452,0.7759398496240602,43.67463958538308,60.35998357514991,3,0.5992481203007519,0.7823308270676692
1425,5448,Solar System,Definition,Definition,2,1.5398229,5.3767605,23.474248489057437,8.754834215007055,2,0.3003759398496241,0.11090225563909774,6.906277290407872,26.690782396945814,3,0.1755639097744361,0.424812030075188
1426,5448,Solar System,Formation and evolution > Past,Past,3,1.7274119,4.9865127,37.71333810739463,70.15886024634405,2,0.3973684210526316,0.718796992481203,-26.795297784522187,46.363522154982476,3,0.02368421052631579,0.674812030075188
1427,5448,Solar System,Formation and evolution > Present and future,Present and future,3,1.9821676,5.112314,-86.51935843264633,23.93114742837435,2,0.022556390977443608,0.31203007518796994,22.113293761507943,58.880581868047734,3,0.35037593984962406,0.7729323308270677
1428,5448,Solar System,General characteristics,General characteristics,2,1.555188,5.3928204,38.52135376730267,97.09933857016104,2,0.4026315789473684,0.8406015037593985,93.5872804964401,6.075635300672738,3,0.8733082706766917,0.056766917293233084
1429,5448,Solar System,General characteristics > Composition,Composition,3,1.6444383,5.3252435,159.22661972561485,26.436287677903664,2,0.906390977443609,0.3349624060150376,48.70661803276932,28.124926174984658,3,0.643984962406015,0.4477443609022556
1430,5448,Solar System,General characteristics > Orbits,Orbits,3,1.5201168,5.2942567,11.747141896887216,9.954326646849347,2,0.22669172932330828,0.12669172932330827,41.835953972426566,65.71303473364829,3,0.5800751879699249,0.8105263157894737
1431,5448,Solar System,General characteristics > Distances and scales,Distances and scales,3,1.6863371,5.271455,52.32557809703951,9.743722080439184,2,0.500375939849624,0.12368421052631579,47.98961512449279,33.54324967890271,3,0.6379699248120301,0.5357142857142857
1432,5448,Solar System,General characteristics > Habitability,Habitability,3,1.9300405,4.928759,93.12221506671763,3.340466014571027,2,0.7281954887218045,0.0481203007518797,98.21106388937046,41.140706555382025,3,0.8845864661654136,0.6240601503759399
1433,5448,Solar System,General characteristics > Comparison with extrasolar systems,Comparison with extrasolar systems,3,1.5550905,5.34722,-123.92688630861133,111.68503985705657,2,0.010902255639097745,0.8830827067669172,68.90236498608783,23.515750678816566,3,0.7819548872180451,0.3744360902255639
1434,5448,Solar System,Sun,Sun,2,2.0153406,5.116737,25.485402331825412,3.1688094985408006,2,0.3169172932330827,0.0462406015037594,39.06504229356795,30.417699394671008,3,0.5530075187969925,0.48721804511278194
1435,5448,Solar System,Inner Solar System,Inner Solar System,2,1.54365,5.3747096,25.496440970912083,112.72087527487611,2,0.3172932330827068,0.8872180451127819,17.591088347984257,39.019448974908364,3,0.2883458646616541,0.6007518796992481
1436,5448,Solar System,Inner Solar System > Inner planets,Inner planets,3,1.8714904,4.3081923,133.8142119912594,80.83828686885893,2,0.8593984962406015,0.7781954887218046,32.25611527625218,104.79989747660753,3,0.4778195488721805,0.9368421052631579
1437,5448,Solar System,Inner Solar System > Asteroids,Asteroids,3,1.4436401,5.283434,78.92976977766229,25.18285807222265,2,0.6639097744360902,0.3236842105263158,38.730706784335126,19.97398284930619,3,0.5484962406015037,0.31992481203007517
1438,5448,Solar System,Inner Solar System > Asteroids > Asteroid belt,Asteroid belt,4,1.4874771,5.4136386,77.94471225460062,58.68485228483613,2,0.6586466165413534,0.6473684210526316,38.29829890451385,44.38654983952957,3,0.543609022556391,0.6556390977443609
1439,5448,Solar System,Outer Solar System,Outer Solar System,2,1.5929853,5.35331,335.14721698360927,0.8572956380100252,2,0.9898496240601504,0.013909774436090226,48.417914825181306,22.48632418060323,3,0.6413533834586466,0.3601503759398496
1440,5448,Solar System,Outer Solar System > Outer planets,Outer planets,3,1.5584137,5.289711,109.66012107508757,82.81851641097577,2,0.7921052631578948,0.7868421052631579,14.796323441590756,61.54326410070404,3,0.26015037593984963,0.7913533834586466
1441,5448,Solar System,Outer Solar System > Centaurs,Centaurs,3,1.4439139,5.433273,39.894444203636496,30.373077981693196,2,0.4131578947368421,0.38646616541353385,-1.4317561045804321,33.09021815472727,3,0.11240601503759398,0.5289473684210526
1442,5448,Solar System,Trans-Neptunian region,Trans-Neptunian region,2,1.5047213,5.453122,184.1075260054689,147.41085535474303,2,0.9368421052631579,0.9428571428571428,77.48731811373328,6.9767041653138335,3,0.8203007518796992,0.06954887218045112
1443,5448,Solar System,Trans-Neptunian region > Kuiper belt,Kuiper belt,3,1.4677659,5.429322,32.58610168134671,23.83882126343966,2,0.36428571428571427,0.3093984962406015,24.804739812378017,27.071638536331,3,0.3838345864661654,0.43045112781954886
1444,5448,Solar System,Trans-Neptunian region > Scattered disc,Scattered disc,3,1.4650574,5.4429216,37.25525889304659,26.951941203329632,2,0.39586466165413536,0.34172932330827066,25.53216435507586,41.20707933837748,3,0.39172932330827065,0.6251879699248121
1445,5448,Solar System,Trans-Neptunian region > Extreme trans-Neptunian objects,Extreme trans-Neptunian objects,3,1.4935538,5.4542265,53.76317504398948,44.719344564588646,2,0.5075187969924813,0.531578947368421,0.7113522178640869,57.427115544925464,3,0.12443609022556391,0.7609022556390977
1446,5448,Solar System,Trans-Neptunian region > Oort cloud,Oort cloud,3,1.5002121,5.418559,51.08820048223223,111.04099115532827,2,0.48984962406015037,0.8819548872180452,67.68521320256536,12.078793320322172,3,0.7729323308270677,0.16390977443609023
1447,5448,Solar System,"Gravitationally unstable populations > Meteoroids, meteors and dust","Meteoroids, meteors and dust",3,1.457518,5.3340874,28.661711131925035,0.7163685639806769,2,0.3383458646616541,0.012030075187969926,74.8380711517364,225.76136640771637,3,0.8116541353383459,0.9966165413533835
1448,5448,Solar System,Gravitationally unstable populations > Comets,Comets,3,1.4773719,5.4130692,13.007003643723287,105.92344994096096,2,0.23345864661654137,0.8669172932330828,21.44014760721357,4.547783126213259,3,0.34135338345864663,0.03195488721804511
1449,5448,Solar System,Boundary region and uncertainties,Boundary region and uncertainties,2,1.6026727,5.393849,139.52278449908275,163.39108456492517,2,0.8706766917293233,0.9605263157894737,15.01780734377467,41.64199801509726,3,0.2635338345864662,0.6293233082706767
1450,5448,Solar System,Boundary region and uncertainties > Edge of the heliosphere,Edge of the heliosphere,3,1.869338,5.0165005,-48.46913436050824,37.57456630961966,2,0.05714285714285714,0.4635338345864662,32.263376964829526,32.549221091412484,3,0.4781954887218045,0.5206766917293233
1451,5448,Solar System,Celestial neighborhood,Celestial neighborhood,2,1.7063497,5.286395,69.37950321407851,50.51558354146343,2,0.6112781954887218,0.5838345864661654,45.88493440468113,105.80006231859218,3,0.6218045112781955,0.9394736842105263
1452,5448,Solar System,Galactic position,Galactic position,2,1.8573607,5.237966,74.93742819291504,19.45861808068569,2,0.6432330827067669,0.2503759398496241,93.10410190516001,88.41255584688177,3,0.8718045112781955,0.8947368421052632
1453,5448,Solar System,Discovery and exploration,Discovery and exploration,2,5.4741783,4.6822753,120.74028403341175,90.01285603379156,2,0.8293233082706767,0.8165413533834587,30.196381573732832,44.372105429352196,3,0.45225563909774436,0.6552631578947369
1454,5471,South America,Introduction,Introduction,0,4.9251614,0.5864591,25.823478526355423,5.54664180708213,2,0.31992481203007517,0.07819548872180451,-5.206806663378672,16.165197351874717,3,0.09135338345864662,0.24586466165413534
1455,5471,South America,History > Prehistory,Prehistory,3,6.6652513,1.0689585,128.26839572481563,17.45993670923147,2,0.849624060150376,0.22218045112781956,36.0842822245293,5.247215488161352,3,0.5199248120300752,0.04360902255639098
1456,5471,South America,History > Pre-Columbian civilizations,Pre-Columbian civilizations,3,6.8563685,0.9704747,33.446814342082185,80.71742465836822,2,0.36917293233082704,0.7770676691729324,66.6516617590447,50.02766575194495,3,0.7672932330827068,0.7101503759398496
1457,5471,South America,History > European colonization,European colonization,3,6.397645,0.5059828,35.2366930924626,59.39513116449882,2,0.3819548872180451,0.6533834586466165,108.03087973587157,29.28097870086678,3,0.9116541353383458,0.46766917293233085
1458,5471,South America,History > Slavery,Slavery,3,6.541772,0.556584,-21.014325121071696,83.00689599175747,2,0.10939849624060151,0.7875939849624061,31.08490535028984,33.33565411050975,3,0.4612781954887218,0.5323308270676692
1459,5471,South America,History > Independence from Spain and Portugal,Independence from Spain and Portugal,3,5.5501337,0.15850316,46.06612257049375,0.16953515001360583,2,0.45864661654135336,0.002631578947368421,52.44895017695293,45.96364355074236,3,0.6766917293233082,0.6714285714285714
1460,5471,South America,History > Nation-building and fragmentation,Nation-building and fragmentation,3,5.1348276,0.23731044,34.61183602128082,32.222188516603815,2,0.3774436090225564,0.40902255639097745,42.353508736513476,17.263156524933944,3,0.5864661654135338,0.26879699248120303
1461,5471,South America,History > Wars and conflicts,Wars and conflicts,3,5.212767,0.17162749,33.735786317065035,2.579203412256157,2,0.37142857142857144,0.03796992481203008,35.744747603456354,36.858124783916566,3,0.5150375939849624,0.5729323308270676
1462,5471,South America,History > Rise and fall of military dictatorships,Rise and fall of military dictatorships,3,5.091347,0.2514213,14.153444540439168,3.8041829731483725,2,0.24172932330827068,0.05601503759398496,28.730209007021028,69.67261797647625,3,0.4342105263157895,0.8266917293233083
1463,5471,South America,History > Contemporary issues,Contemporary issues,3,4.8713737,0.19655351,114.62162438367736,18.710064047153566,2,0.8078947368421052,0.24097744360902257,67.69245815618578,66.20936743952711,3,0.7733082706766917,0.8135338345864662
1464,5471,South America,Geography,Geography,2,4.8149757,0.3803406,-39.767476249654294,23.95744624643602,2,0.06954887218045112,0.31278195488721805,18.562247918211003,14.447961081738379,3,0.30338345864661653,0.21127819548872181
1465,5471,South America,Geography > Outlying islands,Outlying islands,3,4.9211464,0.59858716,31.3885370978958,55.77415837418512,2,0.35639097744360904,0.6270676691729323,20.409286736522784,38.26907088151391,3,0.32781954887218046,0.5902255639097744
1466,5471,South America,Geography > Outlying islands > Special cases,Special cases,4,4.9161296,0.5837903,307.5827735174424,27.43212529880188,2,0.9853383458646616,0.35150375939849626,90.34761064688986,60.120722910886506,3,0.8650375939849624,0.781203007518797
1467,5471,South America,Geography > Climate,Climate,3,4.596626,1.0472858,75.39476551864885,40.97125291402287,2,0.6458646616541354,0.49661654135338346,38.22750737770138,29.05024760470959,3,0.5424812030075188,0.4639097744360902
1468,5471,South America,Geography > Fauna,Fauna,3,4.7755513,0.65162313,26.950256510734196,101.60476594623921,2,0.324812030075188,0.8518796992481203,20.26530470090999,75.53443527185897,3,0.3255639097744361,0.849624060150376
1469,5471,South America,Politics,Politics,2,5.047866,0.354525,18.525790890287404,20.42197594088044,2,0.2661654135338346,0.26052631578947366,42.02647998034959,22.769990346433943,3,0.5830827067669173,0.3650375939849624
1470,5471,South America,Economy,Economy,2,4.847991,0.2742494,16.8000223369455,13.863591033755558,2,0.25338345864661654,0.17593984962406015,29.618859873439927,9.105523469052336,3,0.44473684210526315,0.10601503759398496
1471,5471,South America,Economy > Agriculture,Agriculture,3,4.770943,0.2330058,52.1275290291463,5.163604456778369,2,0.4992481203007519,0.07368421052631578,19.4892428367077,0.8683286266694871,3,0.3169172932330827,0.0007518796992481203
1472,5471,South America,Economy > Manufacturing,Manufacturing,3,4.865776,0.15924864,67.36797379893108,13.882252636949065,2,0.5992481203007519,0.17669172932330826,23.235913315151123,7.112588555815528,3,0.36654135338345867,0.07330827067669173
1473,5471,South America,Economy > Mining,Mining,3,4.7681947,0.22283821,26.991107023433795,13.692023746372488,2,0.3255639097744361,0.17293233082706766,11.013728104184223,15.308851948738052,3,0.21654135338345865,0.22781954887218045
1474,5471,South America,Economy > Tourism,Tourism,3,4.815333,0.35658136,-7.65828466249512,60.06600735779871,2,0.1481203007518797,0.6578947368421053,-6.567440113374725,39.91164660744393,3,0.08646616541353383,0.6109022556390977
1475,5471,South America,Economy > Energy,Energy,3,4.663741,0.20337206,30.256476376352545,34.429160846033234,2,0.34962406015037595,0.4327067669172932,17.35000578830512,15.55544282823477,3,0.28533834586466167,0.23383458646616542
1476,5471,South America,Economy > Transport,Transport,3,4.7234077,-0.1316405,313.72897220928303,52.12149549107921,2,0.987218045112782,0.5966165413533835,189.47882423560995,101.39928544288631,3,0.9860902255639098,0.9289473684210526
1477,5471,South America,Economy > Transport > Roads,Roads,4,4.724422,0.07797164,52.82727662919909,2.77843437672726,2,0.5015037593984962,0.039473684210526314,4.597931156252479,5.564981764696553,3,0.1518796992481203,0.04924812030075188
1478,5471,South America,Economy > Transport > Aviation,Aviation,4,4.7389817,0.15085769,-25.634494304108195,18.65587365064787,2,0.09736842105263158,0.24022556390977443,-35.592743243644236,7.531539502636597,3,0.014661654135338346,0.08045112781954887
1479,5471,South America,Economy > Transport > Seaports and harbors,Seaports and harbors,4,4.737746,0.1571143,-15.17776370210694,1.2945194286820891,2,0.12443609022556391,0.020676691729323307,-26.035938558921476,12.075611306619887,3,0.02706766917293233,0.16353383458646617
1480,5471,South America,Economy > Transport > Rail,Rail,4,4.7126455,0.07016888,40.05689005676794,27.326658971845525,2,0.4150375939849624,0.34962406015037595,11.616956551690558,12.530720228662155,3,0.2199248120300752,0.17067669172932332
1481,5471,South America,Economy > Transport > Waterways,Waterways,4,4.7103267,0.082712874,8.34278157941562,13.090680078087383,2,0.2093984962406015,0.1650375939849624,-2.7014155856842863,17.425404237396126,3,0.10563909774436091,0.2725563909774436
1482,5471,South America,Economy > Transport > Public transport,Public transport,4,4.7254214,-0.0964137,56.28413303184193,1.4589139997428437,2,0.5236842105263158,0.02368421052631579,1.017152046947156,21.055949312929386,3,0.12593984962406016,0.33909774436090223
1483,5471,South America,Demographics,Demographics,2,4.8561077,0.61408174,92.8828936000875,39.8733530681954,2,0.7270676691729323,0.4842105263157895,50.15980301595997,26.409390553596037,3,0.6593984962406015,0.42105263157894735
1484,5471,South America,Demographics > Language,Language,3,4.9013705,0.5472911,25.057874579200597,4.6866513975885855,2,0.31240601503759396,0.06729323308270677,31.330733179970565,21.10171108421308,3,0.46616541353383456,0.3398496240601504
1485,5471,South America,Demographics > Religion,Religion,3,6.4178424,2.4591138,44.142815961738975,51.10399564859372,2,0.44398496240601504,0.587218045112782,25.598743097075175,29.939390278522925,3,0.3924812030075188,0.48157894736842105
1486,5471,South America,Demographics > Ethnic demographics,Ethnic demographics,3,4.903044,0.53770524,86.03585000437813,32.622444149599104,2,0.6962406015037594,0.41466165413533834,34.94701596996814,49.05819518640386,3,0.5075187969924813,0.7015037593984963
1487,5471,South America,Demographics > Populace,Populace,3,4.785135,0.31622916,37.98268246845677,0.886429523503013,2,0.4,0.015037593984962405,49.08570929668656,2.410696114046951,3,0.6481203007518797,0.009398496240601503
1488,5471,South America,Culture,Culture,2,4.866657,0.4651388,69.90242751886207,28.138885864023656,2,0.6157894736842106,0.3609022556390977,30.08452017135784,16.13333642985853,3,0.4496240601503759,0.24511278195488723
1489,5471,South America,Culture > Food and drink,Food and drink,3,4.8477373,0.46740222,66.32383527013539,39.172518971251066,2,0.5902255639097744,0.4785714285714286,60.831424778221525,79.23954837845349,3,0.7349624060150376,0.8620300751879699
1490,5471,South America,Culture > Plastic arts,Plastic arts,3,4.889043,0.41636136,-4.602458921658702,21.57490483910918,2,0.16015037593984963,0.28421052631578947,28.5040872178818,21.548135994713924,3,0.4323308270676692,0.3469924812030075
1491,5471,South America,Culture > Sport,Sport,3,4.902454,0.46842724,43.33128075038617,49.2986757028856,2,0.43796992481203006,0.5706766917293233,23.042017738648727,35.68241715040856,3,0.36466165413533835,0.5609022556390978
1492,5550,State (polity),Introduction,Introduction,0,8.3787985,-1.468353,59.2399434461493,111.29436983434297,2,0.5424812030075188,0.8823308270676692,-2.0668175674361264,8.658145820899502,3,0.10902255639097744,0.09736842105263158
1493,5550,State (polity),Etymology,Etymology,2,8.704087,-0.8522792,-22.83804184095468,74.35634522441096,2,0.10413533834586466,0.7421052631578947,-16.774794309529913,49.36703152440586,3,0.04661654135338346,0.7045112781954888
1494,5550,State (polity),Definition,Definition,2,8.532504,-1.3916631,62.44785498462469,47.10459492860081,2,0.5642857142857143,0.5492481203007519,17.838052875635398,51.37685951237612,3,0.29210526315789476,0.7180451127819549
1495,5550,State (polity),Definition > Types of states,Types of states,3,8.555063,-1.0932621,22.835063992137417,4.390363183230224,2,0.29210526315789476,0.06315789473684211,-11.140843932708139,42.50303177353959,3,0.06654135338345865,0.6364661654135338
1496,5550,State (polity),Definition > State and government,State and government,3,8.446894,-1.6328124,-14.636355747017976,40.918988510454334,2,0.12518796992481204,0.49548872180451126,49.00178220175764,53.70509346075083,3,0.6469924812030076,0.7342105263157894
1497,5550,State (polity),Definition > States and nation-states,States and nation-states,3,8.777126,-0.9489208,191.28376013819897,52.16476312745061,2,0.9421052631578948,0.5973684210526315,116.23382318648878,22.079279038458505,3,0.9274436090225564,0.35413533834586464
1498,5550,State (polity),Definition > State and civil society,State and civil society,3,8.610967,-1.3098824,-22.201104390312253,20.65156221406005,2,0.10676691729323308,0.2642857142857143,39.407537450285055,62.443582862748116,3,0.5548872180451128,0.7958646616541354
1499,5550,State (polity),History,History,2,8.414262,-0.64076424,29.68474110832302,26.51429670928759,2,0.3462406015037594,0.3357142857142857,32.128003757694074,38.971284239966415,3,0.47518796992481205,0.6
1500,5550,State (polity),History > Prehistoric stateless societies,Prehistoric stateless societies,3,8.418738,-0.86366045,63.11757680419873,35.33880776115555,2,0.5699248120300752,0.4413533834586466,73.40668642418223,4.822821003072923,3,0.8026315789473685,0.036466165413533834
1501,5550,State (polity),History > Neolithic period,Neolithic period,3,8.365,-0.12492423,-18.26162530347936,85.95426802209887,2,0.11390977443609022,0.8,6.752632597862179,21.609207822704462,3,0.17406015037593986,0.3481203007518797
1502,5550,State (polity),History > Ancient Eurasia,Ancient Eurasia,3,7.850053,1.358894,38.40497982809949,58.030893427067326,2,0.4018796992481203,0.6443609022556391,40.4660630818442,32.34367229602359,3,0.5642857142857143,0.5169172932330827
1503,5550,State (polity),History > Classical antiquity,Classical antiquity,3,8.2913885,-0.45036992,153.50023679654973,147.60176191803563,2,0.8962406015037594,0.9432330827067669,109.65093737910239,57.770777571882654,3,0.9157894736842105,0.762781954887218
1504,5550,State (polity),History > Feudal state,Feudal state,3,8.64049,-0.94885594,-26.298059821277413,103.44387242999218,2,0.09548872180451128,0.8605263157894737,47.995153657088075,121.50823707497756,3,0.6383458646616541,0.9631578947368421
1505,5550,State (polity),History > Modern state,Modern state,3,8.635857,-0.94936556,128.0748176014872,79.71687776234317,2,0.8484962406015037,0.7725563909774437,16.84961103052153,128.92244317958395,3,0.2819548872180451,0.968421052631579
1506,5550,State (polity),Theories for the emergence of the state > Earliest states,Earliest states,3,8.311973,-0.27522984,49.55395830369879,18.054272113840867,2,0.48345864661654137,0.23383458646616542,-5.117566896459448,11.161079506767202,3,0.09172932330827067,0.1443609022556391
1507,5550,State (polity),Theories for the emergence of the state > Modern state,Modern state,3,8.409504,-0.8828279,53.12283737947661,4.79025122844999,2,0.5045112781954887,0.06917293233082707,12.174048887550798,1.6968385574229496,3,0.22593984962406016,0.004135338345864661
1508,5550,State (polity),Theories of state function,Theories of state function,2,8.527733,-1.4480197,90.57195713425082,26.161909469361756,2,0.7180451127819549,0.3330827067669173,41.621818664916475,3.8178561652207277,3,0.5770676691729323,0.022556390977443608
1509,5550,State (polity),Theories of state function > Anarchist perspective,Anarchist perspective,3,8.567093,-1.41724,12.725117764804569,59.180418486129746,2,0.23270676691729322,0.6518796992481203,21.418577853891946,31.68679368195537,3,0.34097744360902255,0.5078947368421053
1510,5550,State (polity),Theories of state function > Anarcho-capitalist perspective,Anarcho-capitalist perspective,3,8.642331,-1.4771674,61.66131381368778,34.29905013030039,2,0.5597744360902256,0.4319548872180451,30.833200954869568,27.813765940022723,3,0.45827067669172933,0.4417293233082707
1511,5550,State (polity),Theories of state function > Marxist perspective,Marxist perspective,3,8.515004,-1.3499467,81.19976720609091,25.813639152955982,2,0.674436090225564,0.32781954887218046,78.8802213498078,16.17491706553214,3,0.8266917293233083,0.2462406015037594
1512,5550,State (polity),Theories of state function > Pluralism,Pluralism,3,8.566055,-1.4445225,1.9166735296835822,13.548953698753007,2,0.18270676691729323,0.17067669172932332,28.804178674257596,88.36308767934298,3,0.43609022556390975,0.8943609022556391
1513,5550,State (polity),Theories of state function > Contemporary critical perspectives,Contemporary critical perspectives,3,8.501248,-1.2801399,54.73741415895455,0.4627865285255898,2,0.5150375939849624,0.007142857142857143,43.56814920286424,6.982069689613693,3,0.5977443609022557,0.06992481203007518
1514,5550,State (polity),Theories of state function > Structural universe of the state or structural reality of the state,Structural universe of the state or structural reality of the state,3,8.443873,0.95534724,80.3696544245989,9.627982301115532,2,0.6710526315789473,0.12255639097744361,40.51991102652959,25.077573068709867,3,0.5654135338345865,0.3977443609022556
1515,5550,State (polity),Theories of state function > State autonomy within institutionalism,State autonomy within institutionalism,3,8.619242,-1.4698638,43.71940752364899,55.763042341591024,2,0.4417293233082707,0.6263157894736842,54.96272027525148,15.973897716175076,3,0.6966165413533835,0.24172932330827068
1516,5550,State (polity),Theories of state legitimacy > Social contract theory,Social contract theory,3,8.790288,-1.512592,73.91450062650367,43.33214139448661,2,0.637593984962406,0.5210526315789473,8.221333278773303,43.31008185806588,3,0.18609022556390978,0.643609022556391
1517,5550,State (polity),Theories of state legitimacy > Divine right of kings,Divine right of kings,3,8.674915,-1.3447912,0.8057131810680982,43.31699212500121,2,0.17969924812030075,0.5206766917293233,16.318581043638556,45.43888157550026,3,0.27556390977443607,0.6650375939849624
1518,5550,State (polity),Theories of state legitimacy > Rational-legal authority,Rational-legal authority,3,8.804138,-1.2607995,96.5964883258689,26.1141687878574,2,0.7413533834586467,0.33157894736842103,16.55530996137895,1.6529841230443045,3,0.2789473684210526,0.0037593984962406013
1519,5550,State (polity),State failure,State failure,2,8.39659,-1.0600907,-26.319112083912387,6.265934818217108,2,0.09473684210526316,0.08421052631578947,-12.55941184881489,6.671263209530173,3,0.06015037593984962,0.06466165413533835
1520,5550,State (polity),State failure > The problem with state failure,The problem with state failure,3,8.3327,-0.9416369,28.262772627029673,4.448212283954287,2,0.33458646616541354,0.06428571428571428,-7.0813967607776,6.366991589838012,3,0.08270676691729323,0.06015037593984962
1521,5550,State (polity),State failure > Early state formation,Early state formation,3,8.42399,-0.9129958,43.88783885569297,2.4637452306092964,2,0.4432330827067669,0.03609022556390978,17.71930074071139,7.366069934606256,3,0.28984962406015036,0.0774436090225564
1522,5550,State (polity),State failure > Late state formation,Late state formation,3,8.328036,-0.8733356,23.145082991238002,8.088552287963031,2,0.29736842105263156,0.10300751879699248,12.786623775788433,1.889446996116514,3,0.23233082706766917,0.005263157894736842
1523,5553,Statistics,Introduction,Introduction,0,8.115914,5.8827195,-18.07523345229549,23.851037850404094,2,0.11466165413533834,0.3101503759398496,-13.406988922454369,1.493652517469673,3,0.05601503759398496,0.0033834586466165413
1524,5553,Statistics,Introduction,Introduction,2,8.143616,5.951026,231.45825614774367,153.16386194934884,2,0.9661654135338346,0.9496240601503759,28.90877087834795,116.79505731649935,3,0.43834586466165415,0.955639097744361
1525,5553,Statistics,Statistical data > Data collection > Sampling,Sampling,4,8.155674,5.900763,34.80715596739302,38.92301692777393,2,0.37857142857142856,0.47443609022556393,25.53714006129269,5.529563164999834,3,0.39210526315789473,0.0481203007518797
1526,5553,Statistics,Statistical data > Data collection > Experimental and observational studies,Experimental and observational studies,4,8.21541,5.656343,29.586842235385816,19.71283729955567,2,0.3451127819548872,0.25413533834586466,3.0620912915447085,11.573377607063593,3,0.14097744360902256,0.15150375939849625
1527,5553,Statistics,Statistical data > Data collection > Experimental and observational studies > Experiments,Experiments,5,8.164233,5.6037774,8.259104575259828,0.7622620017578519,2,0.2075187969924812,0.012781954887218045,7.913187551678796,10.619700954423351,3,0.18421052631578946,0.1368421052631579
1528,5553,Statistics,Statistical data > Data collection > Experimental and observational studies > Observational study,Observational study,5,8.185069,5.633915,29.7551865469062,48.23844308724617,2,0.3469924812030075,0.5601503759398496,-26.048001525126978,27.572208392771273,3,0.02669172932330827,0.43759398496240604
1529,5553,Statistics,Statistical data > Types of data,Types of data,3,8.013461,6.095269,55.91649744549819,43.15248204622556,2,0.5214285714285715,0.5172932330827068,22.697014145684438,7.844968518530869,3,0.3593984962406015,0.08533834586466166
1530,5553,Statistics,Methods > Descriptive statistics,Descriptive statistics,3,8.173496,5.9007306,129.421731589544,33.57166949097825,2,0.8515037593984962,0.42406015037593986,80.76940228612463,22.05412095713879,3,0.8342105263157895,0.3537593984962406
1531,5553,Statistics,Methods > Inferential statistics,Inferential statistics,3,8.153678,5.9198685,141.61815466396507,49.8578730782378,2,0.8755639097744361,0.5770676691729323,85.56486184448529,11.95024835378822,3,0.850375939849624,0.1612781954887218
1532,5553,Statistics,"Methods > Inferential statistics > Terminology and theory of inferential statistics > Statistics, estimators and pivotal quantities","Statistics, estimators and pivotal quantities",5,8.152989,5.9372473,21.397191975740775,8.203906560129688,2,0.2819548872180451,0.10488721804511278,23.686365034204897,10.21930440371785,3,0.37406015037593987,0.12593984962406016
1533,5553,Statistics,Methods > Inferential statistics > Terminology and theory of inferential statistics > Null hypothesis and alternative hypothesis,Null hypothesis and alternative hypothesis,5,8.184488,5.791957,-29.205016837669945,45.303687980442476,2,0.08947368421052632,0.5353383458646617,-31.74134036149836,11.032665599700882,3,0.019548872180451128,0.14135338345864662
1534,5553,Statistics,Methods > Inferential statistics > Terminology and theory of inferential statistics > Error,Error,5,8.129361,5.900943,22.97288227737645,0.5436273767873441,2,0.293984962406015,0.007894736842105263,10.99721263792579,3.836728171488048,3,0.2161654135338346,0.02330827067669173
1535,5553,Statistics,Methods > Inferential statistics > Terminology and theory of inferential statistics > Interval estimation,Interval estimation,5,8.154149,5.926959,23.32668728714106,27.141529046076315,2,0.29774436090225564,0.3451127819548872,-0.9017254596060678,5.626914811261869,3,0.11654135338345864,0.05
1536,5553,Statistics,Methods > Inferential statistics > Terminology and theory of inferential statistics > Significance,Significance,5,8.207085,5.82926,23.138612967517982,6.6918965171237454,2,0.29699248120300753,0.09135338345864662,17.75232667996296,1.0029753650374726,3,0.29022556390977444,0.0011278195488721805
1537,5553,Statistics,Methods > Bayesian statistics,Bayesian statistics,3,8.184458,5.858002,219.7934213481413,209.68800032541557,2,0.9612781954887218,0.9849624060150376,93.57485438829958,242.96283733560497,3,0.8729323308270677,0.9984962406015038
1538,5553,Statistics,Methods > Exploratory data analysis,Exploratory data analysis,3,8.149175,5.9147363,45.90077507515074,29.390486337223926,2,0.45827067669172933,0.3774436090225564,17.007166121908963,6.871123241571995,3,0.28308270676691727,0.06766917293233082
1539,5553,Statistics,Methods > Mathematical statistics,Mathematical statistics,3,8.164818,5.94353,198.04286583792273,109.62850551213322,2,0.9496240601503759,0.8789473684210526,-37.0096033515903,17.431040817183316,3,0.013157894736842105,0.2729323308270677
1540,5553,Statistics,History,History,2,7.849504,7.6186123,66.13171590462562,101.69507690746369,2,0.5887218045112782,0.8530075187969924,18.216315308744782,92.00411804011287,3,0.29774436090225564,0.9045112781954887
1541,5553,Statistics,"Applications > Applied statistics, theoretical statistics and mathematical statistics","Applied statistics, theoretical statistics and mathematical statistics",3,8.145442,5.9569736,28.81528130651775,44.07020652785268,2,0.3406015037593985,0.5266917293233083,50.123677971603854,17.967075371076174,3,0.6586466165413534,0.281203007518797
1542,5553,Statistics,Applications > Statistics in academia,Statistics in academia,3,8.141997,5.954572,-77.93150701710888,56.13580328613336,2,0.027819548872180452,0.6293233082706767,45.2995949434329,16.185655784621737,3,0.6169172932330828,0.24661654135338346
1543,5553,Statistics,Applications > Statistical computing,Statistical computing,3,8.089739,6.05493,31.457443092765192,36.60114090137048,2,0.35714285714285715,0.4518796992481203,16.689085275052157,12.594116299632537,3,0.281203007518797,0.17330827067669172
1544,5553,Statistics,Applications > Business statistics,Business statistics,3,8.136812,5.9775567,0.058876759595143824,102.69770861317988,2,0.1763157894736842,0.8567669172932331,45.06563224123059,32.22992443095557,3,0.6139097744360902,0.5157894736842106
1545,5553,Statistics,Specialized disciplines,Specialized disciplines,2,8.13808,5.9903073,91.16182176393173,139.16902394521918,2,0.7206766917293234,0.931203007518797,103.7410613882347,16.89465368032599,3,0.9007518796992481,0.26052631578947366
1546,5553,Statistics,Misuse,Misuse,2,8.184469,5.7925706,-29.543933034594417,23.13050566518759,2,0.08834586466165413,0.2992481203007519,-10.086983307818429,8.03451874106628,3,0.07067669172932331,0.08834586466165413
1547,5553,Statistics,Misuse > Misinterpretation: correlation,Misinterpretation: correlation,3,8.234627,5.6466527,16.957216718781094,6.9933442798724705,2,0.25451127819548874,0.09360902255639098,49.09792198688083,14.926323754811927,3,0.6484962406015038,0.2206766917293233
1548,5632,Sun,Introduction,Introduction,0,1.9354174,5.1711555,69.45491565123616,6.23448103762012,2,0.6120300751879699,0.08383458646616541,38.71171745610789,11.730460256848083,3,0.5481203007518797,0.15601503759398497
1549,5632,Sun,Etymology,Etymology,2,5.8148637,3.7277853,-49.49454644645098,53.725512604323285,2,0.055639097744360905,0.612406015037594,18.299698163517842,11.190507866471522,3,0.29849624060150376,0.14473684210526316
1550,5632,Sun,General characteristics,General characteristics,2,1.9231105,5.132564,68.0248839171048,53.61721717427024,2,0.6052631578947368,0.6112781954887218,33.98896579061903,61.01130157698336,3,0.49849624060150377,0.7868421052631579
1551,5632,Sun,General characteristics > Rotation,Rotation,3,1.776381,5.008604,123.64673029397319,75.77599427006352,2,0.8353383458646616,0.7522556390977444,-21.82953062587876,104.30112453716363,3,0.03571428571428571,0.9357142857142857
1552,5632,Sun,Composition,Composition,2,2.064882,5.139688,37.65296171003832,15.073078676015024,2,0.3969924812030075,0.19473684210526315,43.74149005848883,42.47640372367821,3,0.600375939849624,0.6360902255639098
1553,5632,Sun,Structure > Core,Core,3,1.9685264,5.0437407,-38.86304477733919,31.331623778292524,2,0.07180451127819548,0.3977443609022556,2.0820523278569323,28.47818352579215,3,0.13458646616541353,0.45338345864661656
1554,5632,Sun,Structure > Radiative zone,Radiative zone,3,2.109162,4.9173994,-116.34034924887322,53.58644175071869,2,0.012406015037593985,0.6109022556390977,83.77102679979636,45.83816676957276,3,0.8439849624060151,0.6699248120300751
1555,5632,Sun,Structure > Tachocline,Tachocline,3,2.059307,4.8520994,75.77350727762817,24.263273770404634,2,0.6477443609022556,0.3150375939849624,67.30485835578692,49.75958909464165,3,0.7710526315789473,0.7090225563909774
1556,5632,Sun,Structure > Convective zone,Convective zone,3,2.07045,4.905104,96.75547130768176,65.36471717513258,2,0.7421052631578947,0.687593984962406,99.45637937521893,63.086447034600404,3,0.8887218045112782,0.7984962406015037
1557,5632,Sun,Structure > Atmosphere,Atmosphere,3,2.1010187,4.779496,425.4587347784356,368.57285123484917,2,0.9969924812030075,0.9992481203007518,124.89676428484438,125.57218110023008,3,0.9424812030075188,0.9657894736842105
1558,5632,Sun,Structure > Atmosphere > Photosphere,Photosphere,4,2.141368,4.7235312,67.84421829428183,52.74047131599408,2,0.6041353383458646,0.6011278195488722,38.2600287180816,2.3912248991137,3,0.543233082706767,0.008646616541353383
1559,5632,Sun,Structure > Atmosphere > Chromosphere,Chromosphere,4,2.125059,4.733376,49.036102406418784,22.15242443624001,2,0.4789473684210526,0.2879699248120301,18.429691801265303,15.961938192513193,3,0.3,0.24135338345864663
1560,5632,Sun,Structure > Atmosphere > Corona,Corona,4,2.0128155,4.8840265,113.64947231381264,93.27603338916529,2,0.8041353383458647,0.8270676691729323,79.53716114280242,75.32392218217267,3,0.8296992481203007,0.8488721804511278
1561,5632,Sun,Structure > Heliosphere,Heliosphere,3,1.7967206,4.9875107,-14.342712376862908,34.594834088438404,2,0.12593984962406016,0.4338345864661654,59.61188442863793,40.605603710369095,3,0.7259398496240601,0.618796992481203
1562,5632,Sun,Solar radiation,Solar radiation,2,2.1677673,4.6733494,23.91713276172319,55.7710762897945,2,0.30451127819548873,0.6266917293233083,36.41260052118924,27.316123053556108,3,0.5233082706766917,0.4357142857142857
1563,5632,Sun,Magnetic activity,Magnetic activity,2,1.9675328,4.9926996,96.34881087805435,100.4437688096672,2,0.7402255639097745,0.849624060150376,129.50217543132206,40.299085255992935,3,0.9481203007518797,0.6150375939849624
1564,5632,Sun,Magnetic activity > Sunspots,Sunspots,3,2.02022,4.966066,108.91900957038288,42.67193685683262,2,0.7887218045112782,0.512406015037594,30.490990376128,54.20192918655751,3,0.4548872180451128,0.7390977443609023
1565,5632,Sun,Magnetic activity > Solar activity,Solar activity,3,1.9924188,5.008856,17.945683188123564,108.55116396345207,2,0.26052631578947366,0.8751879699248121,6.088437664245132,30.510456603693388,3,0.16466165413533834,0.48909774436090225
1566,5632,Sun,Magnetic activity > Coronal heating,Coronal heating,3,2.0383456,4.9935956,32.90601675318308,9.65406646469547,2,0.3661654135338346,0.12293233082706767,-5.279470464183449,18.27219429008478,3,0.09097744360902256,0.28984962406015036
1567,5632,Sun,Life phases,Life phases,2,2.0014307,5.132243,139.30230375118603,184.1059333491451,2,0.8703007518796992,0.9744360902255639,139.9650833256379,120.6744104478577,3,0.9590225563909774,0.9612781954887218
1568,5632,Sun,Life phases > Formation,Formation,3,1.825502,4.9879026,61.54675153358091,72.37509322053732,2,0.5582706766917294,0.7334586466165414,12.519002155546536,92.14423124734157,3,0.23007518796992482,0.9048872180451127
1569,5632,Sun,Life phases > Main sequence,Main sequence,3,2.0313504,5.150901,35.5508005034237,25.396970426984723,2,0.38458646616541353,0.3255639097744361,45.19078414601088,11.264211721716894,3,0.6154135338345864,0.14661654135338345
1570,5632,Sun,Life phases > After core hydrogen exhaustion,After core hydrogen exhaustion,3,2.0035684,5.1219344,-18.26694561768278,73.69947153500986,2,0.11353383458646617,0.7390977443609023,56.91838771290306,13.962690753909506,3,0.7139097744360903,0.1988721804511278
1571,5632,Sun,Location > Solar System,Solar System,3,1.560387,5.3646245,43.67003512882509,31.52593546414124,2,0.4409774436090226,0.40112781954887217,-2.7250847925921793,17.63588979923855,3,0.10526315789473684,0.27593984962406015
1572,5632,Sun,Motion,Motion,2,1.7990824,5.169658,81.30159639708737,28.52685387530031,2,0.674812030075188,0.36578947368421055,29.04710472216297,17.258287464300505,3,0.43909774436090226,0.26842105263157895
1573,5632,Sun,Observational history > Early understanding,Early understanding,3,5.4365807,4.595035,23.7204221784514,1.2717293854893466,2,0.3030075187969925,0.02030075187969925,42.56155238145673,21.344157593467216,3,0.5887218045112782,0.3443609022556391
1574,5632,Sun,Observational history > Development of scientific understanding,Development of scientific understanding,3,5.429405,4.623175,119.98399682085208,115.92355528175614,2,0.8266917293233083,0.8928571428571429,31.31280161557497,9.679108710775111,3,0.46578947368421053,0.11541353383458647
1575,5632,Sun,Observational history > Solar space missions,Solar space missions,3,1.1097181,5.024517,19.130725405620183,51.581266113247636,2,0.26954887218045115,0.5924812030075188,26.38464105098755,30.433040074724715,3,0.40037593984962405,0.487593984962406
1576,5632,Sun,Observation by eyes > Exposure to the eye,Exposure to the eye,3,2.1882432,4.620223,41.627932705728334,9.752685351697515,2,0.4263157894736842,0.12443609022556391,120.89935635578162,25.336780805274476,3,0.9349624060150376,0.4026315789473684
1577,5632,Sun,Observation by eyes > Phenomena,Phenomena,3,2.1979392,4.4645624,164.57732256419246,153.99323495058147,2,0.9131578947368421,0.9507518796992481,102.14037529959604,143.69672758779348,3,0.8973684210526316,0.981203007518797
1578,5632,Sun,Religious aspects,Religious aspects,2,6.0044174,3.5756447,-29.498281751011294,64.74337927447598,2,0.0887218045112782,0.6834586466165413,9.786652500890256,40.38071897392353,3,0.20413533834586467,0.6157894736842106
1579,5744,Technology,Introduction,Introduction,0,7.7100773,2.6786704,-141.70989640057087,159.62188331733978,2,0.006766917293233083,0.9571428571428572,-12.452958965212957,75.5514766665753,3,0.06090225563909774,0.850375939849624
1580,5744,Technology,Etymology,Etymology,2,7.7825294,2.7620223,241.1148332848083,139.55537763827542,2,0.968796992481203,0.9315789473684211,36.73885573899957,26.750695990626518,3,0.5255639097744361,0.4259398496240602
1581,5744,Technology,History > Prehistoric,Prehistoric,3,7.190484,1.8017964,-66.47463629865257,13.964606940202264,2,0.03796992481203008,0.17781954887218046,-3.956233705560353,26.04615194315254,3,0.09924812030075188,0.41654135338345866
1582,5744,Technology,History > Neolithic,Neolithic,3,7.3731384,1.5247257,-29.940677650698827,49.180045491861804,2,0.08796992481203007,0.568796992481203,52.47815888292181,44.70516710866173,3,0.6770676691729324,0.6597744360902256
1583,5744,Technology,History > Ancient,Ancient,3,7.6139717,1.8794231,24.17946552932319,54.12429267597525,2,0.3067669172932331,0.6165413533834586,6.049911983342164,50.37887514394991,3,0.16428571428571428,0.7131578947368421
1584,5744,Technology,History > Pre-modern,Pre-modern,3,7.8334923,1.9832792,168.01202950279276,21.311760312692897,2,0.9176691729323309,0.2781954887218045,65.44397285442541,17.05058310967366,3,0.7597744360902255,0.2639097744360902
1585,5744,Technology,History > Modern,Modern,3,7.524355,2.1339698,5.676895636471498,35.69096158825646,2,0.19774436090225564,0.4443609022556391,44.740607980078416,81.56230607934933,3,0.6109022556390977,0.869172932330827
1586,5744,Technology,Impact,Impact,2,7.701578,2.3550203,74.86749953104415,21.751768356004984,2,0.6428571428571429,0.2849624060150376,10.485216606770274,17.30065815286701,3,0.21165413533834587,0.27030075187969926
1587,5744,Technology,Impact > Social > Jobs,Jobs,4,7.691724,2.4417274,25.297839865215064,36.752215822978776,2,0.3142857142857143,0.4537593984962406,-11.18167681676785,14.097574397182493,3,0.06541353383458647,0.20150375939849624
1588,5744,Technology,Impact > Social > Security,Security,4,7.1935196,-1.0913082,61.0188169444341,43.440771518805846,2,0.5541353383458647,0.5218045112781955,2.255290296454643,2.1194338612489347,3,0.1357142857142857,0.007518796992481203
1589,5744,Technology,Impact > Environmental,Environmental,3,7.5783,2.6147673,41.51877950626313,43.11362417792041,2,0.4255639097744361,0.5169172932330827,-3.592713608902816,36.25346557985066,3,0.10037593984962406,0.5680451127819549
1590,5744,Technology,Impact > Environmental > Pollution,Pollution,4,3.0433197,2.4999216,348.71432176700563,182.27549004419984,2,0.9909774436090225,0.9733082706766917,49.46076229531776,33.94727155218999,3,0.6533834586466165,0.5417293233082707
1591,5744,Technology,Philosophy,Philosophy,2,7.806433,2.7808516,41.01062702343958,19.46663317324629,2,0.42255639097744363,0.2507518796992481,51.091566700641664,10.87967004243419,3,0.6646616541353384,0.1394736842105263
1592,5744,Technology,Ethics,Ethics,2,7.7863383,3.4872382,35.89172424866334,20.646955112553602,2,0.3868421052631579,0.2639097744360902,9.818188931742496,2.393120975956435,3,0.20451127819548873,0.009022556390977444
1593,5744,Technology,Futures studies,Futures studies,2,7.9692807,2.9886966,222.07510142447188,195.53046518099222,2,0.9620300751879699,0.9796992481203007,-60.57593860249879,93.10670408777743,3,0.0033834586466165413,0.9075187969924812
1594,5744,Technology,Futures studies > Existential risk,Existential risk,3,7.717317,2.6214333,-10.505507770394214,62.36580190407879,2,0.1387218045112782,0.6669172932330827,15.439209680376804,9.508577737905254,3,0.26654135338345863,0.11165413533834587
1595,5744,Technology,Emerging technologies,Emerging technologies,2,7.7667203,2.7162485,24.492819727419278,12.659084232073873,2,0.3078947368421053,0.15977443609022557,3.8115647528408036,14.762692726028714,3,0.14586466165413534,0.21654135338345865
1596,5744,Technology,Movements > Appropriate technology,Appropriate technology,3,7.7947464,2.6483076,76.7196770052789,60.52423915979514,2,0.6522556390977443,0.6597744360902256,31.295494815689906,86.52441571975855,3,0.46541353383458645,0.8894736842105263
1597,5744,Technology,Movements > Technological utopianism,Technological utopianism,3,7.7982664,2.7565134,24.98945753682144,78.2071846352319,2,0.3112781954887218,0.7639097744360902,-31.72858417749677,48.54940214640598,3,0.01992481203007519,0.6966165413533835
1598,5744,Technology,Movements > Anti-technology backlash,Anti-technology backlash,3,7.7835407,2.6833477,110.33161108363674,21.07345432148301,2,0.793984962406015,0.2710526315789474,33.38284882346081,21.51637395424234,3,0.4917293233082707,0.3462406015037594
1599,5744,Technology,Relation to science and engineering,Relation to science and engineering,2,6.9023824,4.9626737,107.93494150072459,58.1295888271427,2,0.7857142857142857,0.6451127819548872,43.71012903661682,60.668073394815096,3,0.599624060150376,0.7849624060150376
1600,5744,Technology,Other animal species,Other animal species,2,7.3511853,2.1248593,106.63506979187733,252.66088362589326,2,0.780827067669173,0.9932330827067669,24.896085106972794,143.42322381043655,3,0.38533834586466165,0.9808270676691729
1601,5744,Technology,In popular culture,In popular culture,2,7.78819,2.6982126,13.227708660345339,67.33800993038803,2,0.23421052631578948,0.6973684210526315,-10.123288657065443,52.96239171108072,3,0.06992481203007518,0.7270676691729323
1602,5891,Time,Introduction,Introduction,0,5.6588926,5.5973034,131.59077970737377,43.782002078163615,2,0.8537593984962406,0.524812030075188,48.89235634938982,63.878496799967394,3,0.6454887218045112,0.8030075187969925
1603,5891,Time,Definition,Definition,2,5.624335,5.639835,-1.820831533539522,62.90977440279711,2,0.16917293233082706,0.6699248120300751,3.9203139608694584,43.317493553817386,3,0.14661654135338345,0.643984962406015
1604,5891,Time,Measurement,Measurement,2,5.6654887,5.628645,193.0203798849023,139.76521464010943,2,0.9447368421052632,0.9319548872180451,44.48466375518453,87.24981495288549,3,0.6078947368421053,0.8924812030075188
1605,5891,Time,Measurement > History of the calendar,History of the calendar,3,5.637842,4.302144,-109.07242857252027,54.46761949103896,2,0.014661654135338346,0.6195488721804512,10.52872811846242,46.16286234904833,3,0.212406015037594,0.6736842105263158
1606,5891,Time,Measurement > History of other devices,History of other devices,3,5.8604484,5.295234,3.2664274860429643,8.988059491404952,2,0.187593984962406,0.11390977443609022,29.18611754283545,31.006792624809165,3,0.4398496240601504,0.49774436090225566
1607,5891,Time,Measurement > Units,Units,3,5.593111,5.677764,106.14817262408481,71.89573547105294,2,0.7789473684210526,0.7300751879699248,155.28517786850566,56.25444643854956,3,0.9699248120300752,0.7526315789473684
1608,5891,Time,Measurement > Standards,Standards,3,5.632036,5.6550474,42.27231987215386,63.996164677229494,2,0.43157894736842106,0.6778195488721804,27.099424382977904,61.85443439017559,3,0.4131578947368421,0.793609022556391
1609,5891,Time,Philosophy > Religion > Cyclical views of time,Cyclical views of time,4,5.764894,5.3936844,37.94796180519417,16.817390501677405,2,0.39962406015037594,0.21578947368421053,-65.96903803265623,47.78582728010883,3,0.0030075187969924814,0.6883458646616541
1610,5891,Time,Philosophy > Religion > Time in Abrahamic religions,Time in Abrahamic religions,4,5.714378,5.491017,156.0878570980397,91.91110665020727,2,0.900375939849624,0.8236842105263158,-26.328038357452925,74.87161064835477,3,0.02631578947368421,0.8477443609022557
1611,5891,Time,Philosophy > Religion > Time in Greek mythology,Time in Greek mythology,4,5.7531667,5.52653,126.6359895500573,18.325173137578613,2,0.8447368421052631,0.23721804511278197,122.95554689260922,52.295062449791054,3,0.9379699248120301,0.7221804511278196
1612,5891,Time,Philosophy > Religion > Time in Advaita Vedanta,Time in Advaita Vedanta,4,5.740259,5.491409,153.23927122311682,129.33671759739724,2,0.8954887218045112,0.9172932330827067,58.76718600641933,126.48600809275322,3,0.7221804511278196,0.9661654135338346
1613,5891,Time,Philosophy > In Western philosophy,In Western philosophy,3,5.73206,5.4806995,-55.23232715221119,95.2293292962096,2,0.04887218045112782,0.8338345864661654,13.984492310313925,1.7171761834463606,3,0.24849624060150377,0.004511278195488722
1614,5891,Time,Philosophy > Unreality,Unreality,3,5.753734,5.529297,22.300313523621917,16.61348124755248,2,0.2894736842105263,0.21428571428571427,32.65038297527183,29.726362549302067,3,0.48345864661654137,0.4774436090225564
1615,5891,Time,Physical definition,Physical definition,2,5.5467916,5.68774,16.412438825734014,57.98871168678767,2,0.25263157894736843,0.643609022556391,37.62368820399076,9.228470763023044,3,0.5349624060150376,0.10789473684210527
1616,5891,Time,Physical definition > Arrow of time,Arrow of time,3,5.5416956,5.6997128,25.857096037403856,4.085320099681686,2,0.32030075187969925,0.06015037593984962,4.0077554871612975,56.53324252839129,3,0.1469924812030075,0.7541353383458647
1617,5891,Time,Physical definition > Classical mechanics,Classical mechanics,3,5.5602484,5.679141,57.38967953419167,9.217922946832585,2,0.5300751879699248,0.11691729323308271,45.824170887113894,33.5312977356798,3,0.6206766917293233,0.5349624060150376
1618,5891,Time,Physical definition > Spacetime,Spacetime,3,5.5644636,5.6718445,256.93104943236665,76.6144630519779,2,0.975187969924812,0.7548872180451128,44.10034116041908,27.292731648448626,3,0.6041353383458646,0.43533834586466164
1619,5891,Time,Physical definition > Dilation,Dilation,3,5.572721,5.6969395,-3.1922605495359457,15.864696233001789,2,0.16654135338345866,0.20488721804511278,12.024903055543838,39.69677339554814,3,0.2244360902255639,0.6075187969924812
1620,5891,Time,Physical definition > Relativistic versus Newtonian,Relativistic versus Newtonian,3,5.5610714,5.6940475,34.85741818674019,14.815094975301735,2,0.37894736842105264,0.18909774436090226,29.956000372785606,31.38184075050077,3,0.4488721804511278,0.5022556390977444
1621,5891,Time,Physical definition > Quantization,Quantization,3,5.597965,5.68874,-114.02583623004043,121.3520559942376,2,0.012781954887218045,0.906390977443609,4.231098288313624,35.73276777699983,3,0.14849624060150377,0.5612781954887218
1622,5891,Time,Travel,Travel,2,5.593719,5.6607533,151.76575282919165,70.68359968997291,2,0.8921052631578947,0.7206766917293234,30.438508278991417,58.17871347058403,3,0.4537593984962406,0.7676691729323308
1623,5891,Time,Perception,Perception,2,8.5012245,4.4376826,260.41053193040545,42.568282323090095,2,0.9763157894736842,0.5112781954887218,115.41148648142205,14.842770704008108,3,0.9259398496240602,0.21879699248120302
1624,5891,Time,Perception > Biopsychology,Biopsychology,3,8.632473,4.4812107,-17.594024595169333,21.469921762763885,2,0.11804511278195488,0.28233082706766915,28.93570384278537,31.07347567715036,3,0.4387218045112782,0.49849624060150377
1625,5891,Time,Perception > Spatial conceptualization,Spatial conceptualization,3,5.8710194,5.359421,19.723630734962533,45.68464573657019,2,0.2729323308270677,0.5394736842105263,33.427527342541175,53.37024484431233,3,0.4924812030075188,0.7308270676691729
1626,5891,Time,Use,Use,2,5.7138677,5.5945177,-31.096575862693467,9.97403209000197,2,0.08533834586466166,0.12706766917293233,28.805685969066133,29.33944366154754,3,0.43646616541353384,0.4680451127819549
1627,5891,Time,Sequence of events,Sequence of events,2,5.632832,5.6220307,-32.50684394196107,102.36498256464982,2,0.08345864661654136,0.8548872180451128,170.33168727910288,84.92304060622388,3,0.9796992481203007,0.8842105263157894
1628,5891,Time,Sequence of events > Organizations,Organizations,3,6.014491,5.355249,137.7671354337429,3.5694728084137983,2,0.869172932330827,0.05225563909774436,95.96087248265361,33.40392401289528,3,0.8789473684210526,0.5338345864661654
1629,5913,Tool,Introduction,Introduction,0,7.473219,2.2070417,38.22819197996812,23.200846174670065,2,0.40075187969924814,0.3011278195488722,8.667237433485667,67.91716964004316,3,0.1906015037593985,0.8206766917293233
1630,5913,Tool,Definition,Definition,2,7.566999,2.322056,177.57191579499806,127.17865495796978,2,0.9327067669172933,0.9135338345864662,43.467005990947165,12.592945316417497,3,0.5966165413533835,0.17293233082706766
1631,5913,Tool,History,History,2,7.3071904,1.9112861,64.81904833338047,84.6805653135693,2,0.5804511278195489,0.7947368421052632,12.856234273081862,25.452691011818597,3,0.23308270676691728,0.4037593984962406
1632,5913,Tool,History > Timeline of ancient tool development,Timeline of ancient tool development,3,7.6564765,1.9797918,36.0453217955279,24.75740583417573,2,0.3890977443609023,0.318796992481203,45.86973173172564,20.674632907967762,3,0.6210526315789474,0.3319548872180451
1633,5913,Tool,History > Machine tools,Machine tools,3,7.7068663,2.0438707,39.76561551314894,116.06159812040417,2,0.4116541353383459,0.893609022556391,54.9662222500968,209.29994865306946,3,0.6973684210526315,0.9943609022556391
1634,5913,Tool,Types,Types,2,7.534281,2.2418022,78.54477167214681,71.3571248105641,2,0.6605263157894737,0.7255639097744361,56.878281007120286,29.627364168567567,3,0.7135338345864661,0.4755639097744361
1635,5913,Tool,Function > Tool substitution,Tool substitution,3,7.536746,2.283621,9.739453828497487,19.73199470091383,2,0.21729323308270676,0.25451127819548874,1.0056887264019234,19.29282216442635,3,0.1255639097744361,0.3097744360902256
1636,5913,Tool,Function > Multi-use tools,Multi-use tools,3,7.520847,2.246388,-3.7302938094062945,23.428780026386487,2,0.1650375939849624,0.30451127819548873,41.60407798020819,8.320879127410914,3,0.5766917293233083,0.0924812030075188
1637,5913,Tool,Use by other animals,Use by other animals,2,7.392995,2.18018,43.107419176837986,29.4749510804056,2,0.43646616541353384,0.37781954887218044,24.573786449020947,21.264691761008482,3,0.3823308270676692,0.3424812030075188
1638,5913,Tool,Non-material usage,Non-material usage,2,7.7018585,2.3791513,38.106149463613626,14.6466920291728,2,0.40037593984962405,0.18646616541353384,38.55209441819144,19.490325863060228,3,0.5466165413533834,0.31278195488721805
1639,5934,Trade,Introduction,Introduction,0,6.9585285,-0.74899703,48.63686178420379,40.784678239557664,2,0.4770676691729323,0.4932330827067669,15.960770834006297,32.34485477943756,3,0.2721804511278195,0.5172932330827068
1640,5934,Trade,Etymology,Etymology,2,7.0274496,-0.067060806,65.4490213451216,33.14710395905513,2,0.5834586466165413,0.42105263157894735,32.068543236725276,9.791240087198853,3,0.47406015037593985,0.11729323308270677
1641,5934,Trade,History > Prehistory,Prehistory,3,7.08118,0.19832827,16.80511703845901,30.64129790217466,2,0.25375939849624063,0.3906015037593985,-23.736835175052562,18.770449865454065,3,0.031578947368421054,0.29962406015037596
1642,5934,Trade,History > Ancient history > Mediterranean and Near East,Mediterranean and Near East,4,7.1213083,0.20584063,-53.490439244558885,88.60297140304213,2,0.05,0.8105263157894737,31.81437697224256,73.12095262954765,3,0.47218045112781953,0.83796992481203
1643,5934,Trade,History > Ancient history > Indo-Pacific,Indo-Pacific,4,7.221936,0.53795606,-16.77027152530904,32.018561091932085,2,0.12067669172932331,0.406390977443609,16.237910662678946,49.01738249455932,3,0.27481203007518795,0.7007518796992481
1644,5934,Trade,History > Ancient history > Mesoamerica,Mesoamerica,4,6.8879027,0.7638589,20.843307523512134,70.13739905461414,2,0.2781954887218045,0.7180451127819549,128.59558155316788,29.50986800927687,3,0.9466165413533835,0.4714285714285714
1645,5934,Trade,History > Middle Ages,Middle Ages,3,7.2391915,0.23775972,24.962446993417725,41.079823024037154,2,0.31090225563909774,0.4992481203007519,-8.809473601036292,49.04330039807201,3,0.07368421052631578,0.7011278195488722
1646,5934,Trade,History > The Age of Sail and the Industrial Revolution,The Age of Sail and the Industrial Revolution,3,7.151378,0.3263059,32.07151354065637,32.0562347574424,2,0.3601503759398496,0.4067669172932331,50.692348225804245,61.79919675802692,3,0.6616541353383458,0.7928571428571428
1647,5934,Trade,History > 19th century,19th century,3,6.958529,-1.2229402,137.73535388810694,42.297041246534,2,0.868796992481203,0.5075187969924813,76.32318725784677,13.756187496413311,3,0.8161654135338345,0.19661654135338347
1648,5934,Trade,History > 20th century,20th century,3,7.142441,-0.6200684,71.32635829470972,66.95306463120227,2,0.6244360902255639,0.6962406015037594,34.70961668418699,24.633006199105836,3,0.5056390977443609,0.39172932330827065
1649,5934,Trade,History > 21st century,21st century,3,6.9732437,-0.8122914,-32.85105528099464,83.87817689479584,2,0.08195488721804511,0.7909774436090226,114.55125678535744,86.473832665323,3,0.9240601503759398,0.8890977443609023
1650,5934,Trade,History > Free trade,Free trade,3,6.9908466,-0.6989925,-0.45010547214436514,3.8729253525930325,2,0.1755639097744361,0.057518796992481205,41.72228778411119,14.40322750692343,3,0.5774436090225564,0.2093984962406015
1651,5934,Trade,Perspectives > Protectionism,Protectionism,3,7.027872,-0.70737046,111.90383664412079,165.18790887576475,2,0.8007518796992481,0.9620300751879699,161.17373589339192,11.65328360987162,3,0.9729323308270676,0.15338345864661654
1652,5934,Trade,Perspectives > Development of money,Development of money,3,7.0296516,-0.06760308,128.7706433054181,33.79632462447528,2,0.8511278195488722,0.4266917293233083,206.27088967489954,18.193100651281323,3,0.9898496240601504,0.2883458646616541
1653,5934,Trade,Trends > Doha rounds,Doha rounds,3,6.926605,-0.75584364,68.26255627593312,22.215186724792456,2,0.606015037593985,0.28909774436090224,42.94247887642634,15.084876197447787,3,0.5921052631578947,0.22481203007518796
1654,5934,Trade,Trends > China,China,3,6.980595,-0.51582056,69.6002818262609,55.02893681374028,2,0.6139097744360902,0.6218045112781955,38.035511993418574,29.72133439599331,3,0.5406015037593985,0.4770676691729323
1655,5934,Trade,International trade,International trade,2,6.951159,-0.7687943,48.43740000079436,62.47629855883296,2,0.47518796992481205,0.6672932330827067,49.64493512712221,90.63182989408875,3,0.6545112781954887,0.9
1656,5934,Trade,International trade > Trade sanctions,Trade sanctions,3,7.0449133,-0.6820899,28.155526174080947,51.79576711553188,2,0.33383458646616543,0.593609022556391,41.23858918559153,36.71363160785112,3,0.5729323308270676,0.5721804511278196
1657,5934,Trade,International trade > Fair trade,Fair trade,3,6.8782234,-0.7657658,35.487594381040395,53.52284480139271,2,0.38421052631578945,0.6105263157894737,28.329070278281616,22.803152065803253,3,0.43007518796992483,0.36541353383458647
1658,6179,Water,Introduction,Introduction,0,3.0207853,3.892634,0.3475038451311896,65.77528702297417,2,0.17857142857142858,0.6906015037593985,29.327690036590507,24.52138536658569,3,0.4406015037593985,0.3906015037593985
1659,6179,Water,Etymology,Etymology,2,5.8661094,3.6027942,5.066157310727364,33.19258480025666,2,0.1951127819548872,0.4218045112781955,42.86990049725873,16.758007319916945,3,0.5913533834586466,0.2586466165413534
1660,6179,Water,Properties,Properties,2,3.143707,4.020377,47.32552699542512,47.64220579335003,2,0.46654135338345865,0.5556390977443609,80.92584354683065,29.575965886599004,3,0.8353383458646616,0.47293233082706765
1661,6179,Water,Properties > States,States,3,3.2210042,4.2362146,98.93289166179858,3.5824606497423472,2,0.7507518796992482,0.05300751879699248,23.350695254566176,10.602006708548036,3,0.3680451127819549,0.13646616541353385
1662,6179,Water,Properties > States > Density,Density,4,2.9145453,4.003927,45.51130062005809,72.31378815226941,2,0.4545112781954887,0.7327067669172932,-13.202904946808182,45.27863618405062,3,0.05714285714285714,0.6639097744360902
1663,6179,Water,Properties > States > Phase transitions,Phase transitions,4,3.0419745,4.1303225,23.979062262391714,8.06126667827276,2,0.30488721804511276,0.10263157894736842,10.273628437975422,3.0508035353376175,3,0.21015037593984962,0.014661654135338346
1664,6179,Water,Properties > States > Triple and critical points,Triple and critical points,4,3.1520221,4.2561626,50.58771873202995,38.106657183177795,2,0.4868421052631579,0.46691729323308273,5.699557942914654,7.841708634667767,3,0.162406015037594,0.0849624060150376
1665,6179,Water,Properties > States > Phases of ice and water,Phases of ice and water,4,3.1765487,4.335412,125.87828006358271,85.86345191424866,2,0.8409774436090226,0.7981203007518797,83.33161195223141,4.721443820452624,3,0.8424812030075188,0.03496240601503759
1666,6179,Water,Properties > Taste and odor,Taste and odor,3,3.1198678,3.7814376,104.78852753844711,18.07198679934915,2,0.7725563909774437,0.23421052631578948,72.1354331180583,29.056031659261365,3,0.7966165413533834,0.4642857142857143
1667,6179,Water,Properties > Color and appearance,Color and appearance,3,2.5345283,4.082376,48.55002945480719,30.502396843174107,2,0.4763157894736842,0.3887218045112782,28.3709948168099,50.171179794763894,3,0.43045112781954886,0.7116541353383459
1668,6179,Water,Properties > Molecular polarity,Molecular polarity,3,3.1348937,4.11838,33.72427900128172,19.66780245465345,2,0.37105263157894736,0.25338345864661654,52.899192169562674,23.60544490227007,3,0.6796992481203008,0.37706766917293233
1669,6179,Water,Properties > Hydrogen bonding,Hydrogen bonding,3,3.1220021,4.122666,112.04171717406167,49.579466021230594,2,0.8011278195488721,0.575187969924812,53.309643600184565,35.4841702197694,3,0.6845864661654135,0.5582706766917294
1670,6179,Water,Properties > Electrical conductivity and electrolysis,Electrical conductivity and electrolysis,3,3.15733,4.1145043,206.5302579134451,14.90407019581165,2,0.9537593984962406,0.18947368421052632,71.19783949915498,99.06605557958842,3,0.793233082706767,0.924436090225564
1671,6179,Water,Properties > Mechanical properties,Mechanical properties,3,2.7866218,3.9337971,117.7666751194337,42.68300348532876,2,0.8203007518796992,0.5135338345864662,78.2564857784226,53.03326352746442,3,0.8240601503759398,0.7278195488721805
1672,6179,Water,Properties > Reactivity,Reactivity,3,3.3942566,4.321195,151.15345970547045,42.95904396569274,2,0.8909774436090225,0.5157894736842106,78.80319733447338,5.72032031116487,3,0.8263157894736842,0.0518796992481203
1673,6179,Water,On Earth,On Earth,2,3.0745559,3.4457707,97.30094579201409,7.998407187490588,2,0.7451127819548872,0.1018796992481203,60.154185837846,42.77150594833171,3,0.7289473684210527,0.6387218045112782
1674,6179,Water,On Earth > Water cycle,Water cycle,3,2.8477585,3.552157,81.31183227873858,32.16181066137101,2,0.675187969924812,0.40789473684210525,49.98050816924343,15.512586445344985,3,0.6582706766917293,0.23270676691729322
1675,6179,Water,On Earth > Water resources,Water resources,3,3.029106,3.6219666,84.86334223716725,28.957663774446925,2,0.6898496240601504,0.37142857142857144,49.02059208928341,85.40963285687148,3,0.6473684210526316,0.8864661654135338
1676,6179,Water,On Earth > Seawater and tides,Seawater and tides,3,2.6520202,3.748262,72.3941782146872,21.05457466874611,2,0.631203007518797,0.2706766917293233,50.91090350956146,11.913993525845763,3,0.6635338345864662,0.16090225563909774
1677,6179,Water,Effects on life,Effects on life,2,1.6963195,2.628784,28.592306562923888,11.121683910410239,2,0.3379699248120301,0.14172932330827068,47.918865706042105,5.7882045650359615,3,0.637593984962406,0.05338345864661654
1678,6179,Water,Effects on life > Aquatic life forms,Aquatic life forms,3,2.0622694,2.820497,-6.325983426745635,32.53290005502788,2,0.15263157894736842,0.4131578947368421,32.91211939343653,18.447696174148604,3,0.4860902255639098,0.29285714285714287
1679,6179,Water,Effects on human civilization,Effects on human civilization,2,7.58016,1.3812376,142.15452489522914,160.72391491096857,2,0.8763157894736842,0.9582706766917293,78.59580114954223,37.813040097667496,3,0.825187969924812,0.5838345864661654
1680,6179,Water,Effects on human civilization > Health and pollution,Health and pollution,3,3.4096339,2.4716716,27.05188023909258,36.897825795481424,2,0.32669172932330826,0.45413533834586467,9.87519631829522,5.142786159894354,3,0.2056390977443609,0.042105263157894736
1681,6179,Water,Effects on human civilization > Human uses > Agriculture,Agriculture,4,3.2618322,2.002201,8.334876250411147,0.9771464847568191,2,0.20902255639097744,0.015789473684210527,-4.318791259890834,12.546017850913811,3,0.09661654135338346,0.1718045112781955
1682,6179,Water,Effects on human civilization > Human uses > As a scientific standard,As a scientific standard,4,3.1041613,4.18709,8.003123630906295,32.69073562076124,2,0.20526315789473684,0.41654135338345866,-1.5366528816141098,7.504465825813303,3,0.11203007518796992,0.07969924812030076
1683,6179,Water,Effects on human civilization > Human uses > For drinking,For drinking,4,3.3115382,2.35772,36.09801668968182,12.159947704042832,2,0.3894736842105263,0.15300751879699248,32.58004010729689,22.438225693025093,3,0.48270676691729325,0.3586466165413534
1684,6179,Water,Effects on human civilization > Human uses > Chemical uses,Chemical uses,4,3.2210848,3.988322,131.12652223657219,79.29528740624104,2,0.8533834586466166,0.7703007518796993,77.07340333147279,33.29235492043272,3,0.8184210526315789,0.5319548872180451
1685,6179,Water,Effects on human civilization > Human uses > Heat exchange,Heat exchange,4,3.3310862,3.9389677,124.59269742141126,108.66806572031554,2,0.837218045112782,0.8755639097744361,54.6927254790584,24.49769504353954,3,0.6943609022556391,0.3898496240601504
1686,6179,Water,Effects on human civilization > Human uses > Fire considerations,Fire considerations,4,3.5074492,4.0769258,-28.513162901111606,26.876310042290513,2,0.09135338345864662,0.34097744360902255,15.995630480929941,39.36148502336872,3,0.2729323308270677,0.6045112781954888
1687,6179,Water,Effects on human civilization > Human uses > Recreation,Recreation,4,3.1992147,3.7387853,81.61996324667984,74.38051130251014,2,0.6763157894736842,0.7432330827067669,4.38012790689734,105.5138359670139,3,0.15,0.9383458646616541
1688,6179,Water,Effects on human civilization > Human uses > Water industry,Water industry,4,3.3770785,2.464437,51.73929979831663,69.9081122753725,2,0.49586466165413534,0.7146616541353383,53.86867069810206,49.37119753801198,3,0.6894736842105263,0.7048872180451128
1689,6179,Water,Effects on human civilization > Human uses > Industrial applications,Industrial applications,4,3.3004942,3.806856,62.40371951793129,49.16588129149241,2,0.5631578947368421,0.5684210526315789,50.66605496386003,43.36826153769222,3,0.6609022556390978,0.6443609022556391
1690,6179,Water,Effects on human civilization > Human uses > Food processing,Food processing,4,3.0427592,4.0203176,37.01754191863672,56.772421048602915,2,0.39360902255639096,0.6334586466165414,73.29849396412402,56.1489125942923,3,0.8022556390977443,0.7515037593984962
1691,6179,Water,Distribution in nature > In the universe,In the universe,3,2.8918855,5.1294284,66.08839321989187,94.96716063565036,2,0.58796992481203,0.8330827067669173,59.34695188860224,37.28953992590792,3,0.7240601503759398,0.5785714285714286
1692,6179,Water,Distribution in nature > In the universe > Water vapor,Water vapor,4,1.9465468,4.2991767,24.682288894749647,26.058458358962568,2,0.3093984962406015,0.331203007518797,15.541020473046926,36.404442560283634,3,0.26842105263157895,0.5695488721804511
1693,6179,Water,Distribution in nature > In the universe > Liquid water,Liquid water,4,2.0318847,4.20011,57.418825988501865,127.48117338630612,2,0.5304511278195488,0.9142857142857143,124.12723224836431,185.2602947845742,3,0.9398496240601504,0.9928571428571429
1694,6179,Water,Distribution in nature > In the universe > Water ice,Water ice,4,1.866347,4.334692,14.339989909299971,26.022230899452786,2,0.2424812030075188,0.3308270676691729,123.46665834177236,24.75531423180664,3,0.9390977443609022,0.3924812030075188
1695,6179,Water,Distribution in nature > In the universe > Exotic forms,Exotic forms,4,1.960628,4.623718,288.5328356616833,9.08998799098091,2,0.9819548872180451,0.11541353383458647,134.36631530428488,42.959007238200016,3,0.9533834586466166,0.6398496240601503
1696,6179,Water,Distribution in nature > Water and planetary habitability,Water and planetary habitability,3,2.2875514,4.0172143,-4.781059219591617,13.273953699459007,2,0.1586466165413534,0.16654135338345866,41.81168349519076,25.02483121645621,3,0.5793233082706767,0.3966165413533835
1697,6179,Water,"Law, politics, and crisis","Law, politics, and crisis",2,3.3688846,2.2231376,-23.756918054886278,21.704167901340263,2,0.10037593984962406,0.28458646616541355,60.31197965643065,37.17162881108939,3,0.7300751879699248,0.5774436090225564
1698,6179,Water,In culture > Religion,Religion,3,6.485165,2.9248812,113.29047409090396,1.6067151104665796,2,0.8030075187969925,0.02669172932330827,61.91450646174101,7.857830615262109,3,0.7398496240601504,0.08571428571428572
1699,6179,Water,In culture > Philosophy,Philosophy,3,4.920612,4.4512205,-35.77755270467992,126.36005068543177,2,0.07669172932330827,0.912406015037594,73.71971700107211,132.9766219231333,3,0.8037593984962406,0.9718045112781954
1700,6179,Water,In culture > Folklore,Folklore,3,5.8245163,3.4060779,245.62522674145424,37.91688883496314,2,0.9714285714285714,0.46541353383458645,138.70095254093962,11.9819668087283,3,0.9575187969924812,0.1620300751879699
1701,6179,Water,In culture > Art and activism,Art and activism,3,5.1961727,3.7420423,136.31091950026254,32.31377094832665,2,0.8642857142857143,0.4105263157894737,53.6719557166671,4.789700075492679,3,0.687218045112782,0.03609022556390978
1702,6179,Water,In culture > Dihydrogen monoxide parody,Dihydrogen monoxide parody,3,3.2617738,4.024303,197.10893559874836,5.6986502140435125,2,0.9484962406015037,0.0793233082706767,63.850293233999594,11.219262841470888,3,0.749624060150376,0.14548872180451128
1703,6179,Water,In culture > Music,Music,3,3.2615407,3.8924599,-48.196274349360706,37.113783614262395,2,0.057518796992481205,0.4567669172932331,-12.877039715649799,10.245474409054337,3,0.05902255639097744,0.12631578947368421
1704,6308,Writing,Introduction,Introduction,0,9.990528,2.6245604,131.9244042579808,96.7563277297636,2,0.8545112781954888,0.8394736842105263,22.185748334812377,38.74352565377442,3,0.3518796992481203,0.5962406015037593
1705,6308,Writing,"Tools, materials, and motivations to write","Tools, materials, and motivations to write",2,9.937416,2.5536156,122.6871356294746,86.60437564688705,2,0.8330827067669173,0.8022556390977443,56.67877530497575,45.71329739003769,3,0.7101503759398496,0.6680451127819549
1706,6308,Writing,"Tools, materials, and motivations to write > Motivations and purposes",Motivations and purposes,3,9.810857,2.471183,59.14767897674129,2.4449737291575344,2,0.5413533834586466,0.03571428571428571,32.94859677718613,13.095321893630787,3,0.4868421052631579,0.1838345864661654
1707,6308,Writing,Contemporary uses,Contemporary uses,2,9.86103,2.4991167,270.9945698970521,65.40273703943963,2,0.9774436090225563,0.6879699248120301,138.66447847393155,103.7282383088563,3,0.956766917293233,0.9330827067669173
1708,6308,Writing,Contemporary uses > Business and finance,Business and finance,3,9.837886,2.4868321,150.23280345520317,161.51707113804983,2,0.8872180451127819,0.9590225563909774,25.723987473288428,41.024517359399425,3,0.39398496240601505,0.6229323308270677
1709,6308,Writing,Contemporary uses > Governance and law,Governance and law,3,8.520947,-1.9241115,137.36938589230425,108.37432010239718,2,0.8680451127819548,0.8736842105263158,29.43070246954494,28.580274037047445,3,0.4417293233082707,0.4556390977443609
1710,6308,Writing,Contemporary uses > Science and scholarship,Science and scholarship,3,7.6177797,5.1064878,97.57012357547673,72.51978668592726,2,0.7466165413533835,0.7338345864661654,26.225779969640243,43.81454734069115,3,0.3988721804511278,0.6481203007518797
1711,6308,Writing,Contemporary uses > Journalism,Journalism,3,10.501784,2.1587617,81.88581020227572,50.80040194230792,2,0.6781954887218045,0.5860902255639098,52.44807441473233,34.76226503312833,3,0.6763157894736842,0.5496240601503759
1712,6308,Writing,Contemporary uses > Education and educational institutions,Education and educational institutions,3,9.374579,2.9446409,132.986215117982,65.129716756389,2,0.8586466165413534,0.6868421052631579,14.78022414334818,47.87014102362352,3,0.25977443609022555,0.6898496240601504
1713,6308,Writing,Relationship with spoken and signed language,Relationship with spoken and signed language,2,10.277009,2.9179878,24.959582695222768,6.34159863773874,2,0.3105263157894737,0.0849624060150376,0.758664568322165,6.4872935277017,3,0.12481203007518797,0.06278195488721805
1714,6308,Writing,Relationship with spoken and signed language > Grammar,Grammar,3,10.405388,2.9973016,153.50382204691408,33.06988457661972,2,0.8966165413533834,0.42030075187969923,89.67955992836396,43.89830751131621,3,0.8616541353383459,0.6492481203007519
1715,6308,Writing,Relationship with spoken and signed language > Information packaging,Information packaging,3,10.399393,2.986171,18.61428794955278,24.5077410880736,2,0.2669172932330827,0.3172932330827068,-21.514291681619127,12.19919435262332,3,0.037218045112781956,0.16541353383458646
1716,6308,Writing,Relationship with spoken and signed language > Vocabulary,Vocabulary,3,10.409416,3.0272012,36.041344906857844,21.15376662256577,2,0.3887218045112782,0.27406015037593984,40.190343979654116,22.25400571255848,3,0.562406015037594,0.35639097744360904
1717,6308,Writing,Classification of writing systems,Classification of writing systems,2,10.035108,2.708977,335.1937318127733,186.30065034383466,2,0.9902255639097745,0.9763157894736842,106.31465578042992,139.19861104878288,3,0.906390977443609,0.9774436090225563
1718,6308,Writing,Classification of writing systems > Logographies,Logographies,3,9.959739,2.6110544,126.46857517704339,115.63162115963524,2,0.8439849624060151,0.8921052631578947,63.06230238480859,164.30325872018852,3,0.7454887218045113,0.9894736842105263
1719,6308,Writing,Classification of writing systems > Syllabaries,Syllabaries,3,10.036894,2.6831844,55.47804332627867,105.95060124812422,2,0.5184210526315789,0.8672932330827068,-10.077205579823561,89.41907077731466,3,0.07142857142857142,0.8966165413533834
1720,6308,Writing,Classification of writing systems > Alphabets > Abjads,Abjads,4,9.783608,2.4888444,151.37133374106472,67.64612566307635,2,0.8913533834586466,0.6996240601503759,117.20119528433133,89.3041643887729,3,0.9308270676691729,0.8962406015037594
1721,6308,Writing,Classification of writing systems > Alphabets > Abugidas,Abugidas,4,9.959471,2.6283982,156.97609208233325,76.5328738084517,2,0.9026315789473685,0.7533834586466165,127.84170884353136,29.43017900365542,3,0.9454887218045113,0.4699248120300752
1722,6308,Writing,History and origins > Overview of origins,Overview of origins,3,9.590746,2.3104644,135.1180801324134,34.17741819642037,2,0.8620300751879699,0.43045112781954886,37.71417683515057,16.04244783139599,3,0.5360902255639097,0.2432330827067669
1723,6308,Writing,History and origins > Mesopotamia,Mesopotamia,3,9.482998,2.264953,19.45431521184649,60.934244607075655,2,0.2706766917293233,0.6612781954887218,45.32130425525011,20.546200827920458,3,0.6172932330827068,0.3304511278195489
1724,6308,Writing,History and origins > Egypt,Egypt,3,9.618686,2.301328,164.18914108658413,112.58215244469561,2,0.912781954887218,0.8860902255639098,-15.872064082439115,60.440667811186124,3,0.0481203007518797,0.7830827067669173
1725,6308,Writing,History and origins > Mesoamerica,Mesoamerica,3,9.661303,2.3490133,-28.551305160538124,130.44872009356735,2,0.09097744360902256,0.9184210526315789,64.47256392483872,74.09204848116566,3,0.7533834586466165,0.8443609022556391
1726,6308,Writing,History and origins > China,China,3,9.599472,2.3069983,168.5750410107219,72.76635766252933,2,0.9191729323308271,0.7345864661654136,106.05869269642346,22.95399876403106,3,0.9056390977443609,0.3669172932330827
1727,6308,Writing,History and origins > Elamite scripts,Elamite scripts,3,9.540689,2.250532,116.49479417598621,85.73006949433547,2,0.8157894736842105,0.7973684210526316,43.13067592265386,11.072066389294132,3,0.5939849624060151,0.14210526315789473
1728,6308,Writing,History and origins > Aegean systems,Aegean systems,3,9.565536,2.288132,61.352125245993726,15.322389424021095,2,0.556015037593985,0.19849624060150375,65.1542594072355,6.479729974522286,3,0.7578947368421053,0.06203007518796992
1729,6308,Writing,History and origins > Development of the alphabet,Development of the alphabet,3,9.546803,2.3216324,144.96036333427097,182.92058097526257,2,0.881203007518797,0.9740601503759398,-32.834572923656076,153.37994493076718,3,0.017669172932330827,0.9849624060150376
1730,6308,Writing,History and origins > Religious texts,Religious texts,3,9.769237,2.1174421,97.20987296171302,63.11440787868615,2,0.7443609022556391,0.6710526315789473,62.73633371878045,24.901984775076457,3,0.7432330827067669,0.39473684210526316
1731,6308,Writing,Influence on society,Influence on society,2,9.826088,2.4598129,163.02191875609913,69.34650177020347,2,0.9116541353383458,0.7105263157894737,-2.0694494263346255,5.51473705720544,3,0.10864661654135338,0.04736842105263158
1732,6308,Writing,Influence on society > Literacy and social mobility,Literacy and social mobility,3,9.491733,2.8592737,55.24193307585339,16.889799539547873,2,0.5176691729323308,0.2169172932330827,-30.850931226601215,11.132096294383148,3,0.02142857142857143,0.1432330827067669
1733,6308,Writing,Influence on society > Marshall McLuhan's perspective,Marshall McLuhan's perspective,3,10.119735,2.5652254,-12.463444525587166,45.8108290789161,2,0.13157894736842105,0.5406015037593985,-0.2931141574107876,46.56404378582854,3,0.11879699248120301,0.6770676691729324
1734,6308,Writing,Influence on society > Diglossia and digraphia,Diglossia and digraphia,3,10.38403,3.0514343,31.56617002621176,14.98642940260315,2,0.3575187969924812,0.1906015037593985,4.607148617946997,4.844820623129982,3,0.15225563909774437,0.037218045112781956
1735,6308,Writing,Orthography,Orthography,2,10.104034,2.7540154,17.534338682429855,55.948265657821985,2,0.2582706766917293,0.6281954887218045,-6.941665866549262,18.916231881804876,3,0.08458646616541353,0.3022556390977444
1736,6469,Algebra,Introduction,Introduction,0,7.6965265,8.2472105,-20.437498899816767,55.37970008652561,2,0.11052631578947368,0.6244360902255639,2.1844883950501135,23.707085449071368,3,0.13533834586466165,0.37894736842105264
1737,6469,Algebra,Definition and etymology,Definition and etymology,2,7.660653,8.200681,86.11818838646133,13.301863832489554,2,0.6966165413533835,0.16766917293233083,15.648535436939317,25.638745662222124,3,0.27030075187969926,0.40714285714285714
1738,6469,Algebra,Major branches > Elementary algebra,Elementary algebra,3,7.532725,8.264175,33.39005398742186,22.182278174152806,2,0.3684210526315789,0.2887218045112782,4.379522862225622,12.686651385471501,3,0.14962406015037594,0.17518796992481203
1739,6469,Algebra,Major branches > Elementary algebra > Polynomials,Polynomials,4,7.6339316,8.247009,64.66070763932879,40.597425580551096,2,0.5800751879699249,0.48984962406015037,14.028358358437387,24.026699347593,3,0.24887218045112783,0.38345864661654133
1740,6469,Algebra,Major branches > Linear algebra,Linear algebra,3,7.6803317,8.309389,60.46543575073581,38.68922860581129,2,0.5507518796992481,0.47218045112781953,1.6212192074703349,17.591842492258905,3,0.13157894736842105,0.27518796992481204
1741,6469,Algebra,Major branches > Abstract algebra,Abstract algebra,3,7.715828,8.258578,79.42049997629493,36.900422143831236,2,0.6654135338345865,0.4545112781954887,29.534225202248106,36.17365871962875,3,0.44360902255639095,0.5665413533834587
1742,6469,Algebra,Major branches > Abstract algebra > Group theory,Group theory,4,7.68766,8.273634,19.937453025755616,2.278832913639076,2,0.2736842105263158,0.03308270676691729,25.527760866413004,16.751219216449428,3,0.3913533834586466,0.2582706766917293
1743,6469,Algebra,Major branches > Abstract algebra > Ring theory and field theory,Ring theory and field theory,4,7.619484,8.260883,59.45049250906462,76.55396040502887,2,0.5451127819548872,0.7541353383458647,22.775976533985368,35.019032462462135,3,0.3605263157894737,0.5522556390977443
1744,6469,Algebra,Major branches > Abstract algebra > Theories of interrelations among structures,Theories of interrelations among structures,4,7.729109,8.279248,58.834273620200236,35.85414703440901,2,0.5387218045112782,0.4473684210526316,19.768353697346075,19.130923542581126,3,0.3218045112781955,0.30639097744360905
1745,6469,Algebra,History,History,2,7.685817,7.793583,74.4297672492621,19.70957693194839,2,0.6402255639097745,0.25375939849624063,27.07027608250611,21.315546965534967,3,0.412406015037594,0.34398496240601506
1746,6469,Algebra,Applications,Applications,2,7.831999,8.179447,18.909349825399076,3.7973929631117582,2,0.26842105263157895,0.055639097744360905,19.576146436744164,15.56863063525786,3,0.31842105263157894,0.2349624060150376
1747,6469,Algebra,Education,Education,2,7.7400193,8.291012,101.83327181222288,41.65879078465516,2,0.762781954887218,0.5030075187969925,20.006481181902846,54.49287354438682,3,0.3233082706766917,0.7409774436090225
1748,6545,Animal,Introduction,Introduction,0,1.2438779,2.260857,44.14583397003567,36.03089024211702,2,0.4443609022556391,0.4492481203007519,17.996594011793523,31.722408359202703,3,0.29473684210526313,0.5086466165413533
1749,6545,Animal,Etymology,Etymology,2,1.3508904,2.1795192,-124.70648022294468,41.66926151375732,2,0.010150375939849625,0.5033834586466165,-47.95230604803433,11.461900634082985,3,0.007142857142857143,0.14887218045112782
1750,6545,Animal,Characteristics,Characteristics,2,1.1508114,2.237029,226.21443996063806,12.12096778878678,2,0.9631578947368421,0.15263157894736842,111.14729527557672,37.69915359296147,3,0.9195488721804511,0.5830827067669173
1751,6545,Animal,Characteristics > Structural features,Structural features,3,1.0422958,2.212492,188.97181386769574,15.092008320481064,2,0.9406015037593985,0.1951127819548872,109.38444500516262,42.905312435104314,3,0.9146616541353384,0.6394736842105263
1752,6545,Animal,Characteristics > Development,Development,3,0.9105703,2.131306,109.33578734123796,37.60849065979077,2,0.7909774436090226,0.4639097744360902,-7.591511380815277,121.29924344723634,3,0.08082706766917293,0.9624060150375939
1753,6545,Animal,Characteristics > Reproduction,Reproduction,3,0.8711758,1.4736415,22.055443853459625,95.75289581737279,2,0.2883458646616541,0.8364661654135338,26.528120613901564,54.380533541936465,3,0.4041353383458647,0.7402255639097745
1754,6545,Animal,Ecology,Ecology,2,2.3592281,2.1313214,-43.51280674671453,21.411826196390958,2,0.06278195488721805,0.281203007518797,24.989985168655064,42.52479268168101,3,0.387593984962406,0.6368421052631579
1755,6545,Animal,Diversity > Size,Size,3,1.3407955,2.4138439,54.24979493020212,88.19367887079949,2,0.5093984962406015,0.8078947368421052,43.24273340157536,28.622168120700863,3,0.5954887218045113,0.4567669172932331
1756,6545,Animal,Diversity > Numbers and habitats of major phyla,Numbers and habitats of major phyla,3,1.2590564,2.370311,80.06829694364416,107.34053795081691,2,0.6695488721804511,0.8695488721804512,113.19499482298208,66.14897374904534,3,0.9229323308270677,0.8131578947368421
1757,6545,Animal,Evolutionary origin,Evolutionary origin,2,1.3167003,2.940805,13.945416328954824,24.32480358583474,2,0.24022556390977443,0.3154135338345865,13.050899931646777,21.837642981824363,3,0.2357142857142857,0.3522556390977444
1758,6545,Animal,Phylogeny > External phylogeny,External phylogeny,3,1.2198805,2.207757,141.45550157794787,92.29322475325914,2,0.8744360902255639,0.8244360902255639,30.34661130583842,15.861658505576818,3,0.45300751879699247,0.23909774436090225
1759,6545,Animal,Phylogeny > Internal phylogeny,Internal phylogeny,3,1.1269021,2.155276,89.11695887640623,23.2373493661604,2,0.7120300751879699,0.3018796992481203,21.170366923172956,37.820847225929604,3,0.3383458646616541,0.5849624060150376
1760,6545,Animal,Phylogeny > Non-bilaterians,Non-bilaterians,3,1.1393263,2.1572545,44.842918185467056,48.66715724187364,2,0.45,0.5639097744360902,2.433285964604996,45.2525750471738,3,0.13721804511278196,0.6635338345864662
1761,6545,Animal,Phylogeny > Bilateria,Bilateria,3,1.0507168,2.2328525,-26.598145323932457,31.906595709755095,2,0.09360902255639098,0.4037593984962406,73.81791449093511,30.320522249215994,3,0.8045112781954887,0.4845864661654135
1762,6545,Animal,Phylogeny > Bilateria > Protostomes and deuterostomes,Protostomes and deuterostomes,4,1.0480747,2.2161167,51.10159916061025,12.770094398999545,2,0.49022556390977445,0.16090225563909774,101.98276856187773,19.767038009994145,3,0.8966165413533834,0.3165413533834586
1763,6545,Animal,History of classification,History of classification,2,1.3070384,2.0537229,-7.603720291828024,46.503211839422306,2,0.14887218045112782,0.543233082706767,69.10575717015215,54.07781234988887,3,0.7838345864661654,0.73796992481203
1764,6545,Animal,In human culture > Practical uses,Practical uses,3,2.8575056,1.9947336,73.14535287257713,40.11852919038144,2,0.6342105263157894,0.4860902255639098,52.896074040831444,117.43621411080747,3,0.6793233082706767,0.956766917293233
1765,6545,Animal,In human culture > Symbolic uses,Symbolic uses,3,5.855825,3.471075,70.56260314158169,56.910749057732275,2,0.6218045112781955,0.6353383458646616,52.20703009703109,52.4357024849974,3,0.674436090225564,0.7236842105263158
1766,6834,Cell (biology),Introduction,Introduction,0,0.68927693,2.239575,37.77255235380495,41.28534608949474,2,0.3981203007518797,0.5,17.41802431106166,41.062562006028706,3,0.2860902255639098,0.6236842105263158
1767,6834,Cell (biology),Types,Types,2,0.7222034,2.2327924,118.7426085585882,21.119012654567875,2,0.8221804511278196,0.2725563909774436,43.172549561320785,24.26795251639683,3,0.5947368421052631,0.38721804511278196
1768,6834,Cell (biology),Types > Prokaryotes,Prokaryotes,3,0.7216545,2.2920678,115.61709801912068,49.52554055479775,2,0.8116541353383459,0.5740601503759398,34.692375555909216,39.82454996096934,3,0.5052631578947369,0.6101503759398497
1769,6834,Cell (biology),Types > Prokaryotes > Bacteria,Bacteria,4,0.5121064,2.2807207,78.79719101555644,119.35279924729738,2,0.66203007518797,0.9011278195488722,37.80328153993054,32.08467812461678,3,0.5372180451127819,0.5135338345864662
1770,6834,Cell (biology),Types > Prokaryotes > Archaea,Archaea,4,0.5738411,2.2702522,105.99375711385926,98.21522872189655,2,0.7778195488721804,0.843609022556391,32.99380791054383,57.83273998484036,3,0.487593984962406,0.7635338345864662
1771,6834,Cell (biology),Types > Eukaryotes,Eukaryotes,3,0.66218394,2.2602608,12.184775888234109,13.189517727239279,2,0.23007518796992482,0.1661654135338346,17.57474397094531,29.613216879404238,3,0.287593984962406,0.47406015037593985
1772,6834,Cell (biology),Animal cells,Animal cells,2,0.83766526,2.1078973,204.22718830682157,150.30240672046966,2,0.9522556390977444,0.9462406015037594,68.69726187845482,83.66179762471118,3,0.780827067669173,0.8800751879699248
1773,6834,Cell (biology),Animal cells > Structure,Structure,3,0.42614928,2.2315114,123.46112955813302,23.209092545034643,2,0.8349624060150376,0.3015037593984962,52.032166142499584,17.712158907850643,3,0.6733082706766917,0.2774436090225564
1774,6834,Cell (biology),Animal cells > Cell membrane,Cell membrane,3,0.5183191,2.2715418,-4.593792214095941,21.570546513676035,2,0.16052631578947368,0.28383458646616544,9.931331806130341,47.69489075436254,3,0.20714285714285716,0.6868421052631579
1775,6834,Cell (biology),Animal cells > Cytoplasm,Cytoplasm,3,0.42900658,2.2552674,81.7789607231562,65.09740732709608,2,0.6766917293233082,0.6864661654135338,35.8134959871962,56.303841881693856,3,0.5165413533834586,0.7533834586466165
1776,6834,Cell (biology),Animal cells > Cytoskeleton,Cytoskeleton,3,0.46134028,2.2430012,40.73085702954839,154.78834372223488,2,0.42105263157894735,0.9518796992481203,-72.7062684969514,115.24613301367451,3,0.0018796992481203006,0.9515037593984963
1777,6834,Cell (biology),Animal cells > Organelles,Organelles,3,0.46877453,2.2518828,30.950630419904584,64.98695799583282,2,0.3548872180451128,0.6857142857142857,34.6275550153605,82.13588547069168,3,0.5048872180451128,0.8718045112781955
1778,6834,Cell (biology),Animal cells > Nucleus,Nucleus,3,0.55333245,2.1471467,-15.50888681079801,20.002435993433938,2,0.12368421052631579,0.2575187969924812,33.09388855704754,40.13300791765412,3,0.49022556390977445,0.6139097744360902
1779,6834,Cell (biology),Animal cells > Endoplasmic reticulum,Endoplasmic reticulum,3,0.49787593,2.2549863,55.83136606290097,72.14107802732887,2,0.5210526315789473,0.731203007518797,89.25375406378124,37.65499640120933,3,0.8601503759398497,0.5827067669172933
1780,6834,Cell (biology),Animal cells > Mitochondria,Mitochondria,3,0.7568386,2.324698,25.006495366366643,17.395456588474772,2,0.31165413533834585,0.2206766917293233,28.119882631537052,20.14202867138733,3,0.42781954887218043,0.3225563909774436
1781,6834,Cell (biology),Animal cells > Lysosomes,Lysosomes,3,0.43391424,2.2569807,145.14830943206186,39.81558188684225,2,0.881578947368421,0.48345864661654137,65.80043748157657,97.19592515592963,3,0.76203007518797,0.9187969924812031
1782,6834,Cell (biology),Animal cells > Peroxisomes,Peroxisomes,3,0.4191626,2.2663872,63.228848285592875,23.337899974082575,2,0.5714285714285714,0.3026315789473684,37.053888398178714,57.173653278655536,3,0.5296992481203008,0.7597744360902255
1783,6834,Cell (biology),Animal cells > Centrosome,Centrosome,3,0.45065987,2.2322862,43.282358784619454,50.45209849847599,2,0.43759398496240604,0.5834586466165413,33.51113538117755,25.603024997083686,3,0.4932330827067669,0.4067669172932331
1784,6834,Cell (biology),Animal cells > Ribosomes,Ribosomes,3,0.48836783,2.1904674,86.76522002491001,4.856320126711635,2,0.7,0.07030075187969925,72.77154736694739,8.671350048086389,3,0.7992481203007519,0.09774436090225563
1785,6834,Cell (biology),Animal cells > Vaults,Vaults,3,0.46988198,2.2010868,103.95789331517321,49.90820362037392,2,0.7703007518796993,0.5781954887218045,27.249293577038785,41.23074163117099,3,0.41578947368421054,0.6255639097744361
1786,6834,Cell (biology),Animal cells > Animal cell types,Animal cell types,3,0.7041761,2.2880504,127.9672212626202,173.10377516855294,2,0.8477443609022557,0.9680451127819549,22.306609302934294,96.53835262066606,3,0.3533834586466165,0.9172932330827067
1787,6834,Cell (biology),Plant cells,Plant cells,2,0.60925066,2.3019433,46.44568185676417,88.93879411057156,2,0.4620300751879699,0.8109022556390978,51.67018672321856,89.80430279062645,3,0.6695488721804511,0.8973684210526316
1788,6834,Cell (biology),Algal cells,Algal cells,2,1.5243496,2.5805898,72.8557280000749,76.54760215351097,2,0.6334586466165414,0.7537593984962406,57.6495501290299,46.678378962613856,3,0.7180451127819549,0.6778195488721804
1789,6834,Cell (biology),Fungal cells,Fungal cells,2,0.5269039,2.291928,158.89833517019903,176.54077710411087,2,0.9052631578947369,0.9699248120300752,63.93853272422846,36.923635500600255,3,0.750375939849624,0.5736842105263158
1790,6834,Cell (biology),Protist cells,Protist cells,2,0.6860777,2.219522,125.46837316992463,52.938855459356034,2,0.8398496240601504,0.6026315789473684,92.20864537804742,36.641566386205646,3,0.869172932330827,0.5710526315789474
1791,6834,Cell (biology),Cellular processes > Replication,Replication,3,0.7214258,1.797736,-53.68636746929898,62.764018304635194,2,0.04962406015037594,0.6695488721804511,26.181135773840534,43.9808745101913,3,0.3981203007518797,0.650375939849624
1792,6834,Cell (biology),Cellular processes > Signaling,Signaling,3,0.67848927,2.2963612,114.82617473185022,55.5700178362695,2,0.8093984962406015,0.6248120300751879,75.13852263611459,42.78352700538595,3,0.812406015037594,0.6390977443609023
1793,6834,Cell (biology),Cellular processes > Protein targeting,Protein targeting,3,0.5570471,2.2619016,210.00367700385877,207.21315972318712,2,0.955639097744361,0.9842105263157894,15.549274385176881,102.61754570675897,3,0.26879699248120303,0.931203007518797
1794,6834,Cell (biology),Cellular processes > DNA repair,DNA repair,3,0.99949807,1.8093228,24.096977436602682,32.60925665477091,2,0.30601503759398496,0.4142857142857143,57.25485590420761,24.858190426746905,3,0.7157894736842105,0.39360902255639096
1795,6834,Cell (biology),Cellular processes > Growth and metabolism,Growth and metabolism,3,1.3154788,2.4766033,24.27448848783916,17.874578312410943,2,0.30714285714285716,0.22894736842105262,46.830387130765224,24.184219181475992,3,0.6304511278195488,0.3849624060150376
1796,6834,Cell (biology),Cellular processes > Protein synthesis,Protein synthesis,3,0.77785754,1.9916734,-72.68561647861458,48.43207284784621,2,0.03195488721804511,0.5616541353383459,18.384607676357007,39.232444606937506,3,0.29962406015037596,0.6037593984962406
1797,6834,Cell (biology),Cellular processes > Motility,Motility,3,0.7218503,2.282401,140.31520825051936,22.57400216883681,2,0.8725563909774436,0.29285714285714287,78.19455152004075,33.598394700994426,3,0.8233082706766918,0.5368421052631579
1798,6834,Cell (biology),"Cellular processes > Motility > Navigation, control and communication","Navigation, control and communication",4,0.7217995,2.340635,35.289707535625006,143.57617127216363,2,0.3827067669172932,0.9387218045112782,125.82919413673186,11.078940309047345,3,0.9432330827067669,0.14285714285714285
1799,6834,Cell (biology),Cellular processes > Cell death,Cell death,3,0.7375575,1.8565104,67.83297475684125,42.72206089763322,2,0.6037593984962406,0.5139097744360902,31.0157985041826,58.61789283083906,3,0.45939849624060153,0.7706766917293233
1800,6834,Cell (biology),Origins,Origins,2,1.1312139,2.8682945,59.82510710091734,66.55488537863509,2,0.5469924812030075,0.6951127819548872,11.277305148872301,53.94214339008645,3,0.21729323308270676,0.7357142857142858
1801,6834,Cell (biology),Origins > Multicellularity,Multicellularity,3,0.8356993,2.3450127,193.97648009961057,211.36780001099018,2,0.9462406015037594,0.9857142857142858,55.01718493963647,85.73464417977642,3,0.6981203007518797,0.8872180451127819
1802,6834,Cell (biology),History of research,History of research,2,0.8408864,2.1423316,35.218360245605226,43.019501307152886,2,0.3815789473684211,0.5165413533834586,29.58437984129605,7.305314272045565,3,0.4443609022556391,0.07631578947368421
1803,6865,Chemistry,Introduction,Introduction,0,4.197768,4.9879866,11.778142587084396,50.17518498340712,2,0.22706766917293233,0.5808270676691729,43.18480631927955,12.327794577744509,3,0.5951127819548873,0.16729323308270677
1804,6865,Chemistry,Etymology,Etymology,2,4.6976,4.6301746,10.203851254859249,8.133399264680223,2,0.21954887218045113,0.10413533834586466,41.988733713158844,24.63938701116671,3,0.5823308270676691,0.39210526315789473
1805,6865,Chemistry,Modern principles,Modern principles,2,4.0870376,4.9936056,-23.330880202874663,17.540230664400603,2,0.10225563909774436,0.2244360902255639,41.35481247649457,8.76969195417432,3,0.5740601503759398,0.09887218045112782
1806,6865,Chemistry,Modern principles > Matter,Matter,3,4.1492057,5.539175,115.87361673000402,70.27963564843336,2,0.8135338345864662,0.7195488721804512,96.7240962403086,33.72504726811727,3,0.881578947368421,0.5398496240601504
1807,6865,Chemistry,Modern principles > Matter > Atom,Atom,4,3.9571037,5.0745735,4.005072004141283,93.3100457975108,2,0.1906015037593985,0.8274436090225564,54.12697356815036,44.406897849541316,3,0.6909774436090226,0.6567669172932331
1808,6865,Chemistry,Modern principles > Matter > Element,Element,4,3.8396313,4.8614845,50.625609652768816,74.36735220282502,2,0.48721804511278194,0.7424812030075187,29.831444154549377,24.218400706743395,3,0.4469924812030075,0.38571428571428573
1809,6865,Chemistry,Modern principles > Matter > Compound,Compound,4,3.871097,4.8520746,-55.17371360051344,102.97175747052782,2,0.04924812030075188,0.8582706766917293,90.03727308052095,81.69992715782871,3,0.8635338345864662,0.8703007518796992
1810,6865,Chemistry,Modern principles > Matter > Molecule,Molecule,4,3.9003184,4.8761435,33.535177499923336,8.21144862024623,2,0.3695488721804511,0.10563909774436091,31.536543634451437,14.219366060931298,3,0.468796992481203,0.2056390977443609
1811,6865,Chemistry,Modern principles > Matter > Mole and amount of substance,Mole and amount of substance,4,3.9564536,4.9940834,117.86994270733571,85.76277688004328,2,0.8210526315789474,0.7977443609022556,112.40118468193367,75.82812568960661,3,0.9210526315789473,0.8507518796992481
1812,6865,Chemistry,Modern principles > Phase,Phase,3,3.9286304,4.9032707,4.5757031875350345,3.3770722257207675,2,0.19323308270676692,0.04962406015037594,31.289022934966635,15.936522679429793,3,0.4650375939849624,0.24060150375939848
1813,6865,Chemistry,Modern principles > Bonding,Bonding,3,3.8286414,4.9079094,85.3889409979767,27.351759656675675,2,0.6924812030075188,0.35,94.90193201004574,45.184294616896544,3,0.8770676691729323,0.6631578947368421
1814,6865,Chemistry,Modern principles > Energy,Energy,3,4.4021215,5.7986503,28.789439691408276,42.96951503449507,2,0.34022556390977443,0.5161654135338346,44.41980552499424,18.306968732371544,3,0.6071428571428571,0.29022556390977444
1815,6865,Chemistry,Modern principles > Reaction,Reaction,3,4.098119,5.0468554,4.587123995274787,40.5235296023611,2,0.19398496240601504,0.48947368421052634,77.20969569547555,18.47703869502268,3,0.818796992481203,0.2932330827067669
1816,6865,Chemistry,Modern principles > Ions and salts,Ions and salts,3,3.9636936,5.0026717,76.04943186652821,40.98507945439014,2,0.6492481203007519,0.49774436090225566,73.94415675573822,37.82057737205946,3,0.806390977443609,0.5845864661654135
1817,6865,Chemistry,Modern principles > Acidity and basicity,Acidity and basicity,3,4.045485,4.964039,-36.19618111580114,99.9566199364275,2,0.07593984962406015,0.8481203007518797,71.57806976029983,42.27795579129556,3,0.7954887218045112,0.6338345864661654
1818,6865,Chemistry,Modern principles > Redox,Redox,3,4.1047325,5.020509,33.287262823827504,88.2729670577837,2,0.3676691729323308,0.8090225563909774,67.80108756352026,14.098428988446484,3,0.7744360902255639,0.2018796992481203
1819,6865,Chemistry,Modern principles > Equilibrium,Equilibrium,3,4.1043453,5.0695443,8.324874622102467,79.92141737107704,2,0.20864661654135339,0.7744360902255639,13.909437012193065,40.666314349263835,3,0.2469924812030075,0.6199248120300752
1820,6865,Chemistry,History,History,2,4.637651,4.630972,-75.75525980150653,65.47855782107419,2,0.029699248120300753,0.6890977443609022,18.53131391237699,13.020558494440156,3,0.3022556390977444,0.1830827067669173
1821,6865,Chemistry,History > Definition,Definition,3,4.706995,4.6230626,41.52235741308596,27.362241645315766,2,0.4259398496240602,0.35037593984962406,46.517974058536005,14.441350010756814,3,0.6274436090225564,0.21052631578947367
1822,6865,Chemistry,History > Background,Background,3,4.94401,4.507356,13.299413298874821,2.1644525631763316,2,0.23458646616541354,0.032330827067669175,9.01824781816495,15.584356598018752,3,0.19398496240601504,0.2357142857142857
1823,6865,Chemistry,Practice,Practice,2,4.2993727,4.974463,653.378174551592,473.42825354335633,2,0.999624060150376,1.0,187.2484910736523,160.6996285041413,3,0.9853383458646616,0.98796992481203
1824,6865,Chemistry,Practice > Subdisciplines,Subdisciplines,3,4.1098,4.897438,-83.60051407190916,33.27124152698751,2,0.02406015037593985,0.42218045112781954,40.88533637758976,43.718728677251605,3,0.5695488721804511,0.6466165413533834
1825,6865,Chemistry,Practice > Interdisciplinary,Interdisciplinary,3,4.267288,4.8863626,79.79006063865211,23.719137918900707,2,0.6669172932330827,0.3078947368421053,9.616684815363229,18.643561371962974,3,0.2018796992481203,0.2962406015037594
1826,6943,Computer,Introduction,Introduction,0,6.843097,6.514745,0.3473643342563939,58.47392636827307,2,0.17819548872180452,0.6466165413533834,34.51829880477804,43.98422484615713,3,0.5037593984962406,0.6507518796992481
1827,6943,Computer,Etymology,Etymology,2,6.8858976,6.574282,40.40193330849511,3.746377798229152,2,0.418796992481203,0.05488721804511278,21.586466842740794,3.482584751211476,3,0.34285714285714286,0.016917293233082706
1828,6943,Computer,History > Pre-20th century,Pre-20th century,3,7.1898284,7.214345,10.48227330138424,2.981744280882005,2,0.22142857142857142,0.0424812030075188,8.084301013068043,12.497815631366581,3,0.18533834586466166,0.1699248120300752
1829,6943,Computer,History > First computer,First computer,3,6.953974,6.734611,14.379142784652053,37.240914755420356,2,0.24360902255639097,0.45977443609022556,16.346883983568155,3.820042719677174,3,0.27593984962406015,0.02293233082706767
1830,6943,Computer,History > Electromechanical calculating machine,Electromechanical calculating machine,3,6.9992867,6.802113,131.93563028342876,53.258353084852416,2,0.8548872180451128,0.606015037593985,51.207938108176506,30.339074965851037,3,0.6657894736842105,0.4849624060150376
1831,6943,Computer,History > Analog computers,Analog computers,3,6.9430647,6.7124324,-6.999320468922682,25.277817060164278,2,0.15037593984962405,0.3244360902255639,8.293218445217832,10.097898609788436,3,0.18796992481203006,0.12293233082706767
1832,6943,Computer,History > Digital computers > Electromechanical,Electromechanical,4,6.9421945,6.722995,-32.27691911380709,7.816209139915676,2,0.08421052631578947,0.1,-9.245165917053841,1.9011030774979183,3,0.07255639097744361,0.005639097744360902
1833,6943,Computer,History > Digital computers > Vacuum tubes and digital electronic circuits,Vacuum tubes and digital electronic circuits,4,6.9410925,6.763032,13.400388704041305,30.820897955474422,2,0.23533834586466165,0.39360902255639096,-1.8996263783426446,20.50338133995751,3,0.10977443609022557,0.32969924812030077
1834,6943,Computer,History > Modern computers > Concept of modern computer,Concept of modern computer,4,6.9478736,6.66713,7.070014153453551,44.709772489653666,2,0.20075187969924813,0.531203007518797,4.396023486298147,24.329809639003557,3,0.15037593984962405,0.3879699248120301
1835,6943,Computer,History > Modern computers > Stored programs,Stored programs,4,6.9285917,6.716327,10.273345701801148,61.79644530880665,2,0.22030075187969925,0.6646616541353384,-13.346320155747017,53.85066379192876,3,0.056766917293233084,0.7345864661654136
1836,6943,Computer,History > Modern computers > Transistors,Transistors,4,6.842359,6.743347,15.523323718786349,55.640060763058315,2,0.24849624060150377,0.6251879699248121,15.483200526771467,15.423183041345476,3,0.26729323308270675,0.23007518796992482
1837,6943,Computer,History > Modern computers > Integrated circuits,Integrated circuits,4,6.8837366,6.703844,-4.131883264361957,1.5765885286621464,2,0.162406015037594,0.02631578947368421,8.291491515091844,32.38121649544096,3,0.187593984962406,0.5184210526315789
1838,6943,Computer,History > Mobile computers,Mobile computers,3,6.82782,6.5280623,4.583527415912911,186.9310549298681,2,0.19360902255639098,0.9766917293233083,101.4379159426616,128.42287073105396,3,0.893984962406015,0.9676691729323308
1839,6943,Computer,"Types > By size, form-factor and purpose","By size, form-factor and purpose",3,6.7901106,6.482983,66.37300767409097,2.516450171629888,2,0.5909774436090226,0.037218045112781956,20.839336726716994,26.824713635036694,3,0.33270676691729323,0.4270676691729323
1840,6943,Computer,Types > Unconventional computers,Unconventional computers,3,6.7713017,6.430437,173.82077663114455,45.43862131443365,2,0.9281954887218045,0.5372180451127819,54.87841575533881,75.89304463885452,3,0.6954887218045113,0.8511278195488722
1841,6943,Computer,Hardware,Hardware,2,6.7959976,6.4813156,245.3185053611159,155.69327551713437,2,0.9710526315789474,0.9541353383458646,163.64038249143292,25.68883514086375,3,0.975187969924812,0.4093984962406015
1842,6943,Computer,Hardware > Other hardware topics,Other hardware topics,3,6.851494,6.5567937,110.9910132086504,6.446286072926868,2,0.7969924812030075,0.08721804511278196,40.34536652862931,17.61789284874213,3,0.5635338345864662,0.27556390977443607
1843,6943,Computer,Hardware > Input devices,Input devices,3,6.7372365,6.400899,222.85134727933638,45.93169288463137,2,0.9624060150375939,0.5413533834586466,10.91676208717604,5.99701574936989,3,0.21541353383458647,0.05526315789473684
1844,6943,Computer,Hardware > Output devices,Output devices,3,6.729952,6.406105,172.8649799177954,97.74372606847979,2,0.9266917293233082,0.8424812030075188,-171.64655497358112,33.723989867474586,3,0.00037593984962406017,0.5394736842105263
1845,6943,Computer,Hardware > Control unit,Control unit,3,6.910578,6.60321,54.6562045109394,30.46427971400874,2,0.5142857142857142,0.3868421052631579,13.336470578095119,4.857776469081242,3,0.2387218045112782,0.03796992481203008
1846,6943,Computer,Hardware > Central processing unit (CPU),Central processing unit (CPU),3,6.8605924,6.5498796,94.06966546100118,15.015822566152137,2,0.7304511278195489,0.19172932330827067,110.96647765214821,40.57416901314487,3,0.9180451127819549,0.6180451127819548
1847,6943,Computer,Hardware > Arithmetic logic unit (ALU),Arithmetic logic unit (ALU),3,7.3164306,8.189189,-43.69863164028165,28.44475516697012,2,0.061654135338345864,0.3650375939849624,-12.62346229704996,11.485113137459013,3,0.05977443609022556,0.15
1848,6943,Computer,Hardware > Memory,Memory,3,6.8531957,6.5174575,18.136797787353803,4.663035736535773,2,0.26165413533834586,0.06654135338345865,14.112950972320847,5.632762145052789,3,0.25,0.05037593984962406
1849,6943,Computer,Hardware > Input/output (I/O),Input/output (I/O),3,6.7802863,6.452234,28.78242757879364,47.75959635235226,2,0.3394736842105263,0.556390977443609,41.103783038220385,29.720373396419614,3,0.5718045112781955,0.4766917293233083
1850,6943,Computer,Hardware > Multitasking,Multitasking,3,6.87871,6.553986,45.54763118922711,43.252297545691285,2,0.45526315789473687,0.518796992481203,30.4877827311369,4.208721525540788,3,0.4545112781954887,0.02857142857142857
1851,6943,Computer,Hardware > Multiprocessing,Multiprocessing,3,6.8210297,6.515596,16.103133015578244,123.2801897083539,2,0.2507518796992481,0.9090225563909774,31.500906769128743,16.537308497389198,3,0.46842105263157896,0.25413533834586466
1852,6943,Computer,Software,Software,2,6.817298,6.425853,-37.94967697885486,39.04502748982678,2,0.07293233082706767,0.4766917293233083,-19.00817671320575,7.3054332495060095,3,0.0424812030075188,0.07669172932330827
1853,6943,Computer,Software > Programs,Programs,3,6.9017706,6.536915,110.05932588029768,44.31424863576352,2,0.7928571428571428,0.5289473684210526,37.83712536997069,10.15881162627733,3,0.5379699248120301,0.12406015037593984
1854,6943,Computer,Software > Programs > Stored program architecture,Stored program architecture,4,6.903498,6.592165,68.88018958600391,52.80474516264325,2,0.6086466165413534,0.6018796992481203,36.4337836292681,29.828407991861145,3,0.5240601503759399,0.47969924812030074
1855,6943,Computer,Software > Programs > Machine code,Machine code,4,6.8753247,6.553955,73.55047442917916,41.60735346425678,2,0.6357142857142857,0.5026315789473684,11.357185607284473,14.225839600729438,3,0.21842105263157896,0.206390977443609
1856,6943,Computer,Software > Programs > Programming language,Programming language,4,6.916119,6.505022,150.5305243971103,48.73761882418822,2,0.8883458646616541,0.5646616541353383,99.9085921535364,8.872322081664903,3,0.8890977443609023,0.10112781954887218
1857,6943,Computer,Software > Programs > Programming language > Low-level languages,Low-level languages,5,6.8988204,6.5387754,119.48338959755851,69.12646705888685,2,0.824812030075188,0.7086466165413534,80.15332767856908,62.047464175595884,3,0.8330827067669173,0.794360902255639
1858,6943,Computer,Software > Programs > Programming language > High-level languages,High-level languages,5,6.930278,6.533753,70.34609568320552,80.87072265268341,2,0.6199248120300752,0.7785714285714286,82.93997051492488,15.609283285881313,3,0.8409774436090226,0.23609022556390977
1859,6943,Computer,Software > Programs > Program design,Program design,4,6.915774,6.412914,213.33714304314498,111.36405844530354,2,0.9578947368421052,0.8827067669172932,113.75022601254676,5.345756782457634,3,0.9233082706766917,0.0443609022556391
1860,6943,Computer,Software > Programs > Bugs,Bugs,4,6.883767,6.538518,-62.31428516684892,15.378722220521624,2,0.040225563909774435,0.19924812030075187,27.4759947930373,13.586535358060289,3,0.4195488721804511,0.19360902255639098
1861,6943,Computer,Networking and the Internet,Networking and the Internet,2,6.8524466,6.5174007,47.72669472915069,2.8243997008693915,2,0.4691729323308271,0.03984962406015038,49.11424256495633,11.448581464931275,3,0.6492481203007519,0.14774436090225565
1862,6943,Computer,Networking and the Internet > Artificial intelligence,Artificial intelligence,3,7.1178184,6.6067543,123.14100926321913,73.30543826698383,2,0.8342105263157895,0.7368421052631579,3.2181290508876885,37.04738901579391,3,0.1424812030075188,0.575563909774436
1863,6943,Computer,Professions and organizations,Professions and organizations,2,6.962834,6.0798264,217.78636622560927,136.86715046275495,2,0.9597744360902256,0.9270676691729324,101.84121264197393,18.100979675299804,3,0.8962406015037594,0.2860902255639098
1864,7043,Disease,Introduction,Introduction,0,7.6114545,4.6255083,-21.852193645259806,59.51525358895539,2,0.10789473684210527,0.6541353383458647,41.840449007976694,10.013264883759254,3,0.5804511278195489,0.12105263157894737
1865,7043,Disease,Terminology > Concepts,Concepts,3,7.6140556,4.6254783,85.81227341206127,20.853641115207527,2,0.6947368421052632,0.2669172932330827,36.20661141851783,42.560813369566986,3,0.5203007518796993,0.6372180451127819
1866,7043,Disease,Terminology > Types by body system,Types by body system,3,7.80381,4.622747,186.36316005113298,75.65126808344503,2,0.9390977443609022,0.7515037593984962,55.23433979636642,44.12984503758045,3,0.6996240601503759,0.6530075187969925
1867,7043,Disease,Terminology > Stages,Stages,3,7.580731,4.6103053,54.79299876805596,30.644201127375723,2,0.5154135338345864,0.39097744360902253,32.16417681980952,42.577643111131096,3,0.4763157894736842,0.637593984962406
1868,7043,Disease,Terminology > Extent,Extent,3,7.585596,4.6671724,112.47284425537347,98.75046044486474,2,0.8018796992481203,0.8451127819548873,26.48726656093879,22.663656696104866,3,0.4030075187969925,0.3631578947368421
1869,7043,Disease,Classification,Classification,2,7.5872416,4.634172,21.803133940865028,57.09584638949402,2,0.28533834586466167,0.6372180451127819,4.8162681766508335,8.407256198714377,3,0.15338345864661654,0.09511278195488722
1870,7043,Disease,Causes,Causes,2,7.623515,4.6201653,42.83268667604241,70.69740567868226,2,0.43533834586466164,0.7210526315789474,14.03675104940895,5.6506209040994015,3,0.24924812030075189,0.05112781954887218
1871,7043,Disease,Causes > Types of causes,Types of causes,3,7.5758753,4.6686907,97.15661334155669,1.1974792198949644,2,0.7439849624060151,0.018796992481203006,43.64126542656337,44.20923543769305,3,0.5984962406015037,0.6541353383458647
1872,7043,Disease,Prevention,Prevention,2,7.5451236,4.623782,159.8853485469961,31.147786401875422,2,0.9078947368421053,0.3954887218045113,122.52936286229836,16.284739217359096,3,0.937218045112782,0.24962406015037594
1873,7043,Disease,Treatments,Treatments,2,7.2895145,4.6820054,15.212251146416955,50.35958770186643,2,0.24661654135338346,0.5830827067669173,40.456970908109234,50.16239071194967,3,0.5639097744360902,0.7109022556390977
1874,7043,Disease,Epidemiology,Epidemiology,2,7.7951694,5.051712,-28.240936730071326,1.796555706204679,2,0.09210526315789473,0.029323308270676692,26.09493568792634,52.69617013339263,3,0.3973684210526316,0.7263157894736842
1875,7043,Disease,Epidemiology > Burdens of disease,Burdens of disease,3,7.5186596,4.5577865,21.87770084850123,22.695775858961508,2,0.2868421052631579,0.293984962406015,8.976840181981972,13.90092274201638,3,0.19285714285714287,0.1981203007518797
1876,7043,Disease,Society and culture,Society and culture,2,7.541546,4.6015787,67.11372212709028,75.0388475498005,2,0.5973684210526315,0.7477443609022556,23.536675627113553,104.03926184320127,3,0.37142857142857144,0.9349624060150376
1877,7043,Disease,Society and culture > Language of disease,Language of disease,3,7.594115,4.639767,46.19478797407965,18.709918241219178,2,0.46015037593984964,0.24060150375939848,17.02189438867822,19.505634576507827,3,0.28345864661654135,0.3131578947368421
1878,7078,Early modern period,Introduction,Introduction,0,8.384742,0.49193704,-13.319658152913242,31.328825803416272,2,0.12894736842105264,0.3973684210526316,17.67705052434289,4.165205538984533,3,0.2894736842105263,0.02819548872180451
1879,7078,Early modern period,History of the concept,History of the concept,2,8.381454,0.5777306,74.59863848740221,64.63839386624676,2,0.6413533834586466,0.6823308270676691,-5.401385987162023,23.55868134522041,3,0.0906015037593985,0.3755639097744361
1880,7078,Early modern period,Overview,Overview,2,8.150059,0.38653678,25.209368205832615,34.57132733269806,2,0.31353383458646616,0.4334586466165414,37.0340930536851,27.65862765112882,3,0.5293233082706766,0.4398496240601504
1881,7078,Early modern period,Asia and Africa > East Asia,East Asia,3,8.054808,0.5644621,158.4204829027174,27.09811487433905,2,0.9045112781954887,0.34398496240601506,108.77062265188698,40.4129135369408,3,0.912781954887218,0.6165413533834586
1882,7078,Early modern period,Asia and Africa > East Asia > Chinese dynasties,Chinese dynasties,4,8.047305,0.85027605,-12.317830385504847,62.2095954490832,2,0.13270676691729325,0.6661654135338346,72.17687270845218,15.027798875201958,3,0.7977443609022556,0.22330827067669173
1883,7078,Early modern period,Asia and Africa > East Asia > Japanese shogunates,Japanese shogunates,4,8.168113,0.6360506,23.693975389678705,57.97802362146765,2,0.3026315789473684,0.6432330827067669,66.25924510720411,49.496063225159496,3,0.7654135338345864,0.706015037593985
1884,7078,Early modern period,Asia and Africa > East Asia > Korean dynasty,Korean dynasty,4,8.079346,0.63421106,21.920950260632114,36.058293684206085,2,0.28721804511278193,0.45037593984962404,23.58469450348662,28.963285123891325,3,0.3725563909774436,0.462406015037594
1885,7078,Early modern period,Asia and Africa > South Asia > Indian empires,Indian empires,4,7.720072,0.48337427,170.18245013555477,66.82347173246725,2,0.9206766917293233,0.6958646616541353,109.48944966548548,40.64905743985172,3,0.9150375939849624,0.6195488721804512
1886,7078,Early modern period,Asia and Africa > South Asia > British and Dutch colonization,British and Dutch colonization,4,7.60796,0.4163681,39.627561720177226,89.25332616177846,2,0.4101503759398496,0.8131578947368421,86.1551089659802,46.03380394771648,3,0.8515037593984962,0.6725563909774436
1887,7078,Early modern period,Asia and Africa > Southeast Asia,Southeast Asia,3,7.6649876,0.59715843,-1.422431566554362,62.29655168128334,2,0.17105263157894737,0.6665413533834587,64.26702542660986,18.574542675869477,3,0.7526315789473684,0.2951127819548872
1888,7078,Early modern period,Asia and Africa > West Asia and North Africa > Ottoman Empire,Ottoman Empire,4,7.894851,0.46961823,248.92032232306153,27.59845272820249,2,0.9718045112781954,0.3537593984962406,125.53881059910596,2.06523861993962,3,0.9428571428571428,0.007142857142857143
1889,7078,Early modern period,Asia and Africa > West Asia and North Africa > North Africa,North Africa,4,7.715691,0.61161554,90.91628391551805,71.81467222394525,2,0.7199248120300752,0.7281954887218045,60.720189919538825,36.51227073119184,3,0.7334586466165414,0.5699248120300752
1890,7078,Early modern period,Asia and Africa > West Asia and North Africa > Safavid Iran,Safavid Iran,4,7.7613773,0.50348663,79.22099586496137,30.58697915701233,2,0.6646616541353384,0.3898496240601504,66.75362865155586,33.6815131844125,3,0.7676691729323308,0.5383458646616541
1891,7078,Early modern period,Asia and Africa > West Asia and North Africa > Uzbeks and Afghan Pashtuns,Uzbeks and Afghan Pashtuns,4,7.8073897,0.5101185,14.330913381600316,51.423790282466335,2,0.24210526315789474,0.5917293233082707,6.932133071065997,33.234092645618766,3,0.1763157894736842,0.531203007518797
1892,7078,Early modern period,Asia and Africa > Sub-Saharan Africa,Sub-Saharan Africa,3,7.3193088,0.9522498,192.68498449692947,210.01573518537168,2,0.9443609022556391,0.9853383458646616,226.98160987152843,60.89781773895236,3,0.9936090225563909,0.7860902255639097
1893,7078,Early modern period,Europe,Europe,2,8.333593,0.45401844,72.7636262619715,41.86361701679875,2,0.6327067669172932,0.5037593984962406,27.920067911539547,46.28047903921345,3,0.4255639097744361,0.6740601503759398
1894,7078,Early modern period,Europe > Gunpowder and firearms,Gunpowder and firearms,3,7.7871547,1.9359989,159.34385791708678,40.89411991771991,2,0.9067669172932331,0.49473684210526314,26.058852085557238,32.62951469071819,3,0.3969924812030075,0.5218045112781955
1895,7078,Early modern period,Europe > European kingdoms and movements,European kingdoms and movements,3,8.481957,0.45771295,183.59161732364205,112.30355875444762,2,0.9364661654135338,0.8845864661654136,130.21750554234902,60.51331481122534,3,0.9492481203007519,0.7842105263157895
1896,7078,Early modern period,Europe > European kingdoms and movements > Notable individuals,Notable individuals,4,8.931009,0.7515696,61.64108871709922,4.133731556091621,2,0.5593984962406015,0.06090225563909774,42.02454638070356,16.61997612133382,3,0.5827067669172933,0.256015037593985
1897,7078,Early modern period,Europe > Christians and Christendom,Christians and Christendom,3,8.4287815,0.4643295,145.89111144593363,18.751053176916617,2,0.8827067669172932,0.24172932330827068,121.11165947690178,44.100151778325,3,0.9353383458646617,0.6526315789473685
1898,7078,Early modern period,Europe > Christians and Christendom > End of the Crusades and Unity,End of the Crusades and Unity,4,8.474612,0.3911748,26.202029710346455,12.282120611704952,2,0.32218045112781957,0.1556390977443609,22.612849553020112,9.103854493574405,3,0.35676691729323307,0.10563909774436091
1899,7078,Early modern period,Europe > Christians and Christendom > Inquisitions and Reformations,Inquisitions and Reformations,4,8.530875,0.4135502,51.409569247035634,47.077667340954996,2,0.4928571428571429,0.5488721804511278,5.659113421571717,26.840023597041355,3,0.16165413533834586,0.42781954887218043
1900,7078,Early modern period,Europe > Christians and Christendom > Tsardom of Russia,Tsardom of Russia,4,8.403717,0.49515256,78.89932118695924,96.33482908626867,2,0.6635338345864662,0.83796992481203,74.83117212410859,12.927752478563141,3,0.8112781954887218,0.18045112781954886
1901,7078,Early modern period,Europe > Christians and Christendom > Mercantile capitalism > Trade and the new economy,Trade and the new economy,5,7.1064157,0.16297124,228.35071113164173,48.60700016610113,2,0.9646616541353383,0.5631578947368421,149.82140324709732,45.53549463034551,3,0.9657894736842105,0.6654135338345865
1902,7078,Early modern period,Europe > Christians and Christendom > Mercantile capitalism > Piracy's Golden Age,Piracy's Golden Age,5,8.132374,0.42190906,32.198793487579515,34.22386444150499,2,0.3612781954887218,0.43082706766917295,84.24791279996211,38.71089493041937,3,0.8462406015037593,0.5958646616541353
1903,7078,Early modern period,Europe > Christians and Christendom > European states and politics,European states and politics,4,8.545744,0.31166697,-34.6163797827937,39.74893419139767,2,0.07819548872180451,0.48233082706766917,64.77706181242506,2.175165372278557,3,0.7560150375939849,0.008270676691729323
1904,7078,Early modern period,Europe > Christians and Christendom > European states and politics > French power,French power,5,8.742656,0.48614296,66.36534371498884,11.233391140254973,2,0.5906015037593985,0.14285714285714285,49.23741664168955,25.326030479996195,3,0.6507518796992481,0.40225563909774437
1905,7078,Early modern period,Europe > Christians and Christendom > European states and politics > Early English revolutions,Early English revolutions,5,8.154523,-0.05611432,-0.9854141679699744,58.295507645504664,2,0.17293233082706766,0.6458646616541354,14.569359256988106,18.612128073739058,3,0.256015037593985,0.29586466165413533
1906,7078,Early modern period,Europe > Christians and Christendom > European states and politics > International balance of power,International balance of power,5,8.10126,0.033649344,70.02723834988767,3.4529819681978435,2,0.6172932330827068,0.05075187969924812,88.94865165613953,19.860714092219137,3,0.8586466165413534,0.318796992481203
1907,7078,Early modern period,Americas,Americas,2,7.522854,0.7852742,49.13993662699227,104.29484554868078,2,0.4800751879699248,0.8631578947368421,99.26257789225251,45.72025245875301,3,0.8879699248120301,0.6684210526315789
1908,7078,Early modern period,Americas > Colonial Latin America,Colonial Latin America,3,6.572815,0.48914096,100.3468539495155,15.420535092373536,2,0.7563909774436091,0.2,45.41394564813493,32.8500402993524,3,0.6176691729323308,0.5259398496240602
1909,7078,Early modern period,Americas > Colonial North America,Colonial North America,3,6.363199,0.4998121,55.81035701541725,39.60788041873433,2,0.5206766917293233,0.48082706766917294,31.14963925383256,28.58585502295569,3,0.462406015037594,0.456015037593985
1910,7078,Early modern period,Atlantic World,Atlantic World,2,8.106842,0.5997731,143.93014117630406,32.101457228770464,2,0.8789473684210526,0.4075187969924812,56.72007756602816,40.69632304137872,3,0.7116541353383459,0.6210526315789474
1911,7078,Early modern period,"Religion, science, philosophy, and education > Protestant Reformation",Protestant Reformation,3,8.294133,0.36932018,213.77464782057342,42.52971407259049,2,0.9582706766917293,0.5101503759398496,161.64879612881174,63.38290781421394,3,0.9736842105263158,0.8007518796992481
1912,7078,Early modern period,"Religion, science, philosophy, and education > Counter-Reformation and Jesuits",Counter-Reformation and Jesuits,3,8.603607,0.4211207,88.84359748714027,0.015620784659918051,2,0.7097744360902256,0.00037593984962406017,103.68194719170907,47.93998516676779,3,0.900375939849624,0.6902255639097744
1913,7078,Early modern period,"Religion, science, philosophy, and education > Scientific Revolution",Scientific Revolution,3,5.586683,4.6223545,80.39017286375741,39.08058076186652,2,0.6714285714285714,0.4770676691729323,23.590892044219995,56.295167395961585,3,0.37293233082706767,0.7530075187969925
1914,7078,Early modern period,"Religion, science, philosophy, and education > Technology",Technology,3,7.8788724,2.0094626,155.94088624162006,32.519740213883885,2,0.9,0.412781954887218,119.93879381756092,86.40251816408804,3,0.9342105263157895,0.8883458646616541
1915,7078,Early modern period,"Religion, science, philosophy, and education > Enlightenment and reason",Enlightenment and reason,3,6.0230517,4.329849,53.0119007469392,56.37284048652202,2,0.5026315789473684,0.630827067669173,16.241295589908848,18.0917436835472,3,0.27518796992481204,0.2857142857142857
1916,7078,Early modern period,"Religion, science, philosophy, and education > Humanism",Humanism,3,8.726961,0.487569,25.37901981379967,38.96279020691393,2,0.3150375939849624,0.4755639097744361,101.76044401811505,37.170793678390396,3,0.8954887218045112,0.5770676691729323
1917,7078,Early modern period,Death in the early modern period > Mortality rates,Mortality rates,3,5.852386,1.976576,79.3113547336507,39.96440718994936,2,0.6650375939849624,0.4853383458646617,82.71076068613341,26.83229753933542,3,0.8394736842105263,0.4274436090225564
1918,7078,Early modern period,Death in the early modern period > Mortality rates > European infant mortality rates,European infant mortality rates,4,5.764693,2.0121064,62.41052800353401,9.293956001484414,2,0.5639097744360902,0.11804511278195488,35.362000137183266,17.286724047684217,3,0.51203007518797,0.2699248120300752
1919,7078,Early modern period,Death in the early modern period > Mortality rates > Causes of infant mortality,Causes of infant mortality,4,5.7040124,2.0043008,45.49312354411303,11.411525137663189,2,0.45413533834586467,0.14473684210526316,5.092632225027238,7.8128857296952905,3,0.15639097744360902,0.08383458646616541
1920,7078,Early modern period,Death in the early modern period > Capital punishment,Capital punishment,3,8.489916,1.0368805,-17.858782136715025,71.27358297700941,2,0.11541353383458647,0.7244360902255639,30.973007250404308,22.515846948157563,3,0.45902255639097744,0.3609022556390977
1921,7089,Economics,Introduction,Introduction,0,7.0814257,-1.4885768,-4.981402121207434,34.28376156785945,2,0.15714285714285714,0.43157894736842106,8.236000795793855,118.52201005198147,3,0.18646616541353384,0.9582706766917293
1922,7089,Economics,Definitions of economics,Definitions of economics,2,7.05158,-1.6013756,67.5580629413246,15.650334713570034,2,0.6030075187969924,0.20225563909774436,25.70157539687888,20.15018772672933,3,0.39323308270676693,0.3233082706766917
1923,7089,Economics,History of economic thought > From antiquity through the physiocrats,From antiquity through the physiocrats,3,7.0274777,-1.4904889,-85.4117165931745,87.23594135399888,2,0.02293233082706767,0.8048872180451128,53.64951104712943,32.42064904156022,3,0.6864661654135338,0.5199248120300752
1924,7089,Economics,History of economic thought > Classical political economy,Classical political economy,3,7.005503,-1.5326316,84.1555423638506,12.269529148671106,2,0.6857142857142857,0.15526315789473685,45.20712849635181,29.79977939411227,3,0.6157894736842106,0.4793233082706767
1925,7089,Economics,History of economic thought > Marxian economics,Marxian economics,3,7.09764,-1.5138912,-6.852611418896734,38.98996642615652,2,0.1511278195488722,0.47593984962406016,19.01597855904787,13.403563080945458,3,0.3097744360902256,0.19022556390977444
1926,7089,Economics,History of economic thought > Neoclassical economics,Neoclassical economics,3,6.982157,-1.6975025,15.861381396008941,38.61254191132271,2,0.24962406015037594,0.4718045112781955,26.742644433891183,42.06872284581178,3,0.40827067669172934,0.6323308270676692
1927,7089,Economics,History of economic thought > Keynesian economics,Keynesian economics,3,6.878349,-1.799351,97.74786368507105,171.083198666636,2,0.7473684210526316,0.9669172932330827,52.79086810173035,128.4263108928436,3,0.6789473684210526,0.9680451127819549
1928,7089,Economics,History of economic thought > Post-WWII economics,Post-WWII economics,3,6.9378886,-1.6380297,310.1518977604103,0.12613769087643859,2,0.9864661654135338,0.0007518796992481203,219.30439571640838,136.63939347982526,3,0.9924812030075187,0.9744360902255639
1929,7089,Economics,History of economic thought > Post-WWII economics > Monetarism,Monetarism,4,6.828013,-1.8402463,98.78949492004243,69.66150051367153,2,0.749624060150376,0.7124060150375939,48.744111717136995,33.041770254073654,3,0.6451127819548872,0.5281954887218046
1930,7089,Economics,History of economic thought > Post-WWII economics > New classical economics,New classical economics,4,6.8827133,-1.793502,106.59804656936706,71.0133408112372,2,0.7804511278195488,0.7221804511278196,56.25053018040854,43.54625977876358,3,0.7078947368421052,0.6454887218045112
1931,7089,Economics,History of economic thought > Post-WWII economics > New Keynesians,New Keynesians,4,6.85938,-1.8215251,132.83754997813057,56.44560724699155,2,0.8578947368421053,0.6323308270676692,101.70481064149772,47.553128241702105,3,0.8947368421052632,0.6853383458646617
1932,7089,Economics,History of economic thought > Post-WWII economics > New neoclassical synthesis,New neoclassical synthesis,4,6.8205414,-1.8314848,111.62824644815473,117.46462853740714,2,0.7984962406015037,0.8962406015037594,18.92980578669328,37.497941871761526,3,0.3075187969924812,0.5796992481203007
1933,7089,Economics,History of economic thought > Post-WWII economics > After the 2008 financial crisis,After the 2008 financial crisis,4,6.8724427,-1.7726434,199.79389928814155,228.56925722553342,2,0.9507518796992481,0.9902255639097745,36.906276566340274,90.06740704492968,3,0.5281954887218046,0.8981203007518797
1934,7089,Economics,History of economic thought > Other schools and approaches,Other schools and approaches,3,6.9128857,-1.7687563,98.45390382056155,120.27768133015272,2,0.7481203007518797,0.9045112781954887,46.28483443111667,105.82704798860134,3,0.6259398496240601,0.9398496240601504
1935,7089,Economics,Methodology > Theoretical research,Theoretical research,3,6.8846493,-1.7534506,112.04670468846518,113.65309419409513,2,0.8015037593984963,0.8890977443609023,67.24863535383261,10.125627131013253,3,0.7703007518796993,0.12330827067669173
1936,7089,Economics,Methodology > Empirical research,Empirical research,3,6.8469305,-1.7773438,142.85387174188264,13.486383747096609,2,0.8770676691729323,0.16954887218045112,23.492584947918033,26.37791197472321,3,0.37030075187969924,0.4206766917293233
1937,7089,Economics,Microeconomics,Microeconomics,2,6.9376826,-1.6610956,-57.67603202592999,1.0983927661035136,2,0.04548872180451128,0.017669172932330827,45.17907190030684,13.98307811178651,3,0.6150375939849624,0.19924812030075187
1938,7089,Economics,"Microeconomics > Production, cost, and efficiency","Production, cost, and efficiency",3,6.88662,-1.479268,-24.201923408535542,12.175277674897936,2,0.1,0.15413533834586465,71.55687874245498,15.637400198344396,3,0.7947368421052632,0.23721804511278197
1939,7089,Economics,Microeconomics > Specialisation,Specialisation,3,6.8946004,-1.2634513,-51.543916228538585,103.70260593642459,2,0.05225563909774436,0.8612781954887218,22.67165639968924,37.84598274167033,3,0.35902255639097747,0.5857142857142857
1940,7089,Economics,Microeconomics > Supply and demand,Supply and demand,3,6.8535833,-1.6864057,28.957691787146906,5.14337490940791,2,0.34172932330827066,0.07330827067669173,38.227501007862266,22.62702224541133,3,0.5421052631578948,0.362406015037594
1941,7089,Economics,Microeconomics > Firms,Firms,3,7.0193267,-1.5511478,63.33000303792187,109.57766360733638,2,0.5725563909774436,0.8785714285714286,10.91498556434334,98.4691325377882,3,0.21503759398496242,0.9233082706766917
1942,7089,Economics,Microeconomics > Uncertainty and game theory,Uncertainty and game theory,3,6.9009876,-1.7610031,-6.140286747411267,195.75886577520282,2,0.15338345864661654,0.9800751879699248,9.36124432690747,73.74418180254098,3,0.19924812030075187,0.8421052631578947
1943,7089,Economics,Microeconomics > Market failure,Market failure,3,6.878667,-1.7187352,70.70815044036725,6.366123018836758,2,0.6225563909774436,0.08609022556390977,117.1835404856359,5.177419131525816,3,0.9304511278195489,0.0424812030075188
1944,7089,Economics,Microeconomics > Welfare,Welfare,3,7.0339494,-1.6730677,90.03394925859025,1.025719553067484,2,0.7157894736842105,0.016541353383458645,104.20284697712374,39.09307139409518,3,0.9018796992481203,0.6018796992481203
1945,7089,Economics,Macroeconomics,Macroeconomics,2,6.915162,-1.726927,109.81724359484963,9.915979321059275,2,0.7924812030075188,0.12631578947368421,163.08776532820667,65.33712174370343,3,0.9744360902255639,0.8101503759398496
1946,7089,Economics,Macroeconomics > Growth,Growth,3,6.9905963,-1.6190449,79.42187426782499,202.1541039905307,2,0.6657894736842105,0.9823308270676692,71.37120667863049,96.18645900443242,3,0.793984962406015,0.9161654135338346
1947,7089,Economics,Macroeconomics > Business cycle,Business cycle,3,6.8955398,-1.7835201,-1.0076424212583213,70.05503207233612,2,0.1725563909774436,0.7165413533834587,32.35780021403307,38.536441003363805,3,0.4800751879699248,0.5939849624060151
1948,7089,Economics,Macroeconomics > Unemployment,Unemployment,3,6.893372,-1.7439406,78.58130147190467,27.304409820015792,2,0.6609022556390978,0.34849624060150375,57.58644191502727,2.4508437929004225,3,0.7176691729323308,0.009774436090225564
1949,7089,Economics,Macroeconomics > Money and monetary policy,Money and monetary policy,3,7.080889,-1.0236647,39.607813977015056,95.4677770669477,2,0.40977443609022557,0.8349624060150376,40.710491585047855,29.852207291617066,3,0.5680451127819549,0.48082706766917294
1950,7089,Economics,Macroeconomics > Fiscal policy,Fiscal policy,3,6.8722315,-1.796196,-13.39048372604313,143.00295868496445,2,0.12857142857142856,0.937593984962406,45.603870058269486,28.23608939533986,3,0.618796992481203,0.4492481203007519
1951,7089,Economics,Macroeconomics > Inequality,Inequality,3,7.232716,-1.4448148,36.984144432808776,22.594030377918966,2,0.39323308270676693,0.2932330827067669,21.731585605311253,14.984840401267432,3,0.3454887218045113,0.22218045112781956
1952,7089,Economics,Other branches of economics > Public economics,Public economics,3,7.090703,-1.6715107,81.92910282834004,60.37168995236112,2,0.6789473684210526,0.6593984962406015,31.75214089797619,118.25621254477979,3,0.4706766917293233,0.9575187969924812
1953,7089,Economics,Other branches of economics > International economics,International economics,3,6.921269,-0.97740597,193.4306591033849,15.265671736466501,2,0.9451127819548872,0.19661654135338347,66.13228009480441,68.6721242334286,3,0.7646616541353384,0.8229323308270676
1954,7089,Economics,Other branches of economics > Labour economics,Labour economics,3,7.00889,-1.5789815,132.72566060904762,21.443971376771177,2,0.8567669172932331,0.28157894736842104,90.8004829243521,28.68811429646532,3,0.8669172932330828,0.45789473684210524
1955,7089,Economics,Other branches of economics > Development economics,Development economics,3,7.036331,-1.6549963,307.7963688756008,83.9866574843524,2,0.9860902255639098,0.7913533834586466,206.71872787536833,50.4021690418186,3,0.9902255639097745,0.7135338345864661
1956,7089,Economics,Related subjects,Related subjects,2,7.0345387,-1.7103416,30.157327491871648,20.6808983833391,2,0.34887218045112783,0.2650375939849624,31.42666397545682,73.29993394903349,3,0.46766917293233085,0.8387218045112782
1957,7089,Economics,Profession,Profession,2,6.943684,-1.7527026,49.30495784377309,63.38044272156886,2,0.48157894736842105,0.6733082706766917,39.98407879659562,16.45264836239046,3,0.5601503759398496,0.25338345864661654
1958,7089,Economics,Profession > Women in economics,Women in economics,3,7.0179543,-1.8874007,47.68747472874751,14.26610065955082,2,0.46842105263157896,0.18270676691729323,-2.1724588439789687,9.097561257875816,3,0.10827067669172932,0.10451127819548872
1959,7670,Law,Introduction,Introduction,0,8.979675,-1.7402084,34.13790929334196,5.395570962180268,2,0.3744360902255639,0.07631578947368421,-15.454116320909186,43.930960701995616,3,0.05037593984962406,0.65
1960,7670,Law,Philosophy of law > Analytical jurisprudence,Analytical jurisprudence,3,8.986898,-1.6504716,25.382244784396626,20.0121163503402,2,0.3154135338345865,0.2582706766917293,9.461630210914853,59.77221150888362,3,0.2,0.7785714285714286
1961,7670,Law,Philosophy of law > Connection to morality and justice,Connection to morality and justice,3,8.975789,-1.5676531,-9.060553564509611,6.49796725057344,2,0.14360902255639096,0.08834586466165413,21.92064463445333,7.457027173875605,3,0.3473684210526316,0.07819548872180451
1962,7670,Law,History,History,2,8.993127,-1.6530492,-5.043070762744796,16.544705587740264,2,0.15676691729323308,0.212406015037594,17.93007021858371,13.140431762942338,3,0.2932330827067669,0.18533834586466166
1963,7670,Law,Legal systems,Legal systems,2,9.053125,-1.7545142,108.06084876129177,68.01707628853318,2,0.7860902255639097,0.7030075187969925,184.31071451304743,50.16894697949216,3,0.9842105263157894,0.7112781954887218
1964,7670,Law,Legal systems > Civil law,Civil law,3,9.0461035,-1.7560027,-8.530766062494983,26.61965276951331,2,0.14548872180451128,0.337593984962406,14.75906183682099,70.79031006904626,3,0.25902255639097743,0.8319548872180451
1965,7670,Law,Legal systems > Common law and equity,Common law and equity,3,9.0224695,-1.6891996,-10.589932485163523,82.26964316817008,2,0.13834586466165413,0.7849624060150376,37.342876544025266,28.44306628146325,3,0.5323308270676692,0.45300751879699247
1966,7670,Law,Legal systems > Religious law,Religious law,3,9.016611,-1.7908139,56.922323005386616,18.98811445315893,2,0.5259398496240602,0.24436090225563908,14.803622723451989,22.740983367596943,3,0.26052631578947366,0.36390977443609024
1967,7670,Law,Legal systems > Religious law > Canon law,Canon law,4,8.966821,-1.8199272,34.39238169693294,14.162299316888776,2,0.3755639097744361,0.18082706766917292,15.893144509630446,27.202139734020058,3,0.2714285714285714,0.4334586466165414
1968,7670,Law,Legal systems > Religious law > Sharia law,Sharia law,4,9.041587,-1.7576315,-165.33579067485934,74.58947350278744,2,0.0037593984962406013,0.7451127819548872,-21.321360950303177,30.917708562246958,3,0.03796992481203008,0.49548872180451126
1969,7670,Law,Legal systems > Socialist law,Socialist law,3,8.977892,-1.7707843,75.51284602151131,17.16654440738005,2,0.6462406015037594,0.21917293233082707,45.15589376969988,37.23308311313618,3,0.6146616541353384,0.5778195488721805
1970,7670,Law,Legal methods,Legal methods,2,9.047432,-1.6904283,69.21788142051187,54.92929623707596,2,0.6101503759398497,0.6199248120300752,17.87280958440209,80.16536314923974,3,0.29285714285714287,0.8639097744360902
1971,7670,Law,Legal institutions,Legal institutions,2,8.790396,-1.6762977,63.071102909470724,17.76030695958563,2,0.5691729323308271,0.2274436090225564,143.9654109223093,39.73332927179678,3,0.9616541353383459,0.6082706766917293
1972,7670,Law,Legal institutions > Legislature,Legislature,3,8.447588,-1.9297986,171.56165513955165,8.751140558501715,2,0.9229323308270677,0.11052631578947368,137.56558946058203,99.30485416759747,3,0.955639097744361,0.9255639097744361
1973,7670,Law,Legal institutions > Executive,Executive,3,8.479717,-1.9676882,93.07427667289484,68.00869993491884,2,0.7278195488721805,0.7026315789473684,79.89444005897963,164.1980370629948,3,0.8315789473684211,0.9890977443609023
1974,7670,Law,Legal institutions > Law enforcement,Law enforcement,3,8.535187,-1.3911284,160.90260386113965,114.4628266368785,2,0.9093984962406015,0.8898496240601503,73.84610777738058,37.458476614218085,3,0.8048872180451128,0.5793233082706767
1975,7670,Law,Legal institutions > Bureaucracy,Bureaucracy,3,8.593319,-1.2942313,47.82661983191542,158.06443501910658,2,0.4699248120300752,0.9552631578947368,161.4154480328636,141.5330763477581,3,0.9733082706766917,0.9789473684210527
1976,7670,Law,Legal institutions > Legal profession,Legal profession,3,8.949923,-1.7147146,-77.61761391385697,83.58702403243512,2,0.02819548872180451,0.7898496240601504,95.62775158198478,80.7610678933446,3,0.8781954887218045,0.8661654135338346
1977,7670,Law,Legal institutions > Civil society,Civil society,3,8.834056,-1.5431285,43.97006505892691,99.09636219086937,2,0.44360902255639095,0.8466165413533835,117.04037223885119,53.64564340213821,3,0.9300751879699248,0.7338345864661654
1978,7670,Law,Areas of law,Areas of law,2,9.101821,-1.7991883,144.13787157632333,24.73807377919997,2,0.8793233082706767,0.31842105263157894,49.34086925903804,9.88133556347702,3,0.6518796992481203,0.11992481203007518
1979,7670,Law,Areas of law > Constitutional and administrative law,Constitutional and administrative law,3,8.736474,-1.8837744,101.30335416574364,176.39552348933705,2,0.7609022556390977,0.9695488721804512,16.431286313181047,157.2162870946707,3,0.2781954887218045,0.9860902255639098
1980,7670,Law,Areas of law > Criminal law,Criminal law,3,9.059355,-1.8196629,5.503884450283277,85.45937742454096,2,0.19699248120300752,0.7966165413533834,66.24168203052407,33.38574419628468,3,0.7650375939849624,0.5330827067669173
1981,7670,Law,Areas of law > Contract law,Contract law,3,9.080004,-1.8192067,9.264398731952557,31.441273288513855,2,0.21466165413533836,0.4,39.489488658311195,45.67767968119276,3,0.556015037593985,0.6672932330827067
1982,7670,Law,Areas of law > Torts and delicts,Torts and delicts,3,9.131277,-1.8330493,18.14963540424594,70.055404984978,2,0.262406015037594,0.7169172932330827,44.48414824826195,137.0311849099928,3,0.6075187969924812,0.974812030075188
1983,7670,Law,Areas of law > Property law,Property law,3,9.149133,-1.8063457,161.12394953674024,39.95970460106257,2,0.9097744360902256,0.4849624060150376,81.19010728106502,54.8213181436876,3,0.8360902255639098,0.7439849624060151
1984,7670,Law,Areas of law > Trusts,Trusts,3,9.188061,-1.8017534,172.46142472856772,95.7099824311768,2,0.9259398496240602,0.8360902255639098,70.27944717377177,39.40622796811363,3,0.7917293233082707,0.6056390977443609
1985,7670,Law,Intersection with other fields > Economics,Economics,3,6.949588,-1.7081615,-55.780296307560334,38.39854254491758,2,0.0481203007518797,0.4691729323308271,60.884947277554765,16.281571901199722,3,0.7357142857142858,0.24924812030075189
1986,7670,Law,Intersection with other fields > Sociology,Sociology,3,9.00538,-1.3287344,-37.530165617173736,71.16577743270092,2,0.07406015037593985,0.7233082706766917,94.19572178682802,56.5487107652344,3,0.8744360902255639,0.7545112781954887
1987,7790,Mathematics,Introduction,Introduction,0,7.9132957,7.7698,-39.59950655775778,47.47770394872442,2,0.06992481203007518,0.5537593984962406,10.265501228152795,17.047625714512918,3,0.20977443609022556,0.2635338345864662
1988,7790,Mathematics,Areas of mathematics,Areas of mathematics,2,7.9461155,7.9311514,-8.623984254244448,64.5855130274983,2,0.14473684210526316,0.6815789473684211,61.32487836085002,14.563370194001001,3,0.737218045112782,0.21278195488721804
1989,7790,Mathematics,Areas of mathematics > Number theory,Number theory,3,7.6895895,7.870716,48.44480642817297,5.040358773878626,2,0.4755639097744361,0.07180451127819548,27.602742899599225,9.566906112844693,3,0.4218045112781955,0.11278195488721804
1990,7790,Mathematics,Areas of mathematics > Geometry,Geometry,3,8.183527,8.075229,67.43720011079381,45.36259603759423,2,0.6,0.5360902255639097,32.39993309794353,13.709304428902424,3,0.48045112781954885,0.19473684210526315
1991,7790,Mathematics,Areas of mathematics > Algebra,Algebra,3,7.7740145,8.153953,32.0088292320249,0.34789576632460234,2,0.3597744360902256,0.006015037593984963,19.547870174289198,20.99260120199536,3,0.3180451127819549,0.337218045112782
1992,7790,Mathematics,Areas of mathematics > Calculus and analysis,Calculus and analysis,3,7.9080706,7.8193736,94.9484601549519,58.68390184970407,2,0.7345864661654136,0.6469924812030076,117.30428964224195,12.348804998824091,3,0.931203007518797,0.1680451127819549
1993,7790,Mathematics,Areas of mathematics > Discrete mathematics,Discrete mathematics,3,8.101218,7.8996067,130.8944649035174,35.22915376461803,2,0.8526315789473684,0.4402255639097744,74.40660168699758,30.879354046885418,3,0.8093984962406015,0.4951127819548872
1994,7790,Mathematics,Areas of mathematics > Mathematical logic and set theory,Mathematical logic and set theory,3,7.9251904,7.721819,54.339943264861276,27.210265865973458,2,0.5109022556390977,0.34661654135338343,34.20553775525748,7.641064064644075,3,0.5011278195488722,0.08233082706766917
1995,7790,Mathematics,Areas of mathematics > Statistics and other decision sciences,Statistics and other decision sciences,3,8.177246,5.9772706,-31.921388979346055,21.21148739496309,2,0.0849624060150376,0.27631578947368424,-5.852113712302483,10.955498197763294,3,0.08909774436090226,0.1406015037593985
1996,7790,Mathematics,Areas of mathematics > Computational mathematics,Computational mathematics,3,8.047326,7.6015053,25.374307235217007,27.318747255432875,2,0.31466165413533836,0.34887218045112783,66.35214360509237,12.885653508173789,3,0.7661654135338346,0.1793233082706767
1997,7790,Mathematics,History > Etymology,Etymology,3,6.8833804,4.1350546,-16.751308878244963,48.1522148819161,2,0.12105263157894737,0.5593984962406015,24.21814943711595,33.40749818429702,3,0.37669172932330824,0.5342105263157895
1998,7790,Mathematics,History > Ancient,Ancient,3,7.453569,7.6192656,28.73159692750088,4.411313443864544,2,0.33909774436090223,0.06390977443609022,1.3199666464349111,27.28335965732128,3,0.1281954887218045,0.4349624060150376
1999,7790,Mathematics,History > Medieval and later,Medieval and later,3,7.84112,7.7936954,-0.5261490712692485,36.99434083932308,2,0.17518796992481203,0.4548872180451128,37.76882736552543,8.778497113405608,3,0.5364661654135339,0.09924812030075188
2000,7790,Mathematics,Symbolic notation and terminology,Symbolic notation and terminology,2,7.5455837,8.020133,1.322243680203412,27.36892330289746,2,0.18082706766917292,0.35075187969924815,74.4922704229645,23.240924972686983,3,0.8097744360902256,0.37218045112781956
2001,7790,Mathematics,Relationship with sciences,Relationship with sciences,2,7.8276815,7.2330823,53.32605002228317,51.28015849488302,2,0.5052631578947369,0.5902255639097744,73.75377831730096,11.467082439667468,3,0.8041353383458647,0.14924812030075188
2002,7790,Mathematics,Relationship with sciences > Pure and applied mathematics,Pure and applied mathematics,3,7.8934274,7.83877,90.91284255737943,39.346385855271905,2,0.7195488721804512,0.47969924812030074,50.95017192424322,9.721808656518949,3,0.6639097744360902,0.11578947368421053
2003,7790,Mathematics,Relationship with sciences > Unreasonable effectiveness,Unreasonable effectiveness,3,7.980975,7.7602363,-69.16084332584066,103.8614053693733,2,0.03571428571428571,0.8620300751879699,-0.11024411794560862,11.837416693063355,3,0.11954887218045113,0.15789473684210525
2004,7790,Mathematics,Relationship with sciences > Specific sciences > Physics,Physics,4,5.2929497,5.905344,325.89315550442694,144.5834284567193,2,0.9883458646616541,0.9402255639097744,173.67799760376897,97.98219071570011,3,0.981203007518797,0.9225563909774436
2005,7790,Mathematics,Relationship with sciences > Specific sciences > Computing,Computing,4,8.099733,7.8490624,437.8659112113759,5.096829141719466,2,0.9981203007518797,0.07293233082706767,52.97921967958293,9.10087905219722,3,0.6808270676691729,0.10488721804511278
2006,7790,Mathematics,Relationship with sciences > Specific sciences > Biology and chemistry,Biology and chemistry,4,2.0387905,1.8287386,34.72973812696437,175.71788631556754,2,0.37781954887218044,0.969172932330827,134.5526284139702,54.52145521321118,3,0.9537593984962406,0.7413533834586467
2007,7790,Mathematics,Relationship with sciences > Specific sciences > Earth sciences,Earth sciences,4,3.4452202,3.1383677,159.12632836007924,102.86795262681508,2,0.9060150375939849,0.8575187969924812,168.13826602485662,91.35840885035367,3,0.9785714285714285,0.9018796992481203
2008,7790,Mathematics,Relationship with sciences > Specific sciences > Social sciences,Social sciences,4,6.9083056,-1.753934,-59.22543554700293,151.6666830226273,2,0.04360902255639098,0.9469924812030075,13.683579760632798,21.893894166272837,3,0.2432330827067669,0.3526315789473684
2009,7790,Mathematics,Philosophy > Reality,Reality,3,7.9215713,7.6388383,70.04128630500281,3.5426339056162237,2,0.618421052631579,0.0518796992481203,-4.60896416626271,121.24078394143288,3,0.09511278195488722,0.9620300751879699
2010,7790,Mathematics,Philosophy > Proposed definitions,Proposed definitions,3,7.9160237,7.6393676,119.52012800859448,180.7223443160015,2,0.825563909774436,0.9721804511278196,6.455828323686414,134.7259590922214,3,0.16917293233082706,0.9736842105263158
2011,7790,Mathematics,Philosophy > Rigor,Rigor,3,8.044889,7.795158,62.63103035380024,63.37193885198947,2,0.5661654135338345,0.6729323308270677,103.80086265522421,30.934846044668458,3,0.9011278195488722,0.49586466165413534
2012,7790,Mathematics,Training and practice > Education,Education,3,7.6143517,7.643919,-83.22313466076842,153.05549863642906,2,0.02481203007518797,0.9492481203007519,77.50107654628907,55.955890610210666,3,0.8206766917293233,0.7507518796992482
2013,7790,Mathematics,"Training and practice > Psychology (aesthetic, creativity and intuition)","Psychology (aesthetic, creativity and intuition)",3,8.050957,7.7888722,48.463244504328955,42.033200683980745,2,0.47593984962406016,0.5056390977443609,42.57393218636113,12.12727321463465,3,0.5890977443609022,0.16428571428571428
2014,7790,Mathematics,Cultural impact > Artistic expression,Artistic expression,3,8.15169,8.140262,165.79196629913324,58.06897035905661,2,0.9146616541353384,0.6447368421052632,62.21179430123757,22.413217209053034,3,0.7409774436090225,0.35789473684210527
2015,7790,Mathematics,Cultural impact > Popularization,Popularization,3,7.939634,7.769874,146.76005967231026,190.17787679117532,2,0.8834586466165414,0.9770676691729323,124.81733773113642,102.84780927118307,3,0.9417293233082706,0.9315789473684211
2016,7790,Mathematics,Cultural impact > Awards and prize problems,Awards and prize problems,3,8.038489,7.8030715,63.278773429473674,19.524119378189766,2,0.5718045112781955,0.25150375939849623,35.14740538767681,12.407727087446457,3,0.5101503759398496,0.16917293233082706
2017,7792,Matter,Introduction,Introduction,0,4.2025275,5.5203395,46.14833077742051,14.129074909962968,2,0.45977443609022556,0.17969924812030075,74.13521210690628,30.955439392236954,3,0.8078947368421052,0.49624060150375937
2018,7792,Matter,Related concepts > Comparison with mass,Comparison with mass,3,4.1300225,5.539721,40.79127056649509,79.81450903056574,2,0.4218045112781955,0.7736842105263158,73.96017514289831,97.68891875216774,3,0.8067669172932331,0.9214285714285714
2019,7792,Matter,Definition > Based on atoms,Based on atoms,3,4.096891,5.4972286,129.73012594040645,51.39885295707284,2,0.8522556390977444,0.5913533834586466,61.95915424622225,17.761407122568656,3,0.7406015037593985,0.2785714285714286
2020,7792,Matter,"Definition > Based on protons, neutrons and electrons","Based on protons, neutrons and electrons",3,4.058486,5.5590672,-76.98916869037063,185.7803745593413,2,0.02894736842105263,0.9755639097744361,74.64968630757481,66.69844174091699,3,0.8101503759398496,0.8165413533834587
2021,7792,Matter,Definition > Based on quarks and leptons,Based on quarks and leptons,3,4.0571337,5.620216,18.328027776323957,9.535385402992688,2,0.2635338345864662,0.12067669172932331,35.46274982582762,27.252418862295027,3,0.512781954887218,0.4345864661654135
2022,7792,Matter,"Definition > Based on elementary fermions (mass, volume, and space)","Based on elementary fermions (mass, volume, and space)",3,4.050638,5.647174,209.89561575916468,126.36439392685433,2,0.9552631578947368,0.912781954887218,59.39783567558621,14.223396483123736,3,0.724812030075188,0.20601503759398496
2023,7792,Matter,Definition > In general relativity and cosmology,In general relativity and cosmology,3,4.2802167,5.73682,77.3477394914441,86.64133696686756,2,0.656390977443609,0.8026315789473685,36.06617804959442,43.77959539847358,3,0.5195488721804511,0.6473684210526316
2024,7792,Matter,Structure,Structure,2,4.076063,5.7002378,249.79376627346645,30.035419722369294,2,0.9721804511278196,0.38345864661654133,79.55219175679666,9.771732351993496,3,0.8300751879699249,0.11654135338345864
2025,7792,Matter,Structure > Quarks,Quarks,3,4.0622053,5.687479,104.29213268302817,42.54106269637813,2,0.7710526315789473,0.5105263157894737,84.02477897328342,36.101438273463195,3,0.8447368421052631,0.5657894736842105
2026,7792,Matter,Structure > Quarks > Baryonic,Baryonic,4,3.8009286,5.7074356,-4.940898272073955,60.234831196459936,2,0.1575187969924812,0.6590225563909774,53.2414450956235,36.723572104340484,3,0.6834586466165413,0.5725563909774436
2027,7792,Matter,Structure > Quarks > Hadronic,Hadronic,4,3.880216,5.675493,138.36275849942916,26.68848982288876,2,0.8695488721804512,0.3387218045112782,115.60294068721771,45.3889967334796,3,0.9263157894736842,0.6642857142857143
2028,7792,Matter,Structure > Quarks > Degenerate,Degenerate,4,3.9909718,5.6017485,97.52267324840824,28.25670888988067,2,0.7462406015037594,0.362406015037594,94.63598199139737,33.713810531143004,3,0.8755639097744361,0.5387218045112782
2029,7792,Matter,Structure > Quarks > Strange,Strange,4,3.9353025,5.636448,117.71280514674166,55.84348867362379,2,0.8199248120300752,0.6278195488721805,67.7847046480701,58.59727301220766,3,0.7740601503759399,0.7703007518796993
2030,7792,Matter,Structure > Quarks > Strange > Two meanings,Two meanings,5,3.9524593,5.649043,-17.595937853338306,117.61990380089642,2,0.11766917293233083,0.8966165413533834,24.716108914114233,53.51129978745866,3,0.38345864661654133,0.7319548872180451
2031,7792,Matter,Structure > Leptons,Leptons,3,4.048894,5.7226467,23.661166985713223,59.2929834243627,2,0.3022556390977444,0.6522556390977443,51.838969675550594,5.567722004318381,3,0.6725563909774436,0.04962406015037594
2032,7792,Matter,Phases,Phases,2,4.01796,5.2652617,218.45497924019054,108.33110570550433,2,0.9605263157894737,0.8733082706766917,145.75088255062374,95.86741947635227,3,0.9624060150375939,0.9154135338345865
2033,7792,Matter,Antimatter,Antimatter,2,3.8973897,5.750697,57.57493460612074,32.88048947680825,2,0.531203007518797,0.41729323308270677,2.863338604907207,6.237963912872381,3,0.14022556390977445,0.05827067669172932
2034,7792,Matter,Conservation,Conservation,2,3.9221027,5.6702147,59.2801643711139,23.386629595901468,2,0.5428571428571428,0.3037593984962406,22.895167684010744,24.801602155862955,3,0.36278195488721804,0.39285714285714285
2035,7792,Matter,Dark,Dark,2,3.7270372,5.75969,137.05565666337947,11.680237477281365,2,0.8661654135338346,0.14774436090225565,56.714225166745905,25.192546062334376,3,0.7112781954887218,0.40037593984962405
2036,7792,Matter,Dark > Energy,Energy,3,3.6248891,5.858258,76.21487976685714,48.64084048422796,2,0.6507518796992481,0.5635338345864662,27.406019404976707,19.806118664372207,3,0.4180451127819549,0.3172932330827068
2037,7792,Matter,Exotic,Exotic,2,3.7999175,5.7405148,101.88222911255329,20.09987777471143,2,0.7631578947368421,0.25902255639097743,51.57032193468958,60.83259710961381,3,0.6680451127819549,0.7857142857142857
2038,7792,Matter,Historical and philosophical study,Historical and philosophical study,2,4.146401,5.539997,230.76617657493875,39.66508111483854,2,0.9654135338345865,0.48157894736842105,101.13475652209259,61.437038809200864,3,0.8924812030075188,0.7898496240601504
2039,7792,Matter,Historical and philosophical study > Classical antiquity,Classical antiquity,3,4.980569,4.483286,1.673650018893568,51.694640963236175,2,0.18157894736842106,0.5928571428571429,77.3337340081557,60.492037453000925,3,0.8195488721804511,0.7834586466165413
2040,7792,Matter,Historical and philosophical study > Age of Enlightenment,Age of Enlightenment,3,4.9529862,4.5593944,54.61419331731004,1.5072931422766178,2,0.5139097744360902,0.02518796992481203,57.92375743460874,69.20105199284608,3,0.719172932330827,0.825187969924812
2041,7792,Matter,Historical and philosophical study > 19th and 20th centuries,19th and 20th centuries,3,4.3767705,5.429512,77.14514062295822,13.617437872222402,2,0.6548872180451127,0.1718045112781955,44.73647018139337,41.806880529840384,3,0.6105263157894737,0.630827067669173
2042,7808,Medicine,Introduction,Introduction,0,7.235179,4.6413307,-3.9806219793791833,55.716542185493786,2,0.16353383458646617,0.6259398496240601,32.84945010810354,30.101956434545368,3,0.4853383458646617,0.48233082706766917
2043,7808,Medicine,Etymology,Etymology,2,7.147536,4.6840596,170.2469653087913,69.68654415841856,2,0.9214285714285714,0.7127819548872181,42.537617522482215,69.00265855423659,3,0.5883458646616542,0.824812030075188
2044,7808,Medicine,Clinical practice,Clinical practice,2,7.2322984,4.68532,53.09104065706262,2.9141379308772075,2,0.5041353383458647,0.04172932330827068,40.63961489700409,41.18566381808207,3,0.5676691729323309,0.6244360902255639
2045,7808,Medicine,Institutions,Institutions,2,7.2632403,4.655532,-139.8447480612055,21.807605971045977,2,0.007142857142857143,0.28533834586466167,21.29498043253146,67.08732774373098,3,0.34022556390977443,0.8180451127819549
2046,7808,Medicine,Institutions > Delivery,Delivery,3,7.2137837,4.7087846,63.33054666783754,120.21301961344369,2,0.5729323308270676,0.9037593984962407,2.658781158294442,59.83872079902162,3,0.1387218045112782,0.7789473684210526
2047,7808,Medicine,Branches,Branches,2,7.132414,4.798997,-51.28690857834711,34.821236761515856,2,0.05300751879699248,0.43646616541353384,68.64889278152052,34.55818200683031,3,0.7804511278195488,0.5469924812030075
2048,7808,Medicine,Branches > Basic sciences,Basic sciences,3,7.171845,4.7731843,43.56454360121521,23.495229099011556,2,0.4402255639097744,0.3056390977443609,14.490859891190977,42.23070718852415,3,0.25451127819548874,0.6334586466165414
2049,7808,Medicine,Branches > Specialties,Specialties,3,7.17298,4.7553964,59.33018660676194,22.933335164885722,2,0.543233082706767,0.29736842105263156,34.98720502097074,49.31944480651674,3,0.5086466165413533,0.7041353383458646
2050,7808,Medicine,Branches > Specialties > Surgical specialty,Surgical specialty,4,7.1848526,4.7794094,38.27490965665474,12.163477131317608,2,0.40112781954887217,0.1537593984962406,45.7059047699237,11.893593464598679,3,0.6199248120300752,0.16015037593984963
2051,7808,Medicine,Branches > Specialties > Internal medicine specialty,Internal medicine specialty,4,7.1937494,4.727761,39.09301379309111,79.20443280120175,2,0.40601503759398494,0.7699248120300752,66.541124883897,85.40135708818168,3,0.7669172932330827,0.8860902255639098
2052,7808,Medicine,Branches > Specialties > Diagnostic specialties,Diagnostic specialties,4,7.2173133,4.763254,-2.8793071184231103,49.50678863360569,2,0.16729323308270677,0.5736842105263158,14.764966841259115,43.075512595395836,3,0.2593984962406015,0.6413533834586466
2053,7808,Medicine,Branches > Specialties > Other major specialties,Other major specialties,4,7.1710973,4.7554555,120.91231883853118,5.23403412676998,2,0.8308270676691729,0.07481203007518797,62.38215123150801,47.428512508826095,3,0.7428571428571429,0.6849624060150376
2054,7808,Medicine,Branches > Interdisciplinary fields,Interdisciplinary fields,3,7.129303,4.7610526,40.10839805801854,9.437150769029532,2,0.41541353383458646,0.12030075187969924,37.2198472228631,54.01808688561919,3,0.530827067669173,0.7368421052631579
2055,7808,Medicine,Education and legal controls,Education and legal controls,2,7.249989,4.6864805,147.66005365889558,41.942426203404615,2,0.8845864661654136,0.5048872180451128,107.30605672193751,68.81112728206374,3,0.9093984962406015,0.8233082706766918
2056,7808,Medicine,Medical ethics,Medical ethics,2,7.828515,3.9653814,19.10361135981324,53.451893644909966,2,0.26917293233082706,0.6093984962406015,46.9494572218639,12.211966038117703,3,0.631578947368421,0.1661654135338346
2057,7808,Medicine,History > Ancient world,Ancient world,3,6.6219573,4.3327947,-17.00534694035071,72.8981209711686,2,0.11879699248120301,0.7349624060150376,26.473195149031607,50.00353900737506,3,0.4018796992481203,0.7097744360902256
2058,7808,Medicine,History > Middle Ages,Middle Ages,3,6.1936326,4.355882,0.1165642147865924,49.929187517707355,2,0.17669172932330826,0.5785714285714286,22.868319851114222,12.65545054678988,3,0.3620300751879699,0.17406015037593986
2059,7808,Medicine,History > Modern,Modern,3,6.532078,4.3921533,40.583501325048324,29.847105498769462,2,0.4195488721804511,0.3819548872180451,60.638238538234134,27.604618323635933,3,0.7323308270676692,0.4387218045112782
2060,7808,Medicine,"Quality, efficiency, and access","Quality, efficiency, and access",2,7.3007503,4.6542883,175.07875616544885,146.17525774305022,2,0.9296992481203008,0.9413533834586466,46.13702655382074,116.04694075313209,3,0.6244360902255639,0.9537593984962406
2061,7808,Medicine,Telemedicine,Telemedicine,2,7.368983,4.6735597,62.72552600092695,29.84801442943605,2,0.5665413533834587,0.3823308270676692,43.636280677660274,25.792793071816636,3,0.5981203007518797,0.4120300751879699
2062,7957,Number,Introduction,Introduction,0,7.3484573,8.061492,86.50084845983343,16.11139681730346,2,0.6981203007518797,0.20601503759398496,18.546150786241068,25.268793327509588,3,0.3026315789473684,0.4018796992481203
2063,7957,Number,History > First use of numbers,First use of numbers,3,7.383238,7.6444654,46.68021310377051,118.87378633707088,2,0.4635338345864662,0.9,-52.235089150902375,65.86987548946927,3,0.005639097744360902,0.8112781954887218
2064,7957,Number,History > Numerals,Numerals,3,7.383868,7.6720757,44.95234192064841,51.185435668141096,2,0.45112781954887216,0.5883458646616542,-19.623292808569385,1.8829531587878912,3,0.04097744360902256,0.004887218045112782
2065,7957,Number,History > Zero,Zero,3,7.437841,7.694891,-15.58826159169168,58.759387321712985,2,0.12330827067669173,0.6477443609022556,-36.40261970182423,57.8589918328326,3,0.013909774436090226,0.7639097744360902
2066,7957,Number,History > Negative numbers,Negative numbers,3,7.5173535,7.7207627,-5.358450773659394,10.139603269527505,2,0.15526315789473685,0.1293233082706767,3.700160626262864,8.406549771399519,3,0.1443609022556391,0.09473684210526316
2067,7957,Number,History > Rational numbers,Rational numbers,3,7.488827,7.6998577,113.87423654500319,13.368947437505714,2,0.806015037593985,0.1680451127819549,54.68034873722632,44.68619852803023,3,0.693984962406015,0.6593984962406015
2068,7957,Number,History > Real numbers and irrational numbers,Real numbers and irrational numbers,3,7.5341544,7.717801,70.02466792509426,39.87218215024897,2,0.6169172932330828,0.4838345864661654,-3.069070907637172,59.66984042873993,3,0.1018796992481203,0.7774436090225564
2069,7957,Number,History > Transcendental numbers and reals,Transcendental numbers and reals,3,7.3417854,7.9995213,47.470496691491164,2.7196243640485256,2,0.46729323308270676,0.038345864661654135,39.93011852263499,21.579968804243492,3,0.5586466165413534,0.3473684210526316
2070,7957,Number,History > Infinity and infinitesimals,Infinity and infinitesimals,3,7.877162,7.80339,-5.774328139354033,104.37534971655415,2,0.1548872180451128,0.8635338345864662,23.798928030231725,6.973592907567997,3,0.374812030075188,0.06917293233082707
2071,7957,Number,History > Complex numbers,Complex numbers,3,7.5148945,7.7472086,2.5324553135979935,18.617599727101034,2,0.18533834586466166,0.23984962406015037,6.254548459612497,15.569586624791317,3,0.16691729323308271,0.23533834586466165
2072,7957,Number,History > Prime numbers,Prime numbers,3,7.653521,7.817705,-8.697102414299023,9.612770430362978,2,0.1443609022556391,0.12180451127819548,18.059708564083518,68.96051689865526,3,0.29586466165413533,0.8236842105263158
2073,7957,Number,History > Cultural and symbolic significance,Cultural and symbolic significance,3,7.3819914,7.779069,153.57030599787333,221.32031128693848,2,0.8969924812030076,0.987593984962406,58.931826382380194,158.8093164391018,3,0.7225563909774436,0.9864661654135338
2074,7957,Number,Main classification,Main classification,2,7.227813,8.059302,0.4491175747523184,8.209654761065316,2,0.1793233082706767,0.10526315789473684,-1.0813874772366265,12.206405779131414,3,0.11503759398496241,0.16578947368421051
2075,7957,Number,Main classification > Natural numbers,Natural numbers,3,7.3515325,7.9486585,5.836685330087809,0.8801863877725864,2,0.19849624060150375,0.014661654135338346,11.857668263820102,7.489931253733945,3,0.22330827067669173,0.07894736842105263
2076,7957,Number,Main classification > Integers,Integers,3,7.2437773,8.10569,8.492166028519756,13.277747180148497,2,0.20977443609022556,0.16691729323308271,34.928023077687776,6.389996896585599,3,0.5071428571428571,0.06127819548872181
2077,7957,Number,Main classification > Rational numbers,Rational numbers,3,7.1967735,8.158241,-11.324346312506265,1.4110365412118753,2,0.13458646616541353,0.022556390977443608,-7.065406229272052,14.134377967160555,3,0.08345864661654136,0.20338345864661656
2078,7957,Number,Main classification > Real numbers,Real numbers,3,7.145652,8.145292,-65.29310485070027,8.430593921984821,2,0.039097744360902256,0.10714285714285714,7.53146318695589,5.181390715669978,3,0.18082706766917292,0.04285714285714286
2079,7957,Number,Main classification > Real numbers > Repeating decimal,Repeating decimal,4,7.195245,8.154715,37.71980420661974,18.266345270676826,2,0.3977443609022556,0.23646616541353382,27.057667775604447,63.9507838650554,3,0.4120300751879699,0.8041353383458647
2080,7957,Number,Main classification > Real numbers > Irrational numbers,Irrational numbers,4,7.187447,8.050334,-40.493182802665565,45.78475672737373,2,0.06842105263157895,0.5402255639097744,36.49610057260025,20.688270907589427,3,0.5244360902255639,0.3323308270676692
2081,7957,Number,Main classification > Real numbers > Set theory,Set theory,4,7.1615787,8.225409,-0.4275567599476666,17.553696267531386,2,0.17593984962406015,0.22481203007518796,50.8724669650607,9.206681931249259,3,0.6631578947368421,0.10751879699248121
2082,7957,Number,Main classification > Complex numbers,Complex numbers,3,7.2116094,8.142082,13.008340939922471,15.042325691776558,2,0.23383458646616542,0.19285714285714287,14.743353884298324,21.897975570048867,3,0.2586466165413534,0.3530075187969925
2083,7957,Number,Subclasses of the integers > Even and odd numbers,Even and odd numbers,3,7.226777,8.08101,-24.238494334602485,81.3873987630181,2,0.09962406015037593,0.7804511278195488,22.59588921511944,39.810083994343806,3,0.35601503759398495,0.6097744360902255
2084,7957,Number,Subclasses of the integers > Prime numbers,Prime numbers,3,7.4263024,8.031119,94.27784640931195,78.87366431435194,2,0.731203007518797,0.7684210526315789,52.28495033631239,89.50425379328597,3,0.6755639097744361,0.8969924812030076
2085,7957,Number,Subclasses of the integers > Other classes of integers,Other classes of integers,3,7.351483,7.9603086,4.566053396495253,13.83674214167252,2,0.19285714285714287,0.1755639097744361,-108.60302505857409,10.596266105081392,3,0.0007518796992481203,0.13609022556390976
2086,7957,Number,"Subclasses of the complex numbers > Algebraic, irrational and transcendental numbers","Algebraic, irrational and transcendental numbers",3,7.236896,8.139094,-23.654903097017066,116.92285845129794,2,0.10150375939849623,0.8947368421052632,115.39494822013297,20.32666574376451,3,0.9255639097744361,0.32706766917293234
2087,7957,Number,Subclasses of the complex numbers > Periods and exponential periods,Periods and exponential periods,3,7.4837623,8.105735,198.29509696992693,119.74569451096178,2,0.95,0.9022556390977443,42.86527067098272,149.259595777637,3,0.5909774436090226,0.9823308270676692
2088,7957,Number,Subclasses of the complex numbers > Constructible numbers,Constructible numbers,3,7.23418,8.111595,520.3007406635356,331.18356165967094,2,0.9988721804511278,0.9988721804511278,115.74802934825603,338.75433917274376,3,0.9266917293233082,1.0
2089,7957,Number,Subclasses of the complex numbers > Computable numbers,Computable numbers,3,7.2310915,8.085323,31.282692331816214,20.011316738739517,2,0.35601503759398495,0.2578947368421053,49.4117622777269,11.68634376720876,3,0.6526315789473685,0.15526315789473685
2090,7957,Number,Extensions of the concept > p-adic numbers,p-adic numbers,3,7.1644716,8.19258,-3.664376610389837,106.56693887801019,2,0.16541353383458646,0.868796992481203,49.9534854458636,14.049749231119383,3,0.6575187969924812,0.2
2091,7957,Number,Extensions of the concept > Hypercomplex numbers,Hypercomplex numbers,3,7.379399,8.146999,-9.519119821780189,3.9189763226660745,2,0.14022556390977445,0.05789473684210526,14.597215246550645,13.712994744123003,3,0.2567669172932331,0.1951127819548872
2092,7957,Number,Extensions of the concept > Transfinite numbers,Transfinite numbers,3,7.342777,7.9703107,-12.378349804738713,46.95918943105526,2,0.13233082706766916,0.5477443609022556,89.46402820308076,16.57185643805906,3,0.8609022556390977,0.25451127819548874
2093,7957,Number,Extensions of the concept > Nonstandard numbers,Nonstandard numbers,3,7.166282,8.246195,20.049602180764367,46.83647440717698,2,0.2744360902255639,0.5458646616541354,34.492617969287046,8.352381104741502,3,0.5033834586466165,0.09323308270676692
2094,8044,Performing arts,Introduction,Introduction,0,11.093577,1.0130215,-11.20658301331298,128.57862738480767,2,0.13533834586466165,0.9161654135338346,-4.052133092837842,7.500367159421289,3,0.0981203007518797,0.0793233082706767
2095,8044,Performing arts,Performers,Performers,2,11.174781,0.9939896,168.9987263701407,167.05486076157683,2,0.9199248120300751,0.9635338345864661,130.06205782324204,17.588692559381712,3,0.9488721804511279,0.27481203007518795
2096,8044,Performing arts,Types,Types,2,11.089682,0.9005106,17.625719743789674,57.802879948678545,2,0.2593984962406015,0.6417293233082707,22.32996521412638,19.81486193769852,3,0.3537593984962406,0.3176691729323308
2097,8044,Performing arts,Types > Theatre,Theatre,3,11.022302,1.0183122,152.32360981785007,75.34261781695477,2,0.893609022556391,0.7492481203007518,65.81858126479537,133.44067918772967,3,0.762406015037594,0.9725563909774436
2098,8044,Performing arts,Types > Dance,Dance,3,11.195288,1.0956042,40.19119959696895,54.13002492468149,2,0.41578947368421054,0.6169172932330828,69.39662824343135,22.767240540218538,3,0.7853383458646617,0.36466165413533835
2099,8044,Performing arts,Types > Music,Music,3,11.690815,1.5981925,14.044904566817777,148.06309687009528,2,0.24097744360902257,0.943984962406015,90.07153491214869,28.025215792597926,3,0.8642857142857143,0.44473684210526315
2100,8044,Performing arts,History > Western performing arts,Western performing arts,3,10.670843,1.2130122,168.7413843723644,291.99336096194116,2,0.9195488721804511,0.9966165413533835,213.85913653562815,129.2218642420973,3,0.9913533834586467,0.968796992481203
2101,8044,Performing arts,History > Western performing arts > Middle Ages,Middle Ages,4,8.770502,0.8818848,211.63531970144484,232.53230161602116,2,0.956766917293233,0.9913533834586467,104.3211090408024,90.16067448285139,3,0.9022556390977443,0.8988721804511278
2102,8044,Performing arts,History > Western performing arts > Renaissance,Renaissance,4,10.719443,1.1375384,-23.69292769806647,41.97746962836083,2,0.10075187969924812,0.5052631578947369,37.454886836621505,13.157326572842248,3,0.5338345864661654,0.18609022556390978
2103,8044,Performing arts,History > Western performing arts > Baroque era,Baroque era,4,10.591451,1.0479102,17.29906779032796,40.259380173638434,2,0.256015037593985,0.48721804511278194,9.588375782681931,17.359329380837618,3,0.20112781954887218,0.2718045112781955
2104,8044,Performing arts,History > Western performing arts > Neoclassicism,Neoclassicism,4,11.198969,1.4515901,35.131875111473335,10.771799531205511,2,0.381203007518797,0.13609022556390976,-9.851603616752778,7.081736284741544,3,0.07218045112781955,0.07218045112781955
2105,8044,Performing arts,History > Western performing arts > Romanticism,Romanticism,4,11.293028,1.4654721,74.84295091847596,6.001971067617306,2,0.6424812030075188,0.08157894736842106,54.3816310937189,19.681800910647752,3,0.6917293233082706,0.3154135338345865
2106,8044,Performing arts,History > Western performing arts > Modern era,Modern era,4,11.189848,1.2687411,54.25328495679466,21.205751989978012,2,0.5097744360902255,0.27593984962406015,22.015898751004034,25.210127023220693,3,0.34924812030075186,0.40075187969924814
2107,8044,Performing arts,History > African performing arts,African performing arts,3,9.470523,1.3491932,291.3934052398628,15.993398742546924,2,0.9834586466165414,0.20526315789473684,101.70576236675315,40.43412612276103,3,0.8951127819548872,0.6169172932330828
2108,8044,Performing arts,History > African performing arts > North Africa,North Africa,4,10.716282,1.2312527,72.43947599144421,41.906746713606196,2,0.631578947368421,0.5045112781954887,69.53733556377632,38.312004828209744,3,0.7864661654135339,0.5909774436090226
2109,8044,Performing arts,History > African performing arts > West Africa,West Africa,4,9.404551,1.4625494,215.07767720490884,47.265050034710555,2,0.9590225563909774,0.5515037593984963,127.33040293770891,38.02397413842283,3,0.9443609022556391,0.587218045112782
2110,8044,Performing arts,History > Eastern performing arts > West Asia,West Asia,4,10.824102,1.2190062,59.16544146469975,78.54535428428302,2,0.5417293233082707,0.7665413533834586,1.5973411914305942,92.58388649531297,3,0.131203007518797,0.906390977443609
2111,8044,Performing arts,History > Eastern performing arts > Iran,Iran,4,10.767584,1.2991095,96.62970971282937,22.50066649204276,2,0.7417293233082707,0.29210526315789476,30.19230632341385,51.088344136886505,3,0.4518796992481203,0.7165413533834587
2112,8044,Performing arts,History > Eastern performing arts > India,India,4,10.457284,1.4917341,22.730126993112666,24.83724817195871,2,0.29097744360902256,0.31917293233082705,47.457772353780456,35.44203957277652,3,0.6345864661654136,0.5571428571428572
2113,8044,Performing arts,History > Eastern performing arts > China,China,4,10.661621,1.1423331,-21.9489045385798,56.821839951726155,2,0.10751879699248121,0.6342105263157894,56.68795597211891,58.494001085822035,3,0.7109022556390977,0.7695488721804511
2114,8044,Performing arts,History > Eastern performing arts > Thailand,Thailand,4,10.565373,1.4267796,115.31907152693996,91.47532287267079,2,0.8101503759398496,0.8218045112781955,69.84745373200323,8.07318352681865,3,0.7887218045112782,0.08909774436090226
2115,8044,Performing arts,History > Eastern performing arts > Cambodia,Cambodia,4,10.571483,1.3872335,97.40626023627428,8.82876905378876,2,0.7458646616541353,0.11165413533834587,32.63213747624659,9.548489322175408,3,0.4830827067669173,0.11240601503759398
2116,8044,Performing arts,History > Eastern performing arts > Philippines,Philippines,4,10.072775,1.3677549,35.925571298267016,11.914726120716086,2,0.387593984962406,0.15037593984962405,48.653245634307915,15.21074493629422,3,0.643609022556391,0.22593984962406016
2117,8044,Performing arts,History > Eastern performing arts > Japan,Japan,4,10.541259,1.1753955,64.49177678226974,13.760438173177176,2,0.5793233082706767,0.17481203007518797,31.021239066494697,19.442432840453062,3,0.45977443609022556,0.31165413533834585
2118,8044,Performing arts,History > Americas,Americas,3,6.7895575,0.8556215,106.78984328145623,11.339000418795468,2,0.7823308270676692,0.1443609022556391,13.303857025681209,8.848895022080509,3,0.23834586466165414,0.10037593984962406
2119,8044,Performing arts,History > Americas > Colonial Era,Colonial Era,4,6.7099833,0.7087663,257.08662324702095,59.90512822879381,2,0.9755639097744361,0.6567669172932331,69.2838512643523,17.18653073857734,3,0.7845864661654135,0.2669172932330827
2120,8044,Performing arts,History > Oceania,Oceania,3,5.994148,0.8015608,164.8487753991052,71.89226533390051,2,0.9139097744360902,0.7296992481203007,105.70027156148869,122.65706339805108,3,0.9045112781954887,0.9650375939849624
2121,8127,Post-classical history,Introduction,Introduction,0,7.836345,0.7942699,-4.812874474489469,30.30570291763279,2,0.1582706766917293,0.38571428571428573,-8.60752264113117,15.556581000630244,3,0.0755639097744361,0.23421052631578948
2122,8127,Post-classical history,Historiography > Terminology and periodization,Terminology and periodization,3,7.9055753,0.85134655,-34.88546090473808,15.366316190122568,2,0.07781954887218046,0.1988721804511278,-4.625597035135616,7.15277624025473,3,0.09473684210526316,0.07368421052631578
2123,8127,Post-classical history,Historiography > Approaches,Approaches,3,7.96107,0.8040135,28.368996483952316,9.045788942292939,2,0.3368421052631579,0.11466165413533834,9.100825623124097,3.8815626979716367,3,0.19586466165413532,0.02481203007518797
2124,8127,Post-classical history,Global trends,Global trends,2,7.716915,0.8211177,87.86485473980701,99.09607472617742,2,0.7026315789473684,0.8462406015037593,68.55683103126115,29.647608510379083,3,0.7785714285714286,0.47593984962406016
2125,8127,Post-classical history,Global trends > Growth of civilization,Growth of civilization,3,7.7380323,0.75407064,22.89488357910645,7.281216103386353,2,0.29285714285714287,0.0962406015037594,-10.156282464635568,11.218888969119984,3,0.06917293233082707,0.14511278195488722
2126,8127,Post-classical history,Global trends > Spread of universal religions,Spread of universal religions,3,6.906577,3.078844,57.55945088305138,40.99678400880857,2,0.530827067669173,0.4981203007518797,42.09792453183632,16.36567109561806,3,0.5842105263157895,0.2507518796992481
2127,8127,Post-classical history,Global trends > Trade and communication,Trade and communication,3,7.4962473,0.5464166,56.98437776874853,41.50583484704837,2,0.5263157894736842,0.5022556390977444,22.976832138160507,20.348230499084686,3,0.36428571428571427,0.32781954887218046
2128,8127,Post-classical history,Global trends > Climate,Climate,3,2.9484897,2.8725607,87.92871877875645,86.6505208002781,2,0.7030075187969925,0.8030075187969925,26.4811196207235,11.645349652399988,3,0.4026315789473684,0.15300751879699248
2129,8127,Post-classical history,Global trends > Timeline,Timeline,3,8.063263,1.053735,-30.21103202136429,23.33867110323164,2,0.0868421052631579,0.3030075187969925,111.9471912969874,29.51652457513509,3,0.9206766917293233,0.47218045112781953
2130,8127,Post-classical history,Eurasian trends,Eurasian trends,2,7.7612224,1.0282102,262.8127091373565,37.04919541340123,2,0.9766917293233083,0.456015037593985,172.78646964593418,88.27404273775356,3,0.9808270676691729,0.893984962406015
2131,8127,Post-classical history,Eurasian trends > Feudalism,Feudalism,3,8.206284,0.45928854,52.94030286609916,21.117524415686347,2,0.5022556390977444,0.2721804511278195,16.38386836572093,8.541613406306563,3,0.27706766917293235,0.09699248120300752
2132,8127,Post-classical history,Eurasian trends > Mongol Empire,Mongol Empire,3,7.818293,0.5508851,38.56961855924054,6.992381493190204,2,0.4030075187969925,0.09323308270676692,31.083614621666204,4.123367494167305,3,0.46090225563909776,0.02744360902255639
2133,8127,Post-classical history,Eurasian trends > Silk Road,Silk Road,3,7.508348,0.5211044,70.23151898387826,20.5380088595126,2,0.619172932330827,0.262406015037594,45.25186520858642,21.0896050491929,3,0.6161654135338346,0.3394736842105263
2134,8127,Post-classical history,Eurasian trends > Plague and disease,Plague and disease,3,7.621271,0.7467702,110.60605887170475,33.8969233877669,2,0.7958646616541354,0.42781954887218043,75.72191242292895,31.619263452047885,3,0.8142857142857143,0.5071428571428571
2135,8127,Post-classical history,Eurasian trends > Plague and disease > The first plague,The first plague,4,7.635648,0.76128775,69.53942956993019,81.39349943209658,2,0.612406015037594,0.780827067669173,5.9322397826326565,54.84168841819686,3,0.16390977443609023,0.7443609022556391
2136,8127,Post-classical history,Eurasian trends > Plague and disease > Second plague pandemic until 1500,Second plague pandemic until 1500,4,7.688531,0.7323643,73.84214466799142,27.038305750784918,2,0.6372180451127819,0.343609022556391,21.69429713946431,23.147123677432052,3,0.3443609022556391,0.3699248120300752
2137,8127,Post-classical history,Eurasian trends > Science,Science,3,7.7056313,0.81676775,107.6422955515759,81.7055009471816,2,0.7842105263157895,0.781578947368421,52.95157462743649,60.02124052643424,3,0.6800751879699248,0.7800751879699248
2138,8127,Post-classical history,Eurasian trends > Literature and the arts,Literature and the arts,3,10.047732,1.5878805,58.726508730052,20.551168061787475,2,0.5368421052631579,0.26278195488721806,54.41681367417314,17.901387148587013,3,0.6921052631578948,0.2800751879699248
2139,8127,Post-classical history,History by region > Africa,Africa,3,7.452681,0.8845749,62.59927511655901,18.934324444720406,2,0.5650375939849624,0.2432330827067669,21.925723599143257,16.197122161554063,3,0.34774436090225563,0.24736842105263157
2140,8127,Post-classical history,History by region > Europe,Europe,3,8.278936,0.77418137,79.90739505597284,34.49916577012202,2,0.6680451127819549,0.4330827067669173,24.342778185634373,48.53681886862102,3,0.37781954887218044,0.6962406015037594
2141,8127,Post-classical history,History by region > West and Central Asia,West and Central Asia,3,7.8314924,0.8056014,8.309384205499445,29.789891499185455,2,0.20827067669172933,0.38082706766917296,31.253621116348892,4.660888538087656,3,0.4642857142857143,0.033458646616541354
2142,8127,Post-classical history,History by region > South Asia,South Asia,3,7.7311907,0.6772337,66.29234905886179,32.32518881501226,2,0.5898496240601504,0.4112781954887218,41.87904309323179,16.091152047259694,3,0.5808270676691729,0.24436090225563908
2143,8127,Post-classical history,History by region > Southeast Asia,Southeast Asia,3,7.581086,0.6378326,66.53213409277777,26.530551198574678,2,0.5924812030075188,0.3360902255639098,35.16386700568763,16.251682421488635,3,0.5105263157894737,0.24849624060150377
2144,8127,Post-classical history,History by region > East Asia,East Asia,3,7.9150043,0.7523367,35.5680087184979,6.08763470622572,2,0.3849624060150376,0.08233082706766917,24.341493055764204,11.236001360693999,3,0.3774436090225564,0.14586466165413534
2145,8127,Post-classical history,History by region > Oceania,Oceania,3,5.9414687,0.64564145,79.85707498618507,71.96958796226943,2,0.6672932330827067,0.7308270676691729,39.94009744461291,40.096592483112566,3,0.5593984962406015,0.6131578947368421
2146,8127,Post-classical history,History by region > Americas,Americas,3,7.42221,0.83723545,40.58340366156706,8.959787845636843,2,0.4191729323308271,0.11315789473684211,52.2524888006021,11.588539780449278,3,0.674812030075188,0.1518796992481203
2147,8127,Post-classical history,History by region > Americas > North America,North America,4,6.998751,0.73830676,198.0217700615238,53.26307083468581,2,0.9492481203007519,0.6067669172932331,164.36985959627984,29.109701109787412,3,0.9755639097744361,0.4650375939849624
2148,8127,Post-classical history,History by region > Americas > North America > Norse contact and the polar regions,Norse contact and the polar regions,5,6.435552,0.78090364,37.51000547370703,16.549039834073366,2,0.3966165413533835,0.21278195488721804,31.257391765673987,15.264003223673825,3,0.46466165413533833,0.22669172932330828
2149,8127,Post-classical history,History by region > Americas > North America > Northern areas,Northern areas,5,6.7959466,0.93665737,49.817814894967256,37.16342929539408,2,0.4845864661654135,0.4575187969924812,33.02050727471566,22.252307314942936,3,0.48947368421052634,0.35601503759398495
2150,8127,Post-classical history,History by region > Americas > Caribbean,Caribbean,4,6.58948,0.6450125,32.190271842649494,7.351071523606799,2,0.3609022556390977,0.09699248120300752,13.64220289931401,9.112456269221825,3,0.24172932330827068,0.10639097744360902
2151,8127,Post-classical history,History by region > Americas > Mesoamerica,Mesoamerica,4,7.180721,1.1581049,86.15874483822151,26.984359232179916,2,0.6969924812030075,0.3424812030075188,45.087166423759605,6.273242638148367,3,0.6142857142857143,0.05902255639097744
2152,8127,Post-classical history,History by region > Americas > South America,South America,4,6.753571,0.9951532,134.37959003654146,8.486437058390933,2,0.8601503759398497,0.10789473684210527,64.17796870905438,29.60201047179138,3,0.7515037593984962,0.47330827067669173
2153,8127,Post-classical history,History by region > Americas > South America > Andes,Andes,5,6.915565,0.99335814,78.62450597436589,27.71427157291334,2,0.6612781954887218,0.3556390977443609,64.59282112190549,24.007095458586715,3,0.7545112781954887,0.3823308270676692
2154,8127,Post-classical history,End of the period,End of the period,2,7.830203,0.47831577,35.02118960211663,18.917770444685875,2,0.37969924812030076,0.24285714285714285,37.35927213895685,19.849003634217656,3,0.5327067669172932,0.31842105263157894
2155,8569,Transport,Introduction,Introduction,0,4.799837,-0.79657847,63.20730346922126,2.9084813336622237,2,0.5710526315789474,0.04097744360902256,50.45795509946973,53.15381577909618,3,0.6605263157894737,0.7285714285714285
2156,8569,Transport,Modes,Modes,2,4.8241596,-0.788324,9.93575337688722,77.46506085936275,2,0.21804511278195488,0.7593984962406015,-40.88264426371848,72.89158782243658,3,0.010902255639097745,0.837218045112782
2157,8569,Transport,Modes > Human-powered,Human-powered,3,4.7850647,-0.79169816,-71.11398117268999,33.76068634174481,2,0.033458646616541354,0.4263157894736842,7.028907328116539,35.436893389943776,3,0.17706766917293232,0.556390977443609
2158,8569,Transport,Modes > Animal-powered,Animal-powered,3,4.7882743,-0.79303586,65.8923949938551,24.899125402631263,2,0.5864661654135338,0.3206766917293233,138.76725467258083,97.40388580429897,3,0.9578947368421052,0.9199248120300751
2159,8569,Transport,Modes > Air,Air,3,4.767815,-0.7783484,-16.991435192569053,49.388379357971125,2,0.11917293233082707,0.5725563909774436,-23.082225913816014,74.55164055157398,3,0.03270676691729323,0.8466165413533835
2160,8569,Transport,Modes > Land,Land,3,4.7870307,-0.82757735,187.97756403296617,195.48487161521342,2,0.9402255639097744,0.9793233082706767,113.07437532828745,75.53788039167891,3,0.9221804511278195,0.85
2161,8569,Transport,Modes > Land > Rail,Rail,4,4.8288226,-0.731514,20.68056724952949,74.37083592921341,2,0.27706766917293235,0.7428571428571429,34.27066163424618,3.572656781702819,3,0.5018796992481203,0.01804511278195489
2162,8569,Transport,Modes > Land > Road,Road,4,4.8001943,-0.77161676,-6.430253028328938,46.00908990854594,2,0.1518796992481203,0.5424812030075188,-34.41933500856709,7.263333536328851,3,0.015413533834586466,0.07518796992481203
2163,8569,Transport,Modes > Water,Water,3,4.923214,-0.68621504,6.530181978774024,94.66966147453857,2,0.19924812030075187,0.8319548872180451,3.60853022536376,65.9687333695418,3,0.14398496240601505,0.8120300751879699
2164,8569,Transport,Modes > Other modes,Other modes,3,4.840135,-0.7412269,-0.8178048492336645,13.870911092227583,2,0.1736842105263158,0.1763157894736842,27.24845612453066,10.04810350138612,3,0.41541353383458646,0.12142857142857143
2165,8569,Transport,Elements > Infrastructure,Infrastructure,3,4.8340855,-0.70963955,22.983479047732743,67.40111465055641,2,0.29473684210526313,0.6981203007518797,-8.045628439017442,42.138560573417074,3,0.07706766917293233,0.6330827067669172
2166,8569,Transport,Elements > Means of transport > Animals,Animals,4,4.809273,-0.7496448,163.2889311525757,73.45571626685039,2,0.91203007518797,0.737593984962406,42.897045176185024,71.93234737079666,3,0.5917293233082707,0.8360902255639098
2167,8569,Transport,Elements > Means of transport > Vehicles,Vehicles,4,4.798938,-0.7744565,91.89095084651078,69.35959065153071,2,0.7225563909774436,0.7109022556390977,-2.189428484152771,27.105977579427496,3,0.10789473684210527,0.43157894736842106
2168,8569,Transport,Elements > Operation,Operation,3,4.8517504,-0.76874804,146.88329501292756,41.43016442917072,2,0.8838345864661654,0.5015037593984962,19.298535975195236,35.794623940841966,3,0.31278195488721805,0.5620300751879699
2169,8569,Transport,Elements > Policy,Policy,3,4.783002,-0.7295908,115.42689579063696,10.085750815502022,2,0.8105263157894737,0.12857142857142856,15.155100853322374,9.102921400720458,3,0.2650375939849624,0.10526315789473684
2170,8569,Transport,Functions,Functions,2,4.8128395,-0.78207326,214.8777372752317,61.005016293023594,2,0.9586466165413534,0.66203007518797,70.25035624683026,262.61787447235054,3,0.7913533834586466,0.9992481203007518
2171,8569,Transport,Functions > Passenger,Passenger,3,4.813212,-0.76295775,37.207691517286754,16.853454376737478,2,0.3951127819548872,0.21654135338345865,28.798331949635976,49.73006064365091,3,0.4357142857142857,0.7078947368421052
2172,8569,Transport,Functions > Medical,Medical,3,4.7617354,-0.76050705,161.9050814650991,113.44716480513986,2,0.9105263157894737,0.8887218045112782,89.92528956611825,70.82850409880834,3,0.8627819548872181,0.8327067669172933
2173,8569,Transport,Functions > Freight,Freight,3,4.9393816,-0.7791884,20.50661504699844,55.37684728476415,2,0.27556390977443607,0.6240601503759399,-8.463183773961683,92.70059813165663,3,0.07631578947368421,0.9067669172932331
2174,8569,Transport,Impact,Impact,2,4.7925425,-0.78456384,11.972029089597484,10.796259839259855,2,0.2281954887218045,0.13721804511278196,65.0689268672827,29.527939871411206,3,0.7571428571428571,0.4725563909774436
2175,8569,Transport,Impact > Economic,Economic,3,4.8225546,-0.78733593,18.809097250041404,39.471669504172674,2,0.26804511278195486,0.48045112781954885,19.02976736390616,45.65836829137998,3,0.31090225563909774,0.6669172932330827
2176,8569,Transport,Impact > Planning,Planning,3,4.7768025,-0.82203364,156.0996143044277,155.52219605409545,2,0.9007518796992481,0.9530075187969925,25.78649008466599,26.638691443479928,3,0.3951127819548872,0.42406015037593986
2177,8569,Transport,Impact > Safety,Safety,3,4.819509,-0.7806972,111.81291105174299,78.90008433441508,2,0.7992481203007519,0.768796992481203,79.08916894879356,168.97334150049846,3,0.8270676691729323,0.9906015037593985
2178,8569,Transport,Impact > Environment,Environment,3,4.7511153,-0.81045747,61.509939910400036,39.16661881359773,2,0.5575187969924812,0.4781954887218045,37.279587743341295,26.60950355912838,3,0.531578947368421,0.4236842105263158
2179,8569,Transport,Impact > Sustainable development,Sustainable development,3,4.753619,-0.8312614,67.39285040927521,72.19043644747357,2,0.599624060150376,0.7319548872180451,9.837549971768173,22.757696861253446,3,0.20526315789473684,0.36428571428571427
2180,8569,Transport,History > Natural,Natural,3,4.8332705,-0.7403841,-62.11378475132431,168.51026045140372,2,0.0406015037593985,0.9654135338345865,84.16729845876752,116.03531074186913,3,0.8458646616541353,0.9533834586466166
2181,8569,Transport,History > Water transport,Water transport,3,5.042359,-0.6226255,69.85133364879746,14.746451081625198,2,0.6150375939849624,0.1887218045112782,53.789680226726745,39.7144535067523,3,0.6890977443609022,0.6078947368421053
2182,8569,Transport,History > Mechanical,Mechanical,3,5.284087,-0.5634632,-73.29107804675928,105.78302344004439,2,0.031203007518796993,0.8661654135338346,6.416333867457536,93.95456084636945,3,0.16842105263157894,0.9082706766917293
2183,8640,Visual arts,Introduction,Introduction,0,10.818258,0.62967813,-45.604263615509524,0.852910880287698,2,0.059398496240601506,0.013533834586466165,11.639624212008906,11.456154776057287,3,0.22030075187969925,0.14849624060150377
2184,8640,Visual arts,Education and training,Education and training,2,10.705185,0.68796587,-91.56964609606884,34.98871646685516,2,0.02030075187969925,0.43909774436090226,49.78076258862833,23.56673393100206,3,0.6560150375939849,0.37593984962406013
2185,8640,Visual arts,Drawing,Drawing,2,10.754859,0.62532544,54.723314921161204,6.289541468290112,2,0.5146616541353384,0.08458646616541353,33.88322142577621,7.574294043851414,3,0.4981203007518797,0.08082706766917293
2186,8640,Visual arts,Painting,Painting,2,10.767709,0.62496394,156.17734341458862,54.24474037782865,2,0.9015037593984963,0.6172932330827068,127.39719080310682,14.504838383011238,3,0.9447368421052632,0.212406015037594
2187,8640,Visual arts,Painting > History > Origins and early history,Origins and early history,4,10.416771,0.72825617,76.35698381085673,49.844469226201795,2,0.6518796992481203,0.5766917293233083,-11.89654615913839,16.262029459913308,3,0.061654135338345864,0.24887218045112783
2188,8640,Visual arts,Painting > History > The Renaissance,The Renaissance,4,10.015089,0.7013045,103.13058007214403,12.110263899274573,2,0.7680451127819549,0.15225563909774437,46.657761999344075,63.886401595930984,3,0.6285714285714286,0.8033834586466165
2189,8640,Visual arts,Painting > History > Dutch masters,Dutch masters,4,10.216561,0.6772879,281.94945183830725,30.144470533684434,2,0.9793233082706767,0.38421052631578945,205.33037343106722,43.22373570593511,3,0.9887218045112782,0.6428571428571429
2190,8640,Visual arts,Painting > History > Baroque,Baroque,4,10.314226,0.74705,76.0985952654815,11.239432066641987,2,0.65,0.1432330827067669,48.13792149571324,13.552688650039045,3,0.6390977443609023,0.1924812030075188
2191,8640,Visual arts,Painting > History > Impressionism,Impressionism,4,10.558473,0.6411456,29.96784329023294,49.878711961967134,2,0.34774436090225563,0.5778195488721805,72.1363240342899,93.8121657912591,3,0.7969924812030075,0.9078947368421053
2192,8640,Visual arts,Painting > History > Post-impressionism,Post-impressionism,4,10.4744,0.6099707,148.53436500014953,4.737214853942114,2,0.8853383458646616,0.06842105263157895,158.79277678750543,39.09890072090998,3,0.9725563909774436,0.6026315789473684
2193,8640,Visual arts,"Painting > History > Symbolism, expressionism and cubism","Symbolism, expressionism and cubism",4,10.528728,0.5476944,87.9615692637314,96.95936416029873,2,0.7033834586466166,0.8402255639097744,29.87483313913995,29.21978952956398,3,0.4481203007518797,0.46654135338345865
2194,8640,Visual arts,Printmaking,Printmaking,2,10.635655,0.7049673,-64.0852120823249,142.21717864119807,2,0.039473684210526314,0.9357142857142857,123.22873693807243,105.1029448299571,3,0.9383458646616541,0.937218045112782
2195,8640,Visual arts,Printmaking > European history,European history,3,10.171796,0.93139815,117.28230392694879,107.9777517251643,2,0.8176691729323309,0.8718045112781955,172.168437853345,32.34185392246923,3,0.9804511278195489,0.5165413533834586
2196,8640,Visual arts,Printmaking > Chinese origin and practice,Chinese origin and practice,3,10.233766,0.9589184,63.16134324318481,65.20543416046178,2,0.5706766917293233,0.687218045112782,149.23169298432222,95.29487848963014,3,0.9654135338345865,0.9131578947368421
2197,8640,Visual arts,"Printmaking > Development in Japan, 1603–1867","Development in Japan, 1603–1867",3,10.331746,0.8828096,34.50394309479291,10.167574020122146,2,0.37706766917293233,0.12969924812030076,43.01266678066179,99.552401458507,3,0.5928571428571429,0.9263157894736842
2198,8640,Visual arts,Photography,Photography,2,10.855846,0.75042266,11.996351264591006,112.45667286865903,2,0.22894736842105262,0.8849624060150376,-13.017501294589406,96.86221693087136,3,0.058646616541353384,0.9184210526315789
2199,8640,Visual arts,Architecture,Architecture,2,10.548927,-0.030283948,61.753569330335935,48.947178160324015,2,0.5605263157894737,0.5654135338345865,38.95559044295759,3.608557266872605,3,0.5518796992481203,0.019548872180451128
2200,8640,Visual arts,Filmmaking,Filmmaking,2,10.816688,0.9012792,-43.52365263624146,186.0864678949521,2,0.062406015037593986,0.9759398496240601,85.92883517976043,110.72483887335477,3,0.8511278195488722,0.9469924812030075
2201,8640,Visual arts,Computer art,Computer art,2,10.7344055,0.6749367,150.2977330430834,117.15636594692268,2,0.887593984962406,0.8958646616541354,88.63264589024273,81.29581280000595,3,0.8578947368421053,0.8680451127819548
2202,8640,Visual arts,Plastic arts,Plastic arts,2,10.824636,0.56879026,149.4933180389017,51.21228074725823,2,0.8868421052631579,0.5890977443609022,106.66477610181379,24.88343714522535,3,0.9078947368421053,0.3943609022556391
2203,8640,Visual arts,Plastic arts > Sculpture,Sculpture,3,10.798168,0.5744972,-4.5896274664225585,16.32935009224449,2,0.16090225563909774,0.20864661654135339,15.482520468413432,31.541180632308787,3,0.2669172932330827,0.5056390977443609
2204,8640,Visual arts,US copyright definition of visual art,US copyright definition of visual art,2,10.715049,0.7118893,21.280235562606777,1.2179695743004135,2,0.2808270676691729,0.019172932330827067,31.219372116316425,15.44043200354833,3,0.4631578947368421,0.23082706766917294
2205,8796,Biology,Introduction,Introduction,0,1.7643809,1.9435184,102.10240974457642,57.53406029968142,2,0.7639097744360902,0.6390977443609023,-13.669128544010633,17.32147987623382,3,0.05451127819548872,0.2706766917293233
2206,8796,Biology,Etymology,Etymology,2,6.888904,4.083189,105.33942733963272,47.41004870982643,2,0.774812030075188,0.5526315789473685,-11.079678841346288,17.751082373559278,3,0.06691729323308271,0.2781954887218045
2207,8796,Biology,History,History,2,6.0124793,4.419512,58.76589068213261,11.48126729457921,2,0.5372180451127819,0.14548872180451128,21.03009514778721,35.4290611442519,3,0.3349624060150376,0.556015037593985
2208,8796,Biology,Chemical basis > Atoms and molecules,Atoms and molecules,3,1.6705633,2.405749,89.60198823472598,71.85346287117908,2,0.7142857142857143,0.7289473684210527,25.408312661329433,16.406481620643437,3,0.3902255639097744,0.25150375939849623
2209,8796,Biology,Chemical basis > Water,Water,3,2.986479,3.9942758,-17.670331796263028,23.87503268575367,2,0.11729323308270677,0.31090225563909774,25.98106886483915,25.155389822168562,3,0.3966165413533835,0.3988721804511278
2210,8796,Biology,Chemical basis > Organic compounds,Organic compounds,3,3.712098,4.592646,186.54126378663233,118.37851403299645,2,0.9394736842105263,0.8988721804511278,40.57605371779666,9.539862478090845,3,0.5661654135338345,0.11203007518796992
2211,8796,Biology,Chemical basis > Macromolecules,Macromolecules,3,1.1415894,2.2118146,105.25713982680334,64.86384729025005,2,0.7744360902255639,0.6853383458646617,46.635940193682444,30.30439058466964,3,0.6281954887218045,0.4842105263157895
2212,8796,Biology,Cells,Cells,2,0.75947005,2.178539,126.00221345505818,4.524104678876011,2,0.8417293233082707,0.06503759398496241,105.84846557655713,36.08558876277916,3,0.9052631578947369,0.5650375939849624
2213,8796,Biology,Cells > Cell structure,Cell structure,3,0.48418322,2.2664256,81.99530750539049,98.56154721598143,2,0.6796992481203008,0.8443609022556391,44.92600675117841,32.91738911757608,3,0.6116541353383459,0.5270676691729324
2214,8796,Biology,Cells > Metabolism,Metabolism,3,1.4084297,2.5032876,59.892096443744634,0.47101034600004227,2,0.5481203007518797,0.007518796992481203,40.96446008213037,4.783978631473056,3,0.5706766917293233,0.03571428571428571
2215,8796,Biology,Cells > Cellular respiration,Cellular respiration,3,1.3457074,2.4980445,69.27018138518349,8.98026277595755,2,0.6105263157894737,0.11353383458646617,30.676313336128846,14.318201954527286,3,0.45714285714285713,0.20714285714285716
2216,8796,Biology,Cells > Photosynthesis,Photosynthesis,3,1.5507419,2.5434232,-32.817248598442355,37.91531997990974,2,0.08233082706766917,0.4650375939849624,29.986972788890892,12.225983856415686,3,0.4492481203007519,0.16654135338345866
2217,8796,Biology,Cells > Cell signaling,Cell signaling,3,0.7532932,2.4078698,94.49900014664122,87.61578784606418,2,0.7330827067669173,0.806390977443609,19.733018537784073,9.771863366205825,3,0.32142857142857145,0.11691729323308271
2218,8796,Biology,Cells > Cell cycle,Cell cycle,3,0.7471831,1.7872758,5.38515640076421,30.506997624382514,2,0.19661654135338347,0.3890977443609023,35.97183383404487,30.737161647745374,3,0.5176691729323308,0.4932330827067669
2219,8796,Biology,Cells > Sexual reproduction and meiosis,Sexual reproduction and meiosis,3,0.90411335,1.3854232,69.06789264688653,119.22469441462394,2,0.6090225563909775,0.9007518796992481,40.939419879321925,267.31493242029177,3,0.5703007518796992,0.999624060150376
2220,8796,Biology,Genetics > Inheritance,Inheritance,3,1.3637656,1.382604,24.924351154554586,16.509747179412543,2,0.3101503759398496,0.21127819548872181,26.231973736565877,28.689136023556994,3,0.39924812030075185,0.45827067669172933
2221,8796,Biology,Genetics > Genes and DNA,Genes and DNA,3,1.1511078,1.6558248,132.21850835392942,115.68241956092558,2,0.856015037593985,0.8924812030075188,54.474672963414264,44.951441061998395,3,0.6924812030075188,0.6616541353383458
2222,8796,Biology,Genetics > Gene expression,Gene expression,3,1.114862,1.6764218,283.45875814709495,226.78823309908628,2,0.9804511278195489,0.9894736842105263,97.29909127834298,110.8150167508994,3,0.8827067669172932,0.9473684210526315
2223,8796,Biology,Genetics > Gene regulation,Gene regulation,3,1.0843303,1.7464699,64.89858669054736,26.12759076039049,2,0.5808270676691729,0.3319548872180451,10.546721725941902,8.373769003794704,3,0.21278195488721804,0.09360902255639098
2224,8796,Biology,"Genetics > Genes, development, and evolution","Genes, development, and evolution",3,1.00296,1.8233901,143.0725241982218,19.158364267834035,2,0.8774436090225564,0.2469924812030075,47.46288276232946,41.98414004549438,3,0.6349624060150376,0.631578947368421
2225,8796,Biology,Evolution > Evolutionary processes,Evolutionary processes,3,1.5494623,1.3097942,427.26303905872703,230.05709681073756,2,0.9973684210526316,0.9909774436090225,86.44609361799739,134.7202595635251,3,0.8522556390977444,0.9733082706766917
2226,8796,Biology,Evolution > Speciation,Speciation,3,1.4939474,1.3950108,95.36992739472458,109.83862877019459,2,0.737218045112782,0.8800751879699248,109.27544405467161,92.15657235066992,3,0.9142857142857143,0.9052631578947369
2227,8796,Biology,Evolution > Phylogeny,Phylogeny,3,1.3873348,1.781829,108.40462651854806,112.09646330090982,2,0.7872180451127819,0.8842105263157894,47.0485027589539,2.63124405855385,3,0.6327067669172932,0.012781954887218045
2228,8796,Biology,Evolution > History of life,History of life,3,1.3340447,3.0850425,67.44986329060954,18.027195434479893,2,0.600375939849624,0.23308270676691728,14.623580932327142,8.4425183005268,3,0.2578947368421053,0.09586466165413533
2229,8796,Biology,Diversity > Bacteria and Archaea,Bacteria and Archaea,3,0.7107633,2.286229,3.308319300204464,21.17408687273146,2,0.18834586466165412,0.27518796992481204,32.05107965985439,9.193712961654063,3,0.47368421052631576,0.10676691729323308
2230,8796,Biology,Diversity > Eukaryotes,Eukaryotes,3,1.0009079,2.2887566,30.914113590223256,25.810865269259295,2,0.3545112781954887,0.32744360902255637,28.842486843794514,23.193436165662376,3,0.4368421052631579,0.37105263157894736
2231,8796,Biology,Diversity > Viruses,Viruses,3,1.507037,2.0317814,119.84907201120677,4.868745725052775,2,0.8259398496240602,0.07105263157894737,30.641593360985457,12.389531979473308,3,0.456390977443609,0.168796992481203
2232,8796,Biology,Ecology > Ecosystems,Ecosystems,3,2.1377096,2.3460755,90.79061380707924,31.444625489366903,2,0.718796992481203,0.40037593984962405,20.72761625369077,23.085093686278967,3,0.33157894736842103,0.36917293233082704
2233,8796,Biology,Ecology > Populations,Populations,3,2.150983,1.7200634,11.555109695236329,19.624625725314548,2,0.22593984962406016,0.25263157894736843,46.760246724684286,120.69814038430123,3,0.6300751879699248,0.9616541353383459
2234,8796,Biology,Ecology > Communities,Communities,3,2.275951,1.9503,105.37199485088192,76.13771225504237,2,0.775187969924812,0.7530075187969925,23.187780127251425,4.84049524528744,3,0.36541353383458647,0.03684210526315789
2235,8796,Biology,Ecology > Biosphere,Biosphere,3,2.1006875,2.4532413,76.28327288246024,1.2553383559066433,2,0.6511278195488722,0.01992481203007519,61.92773538991593,19.841076803337,3,0.7402255639097745,0.3180451127819549
2236,8796,Biology,Ecology > Conservation,Conservation,3,2.0360909,1.8609738,110.5245366034631,32.66075761919054,2,0.7954887218045112,0.41541353383458646,34.390330219791856,14.82092817996443,3,0.5030075187969925,0.21729323308270676
2237,8840,Business,Introduction,Introduction,0,7.442068,-1.2445337,186.05623725023713,135.05820702656442,2,0.9387218045112782,0.9236842105263158,34.204668711216755,116.06138283486578,3,0.5007518796992482,0.9541353383458646
2238,8840,Business,Forms,Forms,2,7.5436993,-1.3660059,0.8162207161746489,17.033919692017715,2,0.1800751879699248,0.21766917293233082,-4.781882660873014,15.009788718215196,3,0.09285714285714286,0.22293233082706768
2239,8840,Business,Classifications,Classifications,2,7.4347954,-1.1882055,48.079707099862574,26.804446333987357,2,0.47293233082706765,0.3398496240601504,42.44596430125407,13.043515310589706,3,0.5868421052631579,0.18345864661654135
2240,8840,Business,Activities > Accounting,Accounting,3,7.229534,-1.2049121,42.18312916048686,82.5760512245374,2,0.43045112781954886,0.7857142857142857,17.84003131804793,14.902857801610567,3,0.2924812030075188,0.22030075187969925
2241,8840,Business,Activities > Commerce,Commerce,3,7.0335402,-0.96594226,179.64043902156862,95.56207592979362,2,0.9338345864661655,0.8353383458646616,57.460637504545986,64.87932029105956,3,0.7169172932330827,0.8086466165413534
2242,8840,Business,Activities > Finance,Finance,3,7.1956625,-1.1902773,16.224951094237227,7.167942575612822,2,0.2511278195488722,0.09511278195488722,24.404812855221227,10.1920236264658,3,0.37894736842105264,0.12518796992481204
2243,8840,Business,Activities > Human resources,Human resources,3,7.500327,-1.2221811,38.64327543713533,42.04537373778266,2,0.40338345864661657,0.5067669172932331,5.2890739438583525,41.69579636205901,3,0.1582706766917293,0.6300751879699248
2244,8840,Business,Activities > Information technology,Information technology,3,6.963745,5.9270782,159.37182879288378,23.25705057537775,2,0.9071428571428571,0.3022556390977444,66.1012095964901,22.505541134775758,3,0.7642857142857142,0.3605263157894737
2245,8840,Business,Activities > Manufacturing,Manufacturing,3,6.682289,-0.91498566,285.87818808599025,158.5699220968834,2,0.9808270676691729,0.956390977443609,150.7654334919474,11.811026777796148,3,0.9669172932330827,0.1575187969924812
2246,8840,Business,Activities > Marketing,Marketing,3,6.972057,-0.9349649,151.63480851617214,10.210604816572545,2,0.8917293233082707,0.13007518796992482,168.488104642927,9.480019065350351,3,0.9789473684210527,0.11127819548872181
2247,8840,Business,Activities > Research and development,Research and development,3,6.9376493,5.0059457,80.33455159503325,9.41130079703984,2,0.6706766917293233,0.11954887218045113,187.29387108478792,86.55925329840349,3,0.9857142857142858,0.8898496240601503
2248,8840,Business,Activities > Safety,Safety,3,5.942914,-0.73969406,73.65417209554033,1.942515378967833,2,0.6360902255639098,0.03045112781954887,90.42770671705576,32.399126445853184,3,0.8657894736842106,0.5191729323308271
2249,8840,Business,Management,Management,2,7.2882094,-1.1863778,168.54404737924358,102.39558308063349,2,0.9187969924812031,0.8556390977443609,203.92176100539552,31.180045551243207,3,0.98796992481203,0.500375939849624
2250,8840,Business,Management > Restructuring state enterprises,Restructuring state enterprises,3,7.6489434,-1.4268385,94.30531620634022,83.48942386895928,2,0.7315789473684211,0.7890977443609023,145.75968848455273,55.40107486364969,3,0.9627819548872181,0.7466165413533835
2251,8840,Business,Management > Business process management,Business process management,3,7.1555924,-1.1648389,165.76463075384714,15.790437277677192,2,0.9142857142857143,0.20413533834586467,55.93973404902454,10.542408991830444,3,0.706015037593985,0.1349624060150376
2252,8840,Business,Business organization,Business organization,2,7.4783745,-1.376091,101.4055538565969,3.340635891998741,2,0.7612781954887218,0.04849624060150376,85.81104366898244,70.10223209175135,3,0.8507518796992481,0.8289473684210527
2253,8840,Business,Business organization > Capital,Capital,3,7.2850256,-1.3124323,45.89717343689885,10.872677251714862,2,0.45789473684210524,0.13834586466165413,35.515602157510365,22.102475180356937,3,0.5131578947368421,0.3545112781954887
2254,8840,Business,Business organization > Intellectual property,Intellectual property,3,7.6772084,-1.399854,15.370778959483001,73.00991673758074,2,0.24736842105263157,0.7353383458646616,53.6514817057157,15.454348553572867,3,0.6868421052631579,0.2319548872180451
2255,8840,Business,Business organization > Trade unions,Trade unions,3,7.1332583,-0.9030834,119.04385004546802,47.131821289800065,2,0.8233082706766918,0.55,12.763934326544492,3.8117042831677197,3,0.2319548872180451,0.02218045112781955
2256,8840,Business,Business regulation and commercial law,Business regulation and commercial law,2,7.7825046,-1.4317654,-8.51199718483,40.36206199433164,2,0.14586466165413534,0.48796992481203005,27.781257875289768,52.63653556489746,3,0.42406015037593986,0.724812030075188
2257,8895,Chemical element,Introduction,Introduction,0,3.811386,4.90019,17.221131647777664,40.38000898717654,2,0.25526315789473686,0.48834586466165414,41.7945193076346,28.23463884558248,3,0.5789473684210527,0.4488721804511278
2258,8895,Chemical element,Description,Description,2,3.8643386,4.849247,8.605285726109145,0.4471913866271052,2,0.21052631578947367,0.006766917293233083,29.356376643879212,32.97501759003568,3,0.4409774436090226,0.5278195488721804
2259,8895,Chemical element,Description > Occurrence,Occurrence,3,3.6076107,5.0985317,23.423736507794388,49.69184183458656,2,0.29962406015037596,0.5759398496240602,26.472484813900024,28.240896880291977,3,0.40150375939849625,0.4496240601503759
2260,8895,Chemical element,Atomic nucleus properties,Atomic nucleus properties,2,3.9251547,5.1970735,180.17573689462193,228.8159171758918,2,0.9342105263157895,0.9906015037593985,60.44320588258733,239.432630986296,3,0.7315789473684211,0.9981203007518797
2261,8895,Chemical element,Atomic nucleus properties > Nuclide,Nuclide,3,3.7620842,4.9450808,55.64071369763837,53.95900054710934,2,0.5199248120300752,0.6146616541353384,23.217535437968206,43.780633452314405,3,0.3661654135338346,0.6477443609022556
2262,8895,Chemical element,Atomic nucleus properties > Stability,Stability,3,3.73578,4.9502525,-6.284055185324581,0.8977182500962138,2,0.15300751879699248,0.015413533834586466,18.37053104813901,31.701864941365343,3,0.2992481203007519,0.5082706766917293
2263,8895,Chemical element,Atomic nucleus properties > Isotopic mass and atomic mass,Isotopic mass and atomic mass,3,3.7266848,4.938327,85.91130911519542,77.67427641658529,2,0.6954887218045113,0.7605263157894737,11.595197360911763,51.42100641678234,3,0.21954887218045113,0.718796992481203
2264,8895,Chemical element,Atomic nucleus properties > Chemically pure and isotopically pure,Chemically pure and isotopically pure,3,3.9131472,4.936554,67.03128599548127,6.989038948298328,2,0.5966165413533835,0.09285714285714286,46.9893290988125,36.21751745366085,3,0.6323308270676692,0.5672932330827067
2265,8895,Chemical element,Chemical and physical properties,Chemical and physical properties,2,3.9521387,5.046665,251.62886919778995,144.51111472782895,2,0.9725563909774436,0.9398496240601504,124.84722959297021,72.90935214527464,3,0.9421052631578948,0.837593984962406
2266,8895,Chemical element,Chemical and physical properties > Shells,Shells,3,3.880302,5.02237,149.19261341770954,71.26813291437273,2,0.8857142857142857,0.7240601503759398,28.843149761800703,82.78000135360489,3,0.43721804511278195,0.8763157894736842
2267,8895,Chemical element,Chemical and physical properties > Periodic trends,Periodic trends,3,3.7989132,4.802249,-9.244475640212169,1.1713744600869032,2,0.14285714285714285,0.018421052631578946,31.635764854902472,25.54292914211659,3,0.4699248120300752,0.4056390977443609
2268,8895,Chemical element,Chemical and physical properties > Phase transition,Phase transition,3,3.3929808,4.532168,71.41437088816004,87.64663174879178,2,0.6251879699248121,0.8067669172932331,-4.360163724232534,3.5910160218510354,3,0.0962406015037594,0.018796992481203006
2269,8895,Chemical element,Chemical and physical properties > Allotropes,Allotropes,3,3.6645136,4.7790537,-59.91182997674516,63.49526445095594,2,0.0424812030075188,0.674436090225564,39.343290029313735,11.69121945371677,3,0.5545112781954887,0.1556390977443609
2270,8895,Chemical element,Chemical and physical properties > Crystal structures,Crystal structures,3,3.4406219,4.621912,67.14380203483579,73.80012323872457,2,0.5981203007518797,0.7394736842105263,17.501704437884204,64.30142959247254,3,0.2868421052631579,0.806015037593985
2271,8895,Chemical element,Chemical and physical properties > Mass densities,Mass densities,3,3.6286814,4.73021,56.53195883187301,69.93846465659698,2,0.524812030075188,0.7154135338345865,15.167458427384581,58.32662484422375,3,0.2654135338345865,0.7684210526315789
2272,8895,Chemical element,Nomenclature and symbols > Atomic numbers,Atomic numbers,3,3.6876307,4.8996882,-37.84621774860403,82.12936396663987,2,0.07330827067669173,0.7834586466165413,7.973030705945973,59.33729851299395,3,0.18458646616541352,0.775187969924812
2273,8895,Chemical element,Nomenclature and symbols > Element names,Element names,3,3.8308117,4.846766,-15.841369850619603,27.77196466697205,2,0.12293233082706767,0.35601503759398495,28.107417803811213,12.991826925293049,3,0.4270676691729323,0.18233082706766918
2274,8895,Chemical element,Nomenclature and symbols > Chemical symbols > Specific elements,Specific elements,4,3.8263643,4.837959,140.1459588366996,68.46249652978823,2,0.8714285714285714,0.7041353383458646,42.59004680986495,29.475135346227326,3,0.5894736842105263,0.4703007518796993
2275,8895,Chemical element,Nomenclature and symbols > Chemical symbols > General chemical symbols,General chemical symbols,4,3.8002784,4.8288665,-21.58405400883826,61.72827999353475,2,0.10864661654135338,0.6642857142857143,-32.585026634764084,60.50690871114823,3,0.01804511278195489,0.7838345864661654
2276,8895,Chemical element,Nomenclature and symbols > Chemical symbols > Isotope symbols,Isotope symbols,4,3.7028894,4.8487225,8.843081053618626,23.068548878207263,2,0.212406015037594,0.29887218045112784,-0.5536509460163307,82.96317913358926,3,0.11766917293233083,0.8766917293233083
2277,8895,Chemical element,Origin of the elements,Origin of the elements,2,3.552037,5.6202993,-51.04146735457685,7.399883484040675,2,0.05413533834586466,0.09736842105263158,32.15393061695189,49.730553719423334,3,0.47593984962406016,0.7082706766917293
2278,8895,Chemical element,Abundance,Abundance,2,2.903154,5.154623,-22.743719819776643,73.84314257637908,2,0.10488721804511278,0.7402255639097745,48.325113087498785,16.78321595329172,3,0.6402255639097745,0.2593984962406015
2279,8895,Chemical element,History,History,2,4.214359,4.8254995,19.563298623708487,71.78915307439523,2,0.2714285714285714,0.7278195488721805,92.62656852678344,31.621213553385104,3,0.8703007518796992,0.5075187969924813
2280,8895,Chemical element,History > Classical definitions,Classical definitions,3,4.846399,4.5239806,193.62812239717178,57.38916948882583,2,0.9458646616541353,0.6387218045112782,46.03544119930772,39.98322788043498,3,0.6236842105263158,0.6120300751879699
2281,8895,Chemical element,History > Chemical definitions > Robert Boyle,Robert Boyle,4,4.7793717,4.601553,157.27096750031757,127.31300352605655,2,0.9037593984962407,0.9139097744360902,41.97611020190402,68.39691413864762,3,0.5815789473684211,0.8221804511278196
2282,8895,Chemical element,History > Chemical definitions > Isaac Watts,Isaac Watts,4,4.7938104,4.536415,93.16840899215771,120.27634226185656,2,0.7285714285714285,0.9041353383458647,2.3970611336248218,64.73041170714555,3,0.1368421052631579,0.8075187969924812
2283,8895,Chemical element,History > Chemical definitions > Tabulation,Tabulation,4,3.8398752,4.8753276,13.635337963339905,39.62486821990418,2,0.23721804511278197,0.48120300751879697,50.82646391711271,31.43813499447159,3,0.662781954887218,0.5033834586466165
2284,8895,Chemical element,History > Atomic definitions,Atomic definitions,3,3.7781582,4.9023986,48.0018915306739,34.74107884499682,2,0.47218045112781953,0.4357142857142857,-2.763336552529559,50.296200245535246,3,0.10413533834586466,0.7124060150375939
2285,8895,Chemical element,History > Discovery and recognition of various elements,Discovery and recognition of various elements,3,3.7705605,4.9608326,29.38398010252643,22.895712643633452,2,0.3443609022556391,0.29699248120300753,10.522566212598255,15.89911636524779,3,0.21203007518796993,0.23984962406015037
2286,8895,Chemical element,History > Recently discovered elements,Recently discovered elements,3,3.7263896,4.9075956,38.98131963046414,79.8002726099982,2,0.4045112781954887,0.7733082706766917,28.68648777764182,39.662951272064234,3,0.4334586466165414,0.6071428571428571
2287,8944,Communication,Introduction,Introduction,0,10.624949,3.5129027,18.612397706295894,17.91138007261295,2,0.26654135338345863,0.23007518796992482,15.614856397984909,14.4020459064944,3,0.26917293233082706,0.20902255639097744
2288,8944,Communication,Definitions,Definitions,2,10.609873,3.4748883,77.04986460367704,35.32598092136488,2,0.6541353383458647,0.4409774436090226,24.40963232901264,23.890990733690092,3,0.3793233082706767,0.38082706766917296
2289,8944,Communication,Models of communication,Models of communication,2,10.626164,3.4752676,55.23306854986882,24.403157324973062,2,0.5172932330827068,0.3169172932330827,27.474236612580302,16.188500797362874,3,0.4191729323308271,0.2469924812030075
2290,8944,Communication,Human,Human,2,10.614319,3.4592998,93.31918381181941,84.3927318693117,2,0.7289473684210527,0.7928571428571428,19.784922342455776,25.714118121216938,3,0.32218045112781957,0.4112781954887218
2291,8944,Communication,Human > Verbal,Verbal,3,10.519661,3.27391,57.985907820696006,52.27964747533741,2,0.5327067669172932,0.5984962406015037,4.405185965682134,12.526416714784576,3,0.1507518796992481,0.17030075187969926
2292,8944,Communication,Human > Non-verbal,Non-verbal,3,10.5991955,3.4920678,42.357627885753914,29.053667386814656,2,0.4330827067669173,0.3725563909774436,16.6533101109995,30.876693118766532,3,0.2804511278195489,0.49473684210526314
2293,8944,Communication,Human > Interpersonal,Interpersonal,3,10.632724,3.483686,43.400559988792324,86.89058393041994,2,0.4394736842105263,0.8041353383458647,-1.6407186055595222,9.865714162739089,3,0.11165413533834587,0.11917293233082707
2294,8944,Communication,Human > Intrapersonal,Intrapersonal,3,10.60186,3.503621,26.803831222949906,60.210612386368986,2,0.3236842105263158,0.6582706766917293,-7.629362366170777,59.20021598502606,3,0.08045112781954887,0.7744360902255639
2295,8944,Communication,Human > Channels,Channels,3,10.597343,3.4350615,70.08963099236256,106.94701690013741,2,0.618796992481203,0.869172932330827,-41.36825441301107,103.95231723698723,3,0.010526315789473684,0.9342105263157895
2296,8944,Communication,Human > Communicative competence,Communicative competence,3,10.562484,3.3923612,35.32808985005913,10.517887341910667,2,0.3830827067669173,0.1319548872180451,6.474817245065069,10.29356927537282,3,0.16954887218045112,0.1274436090225564
2297,8944,Communication,Other species,Other species,2,10.615403,3.5692854,-13.49668919454274,37.64444097921463,2,0.1281954887218045,0.4642857142857143,-12.737296547051386,24.57742206665361,3,0.059398496240601506,0.3913533834586466
2298,8944,Communication,Other species > Animals,Animals,3,10.556011,3.571925,24.573168287246983,34.27549578990011,2,0.3090225563909774,0.431203007518797,1.9309546646964229,12.678608559588197,3,0.13383458646616542,0.17481203007518797
2299,8944,Communication,"Other species > Plants, fungi, and bacteria","Plants, fungi, and bacteria",3,10.608988,3.5868585,11.522335435812629,11.429289800445321,2,0.22556390977443608,0.14511278195488722,-11.911792264641619,8.969156186774802,3,0.06127819548872181,0.10225563909774436
2300,8944,Communication,Other species > Interspecies,Interspecies,3,10.574268,3.6086078,20.042600177117748,7.276332628591335,2,0.27406015037593984,0.09586466165413533,1.0200472165193375,16.58884699789914,3,0.12631578947368421,0.25526315789473686
2301,8944,Communication,Computer,Computer,2,10.629861,3.5026906,59.49492483655387,89.42541397991995,2,0.5454887218045112,0.8142857142857143,-4.150786137864354,27.634140293127928,3,0.09736842105263158,0.43909774436090226
2302,8944,Communication,Communication studies,Communication studies,2,10.603028,3.503616,46.47896095626016,7.781782757136154,2,0.462406015037594,0.09962406015037593,17.03266266103463,27.947519864725056,3,0.28383458646616544,0.4432330827067669
2303,8944,Communication,History,History,2,9.991924,2.4409277,41.025120132835376,15.286600980874255,2,0.42293233082706766,0.19736842105263158,24.249549697990528,16.094479271963326,3,0.37706766917293233,0.24473684210526317
2304,9015,Deity,Introduction,Introduction,0,6.491643,3.063519,-82.18958622674802,96.81964465297,2,0.02518796992481203,0.8398496240601504,-6.2344682175639905,65.20816573225994,3,0.0868421052631579,0.8090225563909774
2305,9015,Deity,Etymology,Etymology,2,6.102993,3.4258287,-110.9647148429604,134.8407287190311,2,0.014285714285714285,0.9233082706766917,18.02970991572916,68.66747019729587,3,0.2954887218045113,0.8225563909774436
2306,9015,Deity,Definitions,Definitions,2,6.44347,3.1140912,-25.279187242584957,50.1315633183269,2,0.0981203007518797,0.5804511278195489,24.116793089444045,48.787500877568775,3,0.375187969924812,0.6992481203007519
2307,9015,Deity,Prehistoric,Prehistoric,2,5.910103,3.6769657,-57.372727689333296,73.67788273559388,2,0.04586466165413534,0.7387218045112782,-20.47220393948817,48.31191200361087,3,0.03984962406015038,0.6947368421052632
2308,9015,Deity,Religions and cultures > Sub-Saharan African,Sub-Saharan African,3,6.163331,3.3079367,32.25439767910524,0.17020910461949676,2,0.3620300751879699,0.0030075187969924814,10.059757213790446,2.909367495715839,3,0.20789473684210527,0.014285714285714285
2309,9015,Deity,Religions and cultures > Ancient Near Eastern > Egyptian,Egyptian,4,6.1156898,3.4636428,100.04789928891485,26.67550170593741,2,0.7552631578947369,0.3383458646616541,28.73656936672236,37.51049071112496,3,0.4345864661654135,0.5804511278195489
2310,9015,Deity,Religions and cultures > Ancient Near Eastern > Levantine,Levantine,4,6.233308,3.3089926,52.66500878269331,28.264217296785294,2,0.5007518796992482,0.36278195488721804,18.89207518224174,12.732897297112926,3,0.3067669172932331,0.17669172932330826
2311,9015,Deity,Religions and cultures > Ancient Near Eastern > Mesopotamian,Mesopotamian,4,6.132394,3.4579005,116.19300158504308,64.58051963073285,2,0.8150375939849624,0.681203007518797,17.340124632883974,4.4738143871626415,3,0.2849624060150376,0.031578947368421054
2312,9015,Deity,Religions and cultures > Indo-European > Germanic,Germanic,4,6.0282946,3.5595615,174.31751671330818,126.16781149019684,2,0.9289473684210526,0.91203007518797,9.781733591799707,41.460305084152864,3,0.20338345864661656,0.6274436090225564
2313,9015,Deity,Religions and cultures > Indo-European > Greek,Greek,4,6.132043,3.4656503,13.323621384955315,22.765085254864214,2,0.2349624060150376,0.2954887218045113,26.342072508068735,35.78939657890414,3,0.4,0.5616541353383459
2314,9015,Deity,Religions and cultures > Indo-European > Roman,Roman,4,6.215161,3.4675026,52.74310642825836,2.3368672821672374,2,0.5011278195488722,0.03458646616541353,17.81904688156087,11.406891030755279,3,0.29172932330827067,0.14736842105263157
2315,9015,Deity,Religions and cultures > Native American > Inca,Inca,4,6.1164455,3.3344154,-6.064736744456773,6.557076907391154,2,0.15413533834586465,0.08947368421052632,14.976361656500883,14.063113351113582,3,0.26278195488721806,0.20075187969924813
2316,9015,Deity,Religions and cultures > Native American > Maya and Aztec,Maya and Aztec,4,6.1458793,3.4120648,48.59923824387053,21.2672776212079,2,0.4766917293233083,0.2774436090225564,29.414045912773275,13.46085067328989,3,0.4413533834586466,0.1913533834586466
2317,9015,Deity,Religions and cultures > Polynesian,Polynesian,3,6.3007517,3.1926782,45.04759391756643,0.20768749042789234,2,0.4518796992481203,0.0037593984962406013,48.93135284138791,18.837563213181,3,0.6462406015037594,0.3011278195488722
2318,9015,Deity,Religions and cultures > Abrahamic > Christianity,Christianity,4,6.500631,2.9562583,76.8817487307713,12.626174287773848,2,0.6533834586466165,0.1586466165413534,14.492008607473176,8.088474403305508,3,0.2548872180451128,0.08947368421052632
2319,9015,Deity,Religions and cultures > Abrahamic > Islam,Islam,4,6.531554,2.957081,81.88332210341548,13.071146188256309,2,0.6778195488721804,0.16466165413533834,18.580081691406217,6.7360890572594325,3,0.3037593984962406,0.06578947368421052
2320,9015,Deity,Religions and cultures > Abrahamic > Judaism,Judaism,4,6.5240617,2.9895322,136.50890034874277,73.29653366161644,2,0.8646616541353384,0.7360902255639098,31.8112587441525,20.299829402242832,3,0.4718045112781955,0.32593984962406014
2321,9015,Deity,Religions and cultures > Abrahamic > Mandaeism,Mandaeism,4,6.4775414,3.0075173,75.31987342590084,20.886417048170774,2,0.6451127819548872,0.26729323308270675,33.519005916325774,11.160753018389006,3,0.493609022556391,0.14398496240601505
2322,9015,Deity,Religions and cultures > Asian > Anitism,Anitism,4,6.404361,3.1078663,140.20337569918712,25.41479182508803,2,0.8718045112781955,0.32593984962406014,25.456171331837123,12.995588597844685,3,0.3906015037593985,0.18270676691729323
2323,9015,Deity,Religions and cultures > Asian > Buddhism,Buddhism,4,6.409722,3.1224148,2.3334914202626127,23.627440102237916,2,0.1849624060150376,0.30714285714285716,22.34577378171154,16.438151346077756,3,0.35413533834586464,0.25300751879699246
2324,9015,Deity,Religions and cultures > Asian > Hinduism,Hinduism,4,6.374641,3.180903,122.9311478330587,76.87571707146483,2,0.8334586466165413,0.7575187969924813,57.996860487519996,38.7729930713119,3,0.7195488721804512,0.5966165413533835
2325,9015,Deity,Religions and cultures > Asian > Shinto,Shinto,4,6.4677734,3.1123507,193.5379131585513,146.64172032195614,2,0.9454887218045113,0.9421052631578948,19.30195037627408,83.3581026977674,3,0.3131578947368421,0.8793233082706767
2326,9015,Deity,Religions and cultures > Asian > Taoism,Taoism,4,6.463499,3.1187513,40.715892633425696,0.22268643681748881,2,0.4206766917293233,0.004887218045112782,14.056478939981808,3.740520566545725,3,0.24962406015037594,0.02142857142857143
2327,9015,Deity,Religions and cultures > Asian > Jainism,Jainism,4,6.416372,3.1588368,95.88030008110721,47.41294883461631,2,0.73796992481203,0.5530075187969925,18.929277267138957,14.762392063576584,3,0.30714285714285716,0.2161654135338346
2328,9015,Deity,Religions and cultures > Asian > Zoroastrianism,Zoroastrianism,4,6.4793334,3.0291357,-39.327898119585235,38.54657901045747,2,0.07067669172932331,0.4714285714285714,-14.285537012758743,26.807244137323757,3,0.05225563909774436,0.4266917293233083
2329,9015,Deity,"Local, regional, and universal deities","Local, regional, and universal deities",2,6.2897797,3.3272984,13.662835722958567,46.516480309004244,2,0.23759398496240602,0.543609022556391,1.073003960529353,58.62413221042058,3,0.12669172932330827,0.7710526315789473
2330,9015,Deity,Skeptical interpretations,Skeptical interpretations,2,6.7491736,3.3637404,51.41603266662188,49.86387451402235,2,0.4932330827067669,0.5774436090225564,19.337829646240934,15.718536425976065,3,0.3142857142857143,0.23834586466165414
2331,9113,Ethics,Introduction,Introduction,0,7.8466635,3.8378026,-17.858221603208136,17.496244479833038,2,0.11578947368421053,0.22330827067669173,0.3465184081413213,23.894569695075283,3,0.12180451127819548,0.381203007518797
2332,9113,Ethics,Definition,Definition,2,7.8347383,3.8895802,120.78262340255407,89.52491616938879,2,0.8304511278195489,0.8146616541353383,34.98505266517512,38.57483040738312,3,0.5082706766917293,0.5947368421052631
2333,9113,Ethics,Normative ethics,Normative ethics,2,7.8468857,3.845535,77.2029789001384,63.26322618139989,2,0.6556390977443609,0.6718045112781955,27.602920374592443,15.11063504199787,3,0.42218045112781954,0.22556390977443608
2334,9113,Ethics,Normative ethics > Consequentialism,Consequentialism,3,8.019489,3.7204912,43.59869512615914,9.847315045916199,2,0.4406015037593985,0.12518796992481204,3.739644467448622,4.669845455982761,3,0.14511278195488722,0.034210526315789476
2335,9113,Ethics,Normative ethics > Consequentialism > Types,Types,4,7.9965672,3.7565868,57.36221219825427,12.02719474588,2,0.5296992481203008,0.15150375939849625,10.203120190841567,5.744235327687474,3,0.2093984962406015,0.05263157894736842
2336,9113,Ethics,Normative ethics > Consequentialism > Utilitarianism,Utilitarianism,4,7.9299593,3.7557135,47.74523270073497,35.75240908415041,2,0.4695488721804511,0.44586466165413535,5.180958061811314,17.940929157892462,3,0.1575187969924812,0.2804511278195489
2337,9113,Ethics,Normative ethics > Deontology,Deontology,3,7.963194,3.723472,190.76721465816502,133.79313008333128,2,0.9417293233082706,0.9214285714285714,64.53379129143302,38.90789054650121,3,0.7537593984962406,0.5992481203007519
2338,9113,Ethics,Normative ethics > Deontology > Agent-centered and patient-centered,Agent-centered and patient-centered,4,7.9875684,3.7076366,21.422774940248612,24.00098802810385,2,0.28233082706766915,0.3131578947368421,-24.96811646897713,23.750302371046708,3,0.02894736842105263,0.37969924812030076
2339,9113,Ethics,Normative ethics > Deontology > Kantianism,Kantianism,4,7.939951,3.7057278,92.16608492537465,94.57200100184879,2,0.7233082706766917,0.8315789473684211,26.820629805052544,16.884699033912963,3,0.4093984962406015,0.26015037593984963
2340,9113,Ethics,Normative ethics > Deontology > Others,Others,4,7.9565806,3.593141,95.3241379070256,37.220046248170966,2,0.7360902255639098,0.45827067669172933,33.85495522487996,31.9425804673929,3,0.49774436090225566,0.5109022556390977
2341,9113,Ethics,Normative ethics > Virtue ethics,Virtue ethics,3,7.8408184,3.770047,52.022213824007096,37.31306204722183,2,0.49774436090225566,0.4612781954887218,15.94959198342354,16.786465978289918,3,0.2718045112781955,0.25977443609022555
2342,9113,Ethics,Normative ethics > Other traditions,Other traditions,3,7.6364574,3.6592836,62.890518486775534,66.09949136295089,2,0.5680451127819549,0.6917293233082706,4.8388065695678515,12.8276779865365,3,0.15413533834586465,0.17781954887218046
2343,9113,Ethics,Metaethics,Metaethics,2,7.925335,3.82985,157.23766022926014,74.4806951426309,2,0.9030075187969925,0.7439849624060151,49.933014944315936,25.023750308639038,3,0.6567669172932331,0.3962406015037594
2344,9113,Ethics,Metaethics > Basic concepts,Basic concepts,3,7.9898324,3.778044,78.86961688094837,27.27205858302638,2,0.662781954887218,0.3481203007518797,35.65496860637469,25.642007961202022,3,0.5139097744360902,0.40789473684210525
2345,9113,Ethics,"Metaethics > Realism, relativism, and nihilism","Realism, relativism, and nihilism",3,8.060634,3.729457,90.84146479760498,52.84647789891367,2,0.719172932330827,0.6022556390977444,10.164364661946136,16.422157819366614,3,0.20902255639097744,0.25225563909774434
2346,9113,Ethics,"Metaethics > Realism, relativism, and nihilism > Naturalism and non-naturalism",Naturalism and non-naturalism,4,8.139329,3.814416,103.20411097559234,34.0766342517543,2,0.768796992481203,0.4293233082706767,51.709661200810736,20.020162074141982,3,0.6714285714285714,0.32030075187969925
2347,9113,Ethics,Metaethics > Cognitivism and non-cognitivism,Cognitivism and non-cognitivism,3,8.1599655,3.7431834,21.13052560084695,15.481209855822817,2,0.2796992481203007,0.20037593984962407,9.23556150832939,12.422579239503193,3,0.1981203007518797,0.16954887218045112
2348,9113,Ethics,Metaethics > Moral knowledge,Moral knowledge,3,8.1937065,3.8260627,79.98011712902276,85.42482486439859,2,0.6684210526315789,0.7962406015037594,30.575812761149677,29.6666065539146,3,0.456015037593985,0.4763157894736842
2349,9113,Ethics,Metaethics > Moral motivation,Moral motivation,3,8.088339,3.7712464,113.65947887480954,44.822867063315975,2,0.8045112781954887,0.5327067669172932,48.639615522968796,27.482872271681742,3,0.6432330827067669,0.43646616541353384
2350,9113,Ethics,Applied ethics,Applied ethics,2,7.829564,3.9111247,20.582573027608216,1.3600583085429196,2,0.27631578947368424,0.02218045112781955,16.360584739568836,5.20152900266176,3,0.27631578947368424,0.043233082706766915
2351,9113,Ethics,Applied ethics > Bioethics,Bioethics,3,7.9988093,3.9455698,50.70104255203505,27.868161181941584,2,0.487593984962406,0.3575187969924812,13.74688990329369,5.777055898514939,3,0.24511278195488723,0.05300751879699248
2352,9113,Ethics,Applied ethics > Business and professional ethics,Business and professional ethics,3,7.821251,3.9097314,63.59734861290536,37.269461363393624,2,0.5740601503759398,0.46090225563909776,37.23224796317202,25.655975610330888,3,0.531203007518797,0.40827067669172934
2353,9113,Ethics,Applied ethics > Other subfields,Other subfields,3,7.8356795,3.9072194,68.84143431788014,33.40126611513939,2,0.6078947368421053,0.42330827067669174,27.158398755384457,10.575131661150445,3,0.4142857142857143,0.1357142857142857
2354,9113,Ethics,Related fields > Value theory,Value theory,3,7.921448,3.8609548,25.20186249896074,37.33365264177667,2,0.3131578947368421,0.4616541353383459,-26.735754509588702,9.002772188410184,3,0.02406015037593985,0.10338345864661654
2355,9113,Ethics,Related fields > Moral psychology,Moral psychology,3,8.068779,3.9608195,59.94052649448807,52.49383572581574,2,0.5484962406015037,0.6007518796992481,19.323643717851542,23.663152813656822,3,0.31390977443609025,0.37857142857142856
2356,9113,Ethics,Related fields > Descriptive ethics,Descriptive ethics,3,7.9431233,3.8212428,137.32711893309008,122.81372457254717,2,0.8676691729323308,0.9078947368421053,22.6516936426067,38.194577841341626,3,0.35827067669172935,0.58796992481203
2357,9113,Ethics,History,History,2,7.465645,3.6891804,13.944926932959575,8.835765563949463,2,0.23984962406015037,0.11203007518796992,9.910998576145928,2.5713526114484364,3,0.206390977443609,0.011654135338345865
2358,9148,Food,Introduction,Introduction,0,2.634548,2.0318077,-57.34026160570186,25.870440050437068,2,0.0462406015037594,0.3281954887218045,-22.23505992873912,13.228292674161423,3,0.03458646616541353,0.18721804511278195
2359,9148,Food,Definition and classification,Definition and classification,2,2.6356797,2.048497,107.87045771258235,19.15073794284598,2,0.7853383458646617,0.2462406015037594,30.097128778326702,25.004905521250762,3,0.45,0.39586466165413536
2360,9148,Food,Food sources,Food sources,2,2.4872932,2.0494034,-4.920346650360869,7.544757439857905,2,0.15789473684210525,0.0981203007518797,-0.6627504421755616,13.31882424511861,3,0.11729323308270677,0.1887218045112782
2361,9148,Food,Food sources > Photosynthesis,Photosynthesis,3,1.79608,2.5566676,134.57197645911378,43.65050273190649,2,0.8605263157894737,0.5236842105263158,68.91268521774562,61.87621570744775,3,0.7823308270676692,0.793984962406015
2362,9148,Food,Food sources > Microorganisms,Microorganisms,3,2.3486905,2.1569464,14.02433513133035,36.04490594351925,2,0.24060150375939848,0.4496240601503759,12.314420593952553,37.59079296244705,3,0.22706766917293233,0.5812030075187969
2363,9148,Food,Food sources > Plants,Plants,3,2.5841837,2.1026423,59.76307281448893,37.012260441458494,2,0.5458646616541354,0.45526315789473687,32.4924240380376,62.35798684900788,3,0.48157894736842105,0.7954887218045112
2364,9148,Food,Food sources > Animals,Animals,3,2.733066,2.039353,3.007913345749783,21.25938189627506,2,0.1868421052631579,0.27706766917293235,-52.53134648459994,16.582029649004802,3,0.004887218045112782,0.2548872180451128
2365,9148,Food,Taste,Taste,2,2.6658397,2.159947,52.07173835002017,139.76883517966812,2,0.49849624060150377,0.9323308270676691,-22.79633672338498,96.27956275696958,3,0.033458646616541354,0.9165413533834587
2366,9148,Food,Digestion,Digestion,2,2.5008965,2.1057239,158.7452235919131,75.4290084016571,2,0.9048872180451127,0.75,57.005330611084695,49.27765646834016,3,0.7150375939849624,0.7037593984962406
2367,9148,Food,Food safety,Food safety,2,3.421184,2.3486369,75.2596332343605,13.935953704438823,2,0.6447368421052632,0.1774436090225564,-24.00210944605406,28.726015760532306,3,0.031203007518796993,0.45864661654135336
2368,9168,Geography,Introduction,Introduction,0,4.0837145,3.0222743,82.63944460915899,56.940710126350446,2,0.6819548872180451,0.6357142857142857,6.6534353875138805,27.844579159806173,3,0.17293233082706766,0.4424812030075188
2369,9168,Geography,Fundamentals,Fundamentals,2,4.1096306,3.029751,-52.25837820369096,42.48238617576261,2,0.05150375939849624,0.5097744360902255,4.725323368281865,15.447865166534692,3,0.15263157894736842,0.23157894736842105
2370,9168,Geography,Fundamentals > Space,Space,3,4.173102,2.9891748,173.13438471895378,104.77058599174146,2,0.9274436090225564,0.8639097744360902,55.41837489269793,56.07173506813099,3,0.7015037593984963,0.7511278195488722
2371,9168,Geography,Fundamentals > Place,Place,3,4.161685,2.9545593,98.30121357579486,119.76802661777099,2,0.7477443609022556,0.9026315789473685,29.255942213317372,44.90503336074296,3,0.4402255639097744,0.6609022556390978
2372,9168,Geography,Fundamentals > Time,Time,3,4.188165,3.1341333,99.68979166796166,86.33249357434877,2,0.7537593984962406,0.8015037593984963,-29.367581092720712,22.29173624678883,3,0.02218045112781955,0.35676691729323307
2373,9168,Geography,Fundamentals > Scale,Scale,3,4.118446,3.047705,206.41508398870428,57.18172348636401,2,0.9533834586466166,0.6379699248120301,94.38883254774447,87.418755640191,3,0.8751879699248121,0.8928571428571429
2374,9168,Geography,Fundamentals > Laws of geography,Laws of geography,3,4.161817,3.0690665,14.366586825144038,32.36413679404937,2,0.2432330827067669,0.4120300751879699,-26.594652269713837,8.827047261360399,3,0.02518796992481203,0.1
2375,9168,Geography,Sub-disciplines,Sub-disciplines,2,4.135046,3.0315201,110.35618164339473,45.489933281942406,2,0.7947368421052632,0.5375939849624061,78.43888541545016,45.69076671352617,3,0.8244360902255639,0.6676691729323309
2376,9168,Geography,Sub-disciplines > Four traditions,Four traditions,3,4.1605897,3.0412784,139.9554790100396,77.58780987272833,2,0.8710526315789474,0.7597744360902255,57.5066762365822,8.922244312029337,3,0.7172932330827068,0.10150375939849623
2377,9168,Geography,Sub-disciplines > Branches,Branches,3,4.1832976,3.0754411,62.61438343632678,80.52608716707127,2,0.5654135338345865,0.7755639097744361,-13.87743169518751,25.257189305952956,3,0.05300751879699248,0.40150375939849625
2378,9168,Geography,Sub-disciplines > Branches > Physical,Physical,4,4.0160165,3.1267192,171.72433404378427,12.631042895979474,2,0.9236842105263158,0.15902255639097745,73.99179731587732,143.38135054616612,3,0.8071428571428572,0.9804511278195489
2379,9168,Geography,Sub-disciplines > Branches > Human,Human,4,4.154832,3.0003757,132.90276102107066,18.153832955400635,2,0.8582706766917293,0.23458646616541354,55.994134503045586,39.6175935617282,3,0.706766917293233,0.606390977443609
2380,9168,Geography,Sub-disciplines > Branches > Technical,Technical,4,4.117281,3.0777557,46.82073986930323,68.8431881435763,2,0.46466165413533833,0.706390977443609,9.78195941372677,32.43636537551545,3,0.2037593984962406,0.5203007518796993
2381,9168,Geography,Methods,Methods,2,4.2012124,3.0899956,-33.03591823726151,3.044298145781467,2,0.08082706766917293,0.04398496240601504,158.30282495426087,17.14547827810343,3,0.9721804511278196,0.2661654135338346
2382,9168,Geography,Methods > Quantitative methods,Quantitative methods,3,4.148241,3.0310593,72.58034572004973,162.2313807917843,2,0.6319548872180452,0.9597744360902256,43.77424902585607,84.83064089113566,3,0.6007518796992481,0.8838345864661654
2383,9168,Geography,Methods > Quantitative methods > Quantitative cartography,Quantitative cartography,4,4.0238867,2.9864628,-125.58536354279434,81.8969613468029,2,0.009398496240601503,0.7823308270676692,84.75776745410693,34.370847138470644,3,0.8484962406015037,0.5458646616541354
2384,9168,Geography,Methods > Quantitative methods > Geographic information systems,Geographic information systems,4,4.028391,3.0184278,179.32615291013389,106.22789390280673,2,0.9334586466165413,0.8676691729323308,75.44796933076528,55.93568246821234,3,0.8135338345864662,0.750375939849624
2385,9168,Geography,Methods > Quantitative methods > Remote sensing,Remote sensing,4,3.9606469,2.9494863,8.546749973137342,8.903268105559748,2,0.21015037593984962,0.11278195488721804,-39.027155356439934,59.45853038791235,3,0.011654135338345865,0.7763157894736842
2386,9168,Geography,Methods > Quantitative methods > Geostatistics,Geostatistics,4,8.122544,5.9708123,-147.33762766694417,135.7247936785228,2,0.005639097744360902,0.9259398496240602,25.838916086433102,139.94198435910508,3,0.3954887218045113,0.9778195488721805
2387,9168,Geography,Methods > Qualitative methods,Qualitative methods,3,4.212761,3.0741591,92.53118790981989,76.57726216059159,2,0.7255639097744361,0.7545112781954887,22.64438402932264,34.43713756558638,3,0.3575187969924812,0.5466165413533834
2388,9168,Geography,Methods > Qualitative methods > Qualitative cartography,Qualitative cartography,4,4.3009152,3.0659175,81.32841308620033,47.63896174200018,2,0.6755639097744361,0.5552631578947368,6.922423932867415,28.562998808183927,3,0.17593984962406015,0.45526315789473687
2389,9168,Geography,Methods > Qualitative methods > Ethnography,Ethnography,4,4.23885,3.0669851,191.97652401399444,132.6531253961663,2,0.9432330827067669,0.9206766917293233,138.3928476782238,108.86917477066876,3,0.956015037593985,0.9421052631578948
2390,9168,Geography,Methods > Qualitative methods > Geopoetics,Geopoetics,4,4.098363,3.0272145,46.631317073574905,22.70427938039676,2,0.4631578947368421,0.29473684210526313,4.8029432565433074,5.945301047310512,3,0.15300751879699248,0.05451127819548872
2391,9168,Geography,Methods > Qualitative methods > Interviews,Interviews,4,4.2189164,3.0812316,13.837756901061422,7.665228797008389,2,0.2387218045112782,0.09887218045112782,-33.50249952916699,16.135259694895947,3,0.015789473684210527,0.24548872180451128
2392,9168,Geography,Origin and history,Origin and history,2,5.3676553,4.4377823,35.336631462718785,44.28903368121107,2,0.38345864661654133,0.5285714285714286,63.50959641513523,53.551189863842744,3,0.7469924812030075,0.7327067669172932
2393,9168,Geography,Related fields > Geology,Geology,3,3.9388587,3.1283307,307.5989974881762,205.89920183260114,2,0.9857142857142858,0.9838345864661654,15.998181516955787,59.23036129317008,3,0.2733082706766917,0.774812030075188
2394,9168,Geography,Related fields > History,History,3,4.127395,3.0548553,75.34841168719703,17.976997282895322,2,0.6454887218045112,0.231203007518797,6.619680956044623,11.884326912909716,3,0.1718045112781955,0.1593984962406015
2395,9168,Geography,Related fields > Planetary science,Planetary science,3,3.8866751,3.246666,74.24787778997572,84.63335557295946,2,0.6390977443609023,0.794360902255639,37.5172591599899,141.06990400082515,3,0.5342105263157895,0.9785714285714285
2396,9169,Geology,Introduction,Introduction,0,3.5566454,3.2881765,37.915859709780044,52.77872977737168,2,0.39924812030075185,0.6015037593984962,20.61961237733044,38.31924610764369,3,0.32969924812030077,0.5913533834586466
2397,9169,Geology,Geological material > Minerals,Minerals,3,3.7287781,4.1891475,10.00020255810545,48.553527016493256,2,0.21879699248120302,0.562781954887218,90.58825115710198,57.86187623266313,3,0.8665413533834586,0.7642857142857142
2398,9169,Geology,Geological material > Rock,Rock,3,3.3986726,3.283691,89.74705725499896,152.36745172313152,2,0.7150375939849624,0.9477443609022557,20.054272028445002,113.87791257107236,3,0.3236842105263158,0.95
2399,9169,Geology,Geological material > Unlithified material,Unlithified material,3,3.5382464,3.2620876,242.66676299615756,1.862337564858645,2,0.9699248120300752,0.029699248120300753,108.46775816227147,44.657233457870085,3,0.912406015037594,0.6590225563909774
2400,9169,Geology,Whole-Earth structure > Plate tectonics,Plate tectonics,3,2.808203,3.5526834,-51.26338160643234,7.931752591994796,2,0.05338345864661654,0.10075187969924812,4.131871893208288,13.394223741349998,3,0.14774436090225565,0.18984962406015038
2401,9169,Geology,Whole-Earth structure > Earth structure,Earth structure,3,2.9059956,3.6189246,-221.96953547900426,100.94360214552778,2,0.0018796992481203006,0.8507518796992481,67.07390233080923,40.92525611617404,3,0.7695488721804511,0.6214285714285714
2402,9169,Geology,Geological time,Geological time,2,1.3579168,3.1963787,115.93712388271923,17.88812967265461,2,0.8139097744360902,0.22932330827067668,156.64177640047228,43.847434476226425,3,0.9710526315789474,0.6484962406015038
2403,9169,Geology,Geological time > Timescale of the Earth,Timescale of the Earth,3,1.3846426,3.230146,21.963460695727605,14.336971184901248,2,0.287593984962406,0.18345864661654135,98.25804526686163,31.307888878452694,3,0.8857142857142857,0.5007518796992482
2404,9169,Geology,Geological time > Important milestones on Earth,Important milestones on Earth,3,1.35134,3.191145,46.588753123719364,3.5734484560752064,2,0.46278195488721807,0.05263157894736842,19.52843830081102,10.467205185975121,3,0.3176691729323308,0.13157894736842105
2405,9169,Geology,Geological time > Timescale of the Moon,Timescale of the Moon,3,1.1848421,4.5528297,94.37103348257726,104.84034347816362,2,0.7319548872180451,0.8642857142857143,-2.46659220073331,39.9794175367353,3,0.10676691729323308,0.6116541353383459
2406,9169,Geology,Dating methods > Relative dating,Relative dating,3,3.4373343,3.3670778,16.62390174318962,8.647771944196995,2,0.25300751879699246,0.10939849624060151,18.46709784597955,11.159889152500929,3,0.3003759398496241,0.14360902255639096
2407,9169,Geology,Dating methods > Absolute dating,Absolute dating,3,3.4469993,3.3466344,18.44980598643466,68.62356311623215,2,0.2646616541353383,0.7052631578947368,-32.985186028122264,44.13212697208424,3,0.016917293233082706,0.6533834586466165
2408,9169,Geology,Geological development of an area,Geological development of an area,2,3.2148554,3.4063606,151.00586635500602,43.527827307131425,2,0.8898496240601503,0.5229323308270677,38.259722496519814,47.98127351072324,3,0.5428571428571428,0.6913533834586466
2409,9169,Geology,Investigative methods,Investigative methods,2,3.5554142,3.254809,28.33610549105527,29.209650368263535,2,0.3360902255639098,0.375187969924812,116.29377346199311,41.67555662108718,3,0.9281954887218045,0.6296992481203008
2410,9169,Geology,Investigative methods > Field methods,Field methods,3,3.486572,3.3001432,48.72047526352853,9.361482069211021,2,0.4774436090225564,0.11879699248120301,-15.827243875496412,6.005115379158744,3,0.04849624060150376,0.05601503759398496
2411,9169,Geology,Investigative methods > Petrology,Petrology,3,3.4866164,3.3286316,84.53113682013634,64.6967570169018,2,0.687218045112782,0.6830827067669173,-0.9450123374635714,106.17169236910286,3,0.11578947368421053,0.9402255639097744
2412,9169,Geology,Investigative methods > Structural geology,Structural geology,3,3.3838844,3.3604271,5.36585043681773,31.86588008377262,2,0.1962406015037594,0.40338345864661657,-4.10486025292497,45.91052666505295,3,0.09774436090225563,0.6706766917293233
2413,9169,Geology,Investigative methods > Stratigraphy,Stratigraphy,3,3.4880102,3.309931,58.27854080867003,69.07371518094442,2,0.5330827067669173,0.7078947368421052,41.47813741323293,92.17391980871206,3,0.574812030075188,0.9060150375939849
2414,9169,Geology,Planetary geology,Planetary geology,2,3.6188095,3.4246655,39.52173141934516,8.160021434395226,2,0.4093984962406015,0.10451127819548872,-28.7656925215894,31.52004081661748,3,0.02330827067669173,0.5052631578947369
2415,9169,Geology,Applied geology > Economic geology,Economic geology,3,3.5920727,3.0887089,122.62201268566857,167.48192623066092,2,0.8323308270676691,0.9639097744360903,52.510769765850334,36.88953517316643,3,0.6778195488721804,0.5733082706766918
2416,9169,Geology,Applied geology > Economic geology > Mining geology,Mining geology,4,3.5556333,3.0573578,29.707778603460994,89.15329217718826,2,0.34661654135338343,0.8120300751879699,60.738901445348574,118.94635509723499,3,0.7342105263157894,0.9586466165413534
2417,9169,Geology,Applied geology > Economic geology > Petroleum geology,Petroleum geology,4,3.534319,3.2607923,155.3729708524114,108.97333703701291,2,0.8981203007518797,0.8759398496240601,63.65639297770664,27.15489733186365,3,0.7477443609022556,0.4330827067669173
2418,9169,Geology,Applied geology > Engineering geology,Engineering geology,3,3.5805225,3.2863212,126.27586445104518,87.37420850900129,2,0.8428571428571429,0.8056390977443609,127.08405788488727,45.113576662098026,3,0.943984962406015,0.662781954887218
2419,9169,Geology,Applied geology > Hydrology,Hydrology,3,3.5242434,3.2265797,-116.72914853930142,80.7835120023883,2,0.012030075187969926,0.7778195488721804,146.0077528800064,43.897265323432364,3,0.9631578947368421,0.6488721804511278
2420,9169,Geology,Applied geology > Paleoclimatology,Paleoclimatology,3,3.4257047,3.263527,-36.86328637532874,111.8916276893493,2,0.07443609022556391,0.8838345864661654,65.45368162501661,29.78111184045339,3,0.7601503759398496,0.4778195488721805
2421,9169,Geology,Applied geology > Natural hazards,Natural hazards,3,3.556932,3.2290795,72.19957050762483,154.73194296462302,2,0.6300751879699248,0.9515037593984963,118.1388453860729,38.305594157791724,3,0.9315789473684211,0.5906015037593985
2422,9169,Geology,History,History,2,4.999019,4.417627,41.16145145659253,26.86487175518676,2,0.4236842105263158,0.3406015037593985,26.882597267878936,25.8097963817625,3,0.40977443609022557,0.412406015037594
2423,9185,Government,Introduction,Introduction,0,8.299272,-1.8541019,-122.60586970333064,86.88349149191389,2,0.011654135338345865,0.8037593984962406,-24.515468734672577,29.915037290030345,3,0.03045112781954887,0.48120300751879697
2424,9185,Government,Definitions and etymology,Definitions and etymology,2,8.303629,-1.8313018,126.09328861362522,48.97711283140712,2,0.8424812030075188,0.5661654135338345,51.60691668685602,15.987417950223227,3,0.6684210526315789,0.24210526315789474
2425,9185,Government,History > Earliest governments,Earliest governments,3,8.309568,-0.52031505,33.568175808710954,37.94556803813833,2,0.3699248120300752,0.46578947368421053,32.293371750015275,22.197154571642795,3,0.4793233082706767,0.3556390977443609
2426,9185,Government,History > Modern governments,Modern governments,3,8.119355,-1.5538431,121.77257252539478,71.72247863613875,2,0.8319548872180451,0.7274436090225563,74.18277672891078,26.15895143387601,3,0.8082706766917294,0.4180451127819549
2427,9185,Government,Political science > Classification,Classification,3,8.377277,-1.6266074,173.22491294426965,1.506151566793842,2,0.9278195488721804,0.02481203007518797,19.296184422425963,99.32300056600332,3,0.31240601503759396,0.9259398496240602
2428,9185,Government,Political science > Social-political ambiguity,Social-political ambiguity,3,8.291042,-1.6609569,-141.90110062771706,226.104494428868,2,0.006390977443609023,0.9883458646616541,35.88582103059765,12.975970204084376,3,0.5172932330827068,0.18157894736842106
2429,9185,Government,Forms,Forms,2,8.407143,-1.7593608,48.2679597575367,49.100054263966925,2,0.47406015037593985,0.5672932330827067,40.60921907721167,25.95484988688155,3,0.5669172932330827,0.41466165413533834
2430,9185,Government,Forms > Modern basic political systems,Modern basic political systems,3,8.346222,-1.8613797,-8.470909898801285,1.778127564397234,2,0.1462406015037594,0.02894736842105263,64.19658801975358,59.42012735672633,3,0.7518796992481203,0.7759398496240602
2431,9185,Government,Forms > Autocracy,Autocracy,3,8.292703,-1.9040763,-42.91883560914966,78.73796537890937,2,0.06390977443609022,0.7680451127819549,44.25259297214992,27.52111462156011,3,0.6067669172932331,0.4368421052631579
2432,9185,Government,Forms > Aristocracy,Aristocracy,3,8.281258,-1.929893,127.01003761053899,69.3618159729699,2,0.8454887218045113,0.7112781954887218,6.704832500848849,74.65673689032133,3,0.1736842105263158,0.8469924812030075
2433,9185,Government,Forms > Democracy,Democracy,3,8.312016,-1.9284127,42.667786927351116,23.187196387750976,2,0.4342105263157895,0.3003759398496241,55.78340093477269,23.95289112069404,3,0.7052631578947368,0.3815789473684211
2434,9185,Government,Forms > Democracy > Republics,Republics,4,8.263881,-1.9366686,113.66872824238635,9.209958531145007,2,0.8052631578947368,0.11654135338345864,34.3415240108681,24.9541810125499,3,0.5026315789473684,0.3954887218045113
2435,9185,Government,Forms > Democracy > Federalism,Federalism,4,8.308516,-1.8743039,60.84269278581665,32.68696802037226,2,0.5518796992481203,0.41616541353383457,35.33011510539302,15.062425097502974,3,0.5112781954887218,0.2236842105263158
2436,9185,Government,Branches,Branches,2,8.429078,-1.9418522,76.10669445419255,40.639155055356106,2,0.650375939849624,0.4906015037593985,29.463529526173318,29.40383401990631,3,0.4421052631578947,0.46842105263157896
2437,9185,Government,Party system,Party system,2,8.332302,-1.9113134,23.36534212851066,102.12029831969124,2,0.29849624060150376,0.8541353383458646,42.52763579651501,18.37480690705854,3,0.58796992481203,0.29172932330827067
2438,9185,Government,Maps,Maps,2,8.262166,-1.8090526,126.29436820831216,17.13391623603751,2,0.8432330827067669,0.21879699248120302,53.75862132260389,33.53283925970442,3,0.6879699248120301,0.5353383458646617
2439,9185,Government,Public administration,Public administration,2,8.511715,-1.402287,272.59142598965354,204.1218238559294,2,0.9778195488721805,0.9830827067669173,61.552250053408706,64.85458078058157,3,0.7383458646616541,0.8082706766917294
2440,9185,Government,Public policy,Public policy,2,8.166589,-1.8452075,49.3883024155068,17.480130647287538,2,0.48195488721804514,0.22293233082706768,80.98224546348365,15.425338239591472,3,0.8357142857142857,0.23045112781954888
2441,9248,Human history,Introduction,Introduction,0,7.8425727,1.2962661,58.57465679951517,50.356539720218194,2,0.5357142857142857,0.5827067669172933,15.628468118392083,5.376368814793759,3,0.2699248120300752,0.045112781954887216
2442,9248,Human history,Prehistory > Human origins,Human origins,3,6.8798547,1.6496696,86.20086027707052,70.15303588371177,2,0.6973684210526315,0.718421052631579,14.61982751284919,9.375252292824072,3,0.2571428571428571,0.11015037593984962
2443,9248,Human history,Prehistory > Early humans,Early humans,3,6.9143763,1.5968814,-11.565298131371206,27.195315128357812,2,0.13421052631578947,0.3462406015037594,-20.854522956925326,14.178063310855379,3,0.039473684210526314,0.20488721804511278
2444,9248,Human history,Prehistory > Neolithic,Neolithic,3,7.283997,1.4488833,58.79244899158505,36.0570954281168,2,0.5383458646616541,0.45,8.566704510060179,15.635662859203457,3,0.18909774436090226,0.23684210526315788
2445,9248,Human history,Ancient > Cradles of civilization,Cradles of civilization,3,7.696722,1.453642,-7.663193097458296,5.188924174176319,2,0.14774436090225565,0.07406015037593985,-13.145790825415185,23.59395011045195,3,0.05789473684210526,0.37669172932330824
2446,9248,Human history,Ancient > Axial Age,Axial Age,3,7.1941442,3.3020375,0.12201493349089354,10.493649758323468,2,0.17706766917293232,0.131203007518797,-10.083181859202925,81.29432347083527,3,0.07105263157894737,0.8676691729323308
2447,9248,Human history,Ancient > Regional empires,Regional empires,3,7.9649653,1.0346407,43.074549842278756,38.37977325122052,2,0.43609022556390975,0.468796992481203,28.42533924105486,36.68203272872492,3,0.43157894736842106,0.5714285714285714
2448,9248,Human history,"Ancient > Declines, falls, and resurgence","Declines, falls, and resurgence",3,8.050977,0.91838175,11.926125726042507,134.19990696100862,2,0.22781954887218045,0.9218045112781955,72.95309546619802,101.54887966968523,3,0.8003759398496241,0.9293233082706767
2449,9248,Human history,Post-classical,Post-classical,2,7.6809535,0.7083167,-17.706842602381368,14.959000504885832,2,0.11691729323308271,0.18984962406015038,24.394407675179156,10.3209932943361,3,0.37857142857142856,0.12857142857142856
2450,9248,Human history,Post-classical > West and Central Asia,West and Central Asia,3,7.7667613,0.68021613,22.902447330556942,10.940313704433612,2,0.2932330827067669,0.1394736842105263,-13.46345179641375,8.428689755298329,3,0.055639097744360905,0.09548872180451128
2451,9248,Human history,Post-classical > Europe,Europe,3,8.417825,0.74339956,113.25192859078189,12.579578725230078,2,0.8026315789473685,0.15789473684210525,55.79692322651419,16.0654563501526,3,0.705639097744361,0.24398496240601503
2452,9248,Human history,Post-classical > Sub-Saharan Africa,Sub-Saharan Africa,3,7.245102,0.99553645,53.625209235808725,20.639543850299848,2,0.5067669172932331,0.2635338345864662,22.12825846714627,15.378957901552207,3,0.3511278195488722,0.22857142857142856
2453,9248,Human history,Post-classical > South Asia,South Asia,3,7.7364383,0.6869292,-56.29394497770818,58.31096732955337,2,0.046992481203007516,0.6462406015037594,19.006056981942166,29.00163775440879,3,0.3093984962406015,0.4631578947368421
2454,9248,Human history,Post-classical > Northeast Asia,Northeast Asia,3,8.133418,0.68310326,18.70145277630923,22.307635253959848,2,0.26766917293233083,0.28984962406015036,24.556426442174153,6.062180496395966,3,0.3815789473684211,0.05639097744360902
2455,9248,Human history,Post-classical > Southeast Asia,Southeast Asia,3,7.5835285,0.6535688,31.223546256360496,24.182171831964304,2,0.35526315789473684,0.31390977443609025,-41.41008183481362,3.3496371194153256,3,0.010150375939849625,0.016165413533834588
2456,9248,Human history,Post-classical > Oceania,Oceania,3,5.9127727,0.67856413,-26.988592402116723,59.77808150686056,2,0.09285714285714286,0.6560150375939849,8.677063046892442,25.157555861395508,3,0.19097744360902255,0.39924812030075185
2457,9248,Human history,Post-classical > Americas,Americas,3,6.882978,0.93179345,-8.573842230974634,135.65174412672633,2,0.14511278195488722,0.9255639097744361,13.684419589719974,73.98904832260583,3,0.24360902255639097,0.8432330827067669
2458,9248,Human history,Early modern,Early modern,2,8.311665,0.47407985,87.62016454417038,120.64688752968668,2,0.7015037593984963,0.9048872180451127,23.34514178216369,91.17652354193051,3,0.3676691729323308,0.9011278195488722
2459,9248,Human history,Early modern > West and Central Asia,West and Central Asia,3,7.7724624,0.51130337,12.487178515602167,32.998626381209945,2,0.23157894736842105,0.418796992481203,21.059408766053007,6.001721590628413,3,0.3357142857142857,0.055639097744360905
2460,9248,Human history,Early modern > Europe,Europe,3,8.671991,0.5134675,25.135287845510604,18.903912078481365,2,0.31278195488721805,0.2424812030075188,-4.701384191768214,5.919951406430672,3,0.09398496240601503,0.05413533834586466
2461,9248,Human history,Early modern > Sub-Saharan Africa,Sub-Saharan Africa,3,7.1787996,0.92116904,3.611790131553505,14.42816036738669,2,0.18984962406015038,0.1838345864661654,5.608636203701388,7.969999311376642,3,0.1612781954887218,0.08721804511278196
2462,9248,Human history,Early modern > South Asia,South Asia,3,7.7627206,0.41999027,67.0270624857539,2.743741778560574,2,0.5962406015037593,0.0387218045112782,52.27232859534879,26.972881988530734,3,0.675187969924812,0.42894736842105263
2463,9248,Human history,Early modern > Northeast Asia,Northeast Asia,3,8.074896,0.64554614,-18.27180604289328,28.787031611117143,2,0.11315789473684211,0.368796992481203,-32.06347398507864,10.667221851488401,3,0.018796992481203006,0.13759398496240602
2464,9248,Human history,Early modern > Southeast Asia,Southeast Asia,3,7.641323,0.6253893,104.30484131737626,71.28953090036906,2,0.7714285714285715,0.724812030075188,54.47889967261876,15.264094361567922,3,0.6928571428571428,0.22706766917293233
2465,9248,Human history,Early modern > Oceania,Oceania,3,5.8270006,0.63376415,107.73019392299274,39.7650225005399,2,0.7845864661654135,0.48270676691729325,18.18818825072434,6.2550897144295154,3,0.29661654135338344,0.058646616541353384
2466,9248,Human history,Early modern > Americas,Americas,3,6.507274,0.48897606,88.02263658052442,81.63035437803806,2,0.7037593984962406,0.781203007518797,-20.233050894285828,83.03839350823895,3,0.040225563909774435,0.8774436090225564
2467,9248,Human history,Modern > Long nineteenth century,Long nineteenth century,3,7.641339,0.054466046,0.41604986216299156,5.593468552359289,2,0.17894736842105263,0.07894736842105263,7.3147401372853595,10.627342842633352,3,0.17894736842105263,0.13721804511278196
2468,9248,Human history,Modern > World wars,World wars,3,7.4868126,-0.407393,84.29321299140452,29.491725470969484,2,0.6860902255639098,0.37857142857142856,30.549555454790035,28.91574059409519,3,0.45526315789473687,0.4620300751879699
2469,9248,Human history,Modern > Contemporary history,Contemporary history,3,7.36545,-0.33356497,77.19891960248682,59.30235111195449,2,0.6552631578947369,0.6526315789473685,9.242167787036129,17.144592675085367,3,0.19849624060150375,0.2657894736842105
2470,9248,Human history,Academic research,Academic research,2,8.752031,1.982022,8.927034294696043,82.22018862778859,2,0.2131578947368421,0.7845864661654135,24.589510163052527,21.6098871854886,3,0.3827067669172932,0.34849624060150375
2471,9248,Human history,Academic research > Periodization,Periodization,3,8.051729,1.1513152,18.11029467588066,0.8265366300322956,2,0.26127819548872183,0.013157894736842105,3.2204585036110895,14.821730431723271,3,0.14285714285714285,0.21766917293233082
2472,9419,Modern era,Introduction,Introduction,0,8.485441,0.59624904,-78.45692986770266,21.127596333617426,2,0.02744360902255639,0.2729323308270677,-32.21404144065058,13.72432569750563,3,0.018421052631578946,0.19586466165413532
2473,9419,Modern era,Terminology,Terminology,2,8.407506,0.6060697,99.34952988416396,31.83967673734816,2,0.7522556390977444,0.4026315789473684,37.55325291894244,14.776569414849067,3,0.5345864661654135,0.2169172932330827
2474,9419,Modern era,Characteristics,Characteristics,2,8.511664,0.8510294,67.48544623443637,16.306413191123635,2,0.6011278195488722,0.20827067669172933,40.081396595854244,58.33997351079624,3,0.5612781954887218,0.768796992481203
2475,9419,Modern era,Early modern period > Late 15th to 17th century > Renaissance and early Reformation (c. 1450–1600),Renaissance and early Reformation (c. 1450–1600),4,8.519918,0.5601971,11.075008109632373,32.50519914289461,2,0.2244360902255639,0.412406015037594,-35.35621672202533,18.689337721586856,3,0.015037593984962405,0.29774436090225564
2476,9419,Modern era,Early modern period > Late 15th to 17th century > Late Reformation and early Baroque (c. 1600–1700),Late Reformation and early Baroque (c. 1600–1700),4,8.158446,-0.0542721,14.915376961568668,16.371307782058313,2,0.24586466165413534,0.2093984962406015,-16.87906552356937,20.689060237358607,3,0.0462406015037594,0.33270676691729323
2477,9419,Modern era,Early modern period > 18th century > Age of Enlightenment and Revolution (c. 1700–1800),Age of Enlightenment and Revolution (c. 1700–1800),4,7.9183726,0.124759234,21.251347682211374,34.9210588546243,2,0.2804511278195489,0.43796992481203006,-2.541865009673766,7.280247636580582,3,0.10639097744360902,0.0755639097744361
2478,9419,Modern era,19th century,19th century,2,7.914143,0.15397307,109.13912226104819,19.9283714248896,2,0.7898496240601504,0.256390977443609,46.581201727659824,17.483920582594113,3,0.6278195488721805,0.2733082706766917
2479,9419,Modern era,19th century > Napoleonic era (1799–1815),Napoleonic era (1799–1815),3,7.946599,0.14481688,98.90947146708544,63.0273056217636,2,0.75,0.6706766917293233,65.99252678258769,46.5055519853885,3,0.7631578947368421,0.6763157894736842
2480,9419,Modern era,19th century > Spreading of the Industrial Revolution,Spreading of the Industrial Revolution,3,7.8512836,0.082184084,97.26260032299881,63.29322452431856,2,0.7447368421052631,0.6721804511278195,66.34854889109556,25.825648402431217,3,0.7657894736842106,0.412781954887218
2481,9419,Modern era,19th century > Late 19th century,Late 19th century,3,7.3560805,0.3097893,-1.5196355182288581,42.45454431428604,2,0.17067669172932332,0.5093984962406015,28.45828301032701,17.54434035917726,3,0.4319548872180451,0.2744360902255639
2482,9419,Modern era,20th century,20th century,2,7.309203,-0.027369691,-41.85898773196904,60.95488352478377,2,0.06578947368421052,0.6616541353383458,16.857964260695983,88.103987374011,3,0.28233082706766915,0.8932330827067669
2483,9419,Modern era,20th century > World War I,World War I,3,7.506101,-0.40535977,-90.2538491555106,203.1466056840862,2,0.021052631578947368,0.9827067669172932,104.98069460649968,162.66148203862272,3,0.9030075187969925,0.9887218045112782
2484,9419,Modern era,20th century > Interwar period,Interwar period,3,7.4405136,-0.38458842,37.30871905646653,33.612003349657556,2,0.3962406015037594,0.425187969924812,67.9562163517709,14.099661579498886,3,0.775187969924812,0.20225563909774436
2485,9419,Modern era,20th century > World War II,World War II,3,7.479386,-0.42112115,47.54028901646757,12.811995514706274,2,0.46766917293233085,0.1612781954887218,40.6091949041058,43.05658688130868,3,0.5665413533834587,0.6409774436090225
2486,9419,Modern era,20th century > Cold War,Cold War,3,7.353371,-0.24541454,89.29130096125935,12.514501338887722,2,0.7135338345864661,0.15676691729323308,57.00195201625854,26.044507665107545,3,0.7146616541353383,0.41616541353383457
2487,9419,Modern era,Post–Cold War era > 1990s,1990s,3,7.326977,-0.119100235,57.355287866496425,0.3965505855013878,2,0.5293233082706766,0.006390977443609023,13.062629915013183,10.397482733751286,3,0.23609022556390977,0.12969924812030076
2488,9419,Modern era,Other sources,Other sources,2,8.512513,0.6798783,88.04587265542153,30.203541947834626,2,0.7045112781954888,0.3849624060150376,-4.890661021686641,8.172763054778049,3,0.09210526315789473,0.09097744360902256
2489,9539,Philosophy,Introduction,Introduction,0,7.5455446,3.9916723,109.62950645979953,85.89362848817458,2,0.7917293233082707,0.7984962406015037,-7.917710102384263,24.220274556629455,3,0.07819548872180451,0.38609022556390976
2490,9539,Philosophy,Etymology,Etymology,2,6.9966545,4.044828,99.18129152290345,76.8244148194576,2,0.7518796992481203,0.7567669172932331,-13.626254326025174,67.86947528284459,3,0.05526315789473684,0.8203007518796992
2491,9539,Philosophy,Conceptions of philosophy > General conception,General conception,3,7.8883014,4.0676346,73.11798315255577,31.239150493054886,2,0.6338345864661654,0.3962406015037594,31.093632088574072,33.72108124232935,3,0.4616541353383459,0.5390977443609023
2492,9539,Philosophy,Conceptions of philosophy > Academic definitions,Academic definitions,3,8.175321,4.155135,70.67848437412478,89.21831899500796,2,0.6221804511278195,0.812406015037594,0.8369733333874289,36.986486576687604,3,0.12518796992481204,0.574812030075188
2493,9539,Philosophy,History,History,2,7.468226,3.781361,12.191953940872652,20.431265554122156,2,0.23045112781954888,0.26090225563909775,52.480979475072765,28.40263418572486,3,0.6774436090225564,0.45263157894736844
2494,9539,Philosophy,History > Western,Western,3,7.2125564,3.7183285,65.87164223224396,42.037462623407876,2,0.5857142857142857,0.5060150375939849,1.687647761798554,17.485148215013865,3,0.1319548872180451,0.2736842105263158
2495,9539,Philosophy,History > Arabic–Persian,Arabic–Persian,3,7.272441,3.7586696,60.86374314185107,74.8219748776101,2,0.5522556390977443,0.7466165413533835,6.971995585651819,18.342073051747047,3,0.17669172932330826,0.29097744360902256
2496,9539,Philosophy,History > Indian,Indian,3,7.098428,3.4700854,55.967122816234124,49.318846133730155,2,0.5218045112781955,0.5714285714285714,5.011409731731077,15.702269207326731,3,0.1556390977443609,0.23796992481203008
2497,9539,Philosophy,History > Chinese,Chinese,3,7.270033,3.5701761,151.00559213657823,117.65167427501945,2,0.8894736842105263,0.8969924812030076,-16.58338847733666,13.581405879195042,3,0.046992481203007516,0.19285714285714287
2498,9539,Philosophy,History > Other traditions,Other traditions,3,7.26465,3.5564778,106.9361170003949,76.70341779380259,2,0.7834586466165413,0.7556390977443609,21.082968667095688,11.073399389320631,3,0.33646616541353386,0.1424812030075188
2499,9539,Philosophy,Core branches,Core branches,2,7.775869,4.1371245,81.1583730989887,53.4314763548242,2,0.6740601503759398,0.6090225563909775,2.826391890034936,80.55177020967726,3,0.13984962406015036,0.8650375939849624
2500,9539,Philosophy,Core branches > Epistemology,Epistemology,3,8.4452915,3.6541681,76.99747476178707,30.69773510903841,2,0.6537593984962407,0.3924812030075188,36.32891244094391,17.50710723393474,3,0.5218045112781955,0.27406015037593984
2501,9539,Philosophy,Core branches > Ethics,Ethics,3,7.9026194,3.836732,127.95220942599818,132.01530955312674,2,0.8473684210526315,0.9203007518796993,43.78684447262331,50.79641412535053,3,0.6011278195488722,0.7154135338345865
2502,9539,Philosophy,Core branches > Logic,Logic,3,9.65954,6.9446464,41.166311606601234,3.4959197828911153,2,0.42406015037593986,0.05112781954887218,8.657598520275636,5.440043382845233,3,0.18984962406015038,0.04586466165413534
2503,9539,Philosophy,Core branches > Metaphysics,Metaphysics,3,7.806457,4.155044,144.26425145383988,143.9069116851587,2,0.8796992481203008,0.9390977443609022,52.52030118290123,62.550720131315096,3,0.6781954887218045,0.7962406015037594
2504,9539,Philosophy,Core branches > Other major branches,Other major branches,3,7.841893,4.121774,84.64889844184466,78.67845726284648,2,0.6887218045112782,0.7672932330827068,27.023465629008996,38.20591552918976,3,0.4116541353383459,0.5883458646616542
2505,9539,Philosophy,Methods,Methods,2,8.20587,4.212817,42.23957511838775,28.8372805703671,2,0.431203007518797,0.3695488721804511,26.79842304335646,25.994605583279743,3,0.40864661654135337,0.41541353383458646
2506,9539,Philosophy,Relation to other fields,Relation to other fields,2,7.822393,4.0770283,59.85324667818051,28.68918902637517,2,0.5477443609022556,0.3676691729323308,26.408442425311716,19.005118240821215,3,0.40075187969924814,0.30451127819548873
2507,9636,Religion,Introduction,Introduction,0,6.805689,2.9753537,40.81323094743866,48.27588716052252,2,0.42218045112781954,0.5605263157894737,38.893973018344106,29.626978341347023,3,0.55,0.47518796992481205
2508,9636,Religion,"Etymology and history of the concept of ""religion"" > Etymology",Etymology,3,6.7700367,3.355249,69.54212080246623,58.89588863588181,2,0.6127819548872181,0.65,42.520891513348424,77.94810467220425,3,0.587593984962406,0.8571428571428571
2509,9636,Religion,"Etymology and history of the concept of ""religion"" > Etymology > Religiō",Religiō,4,6.7294354,3.3550305,-12.102274218947054,59.48764535616373,2,0.1330827067669173,0.6537593984962407,59.9759456893734,36.03625099953012,3,0.7285714285714285,0.5639097744360902
2510,9636,Religion,"Etymology and history of the concept of ""religion"" > Etymology > Threskeia",Threskeia,4,6.639475,3.3805647,-28.24550758158449,272.0442479323549,2,0.09172932330827067,0.9958646616541353,110.6758951252583,49.70877424400305,3,0.9172932330827067,0.7075187969924812
2511,9636,Religion,"Etymology and history of the concept of ""religion"" > History of the concept of ""religion""","History of the concept of ""religion""",3,6.826707,3.1678576,31.674897153037715,48.7234361644991,2,0.35827067669172935,0.5642857142857143,51.40030166853339,44.25464624905104,3,0.6665413533834587,0.6548872180451127
2512,9636,Religion,"Etymology and history of the concept of ""religion"" > History of the concept of ""religion"" > History of ""nonreligion"" and ""secular""","History of ""nonreligion"" and ""secular""",4,6.9040394,3.155263,81.93810417537733,75.19845569322791,2,0.6793233082706767,0.7488721804511278,4.954101656983339,26.547626465477055,3,0.15526315789473685,0.42293233082706766
2513,9636,Religion,Definition > Modern Western,Modern Western,3,6.905767,3.1830497,12.029728248454063,32.23596348683849,2,0.22932330827067668,0.4093984962406015,42.111827585847074,7.9590284773031,3,0.5845864661654135,0.0868421052631579
2514,9636,Religion,Definition > Classical,Classical,3,6.862929,3.2639484,151.05195005553026,10.354467836408922,2,0.8906015037593985,0.13082706766917293,94.37642753930622,41.57004163723564,3,0.8748120300751879,0.6285714285714286
2515,9636,Religion,Aspects > Beliefs,Beliefs,3,6.9547496,3.1616893,324.5326010638597,30.48217983514734,2,0.98796992481203,0.387593984962406,243.17893799304343,92.16031255154732,3,0.9962406015037594,0.9056390977443609
2516,9636,Religion,Aspects > Mythology,Mythology,3,6.53985,3.1140015,113.62196006567986,32.16901723413437,2,0.8037593984962406,0.40827067669172934,70.59085385342519,29.603970861570385,3,0.7924812030075188,0.47368421052631576
2517,9636,Religion,Aspects > Practices,Practices,3,6.8182445,3.0084183,355.76225377416165,226.2403379768137,2,0.9921052631578947,0.9887218045112782,226.2128087458581,73.68674953420398,3,0.9932330827067669,0.8417293233082707
2518,9636,Religion,Academic study,Academic study,2,6.977825,3.1920683,-27.445811296783745,62.979504615078085,2,0.0924812030075188,0.6703007518796993,37.02569250008904,81.42349351484953,3,0.5289473684210526,0.868796992481203
2519,9636,Religion,Academic study > Theories,Theories,3,6.9662075,3.1258037,967.1836384792474,103.40956639853836,2,1.0,0.8597744360902255,443.55868252334363,160.6459968152037,3,1.0,0.987593984962406
2520,9636,Religion,Academic study > Theories > Origins and development,Origins and development,4,6.9606743,3.1482596,147.02522023197068,77.25830030014555,2,0.8842105263157894,0.7586466165413533,87.8660244920041,41.468740103626004,3,0.856015037593985,0.6278195488721805
2521,9636,Religion,Academic study > Theories > Cultural system,Cultural system,4,6.9320807,3.1940782,30.588293494343795,74.75026384473638,2,0.3518796992481203,0.7454887218045113,89.16852048939542,57.953537004750935,3,0.8597744360902255,0.7657894736842106
2522,9636,Religion,Academic study > Theories > Social constructionism,Social constructionism,4,6.9237413,3.1773386,120.39708892456811,178.56418959247742,2,0.8281954887218045,0.9710526315789474,36.742944269396666,28.530077714638622,3,0.5259398496240602,0.4545112781954887
2523,9636,Religion,Academic study > Theories > Cognitive science,Cognitive science,4,8.32703,4.4589972,1.8392541219031138,69.78032389972847,2,0.18233082706766918,0.7135338345864661,38.206689477601024,70.907921889273,3,0.5417293233082707,0.8330827067669173
2524,9636,Religion,Academic study > Comparativism,Comparativism,3,6.811385,3.051648,128.38479173398406,34.796654854685244,2,0.850375939849624,0.43609022556390975,49.591765043441654,25.540577253477153,3,0.6541353383458647,0.4052631578947368
2525,9636,Religion,Classification,Classification,2,6.9295363,3.1800966,141.56889360929213,45.13666224810684,2,0.8751879699248121,0.5345864661654135,151.87517568450573,42.653116902810694,3,0.968421052631579,0.6383458646616541
2526,9636,Religion,Classification > Morphological classification,Morphological classification,3,6.8165617,3.076873,-6.516993660653533,178.0081548877991,2,0.15150375939849625,0.9703007518796992,142.1328639108036,105.69268649206744,3,0.9605263157894737,0.9390977443609022
2527,9636,Religion,Classification > Demographic classification,Demographic classification,3,6.63547,2.6441329,-16.11499764086603,12.847773926917789,2,0.12218045112781954,0.1620300751879699,8.99319500055892,22.517368544294904,3,0.19323308270676692,0.3612781954887218
2528,9636,Religion,Specific religions > Abrahamic > Judaism,Judaism,4,6.642976,2.865431,17.03237970148364,109.20269541451933,2,0.2548872180451128,0.8770676691729323,102.18621722534424,70.21689905769256,3,0.8977443609022556,0.8304511278195489
2529,9636,Religion,Specific religions > Abrahamic > Christianity,Christianity,4,6.583867,2.8289342,38.65520846206462,22.16252053214369,2,0.4041353383458647,0.2883458646616541,55.27172579199905,31.358831249304675,3,0.7003759398496241,0.5015037593984962
2530,9636,Religion,Specific religions > Abrahamic > Islam,Islam,4,6.547388,2.8425732,-57.94617781544662,67.94582206196883,2,0.045112781954887216,0.7022556390977444,13.213214945162946,61.51314306288164,3,0.23759398496240602,0.7909774436090226
2531,9636,Religion,Specific religions > Abrahamic > Other,Other,4,6.574523,2.9261286,55.983954585009826,28.459117749746675,2,0.5221804511278195,0.36541353383458647,-18.463119164508964,7.915793800195033,3,0.04360902255639098,0.08609022556390977
2532,9636,Religion,Specific religions > East Asian,East Asian,3,6.671327,3.025915,159.81536122735616,101.11046031959171,2,0.9075187969924812,0.8511278195488722,157.89005219996292,79.58705465885151,3,0.9718045112781954,0.8635338345864662
2533,9636,Religion,Specific religions > East Asian > Folk religions,Folk religions,4,6.634533,2.999985,92.3147552814749,48.0372063537632,2,0.7244360902255639,0.5582706766917294,36.428422937825204,24.54579300715441,3,0.5236842105263158,0.39097744360902253
2534,9636,Religion,Specific religions > Indian religions,Indian religions,3,6.6646137,3.0206964,406.61327229449796,152.48642485949463,2,0.9962406015037594,0.9484962406015037,361.9674626996173,64.47485792285588,3,0.999624060150376,0.8067669172932331
2535,9636,Religion,Specific religions > Indian religions > Hinduism,Hinduism,4,6.593131,3.0627155,-26.02642140004503,29.50602992120876,2,0.09586466165413533,0.37894736842105264,13.281297634714269,76.83137674024702,3,0.23796992481203008,0.8533834586466166
2536,9636,Religion,Specific religions > Indian religions > Jainism,Jainism,4,6.7698164,3.1489851,125.4441979165343,5.786503161146529,2,0.8390977443609022,0.07969924812030076,41.97946613605523,41.72175487634102,3,0.5819548872180451,0.6304511278195488
2537,9636,Religion,Specific religions > Indian religions > Buddhism,Buddhism,4,6.8419957,3.0289116,47.35299913071778,2.9885046076849764,2,0.46691729323308273,0.04285714285714286,59.48684708361236,14.669589105287805,3,0.7255639097744361,0.21428571428571427
2538,9636,Religion,Specific religions > Indian religions > Sikhism,Sikhism,4,6.621091,2.8993042,44.63300200061137,21.013698902194726,2,0.4473684210526316,0.26879699248120303,140.97227623246178,38.00288123895508,3,0.9593984962406015,0.5864661654135338
2539,9636,Religion,Specific religions > Indigenous and folk,Indigenous and folk,3,6.6236467,2.8571692,26.03631941669923,103.24798027078144,2,0.32105263157894737,0.8590225563909775,104.54713814341568,103.97555822289259,3,0.9026315789473685,0.9345864661654135
2540,9636,Religion,Specific religions > Traditional African,Traditional African,3,6.5558114,2.8034425,92.4159205889521,12.52664292982875,2,0.725187969924812,0.15714285714285714,23.557614819053057,63.49787719931434,3,0.37180451127819547,0.8011278195488721
2541,9636,Religion,Specific religions > Iranian,Iranian,3,6.5827723,2.9039164,40.02823905324811,68.95697824164913,2,0.4142857142857143,0.7071428571428572,24.176091024479746,58.51961902779066,3,0.3763157894736842,0.7699248120300752
2542,9636,Religion,Specific religions > New religious movements,New religious movements,3,6.57505,3.0316975,76.86683880626346,3.823338019937439,2,0.6530075187969925,0.05714285714285714,48.468619767057504,3.568274351232978,3,0.6417293233082707,0.017669172932330827
2543,9636,Religion,Related aspects > Law,Law,3,7.0407047,3.0701168,60.21784544892769,28.26476694240187,2,0.5488721804511278,0.3631578947368421,-7.071664202284083,49.247156505525304,3,0.0830827067669173,0.7033834586466166
2544,9636,Religion,Related aspects > Science,Science,3,6.881149,3.2657082,57.702637252179855,37.155847108235605,2,0.5319548872180451,0.45714285714285713,157.7041437015458,159.67340518953642,3,0.9714285714285714,0.987218045112782
2545,9636,Religion,Related aspects > Morality,Morality,3,7.1594996,3.3266737,100.42449513361669,76.74390745048596,2,0.7575187969924813,0.7560150375939849,47.28774646786115,61.48637069524417,3,0.6334586466165414,0.7906015037593985
2546,9636,Religion,Related aspects > Politics > Impact,Impact,4,6.6720815,2.606087,40.78729373546727,0.1352748195978392,2,0.42142857142857143,0.0011278195488721805,11.947434646994665,104.70070375520126,3,0.22406015037593985,0.9364661654135338
2547,9636,Religion,Related aspects > Politics > Secularism,Secularism,4,6.883218,2.9429517,96.22246394174381,148.80327602383105,2,0.7394736842105263,0.9451127819548872,214.39396896376763,82.08537108219349,3,0.9917293233082707,0.8714285714285714
2548,9636,Religion,Related aspects > Economics,Economics,3,6.7120457,2.7172346,60.90096125190399,69.20849686084506,2,0.5526315789473685,0.7101503759398496,103.28615918796739,34.88631572936324,3,0.9,0.5503759398496241
2549,9636,Religion,Related aspects > Health,Health,3,6.9815183,3.186591,44.319171434996846,165.54305892154198,2,0.4462406015037594,0.9624060150375939,110.92620062389558,122.3317401955319,3,0.9176691729323309,0.9642857142857143
2550,9636,Religion,Related aspects > Violence,Violence,3,6.992337,3.1579893,62.17529240332368,1.4416528852659976,2,0.5620300751879699,0.02330827067669173,21.907980786926306,94.77689854587632,3,0.34661654135338343,0.9109022556390978
2551,9636,Religion,Related aspects > Superstition,Superstition,3,6.6517777,3.419348,90.16400487475602,73.51254673004827,2,0.7161654135338346,0.73796992481203,64.75659111162851,53.080961294954584,3,0.7556390977443609,0.7281954887218045
2552,9636,Religion,Related aspects > Agnosticism and atheism,Agnosticism and atheism,3,6.788377,3.1306636,99.88565017879819,46.97765346728871,2,0.7548872180451128,0.5481203007518797,83.57003366477022,48.731320017485004,3,0.843609022556391,0.6988721804511279
2553,9636,Religion,Related aspects > Interfaith cooperation,Interfaith cooperation,3,6.9217253,3.1148753,-17.720252737181077,182.45624305097706,2,0.11616541353383458,0.9736842105263158,39.422871428154956,132.08980571072212,3,0.5552631578947368,0.9703007518796992
2554,9636,Religion,Related aspects > Culture,Culture,3,6.9388623,3.0967352,92.8487624030846,116.61489095755448,2,0.7266917293233083,0.8943609022556391,20.503450526923398,16.705789150566257,3,0.32894736842105265,0.2571428571428571
2555,9697,Science,Introduction,Introduction,0,6.8456473,4.8181005,31.39681866536379,19.73371361067495,2,0.35676691729323307,0.2548872180451128,44.95870063458454,48.19408843944528,3,0.6127819548872181,0.6921052631578948
2556,9697,Science,Etymology,Etymology,2,6.8600297,4.1251745,228.13178005993635,128.1287580452127,2,0.9642857142857143,0.9146616541353384,51.69619329892777,52.743758148365,3,0.6703007518796993,0.7266917293233083
2557,9697,Science,History > Early history,Early history,3,6.531703,4.396271,-1.0472225259310899,1.6267394222946536,2,0.17218045112781954,0.02706766917293233,55.32541298056251,55.47798434382905,3,0.7011278195488722,0.7473684210526316
2558,9697,Science,History > Classical antiquity,Classical antiquity,3,5.269913,4.5255756,24.039717713984583,39.133158894267545,2,0.30526315789473685,0.4778195488721805,15.62094294601174,47.790060353260635,3,0.26954887218045115,0.6887218045112782
2559,9697,Science,History > Middle Ages,Middle Ages,3,6.0894904,4.3384066,75.66441058641087,54.017605165374505,2,0.6469924812030076,0.6154135338345864,-3.4340819367472286,99.63193258453121,3,0.10075187969924812,0.9266917293233082
2560,9697,Science,History > Renaissance,Renaissance,3,5.6097198,4.6513386,111.3340063997763,42.927670009340396,2,0.7977443609022556,0.5150375939849624,65.03872005293523,13.299824983747362,3,0.7567669172932331,0.18796992481203006
2561,9697,Science,History > Age of Enlightenment,Age of Enlightenment,3,5.9277782,4.4032545,-47.68478048373693,21.233981615988014,2,0.05827067669172932,0.27669172932330827,48.598136117655486,28.25774936537559,3,0.6424812030075188,0.45037593984962404
2562,9697,Science,History > 19th century,19th century,3,5.2401223,5.296088,2.1266406503470794,16.790312159911572,2,0.18421052631578946,0.21541353383458647,12.886746004272231,17.96264255558482,3,0.23345864661654137,0.2808270676691729
2563,9697,Science,History > 20th century,20th century,3,7.1705256,0.08671675,-1.9580292725391262,21.00340330682145,2,0.16842105263157894,0.26842105263157895,28.586398972861186,27.584198344901438,3,0.4330827067669173,0.43834586466165415
2564,9697,Science,History > 21st century,21st century,3,3.6163917,5.964832,66.90189457720525,18.55140426690728,2,0.5943609022556391,0.23909774436090225,22.660981686485826,25.91231835810988,3,0.3586466165413534,0.4139097744360902
2565,9697,Science,Branches,Branches,2,6.8958735,4.7697763,133.75971224267187,155.50287613275296,2,0.8590225563909775,0.9526315789473684,107.84038132130422,64.13508965954026,3,0.9109022556390978,0.8048872180451128
2566,9697,Science,Branches > Natural,Natural,3,6.661913,4.7733526,-9.323306518909654,75.9326594870018,2,0.14210526315789473,0.7526315789473684,50.67401018054232,58.15227525309542,3,0.6612781954887218,0.7672932330827068
2567,9697,Science,Branches > Social,Social,3,8.052182,4.6970325,137.192540541568,56.38350598324657,2,0.8665413533834586,0.6319548872180452,59.80563396753623,39.01889461137706,3,0.7274436090225563,0.600375939849624
2568,9697,Science,Branches > Formal,Formal,3,9.279669,7.0060873,-40.70421828798508,118.4066376290168,2,0.06804511278195488,0.8992481203007519,12.509304629406449,101.97590799516342,3,0.22969924812030076,0.9304511278195489
2569,9697,Science,Branches > Applied,Applied,3,6.944334,4.8951955,217.79396962656284,71.86469267508608,2,0.9601503759398496,0.7293233082706767,81.95560527541979,38.22948828997059,3,0.837593984962406,0.5887218045112782
2570,9697,Science,Branches > Computational,Computational,3,7.8249917,6.943795,-255.88480081790937,254.80400531189207,2,0.0015037593984962407,0.9936090225563909,8.995816018535109,30.35995674184133,3,0.19360902255639098,0.4860902255639098
2571,9697,Science,Branches > Interdisciplinary,Interdisciplinary,3,6.739572,4.7683725,305.1630095627999,315.4438306552418,2,0.9849624060150376,0.9984962406015038,73.62541872797571,123.4573494187529,3,0.8033834586466165,0.9654135338345865
2572,9697,Science,Research,Research,2,6.9714365,5.02437,637.2588667187058,91.5175115952047,2,0.9992481203007518,0.8225563909774436,208.92653055898606,5.529262489262914,3,0.9909774436090225,0.04774436090225564
2573,9697,Science,Research > Scientific method,Scientific method,3,7.9051175,5.53352,-78.79967743259412,10.816128767613042,2,0.02669172932330827,0.13759398496240602,9.6280917019602,6.448360815923625,3,0.20225563909774436,0.061654135338345864
2574,9697,Science,Research > Literature,Literature,3,7.2016273,4.9548388,88.6950741622324,38.752196669499845,2,0.7082706766917293,0.47330827067669173,53.104247400789205,16.064593092812522,3,0.6819548872180451,0.24360902255639097
2575,9697,Science,Research > Challenges,Challenges,3,8.182005,5.1098433,-22.76298981517977,79.61576971543977,2,0.10451127819548872,0.7721804511278195,-10.098748249301126,20.978266973370783,3,0.07030075187969925,0.3368421052631579
2576,9697,Science,Philosophy,Philosophy,2,8.183443,4.319888,30.340125088803923,10.552578442419858,2,0.35075187969924815,0.13270676691729325,20.668537475052894,18.33565542787366,3,0.3300751879699248,0.29060150375939847
2577,9697,Science,Community,Community,2,7.145269,5.0379524,200.6168249977884,38.73156446432325,2,0.9515037593984963,0.47293233082706765,146.99730402461114,61.35921575758352,3,0.9646616541353383,0.7890977443609023
2578,9697,Science,Community > Scientists,Scientists,3,7.0212812,5.0258136,23.44769651932088,35.7987210906946,2,0.3,0.44661654135338347,62.229059865813404,19.774558004664286,3,0.7413533834586467,0.3169172932330827
2579,9697,Science,Community > Learned societies,Learned societies,3,7.019386,5.0184,-84.54468427967126,0.21418796806320806,2,0.02368421052631579,0.004135338345864661,13.515032831809842,47.697140365188396,3,0.24097744360902257,0.687218045112782
2580,9697,Science,Community > Awards,Awards,3,6.9773164,5.0111866,111.35147819115312,21.403934946611038,2,0.7981203007518797,0.2808270676691729,130.36018289771542,127.81792933125844,3,0.9496240601503759,0.9672932330827068
2581,9697,Science,Society > Funding and policies,Funding and policies,3,7.355887,5.019108,80.010249449915,24.600357853524628,2,0.6687969924812031,0.3176691729323308,68.55799257837866,53.522746368034525,3,0.7789473684210526,0.7323308270676692
2582,9697,Science,Society > Education and awareness,Education and awareness,3,9.017076,3.3189456,-157.46468966128043,75.35907766544034,2,0.004135338345864661,0.749624060150376,14.940250480077808,67.24168411753104,3,0.26203007518796995,0.8191729323308271
2583,9697,Science,Society > Anti-science attitudes,Anti-science attitudes,3,8.0497675,5.0521073,73.50591667084002,3.1124547102235947,2,0.6353383458646616,0.04548872180451128,20.757358065519714,15.51382408584488,3,0.3319548872180451,0.23308270676691728
2584,9697,Science,Society > Politics,Politics,3,7.7638245,5.021778,-20.776618653222116,49.28040140555891,2,0.11015037593984962,0.5703007518796992,-2.4176745276023985,47.251374013435154,3,0.10751879699248121,0.6827067669172933
2585,9752,Society,Introduction,Introduction,0,9.151913,-0.5805864,51.42491039881897,43.74706939200565,2,0.493609022556391,0.5240601503759399,38.19248863737293,66.25578829302668,3,0.5413533834586466,0.8139097744360902
2586,9752,Society,Etymology and usage,Etymology and usage,2,8.999486,-0.6175498,-12.486827476419327,7.965613729321938,2,0.131203007518797,0.10150375939849623,-18.797490996645358,19.479664822839958,3,0.043233082706766915,0.31240601503759396
2587,9752,Society,Conceptions > In biology,In biology,3,8.785526,-0.4481063,168.27533815956065,135.3976032975948,2,0.9184210526315789,0.924812030075188,-4.444457666165998,64.44062697004014,3,0.09548872180451128,0.806390977443609
2588,9752,Society,Conceptions > In sociology,In sociology,3,8.882398,-0.8540284,114.15975871109981,17.46419660027567,2,0.8067669172932331,0.22255639097744362,61.58643914991384,35.82569691654588,3,0.7387218045112782,0.562406015037594
2589,9752,Society,Conceptions > In sociology > Functionalism,Functionalism,4,8.971512,-0.7637877,113.66487938525529,60.787612687950016,2,0.8048872180451128,0.6609022556390978,50.34771907249901,27.993581928592825,3,0.6597744360902256,0.44360902255639095
2590,9752,Society,Conceptions > In sociology > Conflict theory,Conflict theory,4,8.614846,-0.9556071,132.13279885696102,90.87804855201283,2,0.8552631578947368,0.8199248120300752,69.90483222383706,99.27614066797918,3,0.7890977443609023,0.925187969924812
2591,9752,Society,Conceptions > In sociology > Symbolic interactionism,Symbolic interactionism,4,9.001723,-0.64461744,-44.606161480712075,25.512448968024742,2,0.060526315789473685,0.3263157894736842,51.429721999632996,171.87764660653008,3,0.6669172932330827,0.9909774436090225
2592,9752,Society,Conceptions > In sociology > Non-Western views,Non-Western views,4,8.890745,-0.86142355,58.767820185728404,44.52185349037588,2,0.5379699248120301,0.5304511278195488,-10.421416208645974,24.115902515204063,3,0.06842105263157895,0.38421052631578945
2593,9752,Society,Types,Types,2,8.663354,-0.047013514,119.50272642492615,121.84684069678406,2,0.825187969924812,0.9067669172932331,64.11873864200712,30.511661907728705,3,0.7511278195488722,0.48947368421052634
2594,9752,Society,Types > Pre-industrial,Pre-industrial,3,8.505563,-0.11866344,127.4167565953648,78.27468285379335,2,0.8466165413533835,0.7650375939849624,51.655990319614766,69.83363777093447,3,0.6691729323308271,0.8278195488721805
2595,9752,Society,Types > Pre-industrial > Hunting and gathering,Hunting and gathering,4,8.512587,-0.20404392,30.651626372210767,62.57049937301952,2,0.3526315789473684,0.6676691729323309,-51.36316241062914,43.46371531401259,3,0.006015037593984963,0.6447368421052632
2596,9752,Society,Types > Pre-industrial > Pastoral,Pastoral,4,8.488618,-0.25993714,282.1999835628998,181.93997189135902,2,0.9796992481203007,0.9729323308270676,74.78016816020289,68.9717480034526,3,0.8105263157894737,0.8244360902255639
2597,9752,Society,Types > Pre-industrial > Horticultural,Horticultural,4,8.471094,-0.16426885,57.231055375172126,61.855778700361235,2,0.5281954887218046,0.6654135338345865,0.49080108345099366,6.57979725940709,3,0.12255639097744361,0.06353383458646616
2598,9752,Society,Types > Pre-industrial > Agrarian,Agrarian,4,8.488716,-0.10462391,115.44159972031139,139.95680067000566,2,0.8109022556390978,0.9330827067669173,33.01411769416479,97.68261118850508,3,0.48909774436090225,0.9210526315789473
2599,9752,Society,Types > Industrial,Industrial,3,8.453926,-0.03636704,155.8147692474068,131.81692954303637,2,0.8992481203007519,0.9199248120300751,16.599477644215167,46.73064899570003,3,0.2796992481203007,0.6789473684210526
2600,9752,Society,Types > Post-industrial,Post-industrial,3,8.719745,-0.044416618,170.18674917024657,41.387138821408236,2,0.9210526315789473,0.5011278195488722,101.32722077253781,69.77733623443302,3,0.893609022556391,0.8270676691729323
2601,9752,Society,Types > Post-industrial > Information,Information,4,8.934573,-0.1465323,30.138994064983194,40.25007407491789,2,0.34849624060150375,0.4868421052631579,31.417429389379862,38.68838598385397,3,0.46729323308270676,0.5954887218045113
2602,9752,Society,Types > Post-industrial > Knowledge,Knowledge,4,8.833119,-0.04471462,171.61384337422902,68.68284212157425,2,0.9233082706766917,0.705639097744361,131.1676832195645,109.66768793507133,3,0.9507518796992481,0.943984962406015
2603,9752,Society,Characteristics > Norms and roles,Norms and roles,3,9.173092,-0.67934734,166.32196693797113,138.2144880271871,2,0.9161654135338346,0.9289473684210526,47.29906426106152,109.85138930790941,3,0.6338345864661654,0.9451127819548872
2604,9752,Society,Characteristics > Gender and kinship,Gender and kinship,3,9.73483,-1.1903592,53.43240474720672,4.039009570436467,2,0.5060150375939849,0.05902255639097744,118.8510328849071,47.63677639873861,3,0.9323308270676691,0.6857142857142857
2605,9752,Society,Characteristics > Ethnicity,Ethnicity,3,9.102123,-0.6729245,-74.48733189788048,94.76128443176252,2,0.03045112781954887,0.8323308270676691,6.66490755345463,117.58039225821281,3,0.17330827067669172,0.9571428571428572
2606,9752,Society,Characteristics > Government and politics,Government and politics,3,8.149494,-1.7354902,65.90931824299778,3.002512817185929,2,0.5868421052631579,0.043233082706766915,23.05812637276127,33.25509848737998,3,0.3650375939849624,0.531578947368421
2607,9752,Society,Characteristics > Trade and economics,Trade and economics,3,7.0060782,-0.13397391,200.2238937126258,53.640525259173806,2,0.9511278195488722,0.6120300751879699,70.09092325500728,81.03459845880133,3,0.7902255639097744,0.8669172932330828
2608,9752,Society,Characteristics > Conflict,Conflict,3,7.9166512,-0.626145,45.338723502190284,16.50554901342336,2,0.45338345864661656,0.21090225563909776,23.364965295809355,6.919809567609728,3,0.3684210526315789,0.06879699248120301
2609,9861,The arts,Introduction,Introduction,0,10.846576,0.8009195,69.39975731330742,13.374814607347027,2,0.6116541353383459,0.16842105263157894,20.79139048118132,30.695071078872843,3,0.3323308270676692,0.4917293233082707
2610,9861,The arts,Definition,Definition,2,10.847844,0.7118544,52.849752377553116,26.74159625852187,2,0.5018796992481203,0.33909774436090223,39.03513769683754,26.48460804380995,3,0.5526315789473685,0.42218045112781954
2611,9861,The arts,History and classifications,History and classifications,2,10.626685,0.52228713,-33.47720441493552,198.42429110957372,2,0.0793233082706767,0.9815789473684211,-13.06853385846199,110.53598835052738,3,0.05827067669172932,0.9466165413533835
2612,9861,The arts,History and classifications > Classifications,Classifications,3,10.879489,0.8967344,-26.49585651215234,96.37186750858825,2,0.09398496240601503,0.8383458646616542,-24.98993532986246,66.65134903954925,3,0.02819548872180451,0.8157894736842105
2613,9861,The arts,Visual arts,Visual arts,2,10.874435,0.59760225,66.53068401494228,5.277325980442994,2,0.5921052631578947,0.07518796992481203,-4.78035046735229,42.1307950073362,3,0.09323308270676692,0.6327067669172932
2614,9861,The arts,Visual arts > Architecture,Architecture,3,10.61361,-0.030242994,-44.43377537821666,49.41492542333544,2,0.06090225563909774,0.5729323308270676,21.576747436323675,59.53348001922939,3,0.3424812030075188,0.7766917293233083
2615,9861,The arts,Visual arts > Ceramic art,Ceramic art,3,10.848806,0.57279426,30.1755826505259,90.21954422553931,2,0.34924812030075186,0.8176691729323309,-4.403426629408105,34.00271496692111,3,0.09586466165413533,0.5428571428571428
2616,9861,The arts,Visual arts > Conceptual art,Conceptual art,3,10.79938,0.6179113,12.284666952422295,2.412442516071372,2,0.231203007518797,0.035338345864661655,47.10844575955766,20.85991558668828,3,0.6330827067669172,0.3357142857142857
2617,9861,The arts,Visual arts > Drawing,Drawing,3,10.774009,0.6797953,-81.71849142274608,27.786276563496596,2,0.02556390977443609,0.35639097744360904,-8.66648758454207,50.75497472464739,3,0.07481203007518797,0.7150375939849624
2618,9861,The arts,Visual arts > Painting,Painting,3,10.81127,0.60946393,-96.11003677897655,18.75609688024467,2,0.019172932330827067,0.24210526315789474,-0.04657781509914353,100.0701523622512,3,0.12030075187969924,0.9274436090225564
2619,9861,The arts,Visual arts > Photography,Photography,3,10.845684,0.69891435,-18.116688812788468,239.07495986500365,2,0.11428571428571428,0.9924812030075187,134.79830678804595,101.95905213638453,3,0.9541353383458646,0.9300751879699248
2620,9861,The arts,Visual arts > Sculpture,Sculpture,3,10.85115,0.54569805,-33.057641163065604,102.28059158760126,2,0.08045112781954887,0.8545112781954888,-43.89931570380444,44.89558746165441,3,0.009022556390977444,0.6605263157894737
2621,9861,The arts,Visual arts > Applied arts,Applied arts,3,10.877927,0.4153118,-75.21061086670476,80.71223424413687,2,0.03007518796992481,0.7766917293233083,19.598482024393576,158.89386730108222,3,0.31954887218045114,0.9868421052631579
2622,9861,The arts,Literary arts,Literary arts,2,10.409774,1.3192745,-38.750384338841556,118.43871078577796,2,0.07218045112781955,0.899624060150376,27.32827575851822,53.36267808958809,3,0.41654135338345866,0.7304511278195489
2623,9861,The arts,Performing arts,Performing arts,2,11.145249,1.0186003,-68.23503995891065,28.609922067101817,2,0.037218045112781956,0.3669172932330827,10.278440827151497,33.79616751319703,3,0.21052631578947367,0.5402255639097744
2624,9861,The arts,Performing arts > Dance,Dance,3,11.099159,0.98137915,-5.325463734331773,65.44795189448928,2,0.1556390977443609,0.6883458646616541,-45.55395055580404,51.102872580482945,3,0.008646616541353383,0.7172932330827068
2625,9861,The arts,Performing arts > Music,Music,3,11.748181,1.6237271,416.7230191990906,285.40306752349744,2,0.9966165413533835,0.9962406015037594,82.48750650088876,91.47170502002145,3,0.8383458646616542,0.9022556390977443
2626,9861,The arts,Performing arts > Theatre,Theatre,3,10.9870615,1.0392423,135.844726590137,30.71955186378322,2,0.8635338345864662,0.39285714285714285,139.66398820781546,30.728027484990964,3,0.9586466165413534,0.4928571428571429
2627,9861,The arts,Multidisciplinary artistic works,Multidisciplinary artistic works,2,11.112264,0.9611518,31.27711033726554,10.508232373862246,2,0.3556390977443609,0.13157894736842105,19.48353055820975,6.5039607087047315,3,0.3165413533834586,0.06315789473684211
2628,9861,The arts,Multidisciplinary artistic works > Video games,Video games,3,12.344091,0.16835688,33.32801172642976,28.646302527100442,2,0.3680451127819549,0.3672932330827068,43.001197106516734,23.24846029661233,3,0.5924812030075188,0.3725563909774436
2629,9861,The arts,Criticism,Criticism,2,10.7912445,0.7965682,-17.718270381674984,40.984936099905234,2,0.11654135338345864,0.49736842105263157,29.834691474639076,103.87546560358436,3,0.4473684210526316,0.9334586466165413
2630,9861,The arts,Education,Education,2,10.880641,0.8392234,153.20541783073625,13.708567165635568,2,0.8951127819548872,0.1736842105263158,131.64860237298365,12.676248294385875,3,0.9515037593984963,0.17443609022556392
2631,9861,The arts,Political and moral issues,Political and moral issues,2,8.6235075,-1.4010377,49.204360267043235,21.337462698959072,2,0.48082706766917294,0.2785714285714286,11.56402524075255,18.051926436783045,3,0.21917293233082707,0.28383458646616544
2632,9964,War,Introduction,Introduction,0,7.687219,-0.568187,76.04871416767787,33.455830118385826,2,0.6488721804511278,0.4236842105263158,37.88121072997205,20.507369337610275,3,0.5390977443609023,0.3300751879699248
2633,9964,War,Etymology,Etymology,2,5.8864417,3.6715653,58.988939900505386,170.7091270303125,2,0.5394736842105263,0.9661654135338346,116.53615419418584,74.37120552769024,3,0.9289473684210526,0.8451127819548873
2634,9964,War,History,History,2,7.868739,-0.52043194,106.66858923102794,93.20364244067034,2,0.781203007518797,0.8266917293233083,37.05443729169436,48.24858896381791,3,0.5300751879699248,0.6928571428571428
2635,9964,War,Types of warfare,Types of warfare,2,7.6149063,-0.50945705,-26.307765149762105,53.27727901894923,2,0.09511278195488722,0.6075187969924812,43.24666635691553,25.703430581449116,3,0.5958646616541353,0.4101503759398496
2636,9964,War,Aims > Classification,Classification,3,7.754817,-0.61961365,62.410011707099,36.01242757983886,2,0.5635338345864662,0.4488721804511278,35.79503803708758,41.44443496506919,3,0.5161654135338346,0.6270676691729323
2637,9964,War,Effects > Conflict zones,Conflict zones,3,7.6704135,-0.5374991,125.4559025720408,47.468313344250134,2,0.8394736842105263,0.5533834586466165,77.76976661133416,19.151870204714722,3,0.8218045112781955,0.3075187969924812
2638,9964,War,Effects > Casualties,Casualties,3,7.7117696,-0.5269712,100.32006184893243,52.20983381346218,2,0.7560150375939849,0.5981203007518797,44.003966468862224,48.60271268338066,3,0.6033834586466166,0.6981203007518797
2639,9964,War,Effects > Largest wars by death toll,Largest wars by death toll,3,7.5366983,-0.4574259,-123.06386065812771,103.10633277974915,2,0.011278195488721804,0.8586466165413534,24.56058860041607,32.632367360976225,3,0.3819548872180451,0.5221804511278195
2640,9964,War,Effects > On military personnel,On military personnel,3,7.539468,-0.43716064,-36.02953553927827,19.24473224888027,2,0.07631578947368421,0.24812030075187969,7.3936600835305955,34.962400172422754,3,0.17969924812030075,0.5515037593984963
2641,9964,War,Effects > On civilians,On civilians,3,7.5538316,-0.45234513,61.26904903921444,44.189336577095716,2,0.5552631578947368,0.5281954887218046,5.333870920076009,35.46906354631182,3,0.1586466165413534,0.5578947368421052
2642,9964,War,Effects > Economic,Economic,3,7.4974947,-0.52134395,88.21429354555815,58.88781565326721,2,0.705639097744361,0.649624060150376,-0.500982977792002,12.965842074027831,3,0.11804511278195488,0.181203007518797
2643,9964,War,Effects > Economic > World War II,World War II,4,7.5117993,-0.46940666,43.336770457277005,53.262506993600546,2,0.4387218045112782,0.606390977443609,5.343726171491023,14.746602346983565,3,0.15902255639097745,0.21541353383458647
2644,9964,War,Theories of motivation,Theories of motivation,2,8.092669,-0.7763291,367.64269114119855,28.075338879919084,2,0.9928571428571429,0.3593984962406015,98.51619996386592,56.63916676305812,3,0.8864661654135338,0.7548872180451128
2645,9964,War,Theories of motivation > Psychoanalytic,Psychoanalytic,3,8.019785,-0.67193925,22.928538245723267,9.310918984176801,2,0.293609022556391,0.11842105263157894,-0.7451411122670218,6.336922017465488,3,0.11691729323308271,0.05977443609022556
2646,9964,War,Theories of motivation > Evolutionary,Evolutionary,3,8.061003,-0.67683727,19.84638512906657,47.90652887003727,2,0.2733082706766917,0.5571428571428572,1.515042574153135,28.660847739194985,3,0.13082706766917293,0.4575187969924812
2647,9964,War,Theories of motivation > Economic,Economic,3,7.865865,-0.85616225,56.0086137471983,14.012235070579809,2,0.5229323308270677,0.17819548872180452,53.335816460484544,23.23728680055554,3,0.6849624060150376,0.37180451127819547
2648,9964,War,Theories of motivation > Marxist,Marxist,3,7.8616886,-0.9515785,123.97269609646688,11.98941301657932,2,0.8360902255639098,0.1511278195488722,-1.736450796965373,29.189986991064778,3,0.11052631578947368,0.46616541353383456
2649,9964,War,Theories of motivation > Demographic > Malthusian,Malthusian,4,7.9472055,-0.7019197,67.53915024313125,11.895406936261308,2,0.6022556390977444,0.15,36.78043950449984,15.071899835140844,3,0.5270676691729324,0.2244360902255639
2650,9964,War,Theories of motivation > Demographic > Youth bulge,Youth bulge,4,7.8572836,-0.573807,7.914079446571348,14.24484206933002,2,0.20413533834586467,0.18233082706766918,35.43591745791223,6.374019393861176,3,0.512406015037594,0.06090225563909774
2651,9964,War,Theories of motivation > Cultural,Cultural,3,8.068231,-0.5854401,63.50534500341471,31.99291464022446,2,0.5733082706766918,0.4056390977443609,19.91121866477342,4.241011162561712,3,0.3225563909774436,0.02894736842105263
2652,9964,War,Theories of motivation > Rationalist,Rationalist,3,8.150408,-0.8642767,17.891520569788703,1.4817609099598101,2,0.26015037593984963,0.02443609022556391,35.7875973233072,9.872583643779286,3,0.5157894736842106,0.11954887218045113
2653,9964,War,Theories of motivation > Political science,Political science,3,8.047543,-0.77511036,108.7569205209627,29.7315863105709,2,0.7879699248120301,0.3804511278195489,16.590637993714633,14.841815503567883,3,0.2793233082706767,0.21842105263157896
2654,9964,War,Theories of motivation > Political science > System-level,System-level,4,8.19929,-0.86959517,59.35116139420518,47.50005206394534,2,0.543984962406015,0.5541353383458647,20.429308941971666,10.154994169475042,3,0.3281954887218045,0.12368421052631579
2655,9964,War,Theories of motivation > Political science > Societal-level,Societal-level,4,8.07253,-0.75241375,156.1455263332083,89.89469507285826,2,0.9011278195488722,0.8161654135338345,31.55849096320098,51.19894050138044,3,0.4691729323308271,0.7176691729323308
2656,9964,War,Theories of motivation > Political science > Individual-level,Individual-level,4,8.126939,-0.76922774,180.8980251331045,11.615912804513135,2,0.9345864661654135,0.1469924812030075,101.69860045953935,26.132298616572125,3,0.8943609022556391,0.4176691729323308
2657,9964,War,Ethics,Ethics,2,7.997873,3.540568,23.05790394504622,11.284446670848268,2,0.2954887218045113,0.14360902255639096,12.902580629699898,47.86667296322636,3,0.23383458646616542,0.6894736842105263
2658,9964,War,Limiting and stopping,Limiting and stopping,2,7.6759095,-0.5152644,94.42062266879432,42.04437452035457,2,0.7327067669172932,0.5063909774436091,21.916269973191955,25.86866592372935,3,0.3469924812030075,0.4131578947368421
2659,9964,War,Pauses,Pauses,2,7.6226974,-0.5484327,106.52321434515954,81.75629282407294,2,0.7796992481203008,0.7819548872180451,13.676609703862958,67.78838532931078,3,0.2424812030075188,0.8199248120300752
